YEAR,ST_CASE,veh_no,per_no,P1,P2,P3,P4,P5,P6,P7,P8,P9,P10
2002,10627,2,1,0,0,0,0,0,0,0,0,0,0
2002,10628,1,1,15,15,15,15,15,15,15,15,15,15
2002,10629,1,1,0,0,16,0,0,0,0,0,0,0
2002,10629,2,1,0,0,0,0,0,0,0,0,0,0
2002,10630,1,1,0,0,0,0,0,0,0,0,0,0
2002,10630,2,1,0,0,0,0,0,0,0,0,0,0
2002,10631,1,1,0,24,22,14,14,20,25,16,0,25
2002,10632,1,1,0,0,0,0,6,0,0,0,0,0
2002,10632,2,1,0,0,0,0,0,0,0,0,0,0
2002,10633,1,1,0,0,0,0,0,0,0,0,0,0
2002,10634,1,1,0,0,0,0,0,0,0,0,0,0
2002,10634,2,1,0,0,0,0,0,0,0,0,0,0
2002,10634,3,1,0,0,0,0,0,0,0,0,0,0
2002,10635,1,1,19,19,19,19,19,19,19,19,19,19
2002,10636,1,1,10,23,10,38,10,2,15,18,8,10
2002,10637,1,1,0,0,26,7,17,0,0,12,0,0
2002,10638,1,1,12,9,13,17,12,17,20,16,0,0
2002,10639,1,1,0,18,0,0,0,0,12,0,0,0
2002,10639,2,1,0,0,0,0,0,0,0,0,0,0
2002,10640,1,1,0,9,0,8,0,0,0,0,0,0
2002,10641,0,1,0,0,0,0,0,0,0,0,0,0
2002,10641,1,1,0,0,0,0,0,0,0,0,0,0
2002,10642,1,1,25,25,25,25,25,25,25,25,25,25
2002,10643,1,1,0,0,0,0,0,0,0,0,0,0
2002,10643,2,1,0,0,0,0,0,0,0,0,0,0
2002,10644,1,1,13,0,0,0,0,0,0,0,0,0
2002,10645,1,1,0,0,0,0,0,0,0,0,0,0
2002,10645,2,1,0,0,0,36,0,0,0,0,0,0
2002,10646,1,1,0,0,0,0,0,0,0,0,0,0
2002,10646,2,1,9,24,0,0,5,14,6,12,0,7
2002,10647,1,1,0,0,0,0,0,0,0,0,0,0
2002,10647,2,1,0,0,0,0,0,0,0,0,0,0
2002,10648,1,1,0,0,0,0,0,0,0,0,0,0
2002,10649,1,1,21,21,21,21,21,21,21,21,21,21
2002,10649,2,1,0,0,0,0,0,0,0,0,0,0
2002,10650,1,1,0,0,0,0,10,0,0,0,0,0
2002,10651,0,1,25,6,0,21,23,0,23,17,0,0
2002,10651,1,1,15,13,20,16,4,11,12,17,23,9
2002,10652,1,1,58,58,58,58,58,58,58,58,58,58
2002,10652,2,1,19,0,21,19,10,17,15,10,11,8
2002,10653,1,1,0,0,0,0,0,0,0,0,0,38
2002,10654,0,1,12,18,0,15,20,17,14,0,15,5
2002,10654,1,1,0,0,0,0,0,0,0,0,0,0
2002,10655,1,1,33,16,16,24,20,27,14,17,14,5
2002,10656,0,1,14,32,30,15,29,22,24,25,17,21
2002,10656,1,1,0,0,0,0,0,0,0,0,0,0
2002,10657,1,1,15,0,11,0,8,15,0,15,15,22
2002,10658,1,1,0,0,0,19,0,0,0,0,13,0
2002,10659,1,1,0,0,0,0,0,0,0,0,0,0
2002,10659,2,1,0,0,0,0,0,0,0,0,0,0
2002,10660,1,1,0,0,0,0,0,0,0,0,0,0
2002,10660,2,1,0,0,0,0,17,0,3,0,0,31
2002,10661,1,1,0,0,16,0,14,0,14,16,0,0
2002,10662,1,1,4,4,4,4,4,4,4,4,4,4
2002,10663,1,1,0,0,0,0,0,0,0,0,0,0
2002,10663,2,1,0,0,0,0,0,0,0,0,0,0
2002,10664,1,1,10,10,10,10,10,10,10,10,10,10
2002,10665,1,1,26,25,25,10,16,19,19,27,20,0
2002,10665,2,1,0,0,0,0,0,0,11,0,0,8
2002,10666,1,1,38,38,38,38,38,38,38,38,38,38
2002,10667,1,1,18,0,17,11,27,14,0,0,0,4
2002,10668,1,1,14,14,14,14,14,14,14,14,14,14
2002,10669,1,1,0,0,0,0,0,0,0,0,0,0
2002,10669,2,1,0,0,0,0,0,0,0,0,0,0
2002,10669,3,1,0,0,0,0,0,0,0,0,0,0
2002,10670,1,1,0,0,0,0,0,0,0,0,0,0
2002,10670,2,1,0,0,0,0,0,0,0,0,0,0
2002,10671,1,1,22,22,22,22,22,22,22,22,22,22
2002,10672,1,1,0,0,0,0,0,0,0,0,0,0
2002,10673,0,1,0,0,0,0,0,0,6,0,0,0
2002,10673,0,2,34,0,0,15,11,0,0,0,0,0
2002,10673,1,1,0,0,0,0,0,23,0,0,0,0
2002,10674,1,1,0,0,0,0,0,0,0,0,0,0
2002,10674,2,1,0,0,0,0,0,0,0,0,0,0
2002,10675,1,1,14,20,12,21,0,12,30,14,24,12
2002,10675,2,1,0,0,0,0,0,0,0,0,0,0
2002,10675,3,1,0,0,0,0,0,0,0,0,9,0
2002,10676,1,1,26,26,26,26,26,26,26,26,26,26
2002,10677,1,1,29,0,0,0,0,0,0,0,29,19
2002,10678,1,1,0,0,0,0,0,0,0,0,0,0
2002,10678,2,1,0,0,0,0,0,0,0,0,0,0
2002,10679,1,1,11,24,17,13,18,14,30,23,19,18
2002,10679,2,1,0,0,0,0,0,12,10,0,28,0
2002,10680,1,1,27,27,27,27,27,27,27,27,27,27
2002,10681,1,1,17,17,17,17,17,17,17,17,17,17
2002,10682,1,1,0,0,0,0,0,0,0,0,0,0
2002,10682,2,1,0,0,0,0,0,0,0,0,0,0
2002,10683,1,1,0,0,0,0,0,0,0,0,0,0
2002,10684,1,1,17,11,12,24,0,17,0,9,15,12
2002,10684,2,1,0,15,0,0,0,0,0,0,0,0
2002,10685,1,1,16,16,16,16,16,16,16,16,16,16
2002,10685,2,1,0,0,0,0,0,0,0,0,0,0
2002,10686,1,1,0,0,0,0,0,0,0,0,0,0
2002,10686,2,1,0,0,0,0,0,0,0,0,0,0
2002,10687,1,1,20,4,9,23,11,6,16,11,13,6
2002,10687,2,1,0,0,0,0,0,0,15,0,0,0
2002,10688,1,1,0,0,0,0,0,0,0,0,0,0
2002,10688,2,1,0,0,0,0,0,0,0,0,0,0
2002,10689,1,1,0,0,0,0,0,0,0,0,0,0
2002,10689,2,1,0,0,0,0,0,0,0,0,0,0
2002,10690,1,1,0,0,0,0,0,0,0,0,0,0
2002,10691,1,1,19,19,19,19,19,19,19,19,19,19
2002,10692,0,1,21,21,21,21,21,21,21,21,21,21
2002,10692,1,1,0,0,0,0,0,0,0,0,0,0
2002,10693,1,1,12,17,25,24,12,21,18,31,17,18
2002,10694,1,1,0,13,0,0,0,0,0,13,0,0
2002,10694,2,1,0,0,0,0,0,0,0,0,0,0
2002,10695,1,1,0,0,0,0,0,0,0,0,0,0
2002,10695,2,1,0,0,0,0,0,0,0,0,0,0
2002,10696,1,1,0,0,0,0,0,0,0,0,0,0
2002,10696,2,1,0,0,0,0,0,0,0,0,0,0
2002,10697,1,1,0,0,0,0,0,0,0,0,0,0
2002,10697,2,1,0,0,0,0,0,0,0,0,0,0
2002,10698,1,2,0,0,0,0,0,0,0,0,0,0
2002,10698,2,1,0,0,0,0,0,0,0,0,0,0
2002,10699,1,1,0,0,0,0,0,19,0,0,0,0
2002,10699,2,1,0,0,0,0,0,0,0,0,0,0
2002,10700,1,1,0,0,0,0,0,0,0,0,0,0
2002,10700,2,1,0,0,0,0,0,0,0,0,0,0
2002,10701,1,1,0,0,0,0,0,0,0,0,0,0
2002,10701,2,1,0,0,0,0,0,8,0,0,0,0
2002,10702,1,1,0,0,0,0,0,0,0,0,0,0
2002,10702,2,1,0,0,0,0,0,0,0,0,0,0
2002,10703,1,1,0,0,0,0,0,0,0,0,0,19
2002,10703,2,1,0,0,0,0,0,0,0,0,0,0
2002,10704,1,1,35,32,16,0,15,19,10,20,9,34
2002,10705,1,1,0,0,0,0,0,0,0,4,0,0
2002,10706,1,1,18,18,18,18,18,18,18,18,18,18
2002,10707,1,1,24,30,33,21,11,30,29,26,15,16
2002,10708,1,1,0,0,0,0,0,0,0,0,0,0
2002,10708,2,1,0,0,0,0,0,0,0,0,0,0
2002,10709,1,1,19,0,0,0,24,0,33,0,0,0
2002,10710,1,1,0,0,0,0,0,0,16,0,0,12
2002,10711,1,1,0,0,0,0,0,0,0,0,0,0
2002,10712,1,1,0,18,19,18,8,12,26,11,19,10
2002,10713,1,1,0,0,0,0,0,0,0,0,0,0
2002,10714,1,1,0,0,0,0,16,0,0,0,0,17
2002,10714,2,1,0,0,0,0,0,0,0,0,0,0
2002,10715,1,1,0,0,0,0,0,0,0,0,0,23
2002,10715,2,1,0,0,0,0,0,0,0,0,0,0
2002,10716,1,1,0,0,0,13,0,0,0,0,0,0
2002,10717,1,1,0,0,0,0,0,0,0,0,0,0
2002,10717,2,1,0,0,0,0,0,0,0,0,0,0
2002,10717,3,1,0,0,0,0,0,0,0,0,0,0
2002,10718,1,1,0,0,0,0,0,0,0,0,0,0
2002,10718,2,1,0,0,0,0,0,0,0,0,0,0
2002,10719,1,1,0,0,0,0,0,0,0,0,0,0
2002,10719,2,1,0,0,16,0,0,0,0,0,23,0
2002,10720,0,1,0,0,0,0,2,0,0,0,22,0
2002,10720,1,1,0,0,0,0,0,0,0,0,0,0
2002,10721,1,1,23,23,23,23,23,23,23,23,23,23
2002,10722,1,1,21,21,21,21,21,21,21,21,21,21
2002,10723,1,1,22,22,22,22,22,22,22,22,22,22
2002,10723,2,1,0,0,0,0,0,0,0,0,0,0
2002,10724,1,1,0,0,0,4,0,0,15,22,0,20
2002,10725,1,1,0,0,0,0,0,0,0,0,0,0
2002,10725,2,1,0,0,0,0,0,0,0,0,0,0
2002,10726,1,1,22,0,17,0,0,12,0,5,8,12
2002,10727,1,1,0,0,0,0,0,0,0,0,0,0
2002,10727,2,1,0,0,0,0,0,0,0,0,0,0
2002,10728,1,1,0,0,0,0,0,0,0,0,0,0
2002,10728,2,1,0,0,0,0,0,0,0,0,0,0
2002,10729,1,1,0,0,0,0,0,0,0,0,0,0
2002,10729,2,1,0,0,0,0,0,0,2,0,0,0
2002,10730,1,1,0,0,0,0,0,0,0,0,0,0
2002,10730,2,1,15,15,15,15,15,15,15,15,15,15
2002,10731,0,1,27,2,0,0,0,11,0,19,12,0
2002,10731,1,1,0,0,0,0,0,0,0,0,0,0
2002,10732,1,1,21,12,39,4,12,17,12,12,17,5
2002,10733,1,1,0,0,0,0,0,0,0,0,0,0
2002,10733,2,1,0,0,0,0,0,0,0,0,0,0
2002,10734,1,1,11,21,13,7,22,12,20,31,12,15
2002,10735,1,1,19,19,19,19,19,19,19,19,19,19
2002,10736,1,1,8,0,0,0,0,0,9,0,0,0
2002,10736,2,1,0,0,0,0,0,0,0,0,0,0
2002,10736,3,1,0,0,0,0,0,0,0,12,0,0
2002,10737,1,1,28,14,23,0,30,0,28,18,11,17
2002,10737,2,1,0,0,0,0,0,0,0,0,17,0
2002,10737,3,1,0,0,0,11,0,0,0,0,0,0
2002,10738,1,1,16,0,0,0,0,0,0,0,0,0
2002,10738,2,1,0,0,0,0,0,0,0,0,0,0
2002,10739,1,1,17,0,0,0,0,0,0,0,0,0
2002,10740,1,1,21,21,21,21,21,21,21,21,21,21
2002,10741,1,1,0,0,0,7,34,19,0,0,9,0
2002,10742,1,1,0,0,0,0,0,0,0,0,0,0
2002,10743,1,1,8,10,3,9,15,0,3,21,3,9
2002,10743,2,1,0,0,0,0,0,0,0,0,0,0
2002,10744,1,1,0,0,0,0,0,0,0,0,0,0
2002,10745,1,1,0,0,0,0,0,0,0,0,15,0
2002,10746,1,1,0,0,0,0,0,0,0,0,0,0
2002,10746,2,1,0,0,0,0,0,0,0,0,0,14
2002,10747,1,1,0,0,0,0,0,0,0,0,0,0
2002,10747,2,1,0,0,0,0,0,0,0,0,0,0
2002,10748,1,1,0,0,0,0,0,0,0,0,0,0
2002,10748,2,1,0,0,0,0,0,0,0,0,0,0
2002,10749,1,1,0,0,0,0,0,0,0,0,0,0
2002,10749,2,1,0,0,0,0,0,0,0,0,0,0
2002,10750,1,1,0,16,0,0,9,0,12,0,0,0
2002,10750,2,1,0,0,0,0,0,0,0,0,0,14
2002,10751,1,1,22,22,22,22,22,22,22,22,22,22
2002,10751,2,1,0,0,0,0,0,0,0,0,0,0
2002,10752,1,1,0,0,0,0,0,0,0,0,0,0
2002,10752,2,1,0,0,0,0,0,0,0,0,0,0
2002,10753,1,1,0,0,0,0,0,0,0,0,0,0
2002,10754,0,1,5,22,0,0,0,0,0,0,0,0
2002,10754,2,1,0,0,0,0,0,0,0,0,0,0
2002,10755,1,1,0,0,0,0,0,0,0,0,0,0
2002,10755,2,1,0,0,0,0,0,0,0,0,0,0
2002,10756,1,1,0,0,0,0,0,0,0,0,0,0
2002,10756,2,1,0,0,0,0,0,0,0,0,0,0
2002,10757,1,1,13,13,13,13,13,13,13,13,13,13
2002,10758,1,1,0,0,0,13,0,0,0,0,0,0
2002,10758,2,1,0,0,0,0,0,0,0,0,0,0
2002,10759,1,1,0,0,0,0,0,0,0,0,0,19
2002,10760,1,1,0,50,35,20,22,21,39,21,5,13
2002,10761,1,1,36,22,17,11,23,21,8,22,0,16
2002,10762,1,1,25,25,0,20,53,36,22,13,8,22
2002,10763,1,1,0,0,0,0,0,0,0,0,0,0
2002,10763,2,1,0,16,7,0,0,0,10,0,10,0
2002,10764,1,1,30,30,30,30,30,30,30,30,30,30
2002,10765,1,1,18,30,27,11,34,24,29,0,22,20
2002,10766,0,1,0,0,4,0,0,0,0,0,0,0
2002,10766,1,1,0,5,3,15,0,12,0,0,10,0
2002,10767,1,1,0,0,0,0,0,0,0,0,0,0
2002,10767,2,1,0,0,0,0,0,0,0,0,0,0
2002,10768,1,1,45,45,45,45,45,45,45,45,45,45
2002,10769,1,1,5,19,21,27,14,11,16,15,7,0
2002,10770,1,1,0,0,0,0,0,0,0,0,0,0
2002,10770,2,1,0,0,0,0,0,0,22,0,0,0
2002,10771,1,1,0,0,0,0,0,0,0,0,0,0
2002,10772,1,1,0,0,0,0,0,0,0,0,0,0
2002,10772,2,1,0,0,0,0,0,0,0,0,0,0
2002,10773,1,1,0,0,0,0,0,0,0,0,0,0
2002,10773,2,1,0,0,0,0,0,0,0,0,0,0
2002,10774,1,1,10,18,0,19,27,2,33,19,27,22
2002,10775,1,1,0,0,0,0,13,0,0,0,0,0
2002,10776,1,1,0,0,0,0,0,0,0,0,0,0
2002,10776,2,1,0,0,0,0,0,0,0,0,0,0
2002,10776,3,1,0,0,0,0,0,0,0,0,0,0
2002,10777,1,1,19,19,19,19,19,19,19,19,19,19
2002,10778,1,1,0,15,21,33,11,15,14,37,10,11
2002,10779,1,1,17,17,17,17,17,17,17,17,17,17
2002,10780,1,1,0,0,0,0,15,0,0,0,0,0
2002,10780,2,1,0,0,0,0,0,0,0,0,0,0
2002,10781,1,1,0,0,0,0,0,0,0,0,0,0
2002,10781,2,1,0,0,0,0,0,0,0,0,0,0
2002,10782,1,1,0,0,0,0,0,0,0,0,0,0
2002,10783,1,1,0,20,23,26,0,30,28,19,23,24
2002,10784,1,1,0,0,0,0,7,0,0,0,0,0
2002,10784,2,1,0,0,10,0,0,0,0,0,0,0
2002,10785,1,1,0,0,0,0,0,0,0,0,0,0
2002,10786,1,1,0,0,0,0,0,0,0,0,0,0
2002,10787,1,1,9,27,21,16,22,20,20,15,9,43
2002,10788,1,1,0,0,0,0,0,0,0,0,0,0
2002,10789,1,1,0,0,0,0,0,0,0,0,0,0
2002,10789,2,1,0,0,0,0,0,0,0,0,0,0
2002,10790,1,1,0,20,0,22,0,10,0,32,15,9
2002,10790,2,1,0,0,0,0,0,0,0,0,0,0
2002,10791,1,1,8,16,16,14,0,9,0,8,16,6
2002,10792,1,1,11,11,11,11,11,11,11,11,11,11
2002,10793,1,1,0,11,0,0,16,0,18,0,0,0
2002,10793,2,1,0,0,0,0,0,0,0,0,0,0
2002,10794,1,1,0,0,0,0,0,0,0,0,0,0
2002,10795,1,1,0,0,0,0,0,0,0,0,0,0
2002,10795,2,1,0,0,0,0,0,0,0,0,0,0
2002,10796,1,1,15,18,12,9,19,14,17,21,15,20
2002,10796,2,1,0,0,0,0,0,0,0,0,0,0
2002,10796,3,1,0,0,0,0,0,0,0,0,0,0
2002,10797,1,1,3,14,24,11,7,18,17,19,23,9
2002,10798,1,1,23,23,23,23,23,23,23,23,23,23
2002,10799,1,1,0,0,0,0,0,0,0,0,0,0
2002,10800,1,1,0,14,0,13,0,0,0,26,0,0
2002,10801,1,1,0,0,2,0,0,0,0,0,0,0
2002,10801,2,1,0,0,0,0,0,0,0,0,0,0
2002,10802,1,1,17,17,17,17,17,17,17,17,17,17
2002,10803,1,1,10,15,7,26,4,26,19,30,24,15
2002,10804,1,1,0,12,0,5,18,0,9,11,0,0
2002,10805,0,1,0,0,0,25,38,0,29,16,0,0
2002,10805,1,1,0,0,0,0,0,0,0,0,0,5
2002,10805,2,1,0,0,0,0,0,0,0,0,0,0
2002,10805,3,1,5,0,0,0,0,0,19,0,0,0
2002,10805,4,1,0,0,0,0,0,0,0,0,0,0
2002,10805,5,1,0,0,0,0,0,0,0,0,0,0
2002,10806,1,1,0,18,0,0,21,0,0,12,17,8
2002,10806,2,1,0,7,0,0,0,0,0,0,0,0
2002,10807,1,1,0,6,24,6,0,0,0,0,0,0
2002,10808,1,1,0,0,0,0,0,0,0,0,0,0
2002,10808,2,1,0,0,0,0,0,0,0,0,0,0
2002,10809,1,1,11,0,0,0,14,0,5,0,4,0
2002,10810,1,1,0,0,0,26,0,5,0,0,0,0
2002,10811,1,1,0,0,0,0,0,0,0,0,0,0
2002,10812,1,1,0,0,0,0,0,0,0,0,0,0
2002,10813,1,1,19,19,19,19,19,19,19,19,19,19
2002,10814,1,1,0,0,0,0,0,0,0,0,0,0
2002,10815,1,1,0,0,0,0,0,0,0,0,0,0
2002,10815,2,1,3,3,3,3,3,3,3,3,3,3
2002,10816,1,1,0,0,0,0,0,0,0,0,0,0
2002,10816,2,1,0,0,0,0,0,0,0,0,0,0
2002,10816,3,1,0,0,0,0,0,0,0,0,0,0
2002,10817,0,1,17,0,25,16,26,17,8,36,0,0
2002,10817,1,1,0,0,0,0,0,0,0,0,0,0
2002,10818,1,1,0,0,0,0,0,0,0,0,0,0
2002,10818,2,1,0,0,0,0,0,0,0,0,0,0
2002,10819,1,1,24,15,32,13,20,27,15,7,24,16
2002,10820,1,1,0,0,0,0,0,0,0,0,0,0
2002,10820,2,1,0,0,0,0,0,0,0,0,0,0
2002,10820,3,1,0,0,0,0,0,0,0,0,0,0
2002,10820,4,1,0,0,0,0,0,0,0,0,0,0
2002,10820,5,1,0,0,0,0,0,0,0,0,0,0
2002,10820,6,1,0,0,0,0,0,0,0,0,0,0
2002,10820,7,1,0,0,0,0,0,0,0,0,0,0
2002,10821,1,1,0,0,0,0,0,0,0,0,0,0
2002,10822,1,1,0,0,0,0,0,0,0,0,0,0
2002,10823,1,1,0,40,0,0,0,0,0,0,0,0
2002,10824,1,1,0,21,0,12,21,16,9,23,0,25
2002,10825,1,1,12,18,11,24,11,39,10,19,16,7
2002,10826,1,1,0,0,0,0,0,0,0,0,0,0
2002,10826,2,1,0,0,0,0,0,0,0,0,0,0
2002,10827,1,1,0,0,0,0,0,0,0,0,0,0
2002,10829,1,1,0,13,0,9,0,0,0,0,0,21
2002,10830,1,1,20,6,13,0,29,0,7,0,7,12
2002,10831,1,1,0,21,0,0,0,0,31,0,0,0
2002,10832,1,1,15,0,13,0,0,12,0,0,13,5
2002,10833,1,1,17,0,0,0,0,15,0,0,0,0
2002,10834,1,1,0,0,12,0,0,0,0,0,0,0
2002,10835,1,1,14,14,14,14,14,14,14,14,14,14
2002,10836,1,1,13,7,0,0,30,0,5,0,17,22
2002,10837,1,1,0,20,0,0,0,0,3,28,11,0
2002,10838,1,1,0,0,0,19,7,19,14,26,10,15
2002,10838,2,1,0,0,0,0,0,0,0,0,13,6
2002,10839,1,1,0,16,0,0,33,0,0,6,23,40
2002,10840,1,1,14,12,14,12,33,7,16,18,12,14
2002,10841,0,1,5,34,24,29,18,37,25,25,23,26
2002,10841,1,1,0,0,14,0,0,4,0,0,0,0
2002,10842,0,1,29,0,9,31,0,16,24,0,0,0
2002,10842,1,1,12,0,0,0,0,0,0,0,0,0
2002,10843,1,1,0,0,0,0,0,0,0,0,0,0
2002,10843,2,1,0,0,0,0,0,0,15,0,0,0
2002,10843,3,1,0,0,0,0,0,0,12,0,0,0
2002,10843,4,1,0,0,0,0,0,0,0,0,0,0
2002,10844,0,1,0,0,0,5,23,0,0,28,7,0
2002,10844,1,1,0,0,0,0,0,0,0,0,0,0
2002,10845,1,1,0,0,0,0,0,0,0,0,0,11
2002,10846,1,1,0,0,0,0,10,0,0,0,0,19
2002,10847,1,1,17,17,17,17,17,17,17,17,17,17
2002,10848,1,1,0,0,0,0,0,0,0,0,0,0
2002,10849,1,1,0,0,0,0,0,0,0,0,0,0
2002,10849,2,1,0,0,0,0,0,0,0,0,0,0
2002,10850,1,1,0,0,0,0,0,0,0,0,0,0
2002,10851,1,1,15,0,13,6,2,3,5,18,18,26
2002,10851,2,1,0,0,0,0,0,11,0,0,0,21
2002,10852,1,1,4,20,38,25,13,0,45,10,0,12
2002,10853,1,1,0,0,0,0,0,22,0,0,0,0
2002,10854,1,1,27,31,15,29,14,32,18,12,21,13
2002,10855,1,1,0,0,0,0,0,0,0,0,0,0
2002,10855,2,1,0,0,0,0,0,0,0,0,0,0
2002,10856,1,1,6,13,10,10,10,25,5,13,18,24
2002,10857,0,1,0,20,9,30,11,0,0,20,0,8
2002,10857,1,1,0,0,0,0,0,0,0,0,0,0
2002,10858,0,1,0,0,0,0,0,0,0,0,0,0
2002,10858,1,1,0,0,0,0,0,0,0,0,0,0
2002,10859,1,1,0,0,0,0,0,0,0,0,0,0
2002,10860,1,1,0,18,0,0,2,0,0,0,0,0
2002,10861,1,1,30,30,30,30,30,30,30,30,30,30
2002,10862,1,1,0,0,0,0,0,0,0,0,0,0
2002,10862,2,1,6,0,0,0,0,0,0,0,0,0
2002,10863,1,1,12,14,17,18,18,12,10,26,22,20
2002,10864,1,1,0,0,0,0,0,0,0,6,0,0
2002,10864,2,1,0,0,0,0,0,0,0,0,0,0
2002,10865,1,1,0,0,0,0,0,0,0,0,0,0
2002,10865,2,1,0,0,0,0,0,0,0,0,0,0
2002,10866,1,1,27,27,27,27,27,27,27,27,27,27
2002,10867,1,1,0,0,6,0,0,0,0,0,0,0
2002,10867,2,1,0,0,0,0,0,0,0,0,0,0
2002,10868,1,1,0,0,0,0,0,0,0,0,0,0
2002,10868,2,1,0,0,0,0,0,0,0,0,0,0
2002,10869,1,1,8,28,0,15,17,3,15,0,19,0
2002,10870,1,1,0,0,0,0,0,0,0,0,0,0
2002,10870,2,1,0,0,0,0,0,0,0,0,0,0
2002,10871,1,1,7,7,7,7,7,7,7,7,7,7
2002,10872,1,1,17,17,17,17,17,17,17,17,17,17
2002,10873,1,1,0,0,0,0,0,0,0,0,0,0
2002,10873,2,1,0,0,0,0,0,0,0,0,0,0
2002,10874,1,1,0,0,19,0,0,0,0,0,0,0
2002,10875,1,1,23,6,0,12,15,11,23,6,11,11
2002,10876,1,1,18,19,24,9,0,0,8,4,0,0
2002,10877,0,1,0,0,0,0,0,11,0,0,0,0
2002,10877,1,1,0,0,0,0,0,0,0,0,0,0
2002,10878,1,1,0,0,0,10,0,0,0,21,0,15
2002,10878,2,1,0,0,6,0,0,0,0,0,0,0
2002,10879,1,1,27,27,27,27,27,27,27,27,27,27
2002,10880,1,1,0,0,0,0,0,0,0,0,0,0
2002,10881,1,1,30,0,0,0,37,6,0,14,23,19
2002,10882,1,1,18,18,18,18,18,18,18,18,18,18
2002,10882,2,1,0,0,0,30,0,0,0,0,0,0
2002,10883,1,1,17,17,17,17,17,17,17,17,17,17
2002,10884,1,1,0,0,0,0,0,0,0,0,0,0
2002,10884,2,1,0,0,0,0,0,0,0,0,0,0
2002,10885,1,1,0,7,17,17,23,19,24,19,11,5
2002,10886,1,1,0,0,0,0,0,0,0,0,0,0
2002,10887,1,1,0,0,0,0,0,0,0,0,0,0
2002,10887,2,1,0,0,0,0,0,0,0,0,0,0
2002,10888,1,1,16,16,16,16,16,16,16,16,16,16
2002,10889,1,1,0,0,0,0,0,0,24,0,0,0
2002,10890,1,1,0,0,0,0,0,0,0,0,0,0
2002,10890,2,1,0,0,0,0,0,0,0,0,0,0
2002,10891,1,1,0,9,24,15,28,3,8,8,10,12
2002,10891,2,1,0,0,0,0,0,0,0,0,0,0
2002,10892,1,1,0,0,0,0,0,0,0,0,0,0
2002,10892,2,1,0,0,0,0,26,0,0,0,0,0
2002,10893,1,1,0,0,0,0,0,0,0,0,0,0
2002,10893,2,1,0,0,0,0,0,0,0,0,0,0
2002,10893,3,1,0,7,17,0,0,9,0,0,0,0
2002,10894,1,1,0,0,0,0,0,0,0,0,0,0
2002,10894,2,1,0,0,0,0,0,0,0,0,0,0
2002,10895,1,1,0,0,0,0,0,0,0,0,0,0
2002,10895,2,1,0,0,0,0,0,0,0,0,0,0
2002,10896,1,1,12,0,0,0,0,0,0,0,0,0
2002,10897,1,1,0,0,0,0,0,0,0,0,0,0
2002,10897,2,1,0,0,0,0,0,0,0,0,0,0
2002,10898,1,1,21,0,23,17,22,20,20,27,21,0
2002,10899,1,1,13,0,0,11,0,0,0,39,0,0
2002,10900,1,1,0,0,11,0,0,9,0,0,19,0
2002,10901,0,1,0,0,0,0,0,21,0,0,0,0
2002,10901,1,1,0,0,0,0,0,0,0,0,0,0
2002,10902,1,1,0,0,0,0,0,0,0,0,8,0
2002,10902,2,1,0,0,0,0,0,0,0,0,0,0
2002,10903,1,1,9,0,0,0,0,0,0,13,0,0
2002,10904,1,1,0,0,0,0,0,0,0,0,0,0
2002,10904,2,1,29,14,27,21,17,29,0,13,7,24
2002,10905,1,1,0,0,0,0,0,0,0,0,0,0
2002,10906,1,1,0,0,0,0,0,0,0,0,0,0
2002,10906,2,1,0,0,0,0,0,0,0,0,0,0
2002,10906,3,1,0,0,0,0,0,0,18,0,0,0
2002,10907,1,1,11,24,29,20,28,7,18,26,4,18
2002,10907,2,1,0,0,0,0,0,0,0,0,0,0
2002,10908,0,1,15,20,26,22,31,26,23,10,0,36
2002,10908,1,1,0,0,0,0,0,0,6,0,0,0
2002,10908,2,1,0,0,0,0,0,0,0,0,0,0
2002,10909,1,1,11,5,9,19,0,9,18,0,0,0
2002,10910,1,1,0,0,0,0,35,0,0,0,0,0
2002,10910,2,1,0,0,0,15,0,0,0,0,0,27
2002,10911,0,1,0,39,0,0,0,0,0,0,0,0
2002,10911,1,1,0,0,0,0,0,0,0,0,5,0
2002,10912,0,1,0,0,0,0,0,16,0,19,32,0
2002,10912,1,1,0,0,0,0,0,0,0,0,0,0
2002,10913,1,1,11,0,0,0,8,13,0,0,0,0
2002,10913,2,1,0,31,0,0,0,0,7,13,18,0
2002,10914,1,1,0,0,0,0,0,0,0,0,0,0
2002,10914,2,1,0,0,0,0,0,0,0,0,0,0
2002,10915,1,1,12,2,0,21,26,3,7,0,5,24
2002,10916,1,1,0,0,0,0,0,0,6,0,0,9
2002,10916,2,1,0,0,0,0,0,0,0,0,0,0
2002,10917,1,1,7,25,0,18,11,0,21,0,14,0
2002,10918,1,1,0,13,0,31,0,0,0,0,0,0
2002,10918,2,1,0,0,0,0,0,0,0,0,0,0
2002,10919,1,1,0,0,0,0,0,0,0,0,0,0
2002,10920,1,1,0,0,0,0,0,0,0,0,0,0
2002,10920,2,1,0,0,0,0,0,0,0,0,0,0
2002,10921,1,1,5,0,0,0,21,0,0,0,0,0
2002,10921,2,1,0,0,0,0,0,0,0,0,0,0
2002,10922,1,1,0,0,0,0,0,0,0,0,0,0
2002,10922,2,1,21,0,0,0,0,0,0,0,0,0
2002,10923,1,1,14,20,11,8,27,18,21,13,0,12
2002,10924,1,1,0,0,0,0,0,0,0,0,0,0
2002,10924,2,1,0,0,0,0,0,0,0,0,0,0
2002,10925,1,1,20,12,0,0,11,11,0,6,0,0
2002,10925,2,1,0,0,0,0,0,0,0,0,0,0
2002,10926,0,1,0,0,0,0,0,12,0,0,0,20
2002,10926,0,2,0,7,0,0,0,0,0,0,0,0
2002,10926,1,1,0,0,0,0,0,0,0,0,0,0
2002,10927,1,1,8,6,0,9,0,0,17,6,0,21