YEAR,ST_CASE,veh_no,per_no,P1,P2,P3,P4,P5,P6,P7,P8,P9,P10
2002,10928,1,1,18,0,29,0,27,16,23,14,30,36
2002,10929,1,1,0,0,0,0,0,0,0,0,0,0
2002,10929,2,1,14,0,0,0,0,0,0,0,0,0
2002,10930,1,1,0,0,0,0,0,0,0,0,0,0
2002,10930,2,1,0,0,0,17,0,0,0,0,0,0
2002,10930,3,1,0,0,0,0,0,0,0,0,0,0
2002,10931,1,1,0,0,0,0,0,0,0,0,0,0
2002,10931,2,1,0,0,0,0,0,0,0,0,0,0
2002,10932,1,1,0,0,0,0,13,0,0,0,0,13
2002,10933,1,1,9,9,9,9,9,9,9,9,9,9
2002,10934,0,1,0,0,0,0,0,0,0,0,0,0
2002,10934,1,1,0,0,0,0,0,0,0,0,0,0
2002,10935,1,1,20,17,27,21,13,44,34,25,13,35
2002,10936,1,1,0,0,0,0,0,0,0,0,0,0
2002,10937,1,1,0,0,0,0,0,0,0,0,0,0
2002,10937,2,1,0,0,0,0,0,0,0,0,0,0
2002,20001,0,1,0,0,0,0,0,0,0,0,0,0
2002,20001,1,1,8,6,6,15,13,6,8,19,17,0
2002,20002,1,1,0,0,0,0,0,0,0,0,0,0
2002,20003,1,1,0,0,0,0,0,0,0,0,0,0
2002,20003,2,1,0,0,0,0,0,0,0,0,0,0
2002,20004,1,1,0,0,0,0,0,0,0,0,0,0
2002,20004,2,1,0,0,0,0,0,0,0,12,0,0
2002,20005,0,1,0,0,0,0,0,0,0,0,0,0
2002,20005,1,1,0,0,0,0,0,0,0,0,0,0
2002,20006,0,1,0,17,0,19,0,0,0,19,16,9
2002,20006,1,1,16,12,11,29,5,22,2,6,36,18
2002,20007,1,1,0,0,0,0,0,0,0,0,0,0
2002,20007,2,1,0,0,0,0,0,0,0,0,0,0
2002,20008,0,1,0,0,0,0,0,0,0,0,0,0
2002,20008,1,1,0,0,0,0,0,0,0,0,0,0
2002,20009,1,1,0,0,0,0,0,0,0,0,0,0
2002,20009,2,1,0,0,0,0,0,0,15,0,0,0
2002,20009,3,1,0,0,0,0,0,0,0,0,0,0
2002,20010,1,1,0,0,0,0,0,0,0,0,0,0
2002,20011,1,1,0,0,0,0,0,0,0,0,0,0
2002,20011,2,1,0,0,0,0,0,0,0,0,0,0
2002,20012,1,1,0,0,0,0,0,0,0,0,0,0
2002,20013,0,1,22,22,22,22,22,22,22,22,22,22
2002,20013,1,1,0,0,0,0,0,0,0,0,0,0
2002,20014,0,1,0,0,0,16,0,0,13,0,0,0
2002,20014,1,1,0,0,0,0,0,0,0,0,0,0
2002,20015,1,1,0,0,0,0,0,0,0,0,0,11
2002,20015,2,1,0,0,0,0,0,0,0,0,0,0
2002,20016,1,1,22,22,22,22,22,22,22,22,22,22
2002,20017,1,1,7,15,10,13,20,14,17,9,6,4
2002,20018,1,1,22,22,22,22,22,22,22,22,22,22
2002,20019,1,1,0,0,0,0,0,0,0,0,0,0
2002,20019,2,1,24,0,0,0,0,0,0,0,0,0
2002,20020,1,1,30,30,30,30,30,30,30,30,30,30
2002,20020,2,1,0,31,15,5,22,20,12,0,24,19
2002,20021,1,1,0,0,0,0,11,0,0,0,0,0
2002,20022,1,1,22,22,22,22,22,22,22,22,22,22
2002,20022,2,1,11,14,8,5,24,11,11,11,0,13
2002,20023,1,1,0,0,0,0,0,0,0,16,0,0
2002,20024,1,1,16,9,23,14,22,6,0,6,24,24
2002,20024,2,1,0,0,0,0,0,0,0,0,0,0
2002,20025,1,1,17,17,17,17,17,17,17,17,17,17
2002,20026,1,1,0,0,13,0,9,0,10,0,0,0
2002,20027,1,1,0,21,18,18,19,20,34,0,21,15
2002,20028,1,1,0,0,0,0,0,0,0,0,0,0
2002,20028,2,1,0,0,0,0,0,0,0,0,0,0
2002,20029,1,1,20,20,20,20,20,20,20,20,20,20
2002,20030,1,1,13,13,13,13,13,13,13,13,13,13
2002,20031,1,1,11,1,0,0,0,13,0,10,0,0
2002,20033,1,1,0,0,0,0,0,0,0,0,0,0
2002,20033,2,1,0,15,0,0,0,0,0,16,0,10
2002,20034,1,1,24,24,24,24,24,24,24,24,24,24
2002,20034,2,1,0,0,0,0,0,0,0,0,0,0
2002,20035,1,1,11,11,11,11,11,11,11,11,11,11
2002,20035,2,1,0,0,0,0,0,0,0,0,10,0
2002,20036,1,1,18,18,18,18,18,18,18,18,18,18
2002,20037,1,1,8,0,3,8,2,12,16,18,14,10
2002,20038,1,1,13,13,13,13,13,13,13,13,13,13
2002,20038,2,1,0,0,0,0,0,0,0,0,0,0
2002,20039,1,1,0,0,0,0,0,0,0,0,0,0
2002,20040,1,1,0,0,0,0,0,0,0,0,0,0
2002,20040,2,1,0,0,0,0,0,0,0,0,0,0
2002,20041,1,1,0,0,0,0,0,0,0,0,0,0
2002,20041,2,1,0,0,0,0,0,0,0,0,0,0
2002,20041,3,1,0,0,0,0,0,0,0,0,0,0
2002,20042,0,1,27,27,27,27,27,27,27,27,27,27
2002,20042,1,1,0,0,0,0,0,0,0,0,0,0
2002,20043,0,1,21,0,0,0,0,14,7,0,0,0
2002,20043,1,1,0,0,0,0,0,0,0,0,0,0
2002,20044,1,1,0,0,0,0,0,0,0,0,0,0
2002,20044,2,1,0,0,0,0,0,0,0,0,11,16
2002,20045,1,1,0,0,0,0,0,0,0,0,0,0
2002,20045,2,1,0,0,0,0,0,0,0,0,0,0
2002,20046,1,1,0,0,0,17,0,0,0,0,0,0
2002,20047,1,1,0,0,0,0,0,0,0,0,0,0
2002,20047,2,1,0,0,0,0,0,0,0,0,0,0
2002,20048,1,1,0,0,0,0,0,0,0,0,14,0
2002,20049,0,1,46,46,46,46,46,46,46,46,46,46
2002,20049,1,1,4,4,4,4,4,4,4,4,4,4
2002,20050,0,1,0,0,0,0,0,0,0,0,0,0
2002,20050,1,1,0,0,0,0,0,0,0,0,0,0
2002,20051,1,1,0,0,0,0,0,0,0,0,0,8
2002,20052,1,1,26,26,26,26,26,26,26,26,26,26
2002,20053,1,1,0,0,0,0,0,0,0,0,0,0
2002,20053,2,1,0,0,0,0,0,0,0,0,0,0
2002,20054,1,1,0,0,0,0,0,0,0,0,0,0
2002,20054,2,1,0,0,0,0,0,0,0,0,0,0
2002,20054,3,1,0,0,0,0,18,0,0,0,0,0
2002,20055,0,1,0,0,0,0,0,0,0,0,14,0
2002,20055,1,1,0,0,0,0,0,0,0,0,0,0
2002,20056,1,1,0,0,0,0,0,0,0,0,0,0
2002,20056,2,1,0,0,0,0,0,0,0,0,0,0
2002,20057,0,1,33,33,33,33,33,33,33,33,33,33
2002,20057,1,1,0,0,0,0,0,0,0,0,0,0
2002,20058,0,1,0,0,0,0,0,0,0,0,0,0
2002,20058,1,1,0,0,0,0,0,0,0,0,0,0
2002,20059,1,1,10,21,16,20,16,12,25,25,9,12
2002,20060,1,1,0,0,0,0,0,0,0,0,0,0
2002,20060,2,1,0,0,0,0,0,0,0,0,0,0
2002,20061,0,1,0,0,0,0,0,0,0,0,0,0
2002,20061,1,1,0,0,0,0,0,0,0,0,0,0
2002,20062,1,1,14,14,14,14,14,14,14,14,14,14
2002,20063,1,1,18,20,20,20,7,8,0,28,20,13
2002,20064,1,1,16,34,26,24,12,19,30,16,20,17
2002,20064,2,1,0,0,0,0,0,0,0,0,0,0
2002,20065,1,1,0,0,0,0,0,0,0,0,0,0
2002,20065,2,1,0,0,0,0,0,0,0,0,0,0
2002,20065,3,1,0,0,0,0,0,0,0,0,0,0
2002,20066,1,1,9,0,0,0,0,0,0,0,0,0
2002,20066,2,1,0,0,0,0,0,0,0,0,0,0
2002,20067,1,1,29,29,29,29,29,29,29,29,29,29
2002,20067,2,1,0,0,0,0,0,0,0,0,0,0
2002,20068,1,1,0,0,0,0,0,0,0,0,0,0
2002,20068,2,1,0,0,0,0,0,0,0,0,0,0
2002,20069,1,1,0,0,0,0,0,0,0,0,0,0
2002,20069,2,1,0,0,0,0,0,0,4,0,0,0
2002,20070,1,1,0,0,0,0,0,0,0,0,0,0
2002,20071,1,1,0,0,0,0,0,0,0,0,0,0
2002,20072,1,1,40,40,40,40,40,40,40,40,40,40
2002,20073,1,1,16,16,16,16,16,16,16,16,16,16
2002,20074,1,1,25,25,25,25,25,25,25,25,25,25
2002,20075,0,1,0,13,29,0,16,0,0,0,0,20
2002,20075,1,1,0,0,0,0,0,0,0,0,0,0
2002,20076,1,1,0,0,28,0,0,10,0,0,0,15
2002,20076,2,1,0,0,0,0,0,0,0,0,0,0
2002,20077,0,1,0,0,10,0,0,22,0,0,0,11
2002,20077,1,1,0,0,0,0,0,0,0,0,0,0
2002,20078,0,1,0,0,0,0,0,0,0,0,0,0
2002,20078,1,1,0,0,0,0,0,0,0,0,0,0
2002,20079,0,1,11,17,18,9,29,17,19,0,14,0
2002,20079,1,1,12,12,12,12,12,12,12,12,12,12
2002,40001,1,1,17,0,0,0,0,0,19,8,0,19
2002,40002,1,1,0,0,0,0,0,0,0,0,0,0
2002,40002,2,1,0,0,0,0,0,0,0,0,0,0
2002,40002,3,1,0,0,0,0,0,0,0,0,0,0
2002,40003,1,1,0,0,0,0,0,0,0,0,6,12
2002,40004,1,1,24,31,4,17,10,27,21,0,27,29
2002,40004,2,1,0,0,0,0,0,0,0,0,0,0
2002,40005,1,1,16,0,17,0,14,25,22,12,13,15
2002,40006,1,1,0,0,0,0,0,0,0,0,0,0
2002,40006,2,1,0,0,0,0,0,0,0,0,0,0
2002,40007,1,1,0,0,0,0,0,0,0,0,0,0
2002,40007,2,1,0,0,16,6,0,0,0,0,0,11
2002,40008,1,1,11,11,11,11,11,11,11,11,11,11
2002,40008,2,1,0,0,0,0,0,0,0,0,0,0
2002,40008,3,1,0,0,0,0,0,0,0,0,0,0
2002,40009,2,2,0,0,0,0,12,0,0,0,0,0
2002,40010,1,1,19,19,19,19,19,19,19,19,19,19
2002,40010,2,1,0,0,0,0,0,0,0,0,0,0
2002,40011,1,1,0,0,0,0,0,0,0,0,0,0
2002,40012,1,1,0,0,0,0,0,0,0,0,0,0
2002,40012,2,1,0,0,0,0,0,0,0,0,0,0
2002,40012,3,1,0,0,0,0,0,0,0,0,0,0
2002,40013,0,1,0,0,0,0,0,0,0,0,0,0
2002,40013,1,1,0,0,0,17,0,11,0,0,0,11
2002,40014,0,1,3,3,3,3,3,3,3,3,3,3
2002,40014,1,1,0,0,0,0,8,0,0,0,0,0
2002,40015,1,1,0,0,0,0,4,0,0,0,14,10
2002,40015,2,1,0,0,0,0,0,0,0,0,0,0
2002,40016,1,1,20,32,11,22,0,0,10,30,0,0
2002,40017,1,1,0,0,0,0,0,0,0,0,0,0
2002,40018,1,1,12,7,21,8,19,19,21,29,16,11
2002,40019,1,1,0,0,0,0,0,0,0,0,0,0
2002,40020,1,1,0,0,0,0,0,0,0,0,0,0
2002,40020,2,1,0,0,0,0,0,0,0,0,0,0
2002,40020,3,1,0,0,0,0,0,0,0,0,0,0
2002,40020,4,1,0,0,0,0,0,0,0,0,0,0
2002,40021,1,1,0,0,0,0,0,0,0,0,0,0
2002,40022,1,1,0,17,0,17,0,20,0,0,13,0
2002,40023,0,1,0,0,0,0,0,0,0,0,0,0
2002,40023,1,1,0,0,0,0,0,0,0,0,0,0
2002,40024,1,1,0,14,13,0,23,19,35,0,0,8
2002,40024,2,1,0,20,0,0,0,0,0,0,0,0
2002,40025,1,1,11,11,11,11,11,11,11,11,11,11
2002,40026,1,1,0,0,0,0,0,0,0,10,0,0
2002,40026,2,1,0,0,0,0,0,0,0,12,0,0
2002,40027,1,1,0,0,0,0,0,0,0,0,0,0
2002,40027,2,1,0,0,0,0,0,0,0,0,0,0
2002,40027,3,1,0,0,8,0,0,0,0,0,0,0
2002,40028,1,1,0,0,0,0,0,0,0,0,0,0
2002,40029,1,1,15,18,13,8,6,21,11,7,18,4
2002,40030,1,1,20,20,20,20,20,20,20,20,20,20
2002,40030,2,1,0,0,0,0,0,0,0,12,0,0
2002,40031,1,1,0,0,0,0,0,0,0,0,0,0
2002,40032,0,1,22,22,22,22,22,22,22,22,22,22
2002,40032,1,1,0,0,0,0,0,0,0,0,0,0
2002,40033,1,1,11,32,16,21,5,15,8,14,7,21
2002,40033,2,1,11,11,11,11,11,11,11,11,11,11
2002,40034,1,1,15,15,15,15,15,15,15,15,15,15
2002,40035,1,1,0,0,17,0,12,19,11,0,12,27
2002,40036,0,1,0,0,0,0,0,0,0,0,0,0
2002,40036,1,1,0,0,0,0,0,0,0,0,0,0
2002,40037,1,1,0,0,0,0,0,0,0,0,0,0
2002,40037,2,1,0,0,2,0,0,0,14,0,15,11
2002,40038,1,1,0,0,0,0,0,0,0,0,0,0
2002,40038,2,1,0,0,0,0,0,13,6,0,0,0
2002,40039,1,1,0,0,0,0,0,0,0,0,0,0
2002,40040,0,1,11,11,11,11,11,11,11,11,11,11
2002,40040,1,1,0,0,0,0,0,0,0,0,0,0
2002,40041,1,1,22,22,22,22,22,22,22,22,22,22
2002,40042,1,1,0,0,0,0,0,0,0,0,0,0
2002,40042,2,1,0,0,0,0,0,0,0,0,0,0
2002,40043,1,1,0,0,0,0,0,0,0,0,0,0
2002,40043,2,1,0,0,0,0,0,0,0,0,0,0
2002,40044,1,1,0,0,0,0,0,0,0,0,0,0
2002,40044,2,1,0,0,0,0,0,0,0,0,0,0
2002,40045,0,1,18,18,18,18,18,18,18,18,18,18
2002,40045,1,1,0,0,0,0,0,0,0,0,0,0
2002,40046,1,1,0,0,0,0,0,0,0,0,0,0
2002,40046,2,1,0,0,0,0,0,0,0,0,0,0
2002,40047,1,1,0,17,0,0,0,0,0,0,0,0
2002,40048,1,1,0,0,0,0,0,0,0,0,0,0
2002,40048,2,1,0,0,0,0,0,0,0,0,0,0
2002,40049,1,1,16,14,8,18,12,18,12,10,12,11
2002,40049,2,1,0,0,0,0,0,0,0,0,0,0
2002,40050,0,1,36,36,36,36,36,36,36,36,36,36
2002,40050,1,1,0,0,0,0,22,0,0,0,0,0
2002,40051,0,1,22,22,22,22,22,22,22,22,22,22
2002,40051,1,1,18,0,0,0,0,0,0,0,0,0
2002,40052,1,1,0,0,0,0,0,0,18,0,17,21
2002,40052,2,1,0,0,0,0,0,0,0,0,0,0
2002,40053,1,1,11,5,18,25,6,11,4,12,16,23
2002,40053,2,1,0,0,11,0,0,0,0,0,0,0
2002,40054,1,1,1,1,1,1,1,1,1,1,1,1
2002,40055,1,2,0,0,0,0,0,5,0,0,0,0
2002,40056,1,1,0,0,0,0,0,0,0,0,0,0
2002,40056,2,1,0,0,0,0,0,0,0,0,0,0
2002,40056,3,1,19,14,0,20,10,15,11,20,18,0
2002,40057,1,1,0,0,0,0,0,0,0,0,0,0
2002,40057,2,1,0,0,0,0,0,0,0,0,0,0
2002,40058,1,1,0,0,0,0,0,0,0,0,0,0
2002,40058,2,1,0,0,0,0,0,0,0,0,0,0
2002,40059,1,1,0,0,0,0,0,0,0,0,0,0
2002,40059,2,1,0,0,0,0,0,0,0,0,0,0
2002,40060,1,1,0,0,0,0,0,0,0,0,0,0
2002,40060,2,1,0,0,0,0,0,0,0,0,9,0
2002,40061,1,1,0,9,13,3,15,23,37,0,12,18
2002,40061,2,1,0,0,0,0,0,0,0,0,9,0
2002,40062,0,1,0,0,0,0,0,0,0,0,0,0
2002,40062,1,1,0,0,0,0,0,0,0,0,0,0
2002,40063,1,1,0,0,0,0,0,0,0,0,0,0
2002,40063,2,1,0,0,0,0,0,0,0,0,0,0
2002,40063,3,1,0,0,0,0,0,0,0,0,0,0
2002,40063,4,1,0,0,0,0,0,0,0,0,0,0
2002,40064,0,1,0,0,0,0,0,0,0,0,0,0
2002,40064,1,1,0,0,21,5,0,0,0,0,0,0
2002,40065,1,1,19,19,19,19,19,19,19,19,19,19
2002,40065,2,1,0,0,0,22,0,0,0,0,0,0
2002,40066,0,1,20,20,20,20,20,20,20,20,20,20
2002,40066,1,1,0,0,0,0,0,0,0,0,26,0
2002,40067,1,1,5,40,0,14,18,0,17,19,28,0
2002,40068,1,1,0,0,17,0,0,0,0,0,0,0
2002,40068,2,1,7,0,12,10,12,23,24,23,28,16
2002,40069,1,1,12,25,16,12,25,18,18,0,20,10
2002,40070,1,1,0,0,0,0,15,0,0,0,0,0
2002,40071,1,1,0,0,0,0,0,0,0,0,0,0
2002,40071,2,1,0,0,0,0,0,0,0,0,0,0
2002,40072,1,1,19,19,19,19,19,19,19,19,19,19
2002,40072,2,1,0,0,0,0,0,0,0,0,0,0
2002,40073,1,1,16,16,16,16,16,16,16,16,16,16
2002,40074,1,1,0,8,0,0,0,0,0,0,0,0
2002,40074,2,1,0,0,0,0,0,0,17,0,0,0
2002,40075,1,1,0,23,0,0,0,0,0,0,0,0
2002,40076,0,1,0,0,0,0,0,0,0,0,0,0
2002,40076,1,1,0,0,0,0,11,0,0,0,0,0
2002,40077,1,1,0,0,0,0,0,0,0,0,0,0
2002,40077,2,1,0,0,0,0,12,0,0,0,0,0
2002,40077,3,1,0,0,0,0,0,0,0,0,0,0
2002,40078,0,1,20,0,0,0,0,17,10,24,0,0
2002,40078,1,1,0,0,0,9,0,0,0,0,0,0
2002,40080,0,1,0,22,0,0,0,0,16,19,0,0
2002,40080,1,1,0,0,0,0,0,0,0,0,0,0
2002,40081,1,1,0,0,0,0,0,0,0,0,0,0
2002,40081,2,1,0,0,0,0,0,0,0,0,0,15
2002,40081,3,1,0,0,0,0,0,0,0,0,0,0
2002,40082,1,1,11,11,11,11,11,11,11,11,11,11
2002,40083,1,1,0,0,0,0,10,0,0,0,0,0
2002,40084,1,1,0,0,0,0,0,0,0,0,0,0
2002,40084,2,1,0,0,0,0,0,0,0,0,0,0
2002,40084,3,1,0,0,0,0,0,0,0,0,0,0
2002,40085,1,1,0,0,0,0,0,0,0,0,0,0
2002,40086,1,1,0,0,0,0,13,0,0,0,0,0
2002,40086,2,1,0,0,0,0,0,0,0,0,0,0
2002,40087,1,1,11,11,11,11,11,11,11,11,11,11
2002,40088,1,1,0,0,3,18,0,0,2,24,0,0
2002,40088,2,1,0,0,0,0,0,0,0,0,0,0
2002,40089,1,1,11,18,7,23,12,21,11,10,19,20
2002,40089,2,1,0,0,0,0,0,0,0,0,0,0
2002,40091,0,1,18,32,11,33,39,0,37,0,0,15
2002,40091,0,2,0,0,0,0,0,0,0,0,0,0
2002,40091,1,1,20,0,21,0,0,12,14,0,34,0
2002,40092,1,1,0,0,0,0,0,0,0,0,0,0
2002,40093,1,1,26,26,26,26,26,26,26,26,26,26
2002,40094,1,1,0,0,0,0,0,0,0,0,0,0
2002,40094,2,1,0,0,0,0,0,0,0,0,0,0
2002,40095,1,1,0,0,0,0,0,0,0,0,0,0
2002,40096,1,1,8,16,8,3,0,6,13,17,2,21
2002,40097,0,1,35,40,20,38,41,13,42,32,17,17
2002,40097,1,1,0,0,0,0,0,0,0,0,0,0
2002,40098,1,1,0,0,32,0,0,0,11,26,11,41
2002,40099,1,1,0,0,0,0,0,0,0,0,0,0
2002,40099,2,1,0,0,0,0,0,0,0,0,0,0
2002,40100,1,1,0,0,0,0,0,0,0,0,0,0
2002,40101,1,1,0,0,0,21,15,0,0,0,0,0
2002,40102,1,1,0,0,0,0,0,0,0,0,0,0
2002,40103,1,1,0,0,0,0,0,0,0,0,0,0
2002,40103,2,1,2,2,2,2,2,2,2,2,2,2
2002,40104,1,1,0,3,13,0,0,15,16,0,30,14
2002,40105,1,1,15,10,22,3,9,4,18,27,13,10
2002,40106,1,1,0,0,0,0,0,0,0,0,16,0
2002,40107,1,1,0,0,0,0,0,0,0,0,0,0
2002,40107,2,1,0,0,0,0,0,0,0,0,0,0
2002,40108,1,1,0,0,0,0,0,0,0,0,0,0
2002,40108,2,1,0,0,0,0,0,0,0,0,0,0
2002,40109,1,1,24,24,24,24,24,24,24,24,24,24
2002,40110,1,1,0,0,20,0,0,0,3,0,0,0
2002,40110,2,1,0,0,0,0,0,0,0,0,0,0
2002,40111,0,1,0,12,0,29,0,0,0,0,8,0
2002,40111,1,1,13,0,0,0,0,0,0,0,0,14
2002,40112,1,1,13,30,18,0,11,24,19,13,21,16
2002,40113,1,1,0,22,15,35,23,0,13,0,0,5
2002,40113,2,1,0,0,0,0,0,0,0,0,0,0
2002,40114,1,1,27,27,27,27,27,27,27,27,27,27
2002,40115,1,1,0,0,0,0,0,0,0,0,0,0
2002,40116,1,1,0,0,0,0,0,0,0,0,0,0
2002,40117,1,1,0,0,0,0,0,0,0,0,0,0
2002,40118,1,1,0,0,0,0,0,0,0,0,0,0
2002,40119,1,1,0,0,0,0,0,0,0,0,0,0
2002,40119,2,1,0,0,0,0,0,0,0,0,0,0
2002,40120,1,1,15,15,15,15,15,15,15,15,15,15
2002,40121,1,1,13,0,11,27,0,0,9,0,12,0
2002,40122,1,1,0,15,0,25,19,0,21,0,0,0
2002,40122,2,1,0,0,0,0,0,0,0,0,0,0
2002,40123,1,1,0,0,0,0,0,0,0,0,0,0
2002,40124,1,1,0,0,0,0,0,0,0,0,0,0
2002,40125,0,1,26,26,26,26,26,26,26,26,26,26
2002,40125,1,1,0,0,0,0,0,0,0,0,0,0
2002,40126,1,1,0,0,0,0,0,0,0,0,0,0
2002,40126,2,1,0,0,0,0,0,0,0,0,0,0
2002,40127,1,2,11,17,15,10,0,22,0,0,0,0
2002,40128,1,1,22,22,34,21,9,0,9,20,11,16
2002,40129,1,1,0,12,16,26,41,22,21,13,29,20
2002,40130,1,1,14,0,11,11,34,12,13,20,14,33
2002,40130,2,1,0,0,0,0,0,0,0,0,0,0
2002,40131,1,1,20,20,20,20,20,20,20,20,20,20
2002,40132,1,1,0,0,16,0,6,8,0,11,0,0
2002,40133,1,1,0,0,0,0,0,0,30,0,0,17
2002,40134,1,1,36,25,22,19,21,27,10,16,13,11
2002,40135,1,1,0,0,0,7,0,0,4,0,0,0
2002,40136,1,1,0,0,0,0,0,0,0,0,0,0
2002,40136,2,1,7,7,7,7,7,7,7,7,7,7
2002,40137,1,1,0,0,0,0,0,0,0,0,0,0
2002,40138,1,1,13,12,14,22,0,22,17,22,13,23
2002,40139,0,1,18,18,18,18,18,18,18,18,18,18
2002,40139,1,1,0,0,0,0,0,0,0,0,0,0
2002,40140,1,1,0,0,0,0,0,0,0,0,0,0
2002,40140,2,1,0,0,0,0,0,0,0,0,0,0
2002,40141,1,1,0,10,0,0,17,0,10,0,0,19
2002,40141,2,1,0,0,0,0,0,0,0,0,0,0
2002,40142,1,1,18,0,14,0,0,0,0,0,0,0
2002,40143,1,1,0,0,0,0,0,0,0,0,0,0
2002,40143,2,1,0,0,0,0,0,0,0,0,0,0
2002,40144,1,2,0,0,0,0,0,0,16,0,18,0
2002,40145,1,1,8,26,11,9,6,15,30,12,18,12
2002,40146,0,1,31,31,31,31,31,31,31,31,31,31
2002,40146,1,1,0,0,0,0,0,0,0,0,0,0
2002,40147,1,1,0,0,0,0,0,14,4,0,0,0
2002,40147,2,1,0,0,0,0,0,0,0,0,0,0
2002,40148,1,1,0,0,0,0,0,0,0,0,0,0
2002,40148,2,1,0,0,0,0,0,0,0,0,0,0
2002,40149,1,1,0,19,11,0,3,6,0,7,14,3
2002,40149,2,1,0,0,0,0,0,4,0,0,0,0
2002,40150,1,1,0,0,0,0,0,0,0,19,0,0
2002,40150,2,1,0,0,0,0,0,0,0,0,0,0
2002,40151,1,1,8,8,8,8,8,8,8,8,8,8
2002,40152,0,1,0,38,0,0,0,0,0,0,22,0
2002,40152,1,1,0,0,0,0,0,0,0,0,0,0
2002,40153,1,1,0,0,0,0,0,0,0,0,0,0
2002,40153,2,1,0,7,0,0,0,0,0,0,0,0
2002,40154,1,1,0,13,13,21,27,0,26,14,9,19
2002,40155,1,1,13,26,8,29,12,13,1,0,18,10
2002,40156,1,1,21,32,0,0,17,0,23,25,18,25
2002,40157,1,1,0,0,0,0,0,0,0,0,0,27
2002,40158,1,1,0,0,0,0,0,0,0,0,0,0
2002,40159,1,1,0,0,0,0,0,0,0,0,0,0
2002,40160,1,1,0,0,0,0,0,0,0,0,0,0
2002,40160,2,1,0,0,0,0,0,0,0,0,0,0
2002,40160,3,1,0,0,0,0,0,0,0,0,0,0
2002,40161,1,1,21,10,12,10,5,0,0,5,0,6
2002,40162,1,1,14,14,14,14,14,14,14,14,14,14
2002,40163,1,1,0,0,0,0,0,0,0,0,0,0
2002,40164,1,1,0,0,0,0,0,0,0,0,0,0
2002,40165,1,1,0,0,0,0,0,0,0,0,0,0
2002,40165,2,1,0,0,0,0,0,0,0,0,0,0
2002,40166,1,1,23,14,0,15,14,26,20,22,8,15
2002,40166,2,1,0,0,0,0,0,9,0,0,0,0
2002,40167,1,1,0,0,0,0,0,0,0,0,0,0
2002,40167,2,1,0,0,0,0,0,0,0,0,0,0
2002,40167,3,1,0,0,0,0,0,0,0,0,0,0
2002,40168,0,1,0,0,0,0,0,0,0,0,0,0
2002,40168,1,1,0,0,0,0,0,0,0,0,0,0
2002,40169,0,1,0,0,17,0,0,0,32,0,0,0
2002,40169,1,1,0,0,0,0,0,0,0,0,0,0
2002,40170,0,1,0,0,0,0,0,0,0,0,0,0
2002,40170,1,1,0,0,0,0,0,0,0,0,0,0
2002,40171,1,1,0,0,0,0,0,0,0,0,0,0
2002,40171,2,1,0,0,0,0,0,0,0,0,0,0
2002,40172,1,1,0,0,0,0,0,0,0,0,0,0
2002,40172,2,1,0,0,0,0,0,0,0,0,0,0
2002,40173,0,1,19,19,19,19,19,19,19,19,19,19
2002,40173,1,1,0,0,12,0,0,27,0,0,0,0
2002,40174,1,1,13,13,13,13,13,13,13,13,13,13
2002,40175,0,1,6,26,0,0,0,0,20,7,16,0
2002,40176,1,1,0,0,0,0,0,0,0,0,0,0
2002,40177,1,1,16,16,16,16,16,16,16,16,16,16
2002,40178,1,1,27,26,0,14,20,20,21,35,31,14
2002,40179,1,1,0,0,0,12,0,32,5,0,0,0
2002,40180,1,1,23,23,23,23,23,23,23,23,23,23
2002,40180,2,1,0,0,5,0,0,0,0,0,0,0
2002,40181,1,2,0,0,0,0,0,0,0,0,0,16
2002,40182,0,1,0,0,0,0,0,0,0,0,0,0
2002,40182,1,1,0,0,0,0,0,0,0,0,0,0
2002,40183,1,1,0,0,0,0,0,30,29,35,0,17
2002,40184,0,1,0,0,0,0,0,0,0,0,0,0
2002,40184,1,1,11,8,13,0,0,0,0,0,0,17
2002,40185,1,1,0,0,0,0,0,0,0,0,0,0
2002,40185,2,1,0,15,25,0,18,0,0,0,0,0
2002,40186,1,1,0,0,0,0,0,0,0,0,0,0
2002,40186,2,1,0,0,13,0,10,9,12,9,18,13
2002,40187,1,1,0,0,0,0,0,0,0,0,0,0
2002,40187,2,1,0,0,0,0,0,0,0,0,0,0
2002,40188,1,1,5,16,0,5,10,9,0,0,12,0
2002,40188,2,1,4,4,4,4,4,4,4,4,4,4
2002,40189,1,1,0,15,0,0,0,0,0,0,0,0
2002,40189,2,1,0,0,0,5,0,0,0,0,0,0
2002,40189,3,1,16,10,24,11,14,3,15,31,11,2
2002,40190,1,1,0,24,14,0,17,10,9,17,10,18
2002,40190,2,1,18,6,9,9,2,9,17,0,28,16
2002,40190,3,1,0,0,0,0,0,0,0,0,0,0
2002,40191,1,1,29,15,18,16,22,0,17,26,16,13
2002,40191,2,1,0,0,0,0,0,0,0,0,0,0
2002,40192,1,1,0,0,0,0,0,0,0,0,0,0
2002,40192,2,1,0,0,0,0,0,0,0,0,0,0
2002,40193,1,2,0,16,0,35,7,0,0,20,0,14
2002,40194,1,1,7,7,7,7,7,7,7,7,7,7
2002,40194,2,1,9,0,13,17,11,7,0,0,20,12
2002,40195,0,1,0,0,0,59,0,0,0,11,5,0
2002,40195,1,1,0,0,0,0,0,0,0,0,0,0
2002,40196,1,1,0,0,0,0,0,16,3,0,0,9
2002,40197,1,1,7,9,13,13,9,11,6,0,23,13
2002,40197,2,1,0,0,0,0,0,0,0,0,0,0
2002,40197,3,1,0,0,0,0,0,0,0,0,0,0
2002,40197,4,1,0,0,0,0,0,0,0,0,0,0
2002,40198,1,1,0,0,0,0,0,0,0,0,0,0
2002,40198,2,1,0,0,0,0,0,0,0,0,0,0