YEAR,ST_CASE,veh_no,per_no,P1,P2,P3,P4,P5,P6,P7,P8,P9,P10
2002,40748,0,1,34,17,3,16,23,21,16,14,36,26
2002,40748,1,1,0,0,0,0,0,0,0,0,0,0
2002,40749,1,1,0,7,0,0,0,0,0,19,0,0
2002,40750,0,1,0,11,0,19,0,38,0,17,13,0
2002,40750,1,1,12,0,0,0,0,26,0,11,24,11
2002,40751,1,2,20,12,0,0,0,0,0,18,0,0
2002,40752,0,1,22,22,22,22,22,22,22,22,22,22
2002,40752,1,1,0,0,0,0,0,0,0,0,0,0
2002,40753,1,1,3,3,3,3,3,3,3,3,3,3
2002,40754,1,2,26,25,24,0,0,24,0,0,0,13
2002,40755,0,1,0,0,0,0,0,0,0,0,0,0
2002,40755,1,1,0,0,0,0,0,0,0,0,0,0
2002,40756,1,1,15,15,0,0,0,5,0,0,14,0
2002,40757,1,1,0,0,0,0,0,0,0,0,0,0
2002,40757,2,1,7,7,7,7,7,7,7,7,7,7
2002,40758,1,1,9,9,9,11,16,15,0,23,13,19
2002,40759,0,1,0,0,23,27,23,0,0,14,0,0
2002,40759,1,1,0,0,0,0,0,0,0,0,0,0
2002,40760,1,1,0,0,0,10,14,16,0,0,0,7
2002,40761,0,1,0,0,0,0,0,0,0,0,0,0
2002,40761,1,1,0,0,0,0,0,0,0,22,0,0
2002,40762,1,1,13,0,7,2,18,9,18,5,19,5
2002,40763,1,1,0,0,0,0,0,0,0,0,0,0
2002,40763,2,1,0,0,0,0,0,0,0,0,0,0
2002,40764,0,1,0,0,0,0,0,0,0,0,0,0
2002,40764,1,1,0,0,0,0,0,0,0,0,15,0
2002,40765,1,1,0,15,4,29,28,10,20,15,9,0
2002,40766,0,1,26,26,26,26,26,26,26,26,26,26
2002,40766,1,1,16,24,28,25,0,30,21,0,15,4
2002,40767,0,1,0,0,5,0,0,0,0,0,0,0
2002,40767,1,1,0,0,22,8,21,0,18,24,0,9
2002,40768,1,1,25,0,0,23,4,14,0,20,19,17
2002,40769,1,1,13,0,0,0,0,0,0,10,0,0
2002,40769,2,1,0,16,13,0,0,0,0,11,0,0
2002,40770,1,1,7,19,0,0,0,0,0,17,17,11
2002,40771,1,2,0,0,27,0,0,0,0,0,0,22
2002,40772,0,1,38,19,12,31,20,28,18,29,33,24
2002,40772,1,1,0,0,0,20,0,0,0,0,23,0
2002,40773,1,1,0,0,7,25,17,0,0,15,25,0
2002,40774,1,1,0,0,0,0,7,0,0,0,0,0
2002,40775,1,2,7,30,24,8,0,20,19,0,29,10
2002,40776,1,1,8,17,26,4,15,0,0,19,17,0
2002,40777,0,1,0,10,0,0,0,0,6,3,0,0
2002,40777,1,1,0,0,0,0,0,0,0,0,0,0
2002,40778,0,1,0,0,0,0,0,0,0,0,0,0
2002,40778,1,1,0,0,0,0,0,0,0,0,0,0
2002,40779,1,1,0,18,0,0,18,0,0,8,6,19
2002,40779,2,1,0,0,0,0,0,0,0,0,0,0
2002,40780,1,1,0,0,0,10,0,12,0,0,0,22
2002,40780,2,1,0,0,0,0,0,0,0,0,0,0
2002,40781,1,1,0,0,0,0,0,0,8,0,0,0
2002,40781,2,1,17,0,0,0,0,0,0,0,0,0
2002,40782,1,1,0,0,0,0,0,0,0,0,0,0
2002,40782,2,1,18,0,0,0,0,0,0,0,0,0
2002,40782,3,1,0,0,0,0,0,0,0,0,0,0
2002,40782,4,1,18,0,20,0,0,16,0,0,22,0
2002,40783,1,1,0,0,8,9,0,19,0,24,11,37
2002,40784,1,1,13,25,38,17,8,22,24,16,14,16
2002,40785,1,1,9,21,6,23,29,39,14,14,9,22
2002,40785,2,1,0,9,0,0,0,0,0,0,0,0
2002,40786,1,1,15,0,17,15,7,21,0,0,24,3
2002,40786,2,1,17,0,0,0,22,19,26,10,0,15
2002,40787,1,1,22,22,22,22,22,22,22,22,22,22
2002,40788,1,1,0,0,0,0,0,0,0,0,0,0
2002,40788,2,1,1,1,1,1,1,1,1,1,1,1
2002,40789,1,1,0,0,0,0,0,0,0,0,0,0
2002,40789,2,1,0,0,0,0,0,0,0,0,0,0
2002,40790,1,1,0,0,21,7,0,18,6,0,0,31
2002,40791,1,1,0,0,0,0,0,0,0,0,0,0
2002,40791,2,1,0,0,0,0,0,0,0,0,0,0
2002,40792,0,1,21,21,21,21,21,21,21,21,21,21
2002,40792,1,1,0,0,0,0,0,0,0,0,15,0
2002,40793,1,1,0,0,0,0,0,0,0,0,0,0
2002,40793,2,1,0,0,0,0,0,0,0,0,0,0
2002,40793,3,1,0,0,0,0,0,0,0,0,0,0
2002,40794,1,1,3,27,18,29,20,10,19,8,15,7
2002,40795,0,1,0,0,0,0,0,0,0,0,0,0
2002,40795,1,1,0,0,0,0,0,0,0,2,0,0
2002,40796,1,1,0,0,0,0,0,0,0,0,0,0
2002,40796,2,1,0,0,0,0,0,0,0,0,0,0
2002,40796,3,1,0,0,0,0,0,0,0,0,0,0
2002,40796,4,1,0,0,0,0,0,0,0,0,0,0
2002,40797,1,1,3,0,15,18,15,32,8,7,13,25
2002,40798,1,1,0,0,0,0,0,0,0,0,0,0
2002,40798,2,1,0,0,0,0,0,0,0,0,0,0
2002,40798,3,1,0,0,0,0,0,0,0,0,0,0
2002,40799,1,1,0,0,0,0,0,0,0,0,0,0
2002,40800,1,1,14,14,14,14,14,14,14,14,14,14
2002,40801,1,1,0,0,0,0,0,0,0,0,0,0
2002,40802,1,1,0,0,0,0,0,0,0,0,0,0
2002,40802,2,1,0,0,0,0,7,0,0,0,0,0
2002,40803,0,1,27,16,26,28,21,0,38,0,42,17
2002,40803,1,1,0,0,0,0,0,0,0,0,0,0
2002,40804,1,1,0,0,0,0,0,0,0,0,0,0
2002,40805,1,1,33,33,33,33,33,33,33,33,33,33
2002,40805,2,1,0,0,0,0,0,0,0,0,0,13
2002,40806,1,1,0,0,20,0,0,0,0,0,0,0
2002,40806,2,1,0,0,0,5,0,0,0,0,0,0
2002,40807,1,1,0,0,0,0,0,0,0,0,0,0
2002,40807,2,1,0,0,0,0,0,0,0,0,0,0
2002,40808,1,1,0,0,0,0,0,0,0,0,0,0
2002,40808,2,1,0,14,0,0,0,0,0,0,0,0
2002,40810,1,1,17,17,17,17,17,17,17,17,17,17
2002,40811,1,1,0,0,0,0,0,0,0,0,0,0
2002,40811,2,1,0,19,0,0,0,0,0,0,0,0
2002,40812,1,1,0,0,0,0,0,0,0,0,0,0
2002,40813,0,1,26,26,26,26,26,26,26,26,26,26
2002,40813,1,1,0,0,0,0,0,0,0,0,0,0
2002,40814,1,1,10,31,31,20,26,12,33,22,0,13
2002,40815,1,1,0,0,0,0,0,0,0,0,0,14
2002,40815,2,1,0,0,0,0,0,0,0,0,0,0
2002,40816,1,1,15,29,23,13,14,23,0,24,0,34
2002,40817,1,1,24,24,24,24,24,24,24,24,24,24
2002,40817,2,1,0,0,0,0,0,0,0,0,0,0
2002,40818,1,1,30,10,25,20,10,23,14,9,24,6
2002,40819,1,1,0,0,0,0,0,0,0,0,0,0
2002,40819,2,1,0,0,0,0,0,0,0,0,0,0
2002,40820,1,1,22,10,28,3,17,18,0,13,9,6
2002,40820,2,1,9,9,9,9,9,9,9,9,9,9
2002,40821,1,1,24,24,24,24,24,24,24,24,24,24
2002,40821,2,1,0,0,0,0,0,0,0,0,0,0
2002,40822,1,1,0,0,0,0,0,0,0,0,0,0
2002,40822,2,1,0,0,0,0,0,0,0,0,0,0
2002,40823,1,1,0,0,0,0,0,0,0,0,0,0
2002,40823,2,1,0,0,0,0,0,0,13,0,0,0
2002,40824,1,1,0,0,0,0,0,0,0,0,0,0
2002,40824,2,1,0,17,0,0,0,0,0,0,0,0
2002,40825,1,1,15,0,31,16,0,0,0,0,0,25
2002,40826,1,1,9,0,0,0,17,12,0,0,0,0
2002,40827,1,1,0,0,0,0,0,0,0,0,0,0
2002,40828,1,1,0,0,0,0,0,0,0,0,0,0
2002,40828,2,1,0,0,0,0,0,0,0,0,0,0
2002,40829,1,1,0,0,0,0,0,0,0,0,0,0
2002,40830,0,1,0,0,0,0,0,0,0,0,0,0
2002,40830,1,1,0,0,0,0,0,0,0,0,5,0
2002,40831,0,1,0,0,0,0,15,0,0,0,0,0
2002,40831,1,1,0,0,0,0,0,0,0,0,0,0
2002,40832,1,1,0,0,0,0,0,0,0,0,0,0
2002,40832,2,1,0,0,0,0,0,0,0,0,0,0
2002,40832,3,1,0,0,0,0,0,0,0,0,0,0
2002,40833,0,1,0,0,0,0,0,0,0,0,0,0
2002,40833,1,1,0,0,0,0,0,0,0,0,0,0
2002,40834,1,1,0,0,0,0,0,0,0,0,0,0
2002,40834,2,1,0,0,0,0,0,0,0,0,0,0
2002,40835,1,1,25,25,25,25,25,25,25,25,25,25
2002,40835,2,1,0,20,0,0,0,0,0,0,0,0
2002,40835,3,1,0,0,0,0,0,0,0,0,0,0
2002,40836,0,1,0,0,0,0,0,0,0,0,0,0
2002,40836,1,1,0,0,0,0,0,0,0,0,0,0
2002,40836,2,1,0,0,0,0,0,0,0,0,0,0
2002,40837,0,1,22,0,0,0,0,0,0,0,0,0
2002,40837,1,1,0,0,0,0,0,0,0,0,0,0
2002,40838,1,1,8,8,8,8,8,8,8,8,8,8
2002,40839,1,1,24,32,5,22,7,24,21,16,20,13
2002,40839,2,1,6,6,6,6,6,6,6,6,6,6
2002,40840,1,1,0,0,0,0,0,0,0,0,0,0
2002,40841,1,1,17,23,12,14,19,11,36,12,22,6
2002,40841,2,1,4,11,22,16,20,29,12,32,20,0
2002,40842,1,1,0,0,0,0,0,0,0,0,0,0
2002,40843,1,1,24,24,24,24,24,24,24,24,24,24
2002,40844,1,1,0,0,0,0,0,0,0,9,0,0
2002,40844,2,1,10,10,10,10,10,10,10,10,10,10
2002,40845,1,1,10,5,0,22,0,0,0,16,12,0
2002,40846,1,1,0,0,0,0,0,0,0,0,0,0
2002,40846,2,1,0,0,0,0,0,0,0,0,0,0
2002,40846,3,1,0,0,0,0,22,16,0,0,0,0
2002,40846,4,1,0,0,0,0,0,0,0,0,0,0
2002,40847,1,1,0,14,0,11,19,27,0,28,0,0
2002,40848,1,1,0,26,0,0,20,0,0,0,17,17
2002,40849,1,1,0,0,0,0,0,0,0,0,0,8
2002,40849,2,1,0,0,0,0,0,0,0,0,0,0
2002,40850,0,1,3,0,0,0,0,0,0,0,0,0
2002,40850,1,1,0,0,0,0,0,0,0,0,0,0
2002,40851,0,1,33,33,33,33,33,33,33,33,33,33
2002,40851,1,1,0,0,0,0,0,0,0,0,0,0
2002,40852,1,1,0,0,0,0,0,0,0,0,0,0
2002,40852,2,1,0,0,0,0,0,0,0,0,0,0
2002,40853,1,1,0,0,0,0,0,0,0,0,0,0
2002,40853,2,1,0,0,0,0,0,0,0,0,0,0
2002,40854,1,1,14,14,14,14,14,14,14,14,14,14
2002,40855,1,1,0,0,0,0,0,0,0,0,0,0
2002,40855,2,1,0,0,0,0,0,0,0,0,0,0
2002,40856,1,1,13,13,13,13,13,13,13,13,13,13
2002,40857,1,1,0,0,0,5,0,0,0,2,0,0
2002,40857,2,1,0,0,0,0,0,0,0,0,0,0
2002,40858,1,1,9,28,0,9,22,9,13,25,7,21
2002,40858,2,1,9,0,0,0,0,0,0,0,0,0
2002,40858,3,1,0,0,0,0,0,0,0,0,0,0
2002,40859,1,1,20,21,24,0,10,0,2,10,10,16
2002,40860,1,1,0,0,0,0,0,0,0,0,0,0
2002,40860,2,1,0,0,0,0,0,0,0,0,0,0
2002,40861,1,1,2,2,2,2,2,2,2,2,2,2
2002,40862,1,1,0,0,0,0,0,0,39,0,0,0
2002,40862,2,1,0,0,0,0,0,0,0,0,0,0
2002,40863,1,1,8,0,0,0,0,0,0,0,12,0
2002,40864,0,1,0,0,0,0,0,0,0,0,0,0
2002,40864,0,2,0,0,0,6,0,0,0,0,0,0
2002,40864,1,1,0,0,0,0,0,0,0,0,0,0
2002,40865,1,1,6,32,20,19,22,26,13,17,16,30
2002,40866,1,1,0,9,0,0,0,0,13,28,0,0
2002,40867,1,1,22,22,22,22,22,22,22,22,22,22
2002,40867,2,1,0,0,0,0,0,0,0,0,0,0
2002,40867,3,1,0,0,0,0,0,0,0,0,0,0
2002,40868,1,1,0,0,0,0,0,0,0,0,0,0
2002,40868,2,1,0,0,0,0,0,21,0,0,0,0
2002,40869,1,1,0,22,0,0,0,0,0,0,0,0
2002,40870,1,1,0,0,0,0,0,15,0,0,0,0
2002,40871,1,1,38,38,38,38,38,38,38,38,38,38
2002,40872,1,1,0,0,0,0,0,0,0,0,0,0
2002,40872,2,1,0,0,0,0,0,4,0,0,0,0
2002,40872,3,1,0,0,0,0,0,0,0,0,0,0
2002,40873,1,1,0,0,0,18,0,0,0,0,0,0
2002,40874,1,1,0,0,0,0,0,0,0,0,0,0
2002,40874,2,1,0,0,0,0,0,0,0,0,0,0
2002,40874,3,1,0,0,0,0,0,0,0,0,0,0
2002,40874,4,1,0,0,0,0,0,0,0,0,0,0
2002,40874,5,1,0,0,0,0,0,0,0,0,0,0
2002,40874,6,1,0,0,0,0,0,0,0,0,0,0
2002,40875,1,1,23,19,0,25,17,10,0,0,0,20
2002,40875,2,1,0,0,0,0,0,0,0,0,0,0
2002,40876,1,1,0,0,0,0,0,0,0,0,0,0
2002,40876,2,1,1,1,1,1,1,1,1,1,1,1
2002,40877,1,1,0,0,0,0,0,0,0,0,0,0
2002,40878,0,1,10,10,10,10,10,10,10,10,10,10
2002,40878,1,1,0,0,0,0,0,0,0,0,0,0
2002,40879,1,1,0,0,0,0,0,0,0,0,0,0
2002,40880,1,1,15,15,15,15,15,15,15,15,15,15
2002,40880,2,1,0,0,0,0,0,0,0,0,0,0
2002,40880,3,1,0,0,0,0,0,0,0,0,0,0
2002,40880,4,1,0,0,0,0,0,0,0,0,0,0
2002,40881,0,1,0,0,0,0,0,0,0,0,0,0
2002,40881,1,1,0,0,0,0,0,12,0,0,0,13
2002,40882,0,1,0,25,17,0,0,32,0,25,0,0
2002,40882,1,1,0,0,0,0,0,0,0,0,0,27
2002,40883,1,1,0,0,0,0,0,0,0,0,0,0
2002,40884,1,1,13,13,13,13,13,13,13,13,13,13
2002,40885,1,1,21,21,21,21,21,21,21,21,21,21
2002,40886,1,1,0,0,0,0,0,0,0,0,0,0
2002,40887,1,1,0,0,0,0,0,0,0,0,0,0
2002,40888,1,1,0,0,0,0,35,11,0,25,13,18
2002,40888,2,1,0,0,0,0,0,0,0,0,0,11
2002,40889,1,1,0,0,18,0,20,27,0,0,0,0
2002,40889,2,1,0,0,0,0,0,0,0,14,0,0
2002,40890,1,1,0,0,0,18,0,0,0,0,0,0
2002,40890,2,1,0,0,0,0,0,0,0,0,0,0
2002,40891,1,1,0,0,0,0,16,0,0,0,0,0
2002,40891,2,1,0,0,0,0,0,0,0,0,0,0
2002,40892,1,1,0,0,0,0,0,0,0,0,0,0
2002,40892,2,1,0,0,0,0,0,0,0,0,0,0
2002,40893,1,1,0,0,0,0,0,0,0,0,0,0
2002,40893,2,1,0,0,0,0,0,0,0,0,0,0
2002,40894,1,1,16,8,22,4,13,0,32,20,17,22
2002,40894,2,1,0,0,16,0,11,0,0,0,0,0
2002,40895,0,1,24,24,24,24,24,24,24,24,24,24
2002,40895,1,1,0,0,0,0,0,0,0,0,0,0
2002,40896,1,1,23,23,23,23,23,23,23,23,23,23
2002,40896,2,1,0,0,0,0,0,0,0,0,0,0
2002,40897,1,1,0,0,0,0,0,0,0,0,0,0
2002,40898,1,1,27,27,27,27,27,27,27,27,27,27
2002,40899,1,1,0,28,0,0,29,0,30,13,0,8
2002,40900,1,1,0,0,0,0,0,0,0,0,0,0
2002,40901,1,1,21,21,21,21,21,21,21,21,21,21
2002,40902,1,3,0,0,0,3,5,28,16,0,21,18
2002,40903,1,1,0,0,0,0,0,0,0,0,0,0
2002,40904,1,1,0,0,0,0,0,0,0,0,0,0
2002,40904,2,1,0,0,0,0,0,0,0,0,0,0
2002,40905,1,1,0,0,0,23,0,0,0,5,0,0
2002,40905,2,1,0,0,0,0,0,0,0,0,0,0
2002,40905,3,1,0,0,0,0,0,0,0,0,0,0
2002,40906,1,1,22,22,22,22,22,22,22,22,22,22
2002,40906,2,1,0,0,0,0,0,0,0,0,0,0
2002,40907,0,1,0,0,0,0,0,0,0,0,0,0
2002,40907,1,1,0,0,0,0,0,0,0,0,0,0
2002,40908,1,1,0,0,0,0,0,0,0,0,0,0
2002,40909,0,1,0,0,0,0,0,0,0,0,0,0
2002,40909,1,1,0,0,0,0,0,0,0,0,0,0
2002,40910,1,1,0,0,0,0,0,0,0,0,0,0
2002,40911,1,1,0,0,0,0,19,0,0,0,0,0
2002,40912,1,1,0,0,0,0,0,0,0,0,0,0
2002,40912,2,1,9,0,0,0,0,20,0,0,0,0
2002,40913,1,1,0,0,0,0,0,0,0,0,0,0
2002,40913,2,1,0,0,0,0,0,0,0,0,0,0
2002,40913,3,1,0,0,0,0,0,0,0,0,0,0
2002,40914,1,1,3,15,12,4,16,26,20,9,11,22
2002,40915,1,1,14,8,6,14,0,22,20,6,15,0
2002,40915,2,1,0,0,0,0,0,0,0,31,0,0
2002,40916,1,1,0,0,0,0,0,0,0,0,0,0
2002,40916,2,1,0,0,0,0,0,0,0,0,0,0
2002,40917,1,1,16,16,16,16,16,16,16,16,16,16
2002,40918,1,1,12,0,0,0,0,0,0,0,0,0
2002,40919,0,1,0,0,17,0,8,0,25,0,21,10
2002,40919,1,1,0,25,20,0,27,15,12,14,16,0
2002,40920,1,1,0,0,0,0,0,0,14,0,0,0
2002,40921,1,1,0,15,0,0,0,0,0,0,0,0
2002,40922,1,1,0,17,7,0,0,10,0,0,0,0
2002,40922,2,1,0,0,0,0,0,0,0,0,0,0
2002,40923,1,1,15,8,11,1,28,8,19,24,9,11
2002,40924,0,1,0,0,0,0,0,0,0,0,0,0
2002,40924,1,1,0,0,0,0,0,0,0,0,0,0
2002,40925,0,1,0,0,0,0,0,0,0,0,0,0
2002,40925,1,1,0,0,0,0,0,0,0,0,0,0
2002,40926,1,1,0,0,0,0,0,0,0,8,0,0
2002,40926,2,1,0,0,0,0,0,0,0,0,0,0
2002,40926,3,1,6,0,0,0,11,0,0,8,0,0
2002,40927,0,1,0,0,0,0,0,0,0,0,0,0
2002,40927,1,1,9,17,8,10,0,13,8,4,13,23
2002,40928,1,1,11,11,11,11,11,11,11,11,11,11
2002,40929,1,1,0,0,0,0,0,0,0,0,0,0
2002,40930,1,1,0,0,0,0,0,0,0,0,0,0
2002,40930,2,1,0,0,0,0,0,0,0,0,0,0
2002,40931,1,1,0,0,0,0,0,0,0,0,0,0
2002,40931,2,1,0,0,0,0,0,0,0,0,0,0
2002,40932,1,1,0,0,0,0,3,0,0,0,0,0
2002,40932,2,1,0,0,0,0,0,0,0,0,0,0
2002,40933,1,1,0,0,0,0,0,0,0,0,0,0
2002,40933,2,1,0,14,0,0,0,22,0,0,0,0
2002,40934,1,1,18,18,18,18,18,18,18,18,18,18
2002,40934,2,1,17,17,17,17,17,17,17,17,17,17
2002,40935,1,1,0,0,17,0,0,0,15,0,0,0
2002,40935,2,1,0,0,0,0,0,0,0,0,0,0
2002,40935,3,1,0,0,0,0,0,0,0,0,22,0
2002,40936,1,1,8,14,66,20,15,0,15,0,11,21
2002,40937,1,1,0,0,0,0,0,0,0,0,0,0
2002,40937,2,1,0,0,0,0,0,0,0,0,0,0
2002,40938,1,1,20,12,13,12,17,0,3,23,0,0
2002,40938,2,1,0,0,5,0,15,0,0,7,0,10
2002,40939,1,1,14,14,14,14,14,14,14,14,14,14
2002,40940,0,1,25,25,25,25,25,25,25,25,25,25
2002,40940,1,1,20,0,11,0,0,0,13,3,0,0
2002,40941,1,1,38,12,20,16,15,18,40,27,0,15
2002,40942,1,2,17,0,0,0,16,10,7,0,0,0
2002,40943,1,1,14,14,14,14,14,14,14,14,14,14
2002,40943,2,1,0,15,0,0,18,9,0,7,0,0
2002,40944,1,1,9,0,21,0,23,18,0,14,12,0
2002,40944,2,1,7,0,0,18,0,18,0,0,0,0
2002,40945,1,1,34,0,0,0,0,9,0,17,0,37
2002,40946,1,1,0,0,0,0,0,0,0,0,0,0
2002,40947,1,1,0,0,0,0,0,0,0,0,0,0
2002,40948,1,1,0,0,0,0,0,0,10,0,0,0
2002,40948,2,1,0,0,0,0,0,0,0,0,0,0
2002,40949,1,1,0,0,0,0,0,0,0,0,0,0
2002,40950,1,1,27,0,29,13,14,16,21,48,4,32
2002,40951,1,1,15,25,20,19,23,12,19,15,0,0
2002,40951,2,1,9,0,12,18,0,9,9,0,15,30
2002,40952,0,1,0,0,0,0,0,0,0,0,0,0
2002,40952,1,1,0,0,0,0,0,0,0,0,0,0
2002,40953,1,1,27,27,27,27,27,27,27,27,27,27
2002,40954,1,1,0,9,0,0,15,0,0,7,42,24
2002,40955,1,1,0,0,0,0,0,9,0,0,0,0
2002,40956,1,1,0,0,0,14,0,0,0,0,15,0
2002,40957,1,2,9,0,0,0,0,16,33,0,0,0
2002,40958,1,1,8,0,0,0,0,0,0,0,0,0
2002,40958,2,1,0,0,0,0,0,0,0,0,0,0
2002,40959,0,1,8,33,18,31,0,17,0,18,5,18
2002,40959,1,1,0,0,0,0,0,0,0,0,0,0
2002,40960,1,1,3,39,0,8,5,6,16,22,9,9
2002,40961,1,1,0,10,22,5,12,26,12,3,7,30
2002,40961,2,1,0,0,0,0,0,0,0,0,0,0
2002,40962,0,1,0,0,0,0,0,0,0,0,0,0
2002,40962,1,1,0,0,0,0,0,0,0,0,0,20
2002,40963,1,2,14,0,0,26,0,7,24,0,15,6
2002,40964,1,2,6,38,20,15,12,19,11,0,13,15
2002,40965,0,1,15,0,0,0,24,34,20,9,0,16
2002,40965,1,1,17,0,0,0,0,0,18,0,0,0
2002,40966,1,1,15,8,10,9,0,8,0,0,8,8
2002,40966,2,1,15,0,6,25,11,8,0,17,25,14
2002,40967,1,1,6,0,0,12,13,0,6,0,2,12
2002,40968,1,1,0,14,9,0,15,0,0,7,0,7
2002,40969,1,2,0,0,18,0,20,0,22,20,0,28
2002,40970,1,1,16,0,0,0,0,0,0,0,0,0
2002,40971,1,1,0,0,0,0,0,0,0,0,0,0
2002,40972,1,2,0,0,0,16,0,0,0,11,12,0
2002,40973,1,1,8,14,0,10,20,0,0,10,0,0
2002,40973,2,1,0,11,27,15,0,4,0,4,14,0
2002,40974,0,1,15,10,0,0,0,0,0,0,0,0
2002,40974,1,1,0,0,7,0,0,0,0,0,0,0
2002,40975,1,1,0,0,0,0,0,0,0,0,0,0
2002,40975,2,1,0,0,0,0,0,0,0,0,0,0
2002,40976,1,1,13,0,11,13,20,14,0,19,0,9
2002,40977,1,2,0,5,21,18,0,14,20,0,20,0
2002,40978,1,1,0,0,0,0,12,0,0,0,0,0
2002,40978,2,1,0,0,0,0,0,0,0,0,0,0
2002,40978,3,1,0,0,0,0,0,0,0,0,0,0
2002,40979,1,1,19,0,0,14,25,0,26,0,20,31
2002,40979,2,1,0,0,0,0,0,0,0,0,0,0
2002,40980,1,1,7,0,18,15,14,36,0,23,30,23
2002,40981,1,1,0,0,17,0,19,0,0,0,0,20
2002,40982,1,3,23,6,13,8,17,0,19,15,15,10
2002,40983,1,1,0,26,0,0,0,0,0,0,0,0
2002,40984,1,1,12,20,11,7,0,16,10,24,16,8
2002,40984,2,1,0,0,0,0,0,0,0,0,33,0
2002,40985,1,1,20,26,16,4,7,19,13,21,28,0
2002,40986,1,2,20,0,18,9,16,0,12,0,30,22
2002,40987,1,1,7,21,3,19,2,22,13,11,10,16
2002,50001,1,1,16,16,16,16,16,16,16,16,16,16
2002,50002,1,1,0,0,0,0,0,0,0,0,0,0
2002,50003,1,1,0,0,0,0,0,0,0,0,0,0
2002,50004,1,1,13,13,13,13,13,13,13,13,13,13
2002,50005,1,1,10,0,12,9,0,0,4,0,0,0
2002,50006,0,1,0,0,0,0,0,0,0,0,0,0
2002,50006,1,1,0,0,0,0,0,0,0,0,0,0
2002,50007,1,1,0,0,0,0,0,0,0,0,0,0
2002,50008,1,1,0,0,0,0,0,0,0,0,0,0
2002,50008,2,1,0,0,0,0,0,0,0,0,0,0
2002,50009,1,1,0,0,0,0,0,15,0,0,0,0
2002,50010,1,1,0,0,0,0,0,0,0,0,0,0
2002,50010,2,1,16,16,16,16,16,16,16,16,16,16
2002,50011,1,1,0,0,0,0,0,0,0,0,0,0
2002,50012,0,1,0,0,0,0,0,28,0,0,0,0
2002,50012,1,1,0,0,0,0,0,0,0,0,0,0
2002,50013,1,1,11,11,11,11,11,11,11,11,11,11
2002,50014,1,1,15,15,15,15,15,15,15,15,15,15
2002,50015,1,1,15,0,0,0,0,0,20,0,0,0
2002,50015,2,1,0,0,0,0,0,0,0,0,0,0
2002,50016,1,1,19,19,19,19,19,19,19,19,19,19
2002,50017,1,1,0,0,0,0,0,23,0,8,26,0
2002,50018,0,1,0,20,0,0,21,0,0,28,0,0
2002,50018,1,1,14,14,14,14,14,14,14,14,14,14
2002,50019,1,1,0,0,0,0,0,0,0,0,0,0
2002,50020,1,1,0,0,0,0,0,0,0,0,0,0
2002,50021,1,1,0,0,22,0,0,0,0,0,0,0
2002,50022,1,1,11,11,11,11,11,11,11,11,11,11
2002,50023,1,1,0,0,0,0,0,0,0,19,0,0
2002,50024,1,1,0,0,0,0,0,0,0,0,0,0
2002,50024,2,1,0,0,0,0,0,0,0,0,0,0
2002,50025,1,1,0,0,0,0,0,0,0,0,0,0
2002,50025,2,1,0,0,0,0,0,0,0,0,0,0
2002,50026,1,1,5,5,5,5,5,5,5,5,5,5
2002,50026,2,1,0,0,0,0,0,0,0,0,0,0
2002,50027,1,1,0,0,0,0,0,0,0,0,0,0
2002,50027,2,1,0,0,0,0,0,0,0,0,0,0
2002,50028,1,1,0,0,0,0,0,0,0,0,0,0
2002,50028,2,1,0,0,0,0,0,0,0,0,0,0
2002,50029,1,1,0,0,0,0,0,0,0,0,0,0
2002,50029,2,1,0,0,0,0,0,0,0,0,0,0
2002,50030,1,1,19,19,19,19,19,19,19,19,19,19
2002,50031,1,1,25,25,25,25,25,25,25,25,25,25
2002,50032,1,1,21,21,21,21,21,21,21,21,21,21
2002,50033,1,1,0,0,0,0,0,0,0,0,0,0
2002,50033,2,1,0,0,0,0,0,0,0,0,0,0
2002,50034,1,1,0,0,0,0,0,0,0,0,0,0
2002,50035,1,1,0,0,0,0,5,0,0,0,0,0
2002,50035,2,1,0,0,0,0,0,0,0,0,0,0
2002,50036,1,1,5,5,5,5,5,5,5,5,5,5
2002,50037,1,1,0,0,0,0,0,0,0,0,0,0
2002,50038,1,1,0,0,0,0,0,0,0,0,0,0
2002,50039,1,1,19,19,19,19,19,19,19,19,19,19
2002,50040,0,1,0,0,0,0,0,0,0,0,0,0
2002,50040,1,1,0,0,0,0,0,0,0,0,0,0
2002,50041,1,1,12,12,12,12,12,12,12,12,12,12
2002,50042,1,1,0,0,0,0,0,0,0,0,0,0
2002,50043,1,1,0,0,0,0,0,0,0,0,0,0
2002,50044,1,1,0,0,0,0,0,0,0,0,0,0
2002,50045,1,1,0,0,0,0,0,0,0,0,0,0
2002,50046,1,1,0,0,0,0,0,0,0,0,0,0
2002,50046,2,1,18,18,18,18,18,18,18,18,18,18
2002,50046,3,1,0,0,0,0,0,0,0,0,0,0
2002,50047,0,1,0,0,0,0,0,0,0,0,0,0
2002,50047,1,1,5,5,5,5,5,5,5,5,5,5
2002,50048,1,1,0,0,0,0,0,0,0,0,0,0
2002,50048,2,1,0,0,0,0,0,0,0,0,0,0
2002,50049,1,1,13,13,13,13,13,13,13,13,13,13
2002,50050,1,1,0,0,0,0,0,0,0,0,0,0
2002,50051,1,1,0,0,0,0,0,0,0,0,0,0
2002,50051,2,1,0,0,0,0,0,0,0,0,0,0
2002,50052,1,1,0,0,0,0,0,0,0,0,0,0
2002,50053,1,1,0,0,0,0,0,0,0,0,0,0
2002,50054,1,1,0,0,0,0,0,0,0,0,0,0
2002,50054,2,1,0,0,0,0,0,0,0,0,0,0
2002,50055,1,1,13,13,13,13,13,13,13,13,13,13