YEAR,ST_CASE,veh_no,per_no,P1,P2,P3,P4,P5,P6,P7,P8,P9,P10
2002,50056,1,1,0,0,0,0,0,0,0,0,0,0
2002,50057,1,1,21,21,21,21,21,21,21,21,21,21
2002,50058,1,1,0,0,0,14,0,3,0,0,0,0
2002,50059,1,1,0,0,0,0,0,0,0,0,0,0
2002,50059,2,1,2,2,2,2,2,2,2,2,2,2
2002,50060,1,1,36,36,36,36,36,36,36,36,36,36
2002,50061,1,1,14,14,14,14,14,14,14,14,14,14
2002,50061,2,1,8,8,8,8,8,8,8,8,8,8
2002,50062,1,1,13,13,13,13,13,13,13,13,13,13
2002,50063,1,1,31,15,0,27,14,10,16,28,0,18
2002,50064,1,1,19,19,19,19,19,19,19,19,19,19
2002,50065,1,1,0,0,0,0,0,4,9,0,0,7
2002,50066,1,1,0,0,0,0,0,0,0,0,0,0
2002,50067,1,1,0,0,0,0,0,0,0,0,16,0
2002,50068,1,1,0,0,0,0,0,0,0,0,0,0
2002,50069,1,1,0,0,0,0,0,0,0,0,0,0
2002,50070,1,1,0,0,0,0,0,0,0,0,0,0
2002,50070,2,1,0,0,0,0,0,0,0,0,0,0
2002,50071,1,1,18,18,0,0,0,0,0,0,17,0
2002,50071,2,1,20,20,20,20,20,20,20,20,20,20
2002,50072,1,1,6,6,6,6,6,6,6,6,6,6
2002,50073,1,1,0,0,0,0,0,0,0,0,0,0
2002,50073,2,1,0,0,0,0,0,0,0,0,0,0
2002,50074,1,1,1,1,1,1,1,1,1,1,1,1
2002,50075,1,1,7,7,7,7,7,7,7,7,7,7
2002,50076,0,1,0,13,0,0,0,0,0,0,0,0
2002,50076,1,1,0,0,0,0,0,0,0,0,0,0
2002,50077,1,1,0,0,0,0,0,0,0,0,0,0
2002,50077,2,1,0,0,0,0,0,0,0,0,0,0
2002,50078,1,1,0,0,0,0,0,0,0,0,0,0
2002,50078,2,1,0,0,0,0,0,0,0,0,0,0
2002,50079,1,1,0,0,0,0,0,0,0,0,0,0
2002,50080,1,1,0,0,0,0,0,0,0,0,0,0
2002,50081,1,1,0,0,0,11,22,0,0,0,0,10
2002,50082,1,1,0,0,0,0,0,0,0,0,0,0
2002,50083,1,1,0,0,0,0,0,0,0,0,0,0
2002,50084,1,1,21,21,21,21,21,21,21,21,21,21
2002,50085,1,1,31,31,31,31,31,31,31,31,31,31
2002,50086,1,1,0,0,0,0,0,0,0,0,0,0
2002,50087,1,1,11,11,11,11,11,11,11,11,11,11
2002,50088,1,1,1,1,1,1,1,1,1,1,1,1
2002,50089,1,1,0,0,0,0,0,0,0,0,0,0
2002,50089,2,1,0,0,0,0,0,0,0,0,0,0
2002,50090,1,1,0,0,0,0,0,0,0,0,0,0
2002,50090,2,1,0,0,0,0,0,0,0,0,0,0
2002,50091,1,1,6,6,6,6,6,6,6,6,6,6
2002,50092,1,1,17,13,18,20,12,6,29,12,5,21
2002,50093,1,1,0,0,0,0,0,0,0,21,0,0
2002,50094,1,1,0,0,0,13,0,0,0,0,0,0
2002,50094,2,1,0,0,0,0,0,0,0,0,0,0
2002,50095,1,1,0,0,0,0,0,0,0,0,0,0
2002,50096,1,1,3,3,3,3,3,3,3,3,3,3
2002,50097,1,1,0,0,0,0,0,0,0,0,0,0
2002,50097,2,1,0,0,0,0,0,0,0,0,0,0
2002,50097,3,1,0,0,0,0,0,0,0,0,0,0
2002,50098,1,1,0,0,0,0,0,0,0,0,0,0
2002,50099,1,1,0,0,0,0,0,0,0,0,0,0
2002,50099,2,1,0,0,0,0,0,0,0,0,0,0
2002,50100,1,1,0,0,0,0,0,0,0,0,0,0
2002,50100,2,1,0,0,0,0,0,0,0,0,0,0
2002,50101,1,1,0,0,0,0,0,0,0,0,0,0
2002,50101,2,1,0,0,0,0,0,0,0,0,0,0
2002,50102,1,1,24,24,24,24,24,24,24,24,24,24
2002,50102,2,1,0,0,0,0,0,0,0,0,0,0
2002,50103,1,1,14,14,14,14,14,14,14,14,14,14
2002,50104,1,1,32,32,32,32,32,32,32,32,32,32
2002,50105,1,1,14,0,0,0,0,31,10,0,0,0
2002,50106,1,1,0,0,0,0,27,0,0,0,0,0
2002,50107,1,1,0,0,0,0,0,0,0,0,0,0
2002,50107,2,1,0,0,0,0,0,0,0,0,0,0
2002,50108,1,1,0,0,0,0,0,0,0,40,0,0
2002,50109,1,1,0,0,0,0,0,0,21,0,0,0
2002,50109,2,1,0,0,0,0,0,0,0,0,0,0
2002,50109,3,1,0,0,0,0,0,0,0,0,0,0
2002,50109,4,1,0,0,0,0,0,0,0,0,0,0
2002,50109,5,1,0,0,0,0,0,0,0,0,0,0
2002,50110,1,1,0,0,0,0,0,0,0,0,0,0
2002,50111,0,1,0,0,0,0,0,0,0,0,0,0
2002,50111,1,1,0,0,0,0,0,0,0,0,0,0
2002,50112,1,1,5,5,5,5,5,5,5,5,5,5
2002,50113,0,1,0,0,0,0,0,0,0,0,0,0
2002,50113,1,1,0,0,0,0,0,0,0,0,0,0
2002,50114,1,1,0,0,0,0,0,0,0,0,0,0
2002,50114,2,1,0,0,0,0,0,0,0,0,0,0
2002,50114,3,1,0,0,0,0,0,0,0,0,0,0
2002,50114,4,1,0,0,0,0,0,0,0,0,0,0
2002,50115,1,1,10,10,10,10,10,10,10,10,10,10
2002,50115,2,1,0,0,0,0,0,0,0,0,0,0
2002,50116,1,1,19,19,19,19,19,19,19,19,19,19
2002,50117,1,1,0,0,0,0,0,0,0,0,0,0
2002,50117,2,1,0,0,0,0,0,0,0,0,0,0
2002,50118,1,1,0,0,0,0,0,0,0,0,0,0
2002,50118,2,1,0,0,0,0,0,0,0,0,0,0
2002,50119,1,1,0,0,0,0,0,0,0,0,0,0
2002,50119,2,1,0,0,0,0,0,0,0,0,0,0
2002,50120,1,1,0,0,0,0,0,0,0,0,0,0
2002,50120,2,1,0,0,0,0,0,0,0,0,0,0
2002,50121,0,1,0,0,0,0,0,0,0,0,0,0
2002,50121,1,1,0,0,0,0,0,0,0,0,0,0
2002,50122,1,1,8,8,8,8,8,8,8,8,8,8
2002,50123,1,1,0,0,0,0,0,0,0,0,0,0
2002,50124,1,1,0,30,21,21,0,35,9,9,30,0
2002,50125,1,1,28,0,0,12,0,0,16,29,0,0
2002,50126,1,1,0,0,0,0,0,0,0,0,0,0
2002,50126,2,1,10,0,0,0,0,0,12,0,0,0
2002,50126,3,1,0,0,0,0,0,0,0,0,0,0
2002,50126,4,1,0,0,0,0,0,0,0,0,0,0
2002,50127,1,1,0,0,0,0,0,0,0,0,0,0
2002,50127,2,1,0,0,0,0,0,0,0,0,0,0
2002,50127,3,1,0,0,0,0,0,0,0,12,0,0
2002,50128,0,1,0,0,0,0,0,0,0,0,0,0
2002,50128,1,1,0,0,0,0,0,0,0,0,0,0
2002,50129,1,1,0,0,0,0,0,0,0,0,0,0
2002,50129,2,1,0,0,0,0,0,0,0,0,0,0
2002,50130,1,1,0,0,0,0,0,0,0,0,0,0
2002,50130,2,1,0,0,0,0,0,0,0,0,0,0
2002,50131,1,1,12,12,12,12,12,12,12,12,12,12
2002,50132,1,1,0,0,0,0,0,0,9,0,0,0
2002,50132,2,1,0,0,0,16,0,0,0,0,0,0
2002,50133,1,1,0,0,0,0,0,0,0,0,0,0
2002,50133,2,1,0,0,0,0,0,0,0,0,0,0
2002,50134,1,1,17,17,17,17,17,17,17,17,17,17
2002,50135,1,1,0,0,0,0,0,0,0,0,0,0
2002,50136,1,1,0,0,0,0,0,0,0,0,0,0
2002,50136,2,1,13,13,13,13,13,13,13,13,13,13
2002,50137,1,1,20,20,20,20,20,20,20,20,20,20
2002,50138,1,1,0,0,0,0,0,0,0,0,0,0
2002,50138,2,1,0,0,0,0,0,0,0,0,0,0
2002,50139,1,1,0,0,0,7,0,0,7,0,0,0
2002,50140,1,1,18,18,18,18,18,18,18,18,18,18
2002,50141,0,1,0,0,0,7,12,0,0,17,0,0
2002,50141,1,1,0,0,0,0,0,0,0,0,0,0
2002,50142,1,1,9,9,9,9,9,9,9,9,9,9
2002,50142,2,1,0,0,0,0,0,0,0,0,0,0
2002,50143,1,1,0,0,0,0,0,0,0,0,0,0
2002,50143,2,1,0,0,0,0,0,0,0,0,0,0
2002,50144,1,1,25,25,25,25,25,25,25,25,25,25
2002,50145,1,1,0,0,0,0,0,0,0,0,0,0
2002,50146,1,1,0,0,0,0,0,0,0,0,0,0
2002,50147,1,1,0,0,0,0,0,0,0,0,0,0
2002,50148,1,1,23,23,23,23,23,23,23,23,23,23
2002,50149,1,1,9,9,9,9,9,9,9,9,9,9
2002,50150,1,1,0,0,0,0,0,0,0,0,0,0
2002,50150,2,1,0,0,0,0,0,0,0,7,0,0
2002,50150,3,1,0,0,0,0,0,0,0,0,0,0
2002,50151,1,1,0,0,0,0,0,0,0,0,0,0
2002,50151,2,1,0,0,0,0,0,0,0,0,0,0
2002,50152,1,1,0,0,0,0,0,0,0,0,0,0
2002,50152,2,1,0,0,0,0,0,0,0,0,0,0
2002,50153,1,1,0,0,0,0,0,0,0,0,0,0
2002,50153,2,1,0,0,0,0,0,0,0,0,0,0
2002,50154,1,1,0,0,0,0,0,0,0,0,0,0
2002,50154,2,1,0,0,0,0,0,0,0,0,0,0
2002,50154,3,1,0,0,0,0,0,0,0,0,0,0
2002,50155,1,1,21,21,21,21,21,21,21,21,21,21
2002,50155,2,1,0,0,0,0,0,0,0,0,0,0
2002,50156,1,1,0,0,0,0,0,0,0,0,0,0
2002,50156,2,1,0,0,0,0,0,0,0,0,0,0
2002,50157,1,1,18,0,12,9,15,0,0,0,0,0
2002,50158,0,1,0,0,0,0,0,0,0,0,0,0
2002,50158,1,1,0,0,0,0,0,0,0,0,0,0
2002,50159,0,1,0,0,0,0,0,0,0,0,0,0
2002,50159,1,1,0,0,0,0,0,0,0,0,0,0
2002,50160,1,1,0,0,0,0,0,0,0,14,0,0
2002,50161,1,1,0,0,0,0,0,0,0,0,0,0
2002,50161,2,1,0,0,0,0,0,0,24,27,0,0
2002,50162,1,1,25,25,25,25,25,25,25,25,25,25
2002,50162,2,1,0,0,0,0,0,0,0,0,0,0
2002,50163,1,1,0,0,0,0,0,0,0,0,0,0
2002,50164,1,1,17,17,17,17,17,17,17,17,17,17
2002,50164,2,1,0,0,0,0,0,0,0,0,0,0
2002,50165,1,1,0,0,0,0,0,0,0,0,0,0
2002,50166,1,1,0,0,0,0,0,0,0,0,0,0
2002,50166,2,1,0,0,0,0,0,0,0,0,0,0
2002,50167,1,1,0,0,0,0,0,0,0,0,0,0
2002,50168,1,1,5,0,21,0,11,0,13,0,15,17
2002,50168,2,1,0,0,0,0,0,0,0,0,0,11
2002,50169,1,1,0,0,0,0,0,0,0,0,0,0
2002,50169,2,1,0,0,0,0,0,0,0,0,0,0
2002,50170,1,1,0,0,0,0,0,0,0,0,0,0
2002,50170,2,1,0,0,0,0,0,0,0,0,0,0
2002,50171,1,1,0,0,0,0,0,0,0,0,0,0
2002,50172,1,1,0,0,0,0,0,0,0,0,0,0
2002,50172,2,1,0,0,0,0,0,0,0,0,0,0
2002,50173,1,1,18,0,0,33,18,0,33,0,0,2
2002,50174,1,1,0,0,0,0,0,0,0,0,0,0
2002,50174,2,1,0,0,0,0,0,0,0,0,0,0
2002,50175,1,1,0,0,0,0,0,0,0,0,0,0
2002,50175,2,1,0,0,0,0,0,0,0,0,0,0
2002,50176,0,1,0,0,0,0,0,0,0,0,0,0
2002,50176,1,1,0,0,0,0,0,0,0,0,0,0
2002,50177,1,1,0,0,0,0,0,0,0,0,0,0
2002,50177,2,1,0,0,0,0,0,0,0,0,0,0
2002,50178,1,1,0,0,0,0,0,0,0,0,0,0
2002,50179,1,1,0,0,0,0,0,0,0,0,0,0
2002,50179,2,1,0,0,0,0,0,0,0,0,0,0
2002,50180,1,1,0,0,0,0,0,0,0,0,0,0
2002,50180,2,1,0,0,0,0,0,0,0,0,0,0
2002,50181,1,1,0,0,0,23,23,0,0,0,0,0
2002,50182,1,1,0,0,0,0,0,0,0,0,0,0
2002,50183,1,1,27,27,27,27,27,27,27,27,27,27
2002,50183,2,1,0,0,0,0,0,0,0,0,0,0
2002,50184,1,1,0,0,0,0,0,0,0,0,25,0
2002,50185,1,1,0,0,0,0,0,0,0,0,0,0
2002,50185,2,1,0,0,0,0,0,0,0,0,0,0
2002,50186,0,1,0,0,0,0,0,0,0,0,0,0
2002,50186,1,1,0,0,0,0,0,0,0,0,0,0
2002,50187,1,1,0,0,0,0,0,0,0,0,0,0
2002,50187,2,1,0,0,0,0,0,0,0,0,0,0
2002,50187,3,1,0,0,0,0,0,0,0,0,0,0
2002,50188,1,1,31,0,0,0,18,0,0,0,35,0
2002,50189,1,1,21,0,0,5,0,0,12,0,0,0
2002,50190,1,1,12,0,0,0,9,0,0,0,0,0
2002,50191,1,1,0,0,0,0,0,0,0,0,0,0
2002,50191,2,1,0,0,0,0,0,0,0,0,0,0
2002,50192,1,1,0,0,0,0,0,0,0,0,0,0
2002,50192,2,1,0,0,0,0,0,0,0,0,0,0
2002,50193,1,1,0,0,17,0,0,0,0,0,0,0
2002,50193,2,1,0,0,0,0,0,0,0,0,0,0
2002,50194,1,1,0,0,0,0,0,0,0,0,0,0
2002,50195,1,1,0,0,0,0,0,0,0,0,0,0
2002,50195,2,1,0,0,0,0,0,0,0,0,0,0
2002,50196,1,1,0,15,0,0,0,0,0,0,0,0
2002,50196,2,1,0,0,0,19,0,0,0,0,0,0
2002,50197,1,1,0,0,0,0,0,0,0,0,0,0
2002,50198,1,1,0,0,0,0,22,0,0,0,0,4
2002,50198,2,1,0,0,0,0,0,0,0,0,0,0
2002,50199,1,1,0,0,0,0,0,0,0,0,0,0
2002,50200,1,1,0,0,0,0,0,0,0,0,0,0
2002,50200,2,1,0,0,0,0,0,0,0,0,0,0
2002,50201,1,1,0,0,0,0,0,0,0,0,0,0
2002,50201,2,1,0,0,0,0,0,0,0,0,0,0
2002,50202,1,1,0,0,0,0,0,0,0,0,0,0
2002,50202,2,1,0,0,0,0,0,0,0,0,0,0
2002,50203,1,1,0,0,0,0,0,0,0,0,0,0
2002,50203,2,1,0,0,0,0,0,0,0,0,0,0
2002,50204,1,1,0,0,0,0,0,0,0,0,0,0
2002,50204,2,1,0,0,0,0,0,0,0,0,0,0
2002,50205,0,1,27,27,27,27,27,27,27,27,27,27
2002,50205,1,1,0,0,0,0,0,0,0,0,0,0
2002,50206,1,1,0,0,0,0,0,0,0,0,0,0
2002,50207,1,1,0,0,0,0,0,0,0,0,0,0
2002,50207,2,1,0,0,0,0,0,0,0,0,0,0
2002,50208,1,1,0,0,0,0,0,0,0,0,0,0
2002,50208,2,1,23,23,23,23,23,23,23,23,23,23
2002,50209,1,1,0,0,0,0,0,0,0,0,0,0
2002,50210,1,1,0,0,0,0,0,0,0,0,0,0
2002,50210,2,1,0,0,0,0,0,0,0,0,0,0
2002,50211,0,1,8,23,0,20,0,12,11,37,0,0
2002,50211,1,1,0,0,0,0,0,0,0,0,0,0
2002,50212,1,1,0,0,0,0,0,0,0,0,0,0
2002,50212,2,1,0,0,0,0,0,0,0,0,0,0
2002,50213,0,1,18,18,18,18,18,18,18,18,18,18
2002,50213,1,1,0,0,0,0,0,0,0,0,0,0
2002,50214,1,1,0,0,0,0,0,0,0,0,0,0
2002,50215,1,1,0,0,0,0,0,0,0,0,0,0
2002,50215,2,1,3,3,3,3,3,3,3,3,3,3
2002,50216,1,1,0,0,0,0,0,0,0,0,0,0
2002,50216,2,1,0,0,0,0,0,20,0,0,0,0
2002,50217,1,1,0,0,0,0,0,0,0,0,0,0
2002,50218,1,1,0,0,0,0,0,0,0,0,0,0
2002,50219,1,1,0,0,0,0,0,0,0,0,0,0
2002,50219,2,1,0,9,0,0,0,0,0,0,0,0
2002,50219,3,1,0,0,0,0,0,0,0,0,0,0
2002,50219,4,1,0,0,0,0,0,0,0,0,0,0
2002,50220,1,1,0,0,0,0,0,0,0,0,0,0
2002,50220,2,1,0,0,0,0,0,0,0,0,0,0
2002,50221,1,1,1,1,1,1,1,1,1,1,1,1
2002,50222,0,1,0,0,0,0,0,0,0,0,0,0
2002,50222,1,1,0,0,0,0,0,0,0,0,0,0
2002,50223,1,1,0,0,0,20,0,22,0,0,11,0
2002,50224,1,1,0,0,0,0,0,0,0,0,0,0
2002,50225,1,1,0,0,0,0,0,0,0,0,0,0
2002,50226,1,1,0,0,0,0,0,0,0,0,0,0
2002,50226,2,1,0,0,0,0,0,0,0,0,0,0
2002,50227,1,1,26,0,28,12,24,28,11,21,27,20
2002,50228,1,1,0,0,0,0,0,0,0,0,0,0
2002,50228,2,1,0,0,0,0,0,0,0,0,0,0
2002,50229,1,1,0,0,0,0,0,0,0,0,0,0
2002,50230,1,1,0,0,0,0,0,0,0,0,0,0
2002,50230,2,1,0,0,0,0,0,0,0,0,0,0
2002,50231,0,1,0,0,0,0,0,0,0,0,0,0
2002,50231,1,1,0,0,0,0,0,0,0,0,0,0
2002,50232,1,1,25,25,25,25,25,25,25,25,25,25
2002,50233,1,1,10,10,10,10,10,10,10,10,10,10
2002,50234,1,1,0,0,0,0,0,0,0,0,0,0
2002,50235,1,1,20,20,20,20,20,20,20,20,20,20
2002,50236,1,1,0,0,0,0,0,0,0,0,0,0
2002,50237,1,1,0,0,0,0,0,0,0,0,0,0
2002,50238,1,1,0,0,0,0,0,0,0,0,0,0
2002,50238,2,1,0,0,0,0,0,0,0,0,0,0
2002,50239,1,1,0,0,0,0,0,0,0,0,0,14
2002,50239,2,1,0,0,0,0,0,0,0,0,0,0
2002,50240,1,1,0,0,0,0,0,0,0,0,0,0
2002,50241,1,1,0,0,0,0,0,0,0,0,0,0
2002,50241,2,1,0,0,0,0,0,0,0,0,0,0
2002,50242,1,1,0,0,0,0,0,0,0,0,0,0
2002,50242,2,1,0,0,0,0,0,0,0,0,0,0
2002,50243,1,1,0,0,0,0,0,0,0,0,0,0
2002,50244,1,1,0,7,0,0,3,0,0,0,0,0
2002,50244,2,1,0,0,0,0,0,0,0,0,0,0
2002,50245,1,1,0,0,0,0,0,0,0,0,0,0
2002,50246,1,1,20,20,20,20,20,20,20,20,20,20
2002,50247,1,1,20,0,0,0,27,0,11,21,0,17
2002,50248,1,1,10,10,10,10,10,10,10,10,10,10
2002,50249,1,1,0,0,0,0,0,0,0,0,0,0
2002,50250,1,1,0,0,0,0,0,0,0,0,0,0
2002,50250,2,1,0,0,0,0,0,0,0,0,0,0
2002,50250,3,1,0,0,0,0,0,0,0,0,0,0
2002,50251,0,1,0,0,0,0,0,0,0,0,0,0
2002,50251,1,1,0,0,0,0,0,0,0,0,0,0
2002,50252,1,1,0,0,0,0,0,0,0,0,0,0
2002,50253,1,1,0,0,0,0,0,0,0,0,0,0
2002,50253,2,1,0,0,0,0,0,0,0,0,0,0
2002,50254,1,1,11,11,11,11,11,11,11,11,11,11
2002,50255,1,1,0,0,0,0,0,0,0,0,0,0
2002,50256,1,1,23,23,23,23,23,23,23,23,23,23
2002,50256,2,1,22,22,22,22,22,22,22,22,22,22
2002,50257,1,1,0,0,0,0,0,0,0,0,0,0
2002,50258,1,1,0,0,0,0,0,0,0,0,0,0
2002,50258,2,1,0,0,0,0,0,0,0,0,0,0
2002,50258,3,1,0,0,0,0,0,0,0,0,0,0
2002,50259,1,1,0,0,0,0,0,0,0,0,0,0
2002,50259,2,1,0,0,0,0,0,0,0,0,0,0
2002,50260,1,1,0,0,0,0,0,0,9,0,0,14
2002,50261,1,1,0,0,0,0,0,0,0,21,0,25
2002,50262,1,1,18,18,18,18,18,18,18,18,18,18
2002,50263,1,1,14,16,21,23,0,0,0,0,0,37
2002,50264,0,1,0,0,0,11,0,9,0,28,0,0
2002,50264,1,1,11,11,11,11,11,11,11,11,11,11
2002,50265,1,1,0,0,0,0,0,0,0,0,0,0
2002,50266,1,1,0,0,0,0,0,0,0,0,0,0
2002,50267,1,1,0,0,0,0,0,0,0,0,0,0
2002,50267,2,1,0,0,0,0,0,0,0,0,0,0
2002,50268,1,1,0,0,0,0,0,0,0,0,0,0
2002,50268,2,1,0,0,0,0,0,0,0,0,0,0
2002,50269,1,1,10,10,10,10,10,10,10,10,10,10
2002,50270,0,1,23,23,23,23,23,23,23,23,23,23
2002,50270,1,1,9,9,9,9,9,9,9,9,9,9
2002,50271,1,1,0,0,0,0,0,0,0,0,0,0
2002,50271,2,1,13,13,13,13,13,13,13,13,13,13
2002,50272,1,1,0,0,0,0,0,0,0,0,0,0
2002,50272,2,1,0,0,0,0,0,0,0,0,0,0
2002,50273,1,1,0,17,0,0,0,0,0,0,0,0
2002,50274,1,1,0,0,0,0,0,0,0,0,0,0
2002,50275,1,1,16,16,16,16,16,16,16,16,16,16
2002,50276,1,1,0,0,0,0,0,0,0,0,0,0
2002,50276,2,1,16,16,16,16,16,16,16,16,16,16
2002,50277,1,1,23,23,23,23,23,23,23,23,23,23
2002,50277,2,1,0,0,0,0,0,0,0,0,0,0
2002,50278,1,1,0,0,0,0,0,0,0,0,0,0
2002,50279,1,1,0,0,0,0,0,0,0,0,0,0
2002,50279,2,1,0,0,0,0,0,0,0,0,0,0
2002,50280,0,1,0,0,0,12,0,0,0,21,0,0
2002,50280,0,4,0,0,0,0,14,0,0,0,0,0
2002,50280,1,1,0,0,0,0,0,0,0,0,0,0
2002,50280,2,1,0,0,0,0,0,0,0,0,0,0
2002,50281,1,1,0,0,0,0,0,0,0,0,0,0
2002,50282,1,1,15,15,15,15,15,15,15,15,15,15
2002,50283,1,1,0,0,0,0,0,0,0,0,0,0
2002,50283,2,1,0,0,0,0,0,0,0,0,0,0
2002,50283,3,1,0,0,0,0,0,0,0,0,0,0
2002,50284,1,1,0,0,0,0,0,0,0,0,0,0
2002,50285,1,1,9,9,9,9,9,9,9,9,9,9
2002,50286,1,1,20,20,20,20,20,20,20,20,20,20
2002,50287,1,1,0,0,0,0,0,0,0,0,0,0
2002,50287,2,1,0,0,0,0,0,0,0,0,0,0
2002,50287,3,1,0,0,0,0,0,0,0,0,0,0
2002,50288,1,1,13,13,20,10,12,0,34,0,3,9
2002,50289,1,1,0,0,0,0,0,0,0,0,0,0
2002,50289,2,1,0,0,8,0,0,16,0,0,0,0
2002,50290,1,1,0,0,0,0,0,0,0,0,0,0
2002,50290,2,1,14,14,14,14,14,14,14,14,14,14
2002,50291,0,1,0,0,0,0,0,0,0,0,0,0
2002,50291,1,1,0,0,0,0,0,0,0,0,0,0
2002,50292,0,1,0,0,0,0,0,0,0,0,0,0
2002,50292,1,1,0,0,0,0,0,0,0,0,0,0
2002,50293,1,1,0,0,0,0,0,0,0,0,0,0
2002,50293,2,1,0,0,0,0,0,0,0,0,0,0
2002,50294,1,1,0,0,0,0,0,0,0,0,0,0
2002,50294,2,1,0,0,0,0,0,0,0,0,0,0
2002,50294,3,1,0,0,0,0,0,0,0,0,0,0
2002,50295,1,1,17,17,17,17,17,17,17,17,17,17
2002,50296,1,1,0,0,0,0,0,0,0,0,0,0
2002,50297,1,1,13,20,0,23,0,0,18,0,0,31
2002,50297,2,1,0,0,0,0,0,0,0,0,0,0
2002,50298,1,1,0,0,13,0,0,0,0,0,0,0
2002,50299,1,1,0,0,0,0,0,0,0,0,0,0
2002,50299,2,1,0,0,0,0,0,0,0,0,0,0
2002,50300,1,1,20,20,20,20,20,20,20,20,20,20
2002,50301,1,1,26,26,26,26,26,26,26,26,26,26
2002,50302,1,1,2,2,2,2,2,2,2,2,2,2
2002,50303,1,1,0,0,0,0,0,0,0,0,0,0
2002,50303,2,1,0,0,0,0,0,0,0,0,0,0
2002,50304,1,1,0,0,0,0,0,0,0,0,12,0
2002,50304,2,1,0,0,0,0,0,0,0,0,0,0
2002,50305,1,1,19,19,19,19,19,19,19,19,19,19
2002,50306,1,1,0,0,0,0,0,0,0,0,0,0
2002,50306,2,1,0,0,0,0,0,0,0,0,0,0
2002,50307,1,1,0,0,0,0,0,0,0,0,0,0
2002,50307,2,1,0,0,0,0,0,0,0,0,0,0
2002,50308,0,1,0,0,0,0,0,0,0,0,0,0
2002,50308,1,1,0,0,0,0,0,0,0,0,0,0
2002,50309,1,1,12,12,12,12,12,12,12,12,12,12
2002,50310,1,1,16,16,16,16,16,16,16,16,16,16
2002,50311,1,1,16,16,16,16,16,16,16,16,16,16
2002,50312,1,1,28,28,28,28,28,28,28,28,28,28
2002,50313,1,1,0,0,0,0,0,0,0,0,0,0
2002,50314,1,1,0,0,0,0,0,0,0,0,0,0
2002,50315,1,1,0,0,0,0,0,0,0,0,0,0
2002,50316,1,1,15,0,0,0,0,0,0,0,0,0
2002,50316,2,1,0,0,0,0,0,0,0,0,0,0
2002,50317,1,1,29,15,9,0,11,24,0,18,27,0
2002,50318,1,1,10,10,10,10,10,10,10,10,10,10
2002,50319,1,1,13,13,13,13,13,13,13,13,13,13
2002,50320,1,1,0,0,0,0,0,0,0,0,0,0
2002,50321,1,1,0,0,0,0,0,0,0,0,0,0
2002,50321,2,1,0,0,0,0,0,0,0,0,0,0
2002,50322,1,1,6,6,6,6,6,6,6,6,6,6
2002,50323,1,1,12,6,0,0,0,0,0,0,0,0
2002,50323,2,1,0,0,0,0,0,0,15,0,0,0
2002,50324,1,1,16,16,16,16,16,16,16,16,16,16
2002,50325,1,1,16,16,16,16,16,16,16,16,16,16
2002,50326,1,1,18,18,18,18,18,18,18,18,18,18
2002,50327,1,1,0,0,0,0,0,0,0,0,0,0
2002,50327,2,1,0,0,0,0,0,0,0,0,0,0
2002,50328,1,1,0,0,0,0,0,0,0,0,0,0
2002,50329,1,1,4,0,17,24,0,0,17,0,11,0
2002,50330,1,1,0,0,0,0,0,0,0,0,0,0
2002,50330,2,1,0,0,0,0,0,0,0,0,0,0
2002,50331,1,1,13,13,13,13,13,13,13,13,13,13
2002,50332,0,1,0,0,0,0,0,0,0,0,0,0
2002,50332,1,1,0,0,0,0,0,0,0,0,0,0
2002,50333,1,1,0,0,0,0,0,0,0,0,0,0
2002,50333,2,1,0,0,0,0,0,0,0,0,0,0
2002,50333,3,1,0,0,0,0,0,0,0,0,0,0
2002,50334,1,1,23,23,23,23,23,23,23,23,23,23
2002,50335,1,1,0,0,0,0,0,0,0,0,0,0
2002,50335,2,1,0,0,0,0,0,0,0,0,0,0
2002,50336,1,1,0,0,0,0,0,0,0,0,0,0
2002,50336,2,1,0,0,0,0,0,0,0,0,0,0
2002,50337,1,1,1,1,1,1,1,1,1,1,1,1
2002,50338,1,1,0,0,0,0,0,0,0,15,0,7
2002,50339,1,1,0,0,0,0,0,0,0,0,0,0
2002,50340,1,1,7,7,7,7,7,7,7,7,7,7
2002,50341,1,1,12,12,12,12,12,12,12,12,12,12
2002,50342,1,1,20,20,20,20,20,20,20,20,20,20
2002,50343,1,1,0,0,0,0,0,0,0,0,0,0
2002,50344,1,1,0,0,0,0,0,0,0,0,0,0
2002,50344,2,1,0,0,0,0,0,0,0,0,0,0
2002,50345,1,1,0,0,0,0,0,0,0,14,0,0
2002,50345,2,1,0,0,0,0,0,0,0,0,0,0
2002,50346,1,1,0,0,0,0,0,0,0,0,0,0
2002,50347,1,1,0,0,0,0,0,0,0,0,0,0
2002,50347,2,1,0,0,0,0,0,0,0,0,0,0
2002,50348,1,1,0,0,0,0,0,0,0,0,0,0
2002,50348,2,1,0,0,0,0,0,0,0,0,0,0
2002,50349,1,1,7,7,7,7,7,7,7,7,7,7
2002,50350,1,1,14,14,14,14,14,14,14,14,14,14
2002,50351,1,1,0,0,0,0,0,0,0,0,0,0
2002,50351,2,1,17,17,17,17,17,17,17,17,17,17
2002,50352,1,1,17,17,17,17,17,17,17,17,17,17
2002,50353,0,1,6,6,6,6,6,6,6,6,6,6
2002,50353,1,1,0,0,0,0,0,0,0,0,0,0
2002,50354,1,1,16,30,19,0,18,0,30,21,25,0
2002,50355,1,1,0,0,0,0,0,0,0,0,0,0
2002,50356,1,1,0,0,0,0,0,0,0,0,0,0
2002,50356,2,1,0,0,0,0,0,0,0,0,0,0
2002,50357,1,1,0,0,0,0,0,0,0,0,0,0
2002,50358,1,1,19,18,19,21,29,17,20,20,16,0
2002,50359,1,1,0,0,0,0,0,0,0,0,0,0
2002,50359,2,1,0,0,0,0,0,0,0,0,0,0
2002,50360,1,1,17,0,0,0,0,0,0,14,0,0
2002,50361,1,1,17,16,0,25,0,12,9,14,0,22
2002,50362,0,1,0,0,0,0,0,0,0,0,0,0
2002,50362,0,2,0,0,0,0,0,0,0,21,0,0
2002,50362,0,3,0,0,0,0,0,0,0,0,5,0
2002,50362,1,1,0,0,0,0,0,0,0,0,0,0
2002,50363,1,1,10,10,10,10,10,10,10,10,10,10