YEAR,ST_CASE,veh_no,per_no,P1,P2,P3,P4,P5,P6,P7,P8,P9,P10
2002,50363,2,1,0,0,0,0,0,0,0,0,0,0
2002,50364,1,1,0,0,0,0,0,0,0,14,16,0
2002,50365,1,1,0,0,0,0,0,0,0,0,0,0
2002,50365,2,1,0,0,0,0,0,0,0,0,0,0
2002,50366,1,1,0,0,0,0,0,0,0,0,0,0
2002,50367,1,1,10,10,10,10,10,10,10,10,10,10
2002,50368,1,1,0,0,0,0,0,0,0,0,0,0
2002,50369,1,1,0,0,0,0,0,0,0,0,0,0
2002,50370,1,1,14,14,14,14,14,14,14,14,14,14
2002,50371,1,1,18,18,18,18,18,18,18,18,18,18
2002,50372,1,1,0,0,0,0,0,0,0,0,0,0
2002,50373,1,1,24,24,24,24,24,24,24,24,24,24
2002,50373,2,1,0,0,0,0,0,0,0,0,0,0
2002,50373,3,1,0,0,0,0,0,0,0,0,0,0
2002,50374,1,1,0,0,0,0,0,0,0,0,0,0
2002,50374,2,1,12,12,12,12,12,12,12,12,12,12
2002,50375,1,1,0,0,0,0,0,0,0,0,0,0
2002,50376,1,1,0,0,0,0,0,0,0,0,0,0
2002,50377,1,1,0,0,0,0,0,0,0,0,0,0
2002,50377,2,1,0,0,0,0,0,0,0,0,0,0
2002,50378,1,1,7,21,6,11,7,20,13,24,14,20
2002,50378,2,1,0,0,0,0,0,0,0,0,0,0
2002,50379,1,1,0,0,0,0,0,0,0,0,0,0
2002,50380,1,1,0,19,0,0,0,0,0,0,0,0
2002,50380,2,1,0,0,0,0,0,0,0,0,0,0
2002,50381,1,1,0,0,0,0,13,0,0,0,0,0
2002,50381,2,1,0,0,0,0,0,0,0,0,0,0
2002,50382,1,1,14,14,14,14,14,14,14,14,14,14
2002,50383,1,1,0,0,0,0,0,0,0,0,0,0
2002,50384,1,1,24,24,24,24,24,24,24,24,24,24
2002,50385,1,1,10,10,10,10,10,10,10,10,10,10
2002,50386,1,1,0,0,0,0,0,0,0,0,0,0
2002,50387,1,1,23,19,11,20,17,28,14,30,12,14
2002,50388,1,1,16,0,8,0,0,26,19,13,0,11
2002,50389,1,1,0,0,0,0,0,0,0,0,0,0
2002,50389,2,1,0,0,0,0,0,0,0,0,0,0
2002,50389,3,1,0,0,0,0,0,0,0,0,0,0
2002,50390,1,1,0,0,0,0,0,0,0,0,0,0
2002,50391,1,1,0,0,0,0,0,0,0,0,0,0
2002,50392,1,1,22,22,22,22,22,22,22,22,22,22
2002,50393,1,1,0,0,0,0,0,0,0,0,0,0
2002,50393,2,1,0,0,0,0,0,0,0,0,0,0
2002,50394,1,1,6,6,6,6,6,6,6,6,6,6
2002,50395,1,1,0,0,0,0,0,0,0,0,0,0
2002,50396,1,1,1,1,1,1,1,1,1,1,1,1
2002,50396,2,1,0,0,0,0,0,0,0,0,0,0
2002,50397,1,1,0,0,0,0,0,0,0,0,0,0
2002,50397,2,1,0,0,0,0,0,0,0,0,0,0
2002,50398,1,1,0,0,0,0,0,0,0,0,0,0
2002,50398,2,1,0,0,0,0,0,0,13,0,0,0
2002,50399,1,1,18,18,18,18,18,18,18,18,18,18
2002,50400,1,1,20,20,20,20,20,20,20,20,20,20
2002,50401,1,1,0,0,0,0,0,0,0,0,0,0
2002,50401,2,1,0,0,0,0,0,0,0,0,0,0
2002,50402,1,1,0,0,0,0,0,0,0,0,0,0
2002,50402,2,1,0,0,0,0,0,0,0,0,0,0
2002,50403,1,1,24,24,24,24,24,24,24,24,24,24
2002,50404,1,1,6,6,6,6,6,6,6,6,6,6
2002,50405,1,1,12,17,9,20,8,13,17,11,28,7
2002,50406,1,1,0,0,0,0,0,0,0,0,0,0
2002,50406,2,1,0,0,0,0,0,0,0,0,0,0
2002,50407,1,1,0,0,0,0,0,0,0,0,0,0
2002,50407,2,1,0,0,0,0,0,0,0,0,0,0
2002,50408,1,1,10,0,6,20,0,0,0,22,0,18
2002,50409,1,1,0,0,0,0,0,0,0,0,0,0
2002,50409,2,1,20,20,20,20,20,20,20,20,20,20
2002,50410,1,1,0,0,0,0,0,0,0,0,0,0
2002,50410,2,1,0,0,0,0,0,0,0,0,0,0
2002,50411,1,1,0,0,0,0,0,0,0,0,0,0
2002,50411,2,1,0,0,0,0,0,0,0,0,0,0
2002,50411,3,1,0,0,0,0,0,0,0,0,0,0
2002,50412,1,1,11,11,11,11,11,11,11,11,11,11
2002,50413,1,1,32,32,32,32,32,32,32,32,32,32
2002,50414,1,1,0,0,0,0,0,0,0,0,0,0
2002,50415,1,1,0,0,0,0,0,0,0,0,0,0
2002,50415,2,1,0,0,0,0,0,0,0,0,0,0
2002,50416,1,1,11,11,11,11,11,11,11,11,11,11
2002,50417,1,1,0,0,0,0,7,0,0,0,0,0
2002,50417,2,1,0,11,0,0,0,0,0,0,0,0
2002,50417,3,1,0,0,0,0,0,0,0,0,0,0
2002,50417,4,1,0,0,0,0,0,0,0,0,0,0
2002,50418,1,1,0,11,0,12,0,0,0,0,0,0
2002,50419,0,1,0,0,0,0,0,0,0,0,0,0
2002,50419,0,2,0,0,0,0,0,30,0,0,17,18
2002,50419,1,1,0,0,0,0,0,0,0,0,0,0
2002,50420,1,1,9,9,9,9,9,9,9,9,9,9
2002,50422,1,1,0,0,0,0,0,0,0,0,0,0
2002,50423,1,1,3,3,3,3,3,3,3,3,3,3
2002,50424,0,1,0,0,0,0,0,0,0,0,0,0
2002,50424,1,1,0,0,0,0,0,0,0,0,0,0
2002,50425,1,1,0,0,0,0,0,0,0,0,0,0
2002,50425,2,1,0,0,0,0,0,0,0,0,0,0
2002,50425,3,1,0,0,0,0,0,0,0,0,0,0
2002,50426,1,1,0,0,0,0,0,0,0,0,0,0
2002,50427,1,1,21,21,21,21,21,21,21,21,21,21
2002,50428,1,1,0,0,0,0,0,25,0,0,0,0
2002,50428,2,1,0,0,0,0,0,0,0,0,0,0
2002,50429,1,1,11,11,11,11,11,11,11,11,11,11
2002,50430,1,1,34,34,34,34,34,34,34,34,34,34
2002,50431,1,1,19,19,19,19,19,19,19,19,19,19
2002,50432,1,3,17,28,15,17,8,23,19,27,11,30
2002,50433,1,1,0,4,0,0,0,0,0,0,0,8
2002,50434,1,1,13,13,13,13,13,13,13,13,13,13
2002,50435,1,1,0,0,0,0,0,0,0,0,0,0
2002,50435,2,1,0,0,0,0,0,0,0,0,0,0
2002,50436,1,1,0,0,0,0,0,0,0,0,0,0
2002,50436,2,1,14,14,14,14,14,14,14,14,14,14
2002,50437,1,1,0,0,0,0,0,6,14,0,0,0
2002,50437,2,1,0,0,0,0,9,0,0,0,0,0
2002,50438,1,1,26,26,26,26,26,26,26,26,26,26
2002,50439,1,1,23,23,23,23,23,23,23,23,23,23
2002,50440,1,1,0,31,0,0,0,18,0,0,0,22
2002,50441,1,1,0,0,0,0,0,0,0,0,0,0
2002,50442,0,1,15,0,13,26,0,0,0,0,18,46
2002,50442,1,1,0,0,0,0,0,0,0,0,0,0
2002,50442,2,1,0,0,0,0,0,0,0,0,0,0
2002,50443,1,1,0,0,0,0,13,0,0,0,0,0
2002,50444,1,1,27,23,21,24,0,8,9,2,28,20
2002,50445,1,1,0,0,0,0,0,0,0,0,0,0
2002,50445,2,1,8,8,8,8,8,8,8,8,8,8
2002,50446,1,1,0,0,0,0,0,0,0,0,0,0
2002,50446,2,1,0,0,0,0,0,0,0,0,0,0
2002,50447,1,1,0,0,0,0,0,0,0,0,0,0
2002,50447,2,1,0,0,0,0,0,0,0,0,0,0
2002,50448,1,1,0,3,0,0,13,6,3,11,0,11
2002,50449,1,1,23,23,23,23,23,23,23,23,23,23
2002,50449,2,1,0,0,0,0,0,0,0,0,0,0
2002,50450,1,1,25,25,25,25,25,25,25,25,25,25
2002,50451,1,1,0,0,0,0,0,0,0,0,0,0
2002,50451,2,1,0,0,0,0,0,0,0,0,0,0
2002,50452,1,1,0,13,0,0,0,0,22,0,0,0
2002,50453,1,1,0,0,0,0,0,0,0,0,0,0
2002,50453,2,1,0,28,0,0,0,0,0,0,0,0
2002,50454,1,1,0,0,0,0,0,0,0,0,0,0
2002,50455,1,1,0,0,0,0,0,0,0,0,0,0
2002,50455,2,1,0,0,0,0,0,0,0,0,0,0
2002,50456,1,1,0,0,14,0,0,0,0,0,0,0
2002,50456,2,1,0,0,0,0,0,0,0,0,0,0
2002,50457,1,1,0,0,0,0,0,0,12,0,0,0
2002,50457,2,1,5,0,0,0,0,0,24,0,0,0
2002,50458,1,1,0,0,0,0,0,0,0,0,0,0
2002,50458,2,1,0,0,0,0,0,0,0,0,0,0
2002,50459,0,1,0,0,0,0,0,0,0,0,0,0
2002,50459,1,1,0,0,0,0,0,0,13,0,0,0
2002,50460,1,1,0,0,0,0,0,0,0,0,0,0
2002,50461,1,1,5,5,5,5,5,5,5,5,5,5
2002,50461,2,1,9,9,9,9,9,9,9,9,9,9
2002,50461,3,1,0,0,0,0,0,0,0,0,0,0
2002,50462,1,1,0,0,0,0,0,0,0,0,0,0
2002,50462,2,1,0,0,0,14,0,0,0,0,0,9
2002,50463,0,1,23,23,23,23,23,23,23,23,23,23
2002,50463,1,1,7,7,7,7,7,7,7,7,7,7
2002,50463,2,1,0,0,0,0,0,0,0,0,0,0
2002,50464,1,1,11,11,11,11,11,11,11,11,11,11
2002,50464,2,1,0,0,0,0,0,0,0,0,0,0
2002,50465,1,1,0,0,0,0,0,0,0,0,0,0
2002,50466,1,1,0,4,9,0,0,0,0,0,0,0
2002,50466,2,1,0,0,0,0,0,0,0,0,0,0
2002,50467,1,1,0,0,0,0,0,0,4,0,0,0
2002,50467,2,1,0,0,0,0,0,0,0,0,0,0
2002,50468,1,1,0,0,0,0,0,19,0,0,0,0
2002,50468,2,1,0,0,0,0,0,0,0,0,0,0
2002,50469,1,1,0,0,0,0,0,0,0,0,0,0
2002,50470,1,1,20,20,20,20,20,20,20,20,20,20
2002,50471,0,1,21,21,21,21,21,21,21,21,21,21
2002,50471,1,1,0,0,0,0,0,0,0,0,0,0
2002,50472,1,1,0,4,0,0,7,0,0,0,0,0
2002,50472,2,1,0,0,0,0,0,0,0,0,0,0
2002,50473,0,1,0,0,0,0,0,0,0,0,0,0
2002,50473,0,2,18,19,36,12,0,0,0,22,40,0
2002,50473,0,3,0,0,0,0,0,16,22,0,0,31
2002,50473,2,1,0,0,0,0,0,0,0,0,0,0
2002,50474,1,1,0,0,0,0,0,0,0,0,0,0
2002,50475,1,1,11,11,11,11,11,11,11,11,11,11
2002,50476,0,1,0,0,0,0,0,0,0,0,0,0
2002,50476,1,1,0,0,0,0,0,0,0,0,0,0
2002,50476,2,1,0,0,0,0,0,0,0,0,0,0
2002,50476,3,1,0,0,0,0,0,0,0,0,0,0
2002,50477,1,1,0,0,0,0,0,0,0,0,0,0
2002,50477,2,1,0,0,0,0,0,0,0,0,0,9
2002,50478,1,1,12,12,12,12,12,12,12,12,12,12
2002,50479,1,1,0,0,0,0,0,0,0,0,0,0
2002,50479,2,1,12,12,12,12,12,12,12,12,12,12
2002,50480,1,1,3,3,3,3,3,3,3,3,3,3
2002,50480,2,1,0,0,0,0,0,0,0,0,0,0
2002,50481,1,1,0,0,0,0,0,0,0,0,0,0
2002,50481,2,1,0,0,0,0,0,0,0,0,0,0
2002,50482,1,1,0,0,0,0,0,0,0,0,0,0
2002,50483,0,1,19,19,19,19,19,19,19,19,19,19
2002,50483,1,1,0,0,0,0,0,0,0,0,0,0
2002,50484,1,1,19,19,19,19,19,19,19,19,19,19
2002,50485,1,1,0,0,0,0,0,0,0,0,0,0
2002,50485,2,1,0,0,0,0,0,0,0,0,0,0
2002,50486,1,1,0,0,14,0,0,0,24,24,0,24
2002,50487,1,1,0,0,0,0,0,0,0,0,0,0
2002,50488,1,1,0,0,0,0,0,0,0,0,0,0
2002,50489,1,1,0,0,0,0,0,0,0,0,0,0
2002,50489,2,1,0,0,0,0,0,0,0,0,0,0
2002,50490,1,1,0,0,0,0,0,0,0,0,0,0
2002,50490,2,1,0,0,0,0,0,0,0,0,0,0
2002,50491,1,1,0,0,0,0,0,0,0,0,0,0
2002,50492,1,1,12,0,0,0,0,0,0,0,0,0
2002,50493,1,1,33,28,0,19,4,22,23,28,33,22
2002,50494,1,1,0,0,0,0,0,0,0,0,0,0
2002,50494,2,1,0,0,0,0,0,0,0,0,0,0
2002,50495,1,1,0,0,0,0,0,0,0,0,0,0
2002,50495,2,1,0,0,0,0,0,0,0,0,0,0
2002,50496,1,1,0,0,0,0,0,0,0,0,0,0
2002,50496,2,1,19,19,19,19,19,19,19,19,19,19
2002,50497,1,1,0,0,0,0,0,0,0,0,0,0
2002,50497,2,1,0,0,0,0,0,0,0,0,0,0
2002,50498,1,1,17,22,16,34,35,15,9,15,14,6
2002,50499,1,1,0,0,0,0,0,0,0,0,0,0
2002,50500,1,1,33,33,33,33,33,33,33,33,33,33
2002,50501,1,1,0,0,0,0,0,16,0,0,0,0
2002,50501,2,1,0,0,0,0,0,0,0,0,0,0
2002,50502,1,1,23,0,27,17,23,30,0,19,37,14
2002,50503,1,1,0,0,0,0,0,0,0,0,0,0
2002,50503,2,1,0,0,0,0,0,0,0,0,0,0
2002,50504,1,1,0,0,0,0,0,0,0,0,0,0
2002,50504,2,1,0,0,0,0,0,0,0,0,0,0
2002,50505,1,1,0,0,0,0,0,0,0,0,0,0
2002,50506,1,1,0,0,0,0,0,0,0,0,0,0
2002,50507,1,1,16,16,16,16,16,16,16,16,16,16
2002,50508,1,1,0,0,0,0,0,0,0,0,0,0
2002,50508,2,1,0,0,0,0,0,0,0,0,0,0
2002,50509,1,1,0,0,0,0,0,0,0,0,0,0
2002,50510,1,1,8,0,0,7,0,9,0,4,20,13
2002,50510,2,1,0,0,0,0,0,0,0,0,0,0
2002,50511,1,1,0,0,0,0,0,0,0,0,0,0
2002,50512,1,1,0,0,0,0,0,0,0,0,0,0
2002,50513,1,1,0,0,0,0,0,0,0,0,0,0
2002,50513,2,1,0,0,0,0,0,0,0,0,0,0
2002,50513,3,1,0,0,0,0,0,0,0,0,0,0
2002,50514,1,1,21,21,21,21,21,21,21,21,21,21
2002,50515,1,1,0,0,0,0,0,0,0,0,0,0
2002,50515,2,1,0,0,0,0,0,0,0,0,0,0
2002,50516,1,1,0,0,0,0,0,0,0,0,0,0
2002,50516,2,1,0,0,0,0,0,0,0,0,0,0
2002,50516,3,1,0,0,0,0,0,0,0,0,0,0
2002,50517,0,1,18,18,18,18,18,18,18,18,18,18
2002,50517,1,1,0,0,0,0,0,0,0,0,0,0
2002,50517,2,1,0,0,0,0,0,0,0,0,0,0
2002,50518,1,1,0,0,0,0,0,0,0,0,0,0
2002,50518,2,1,0,0,0,0,0,0,0,0,0,0
2002,50519,1,1,0,0,0,0,10,0,0,0,0,0
2002,50519,2,1,0,0,0,0,0,0,0,0,0,0
2002,50520,1,1,0,0,0,0,0,4,0,0,0,0
2002,50520,2,1,0,0,0,0,0,0,0,0,0,0
2002,50521,1,1,0,0,0,8,0,0,0,0,0,0
2002,50522,1,1,28,28,28,28,28,28,28,28,28,28
2002,50523,1,1,0,0,0,0,0,0,0,0,0,0
2002,50523,2,1,0,11,0,0,0,0,0,0,0,0
2002,50523,3,1,0,0,0,0,4,0,0,0,0,0
2002,50524,1,1,0,0,0,0,0,0,0,0,0,0
2002,50525,1,1,0,0,0,0,0,0,0,0,0,0
2002,50525,2,1,0,12,0,0,28,0,0,19,0,0
2002,50526,1,1,0,0,0,0,0,0,0,0,0,0
2002,50526,2,1,0,0,0,0,0,0,0,0,0,0
2002,50527,1,1,0,0,0,0,0,0,0,0,0,0
2002,50527,2,1,0,0,0,0,0,0,0,0,0,0
2002,50528,1,1,0,0,0,0,0,0,0,0,0,0
2002,50529,1,1,25,25,25,25,25,25,25,25,25,25
2002,50530,1,1,0,0,0,0,0,0,0,0,0,0
2002,50530,2,1,0,0,0,0,0,0,0,0,0,0
2002,50531,0,1,4,4,4,4,4,4,4,4,4,4
2002,50531,1,1,0,0,0,0,0,0,0,0,0,0
2002,50532,1,1,0,0,0,0,0,0,0,0,0,0
2002,50533,1,1,0,0,0,0,0,0,0,0,0,0
2002,50533,2,1,0,0,0,0,0,0,0,0,0,0
2002,50534,1,1,0,0,0,0,6,0,0,0,13,0
2002,50535,1,1,25,25,25,25,25,25,25,25,25,25
2002,50536,1,1,31,16,0,0,18,22,0,0,0,14
2002,50536,2,1,0,0,0,0,0,0,0,0,0,0
2002,50536,3,1,0,0,0,0,0,0,0,0,0,0
2002,50537,1,1,0,19,14,17,14,29,16,30,0,24
2002,50538,1,1,0,0,0,0,0,0,0,0,0,0
2002,50538,2,1,0,0,0,0,0,0,0,0,0,0
2002,50539,1,1,1,1,1,1,1,1,1,1,1,1
2002,50540,1,1,0,0,0,0,0,0,0,0,0,0
2002,50540,2,1,0,0,0,0,7,0,0,7,0,0
2002,50541,1,1,16,16,16,16,16,16,16,16,16,16
2002,50542,1,1,0,0,0,0,0,0,0,0,0,0
2002,50542,2,1,0,0,0,0,0,0,0,0,0,0
2002,50543,1,1,0,0,0,0,0,0,0,0,0,0
2002,50543,2,1,0,0,0,0,0,0,0,0,0,0
2002,50544,1,1,23,23,23,23,23,23,23,23,23,23
2002,50544,2,1,0,0,0,0,0,0,0,0,0,0
2002,50545,1,1,13,20,0,15,16,0,30,14,4,18
2002,50545,2,1,0,0,0,0,0,0,0,0,0,0
2002,50546,1,1,30,30,30,30,30,30,30,30,30,30
2002,50547,1,1,0,0,0,0,0,0,0,0,0,0
2002,50548,1,1,28,28,28,28,28,28,28,28,28,28
2002,50549,1,1,24,24,24,24,24,24,24,24,24,24
2002,50550,0,1,2,2,2,2,2,2,2,2,2,2
2002,50550,1,1,23,23,23,23,23,23,23,23,23,23
2002,50551,1,1,0,0,0,0,0,0,0,0,0,0
2002,50551,2,1,34,34,34,34,34,34,34,34,34,34
2002,50552,1,1,0,0,0,0,0,0,9,0,0,0
2002,50553,1,1,8,8,8,8,8,8,8,8,8,8
2002,50553,2,1,0,0,0,0,0,0,0,0,0,0
2002,50554,1,1,0,0,0,0,0,0,0,0,0,0
2002,50555,1,1,0,0,0,0,0,0,0,0,0,0
2002,50555,2,1,0,0,0,0,0,0,0,0,0,0
2002,50556,0,1,3,3,3,3,3,3,3,3,3,3
2002,50556,1,1,0,0,0,0,0,0,0,0,0,0
2002,50557,0,1,29,29,29,29,29,29,29,29,29,29
2002,50557,1,1,0,0,0,0,0,0,0,0,0,0
2002,80001,1,1,0,19,0,0,0,0,0,0,0,0
2002,80002,1,1,15,15,15,15,15,15,15,15,15,15
2002,80003,1,1,23,23,23,23,23,23,23,23,23,23
2002,80004,1,1,0,0,0,0,0,0,0,0,0,0
2002,80004,2,1,0,0,0,0,0,0,0,0,0,0
2002,80005,1,1,0,0,0,0,0,0,0,0,0,0
2002,80005,2,1,0,0,0,0,0,0,0,0,0,0
2002,80006,1,1,26,26,26,26,26,26,26,26,26,26
2002,80006,2,1,0,0,0,0,0,0,0,0,0,0
2002,80007,1,1,0,0,0,0,0,0,0,0,0,0
2002,80008,1,1,0,0,0,0,0,0,0,0,0,0
2002,80009,1,1,6,6,6,6,6,6,6,6,6,6
2002,80009,2,1,0,0,0,0,0,0,0,0,0,0
2002,80009,3,1,0,0,0,0,0,0,0,0,12,0
2002,80010,1,1,13,13,13,13,13,13,13,13,13,13
2002,80011,1,1,0,0,0,0,0,0,0,0,0,0
2002,80012,1,1,10,10,10,10,10,10,10,10,10,10
2002,80013,1,1,20,20,20,20,20,20,20,20,20,20
2002,80013,2,1,0,0,0,0,0,0,0,0,0,0
2002,80014,1,1,23,23,23,23,23,23,23,23,23,23
2002,80015,1,1,0,0,0,0,0,0,0,0,0,0
2002,80015,2,1,0,0,0,0,0,0,0,0,0,0
2002,80016,1,1,36,36,36,36,36,36,36,36,36,36
2002,80017,1,1,0,0,0,0,0,0,0,0,0,0
2002,80018,1,1,0,0,0,0,0,0,0,0,0,0
2002,80018,2,1,0,0,0,0,0,0,0,0,0,0
2002,80019,1,1,27,27,27,27,27,27,27,27,27,27
2002,80020,1,1,10,10,10,10,10,10,10,10,10,10
2002,80020,2,1,0,0,0,0,0,0,0,0,0,0
2002,80021,1,1,0,0,0,0,0,0,0,0,0,0
2002,80022,1,1,20,20,20,20,20,20,20,20,20,20
2002,80023,1,1,0,0,0,0,0,0,0,19,0,0
2002,80024,0,1,29,29,29,29,29,29,29,29,29,29
2002,80024,1,1,0,0,0,0,0,0,16,0,0,0
2002,80025,1,1,0,0,0,0,0,0,0,0,0,0
2002,80026,1,1,0,0,0,0,0,0,0,0,0,0
2002,80026,2,1,0,0,0,0,0,0,0,0,0,0
2002,80027,0,1,0,10,0,0,0,0,0,21,0,0
2002,80027,1,1,0,0,0,0,0,0,0,0,0,0
2002,80028,1,1,15,15,15,15,15,15,15,15,15,15
2002,80029,1,1,0,0,0,0,0,0,0,0,0,0
2002,80030,0,1,0,0,0,0,0,0,0,0,0,0
2002,80030,1,1,0,0,0,0,0,0,0,0,0,0
2002,80031,1,1,16,16,16,16,16,16,16,16,16,16
2002,80031,2,1,0,0,0,0,0,0,0,0,0,0
2002,80032,1,1,0,0,0,0,0,0,0,0,0,0
2002,80033,1,1,0,0,12,0,0,0,0,0,0,0
2002,80033,2,1,0,0,0,0,0,0,0,0,0,0
2002,80034,1,1,0,0,0,0,0,0,0,0,0,0
2002,80035,1,1,0,0,0,0,0,0,0,0,0,0
2002,80036,0,1,0,0,0,0,0,0,0,0,0,0
2002,80036,1,1,0,0,0,0,0,0,0,0,0,0
2002,80037,1,1,0,0,0,0,0,0,0,0,0,0
2002,80037,2,1,0,0,0,0,0,0,0,0,0,0
2002,80038,1,1,17,17,17,17,17,17,17,17,17,17
2002,80039,1,1,0,0,0,0,0,0,0,0,0,0
2002,80040,1,1,6,6,6,6,6,6,6,6,6,6
2002,80041,1,1,7,7,7,7,7,7,7,7,7,7
2002,80042,1,1,0,0,0,0,0,0,0,0,0,0
2002,80043,1,1,0,0,0,0,0,0,0,0,0,0
2002,80044,1,1,0,0,0,0,0,0,0,0,0,0
2002,80045,1,1,27,27,27,27,27,27,27,27,27,27
2002,80046,1,1,0,0,0,0,0,0,0,0,0,0
2002,80046,2,1,0,0,0,0,0,0,0,0,0,0
2002,80046,3,1,0,0,0,0,0,0,0,0,0,0
2002,80046,4,1,0,0,0,0,0,0,0,0,0,0
2002,80047,1,1,0,0,0,0,0,0,0,0,0,0
2002,80048,1,1,0,0,0,0,0,0,0,0,0,0
2002,80048,2,1,14,0,0,0,0,0,0,0,0,0
2002,80049,1,1,13,31,13,28,33,8,27,4,15,26
2002,80049,2,1,0,0,0,0,0,0,0,0,0,0
2002,80050,0,1,0,0,0,0,0,0,0,0,0,0
2002,80050,1,1,0,0,0,0,0,0,0,0,0,0
2002,80051,1,1,0,0,0,0,0,0,0,0,0,0
2002,80051,2,1,0,0,0,0,0,0,0,0,0,0
2002,80052,0,1,30,27,12,11,32,18,23,14,15,35
2002,80052,1,1,0,0,0,0,0,0,0,0,0,0
2002,80053,1,1,0,0,0,0,0,0,0,0,0,0
2002,80053,2,1,0,0,0,0,0,6,0,0,0,0
2002,80054,0,1,0,0,0,0,0,0,0,0,0,0
2002,80054,1,1,0,0,0,0,0,0,0,0,0,0
2002,80055,1,1,0,0,0,0,0,0,0,0,0,0
2002,80056,1,1,0,0,0,0,0,0,0,0,0,0
2002,80056,2,1,0,0,0,0,0,0,0,0,0,0
2002,80057,0,1,31,31,31,31,31,31,31,31,31,31
2002,80057,1,1,0,0,0,0,0,0,0,0,0,0
2002,80058,1,1,0,0,0,0,0,0,0,0,0,0
2002,80059,1,1,0,0,0,0,0,0,0,0,0,0
2002,80059,2,1,0,0,0,0,0,0,0,0,0,0
2002,80060,1,1,18,18,18,18,18,18,18,18,18,18
2002,80060,2,1,0,0,0,0,0,0,0,0,0,0
2002,80061,1,1,0,0,0,0,0,0,0,0,0,0
2002,80062,1,1,0,0,0,0,0,0,0,0,0,0
2002,80062,2,1,0,0,0,0,0,0,0,0,0,0
2002,80063,1,1,0,0,0,0,0,0,0,0,0,0
2002,80064,1,1,12,12,12,12,12,12,12,12,12,12
2002,80065,0,1,35,35,35,35,35,35,35,35,35,35
2002,80065,1,1,0,0,0,0,0,0,0,0,0,0
2002,80066,1,1,21,21,21,21,21,21,21,21,21,21
2002,80066,2,1,0,0,0,0,0,0,0,0,0,0
2002,80067,0,1,0,0,0,0,0,0,0,0,0,0
2002,80067,1,1,0,0,0,0,0,0,0,0,0,0
2002,80068,1,1,0,0,0,0,0,0,0,0,0,0
2002,80069,1,1,16,16,16,16,16,16,16,16,16,16
2002,80070,0,1,21,21,21,21,21,21,21,21,21,21
2002,80070,1,1,0,0,0,0,0,0,0,0,0,0
2002,80071,1,1,19,19,19,19,19,19,19,19,19,19
2002,80071,2,1,0,0,0,0,0,0,0,0,0,0
2002,80072,1,1,10,10,10,10,10,10,10,10,10,10
2002,80073,1,1,15,15,15,15,15,15,15,15,15,15
2002,80073,2,1,0,0,0,0,0,0,0,0,0,0
2002,80074,0,1,0,0,0,0,0,0,0,0,0,0
2002,80074,1,1,0,0,0,0,0,0,0,0,0,0
2002,80075,1,1,26,26,26,26,26,26,26,26,26,26
2002,80076,1,1,0,0,0,0,0,0,0,0,0,0
2002,80077,0,1,0,0,0,0,0,0,0,0,0,0
2002,80077,1,1,0,0,0,0,0,0,0,0,0,0
2002,80078,1,1,20,20,20,20,20,20,20,20,20,20
2002,80078,2,1,12,14,6,24,0,11,5,15,11,30
2002,80078,3,1,7,7,7,7,7,7,7,7,7,7
2002,80079,1,1,17,17,17,17,17,17,17,17,17,17
2002,80080,1,1,0,0,0,0,0,0,0,0,0,0
2002,80081,1,1,0,0,0,0,0,0,0,0,0,0
2002,80082,1,1,6,6,6,6,6,6,6,6,6,6
2002,80083,1,1,0,0,0,0,0,0,0,0,0,0
2002,80083,2,1,0,0,0,0,0,0,0,0,0,0
2002,80084,1,1,20,15,10,8,9,14,10,6,12,8
2002,80084,2,1,0,28,0,0,0,0,0,0,0,0
2002,80085,1,1,13,0,0,0,0,0,5,0,0,0
2002,80085,2,1,0,0,0,0,0,0,0,0,0,0
2002,80086,1,1,0,0,0,0,0,0,0,0,0,0
2002,80086,2,1,0,0,0,0,0,0,0,0,15,0
2002,80086,3,1,0,0,0,0,0,0,0,0,0,0
2002,80087,1,1,16,16,16,16,16,16,16,16,16,16
2002,80088,1,1,2,2,2,2,2,2,2,2,2,2
2002,80088,2,1,0,0,0,0,0,0,0,0,0,0
2002,80089,1,1,0,0,0,0,0,0,0,0,0,0
2002,80089,2,1,0,0,0,0,0,0,0,0,0,0
2002,80090,1,1,0,0,0,0,0,0,0,0,0,0
2002,80091,1,1,0,0,0,0,0,0,0,0,0,0
2002,80092,1,1,22,22,22,22,22,22,22,22,22,22
2002,80092,2,1,0,0,0,0,0,0,0,0,0,0
2002,80092,3,1,0,0,0,0,0,0,0,0,0,0
2002,80093,1,1,24,24,24,24,24,24,24,24,24,24
2002,80094,1,1,0,0,0,0,0,0,0,0,0,0
2002,80095,1,1,0,0,0,0,0,0,0,16,0,0
2002,80096,1,1,0,0,0,0,0,0,0,0,0,0
2002,80097,1,1,0,0,0,0,0,0,0,0,0,0
2002,80098,1,1,13,13,13,13,13,13,13,13,13,13
2002,80099,1,1,0,0,0,0,0,0,0,0,0,0
2002,80099,2,1,0,0,0,0,0,0,0,0,0,0
2002,80100,1,1,0,0,13,0,0,0,0,0,0,0
2002,80100,2,1,0,0,0,0,0,0,0,0,0,0
2002,80101,1,1,0,0,0,0,0,0,0,0,0,0
2002,80101,2,1,0,0,0,0,0,0,0,0,0,0
2002,80102,1,1,0,0,0,0,0,0,0,0,0,0
2002,80102,2,1,0,0,0,0,0,0,0,0,0,0
2002,80103,1,1,0,0,0,0,0,0,0,0,0,0
2002,80103,2,1,0,0,0,0,0,0,0,0,0,0
2002,80104,1,1,0,0,0,0,0,0,0,0,0,0
2002,80104,2,1,0,0,0,0,0,0,0,0,0,0
2002,80105,1,1,26,26,26,26,26,26,26,26,26,26
2002,80105,2,1,0,0,0,0,0,0,0,0,0,0
2002,80106,1,1,21,21,21,21,21,21,21,21,21,21