YEAR,ST_CASE,veh_no,per_no,P1,P2,P3,P4,P5,P6,P7,P8,P9,P10
2002,80107,1,1,0,0,0,0,0,0,0,0,0,0
2002,80108,1,1,0,0,0,0,0,0,0,0,0,0
2002,80108,2,1,0,0,0,0,0,0,0,0,0,0
2002,80109,1,1,15,15,15,15,15,15,15,15,15,15
2002,80110,1,1,0,0,0,0,0,0,0,0,0,0
2002,80110,2,1,0,0,0,0,0,0,0,0,0,0
2002,80111,1,1,0,0,0,0,0,0,0,0,0,0
2002,80112,1,1,0,0,0,0,0,0,0,0,0,0
2002,80112,2,1,0,18,0,15,0,0,0,0,0,0
2002,80113,1,1,0,0,0,0,0,0,0,0,0,0
2002,80113,2,1,0,0,0,0,0,0,0,0,0,0
2002,80114,1,1,0,0,0,0,0,0,0,0,0,0
2002,80114,2,1,0,14,0,0,0,15,0,0,0,0
2002,80115,1,1,10,0,9,0,0,0,9,0,0,0
2002,80116,1,1,31,31,31,31,31,31,31,31,31,31
2002,80117,1,1,7,0,0,16,0,11,0,0,0,7
2002,80117,2,1,0,0,0,0,0,0,0,0,0,0
2002,80117,3,1,0,0,0,0,0,0,0,0,0,0
2002,80117,4,1,0,0,0,0,0,0,0,0,0,0
2002,80117,5,1,0,0,0,0,0,0,0,0,0,0
2002,80117,6,1,0,0,0,0,0,0,0,0,0,0
2002,80117,7,1,0,0,0,0,0,0,0,0,0,0
2002,80117,8,1,0,0,0,0,0,0,0,0,0,0
2002,80117,9,1,0,0,0,0,0,0,0,0,0,0
2002,80117,10,1,0,0,0,0,0,0,0,0,0,0
2002,80117,11,1,0,0,0,0,0,0,0,0,0,0
2002,80117,12,1,0,0,0,0,0,0,0,0,0,0
2002,80117,13,1,0,0,0,0,0,0,0,0,0,0
2002,80117,14,1,0,0,0,0,0,0,0,0,0,0
2002,80117,15,1,0,0,0,0,0,0,0,0,0,0
2002,80117,16,1,0,0,0,0,0,0,0,0,0,0
2002,80117,17,1,0,0,0,0,0,0,0,0,0,0
2002,80117,18,1,0,0,0,0,0,0,0,0,0,0
2002,80117,19,1,0,0,0,0,0,0,0,0,0,0
2002,80118,1,1,0,0,0,0,0,0,0,0,0,0
2002,80118,2,1,8,9,12,18,0,6,0,8,0,0
2002,80119,1,1,0,0,0,0,0,0,0,0,0,0
2002,80119,2,1,0,0,0,0,0,0,0,0,0,0
2002,80120,1,1,9,9,9,9,9,9,9,9,9,9
2002,80120,2,1,9,9,9,9,9,9,9,9,9,9
2002,80121,1,1,13,13,13,13,13,13,13,13,13,13
2002,80122,1,1,19,19,19,19,19,19,19,19,19,19
2002,80123,1,1,0,0,0,0,0,0,0,0,0,0
2002,80124,1,1,0,0,0,0,0,0,0,0,0,0
2002,80125,1,1,0,0,0,0,0,5,0,0,4,0
2002,80125,2,1,0,0,0,0,0,0,0,0,0,0
2002,80126,1,1,0,0,0,0,0,0,0,0,0,0
2002,80127,1,1,0,0,0,0,0,0,0,0,0,0
2002,80128,1,1,0,0,0,0,0,0,0,0,0,0
2002,80129,1,1,0,0,0,0,0,0,0,0,0,0
2002,80130,1,1,14,14,14,14,14,14,14,14,14,14
2002,80131,1,1,0,0,0,15,0,0,0,0,9,0
2002,80131,2,1,18,0,12,0,0,0,0,0,0,0
2002,80132,1,1,0,0,0,0,0,0,0,0,0,0
2002,80132,2,1,0,0,0,0,0,0,0,0,0,0
2002,80133,1,1,0,0,0,0,0,0,0,0,0,0
2002,80133,2,1,0,0,0,0,0,0,0,0,0,0
2002,80134,1,1,18,18,18,18,18,18,18,18,18,18
2002,80135,1,1,13,13,13,13,13,13,13,13,13,13
2002,80136,1,1,20,20,20,20,20,20,20,20,20,20
2002,80137,0,1,0,0,0,0,0,0,0,0,0,0
2002,80137,1,1,0,0,0,0,0,0,0,0,0,0
2002,80138,1,1,24,24,24,24,24,24,24,24,24,24
2002,80139,0,1,0,0,0,0,0,0,0,0,0,0
2002,80139,1,1,0,0,0,0,0,0,0,9,13,0
2002,80140,1,1,11,11,11,11,11,11,11,11,11,11
2002,80141,1,1,0,0,0,0,0,0,0,0,0,0
2002,80142,1,1,17,17,17,17,17,17,17,17,17,17
2002,80142,2,1,13,0,0,0,22,0,16,0,0,0
2002,80143,1,1,6,6,6,6,6,6,6,6,6,6
2002,80144,1,1,22,22,22,22,22,22,22,22,22,22
2002,80144,2,1,19,19,19,19,19,19,19,19,19,19
2002,80145,0,1,1,1,1,1,1,1,1,1,1,1
2002,80145,1,1,22,0,0,0,0,0,25,0,0,14
2002,80146,1,1,0,0,0,0,0,0,0,0,0,0
2002,80147,1,1,0,0,0,0,0,0,0,0,0,0
2002,80148,1,1,12,12,12,12,12,12,12,12,12,12
2002,80148,2,1,0,0,0,0,0,0,0,0,0,0
2002,80149,1,1,0,0,0,0,0,0,0,0,0,0
2002,80150,0,1,0,0,0,0,0,0,0,0,0,0
2002,80150,1,1,0,0,0,0,0,0,0,0,0,0
2002,80151,1,1,0,0,0,0,0,0,0,0,0,0
2002,80152,1,1,18,18,18,18,18,18,18,18,18,18
2002,80152,2,1,0,0,0,0,0,0,0,0,0,0
2002,80153,1,1,18,35,27,13,18,5,6,13,12,23
2002,80154,1,1,21,21,21,21,21,21,21,21,21,21
2002,80155,0,1,7,7,7,7,7,7,7,7,7,7
2002,80155,1,1,0,0,0,0,0,0,0,0,0,0
2002,80156,1,1,0,0,0,0,0,0,0,0,0,0
2002,80156,2,1,0,0,0,0,0,0,0,0,0,0
2002,80157,1,1,0,0,0,0,0,0,0,0,0,0
2002,80158,1,1,21,21,21,21,21,21,21,21,21,21
2002,80159,1,1,0,0,0,0,0,0,0,0,0,0
2002,80160,1,1,12,12,12,12,12,12,12,12,12,12
2002,80161,1,1,0,0,0,0,0,0,0,0,0,0
2002,80161,2,1,0,0,0,0,0,0,0,0,0,0
2002,80162,1,1,15,15,15,15,15,15,15,15,15,15
2002,80163,1,1,5,24,11,24,12,9,18,28,33,14
2002,80164,1,1,0,0,0,0,0,0,0,0,0,0
2002,80165,1,1,0,0,0,0,0,0,0,0,0,0
2002,80166,1,1,0,0,0,0,0,0,0,0,0,0
2002,80167,1,1,0,0,0,0,0,0,0,0,0,0
2002,80167,2,1,0,0,0,0,0,0,0,0,0,0
2002,80168,1,1,0,0,0,0,0,0,0,0,0,0
2002,80169,1,1,0,0,0,0,0,0,0,0,0,0
2002,80170,1,1,14,14,14,14,14,14,14,14,14,14
2002,80170,2,1,0,0,0,0,0,0,0,0,0,0
2002,80171,1,1,0,0,0,0,0,0,0,0,0,0
2002,80171,2,1,0,0,0,0,0,0,0,0,0,0
2002,80172,1,1,0,0,0,0,0,0,0,0,0,0
2002,80173,1,1,16,16,16,16,16,16,16,16,16,16
2002,80174,2,1,0,0,0,0,0,0,0,0,0,0
2002,80175,1,1,2,2,2,2,2,2,2,2,2,2
2002,80176,1,1,11,0,0,0,0,0,0,0,0,0
2002,80177,1,1,8,8,8,8,8,8,8,8,8,8
2002,80177,2,1,0,0,0,0,0,0,0,0,0,0
2002,80178,1,1,17,17,17,17,17,17,17,17,17,17
2002,80179,1,1,0,0,0,0,0,0,0,0,0,0
2002,80180,1,1,26,26,26,26,26,26,26,26,26,26
2002,80181,1,1,0,0,0,0,0,0,0,0,0,0
2002,80181,2,1,0,0,0,0,0,0,0,0,0,0
2002,80182,1,1,0,0,0,0,0,0,0,0,0,0
2002,80182,2,1,0,0,0,0,0,0,0,0,0,0
2002,80182,3,1,0,0,0,0,0,0,0,0,0,0
2002,80183,1,1,0,0,0,0,0,0,0,0,0,0
2002,80183,2,1,0,0,0,0,0,0,0,0,0,0
2002,80184,1,1,14,14,14,14,14,14,14,14,14,14
2002,80185,1,1,0,0,0,0,0,21,0,0,0,0
2002,80186,1,1,0,0,0,0,0,0,0,0,0,0
2002,80186,2,1,0,0,0,11,0,0,0,10,0,6
2002,80186,3,1,0,15,0,0,0,0,0,0,0,0
2002,80187,0,1,26,26,26,26,26,26,26,26,26,26
2002,80187,1,1,0,0,0,6,0,0,0,0,0,0
2002,80188,1,1,0,0,0,0,0,0,0,0,0,0
2002,80189,1,1,0,0,0,0,0,0,0,0,0,0
2002,80189,2,1,0,0,0,0,0,0,0,0,0,0
2002,80190,1,1,0,0,0,0,0,0,0,0,0,0
2002,80191,1,1,28,28,28,28,28,28,28,28,28,28
2002,80191,2,1,0,6,0,0,0,0,0,0,0,0
2002,80191,3,1,0,0,0,0,0,0,0,0,0,0
2002,80191,4,1,17,19,10,22,0,9,31,28,28,9
2002,80191,5,1,0,0,0,0,0,0,9,15,17,0
2002,80192,1,1,0,0,0,0,0,0,0,0,0,0
2002,80193,1,1,0,0,0,0,0,0,0,0,0,0
2002,80194,1,1,27,27,27,27,27,27,27,27,27,27
2002,80195,1,1,0,0,0,0,0,0,0,0,0,0
2002,80195,2,1,0,0,0,0,0,0,0,0,0,0
2002,80196,1,1,15,15,15,15,15,15,15,15,15,15
2002,80196,2,1,0,0,0,0,0,0,0,0,0,0
2002,80197,1,1,0,0,0,0,0,0,0,0,0,0
2002,80197,2,1,0,0,0,0,0,0,0,0,0,0
2002,80197,3,1,0,0,0,0,0,0,0,0,0,0
2002,80198,1,1,0,0,0,0,0,0,0,0,0,0
2002,80199,1,1,0,0,0,0,0,0,0,0,0,0
2002,80200,1,1,0,0,0,0,0,0,0,0,0,0
2002,80200,2,1,0,0,0,19,0,0,0,0,0,0
2002,80201,1,1,27,27,27,27,27,27,27,27,27,27
2002,80201,2,1,0,0,0,0,0,0,0,0,0,0
2002,80202,1,1,17,17,17,17,17,17,17,17,17,17
2002,80203,1,1,0,0,0,0,0,0,0,0,0,0
2002,80204,0,1,29,29,29,29,29,29,29,29,29,29
2002,80204,1,1,16,16,16,16,16,16,16,16,16,16
2002,80205,1,1,34,34,34,34,34,34,34,34,34,34
2002,80206,0,1,0,0,0,0,0,0,0,0,0,0
2002,80206,1,1,17,17,17,17,17,17,17,17,17,17
2002,80207,1,1,9,9,9,9,9,9,9,9,9,9
2002,80208,1,1,21,21,21,21,21,21,21,21,21,21
2002,80209,1,1,0,0,0,0,0,0,0,0,0,0
2002,80210,1,1,0,0,0,0,0,0,0,0,0,0
2002,80210,2,1,0,0,0,0,0,0,0,0,0,0
2002,80210,3,1,0,0,0,0,0,0,0,0,0,0
2002,80211,1,1,43,0,0,0,0,0,8,0,0,0
2002,80212,0,1,0,0,0,0,0,0,0,0,0,0
2002,80212,1,1,0,0,0,0,0,0,0,0,0,0
2002,80213,1,1,0,0,0,0,0,0,0,0,0,0
2002,80213,2,1,0,0,0,0,0,0,0,0,0,0
2002,80214,1,1,0,0,0,0,0,0,0,0,0,0
2002,80214,2,1,0,0,0,0,0,0,0,0,0,0
2002,80214,3,1,0,0,0,31,0,8,0,0,0,0
2002,80215,1,1,0,0,0,0,0,0,0,0,0,0
2002,80216,1,1,0,0,0,0,0,0,0,0,0,0
2002,80217,1,1,27,27,27,27,27,27,27,27,27,27
2002,80218,1,1,23,23,23,23,23,23,23,23,23,23
2002,80219,1,1,0,0,0,0,0,0,0,0,0,0
2002,80220,1,1,0,0,0,0,0,0,0,0,0,0
2002,80220,2,1,0,0,0,0,0,0,0,0,0,0
2002,80221,1,1,0,0,0,0,0,0,0,0,0,0
2002,80221,2,1,0,0,0,0,0,0,0,0,0,0
2002,80222,1,1,0,0,0,0,0,0,0,0,0,0
2002,80222,2,1,0,0,0,0,0,0,0,0,0,0
2002,80223,1,1,0,0,0,0,0,0,0,0,0,0
2002,80223,2,1,0,0,0,0,0,0,0,0,0,0
2002,80224,0,1,0,0,0,0,0,0,0,0,0,0
2002,80224,1,1,0,0,0,0,0,0,0,0,0,0
2002,80225,1,1,15,15,15,15,15,15,15,15,15,15
2002,80225,2,1,0,0,0,0,0,0,0,0,0,0
2002,80225,3,1,0,0,0,0,0,0,0,0,0,0
2002,80226,1,1,0,0,0,0,0,0,0,0,0,0
2002,80226,2,1,0,0,18,0,0,0,0,0,0,0
2002,80227,1,1,0,0,0,0,0,0,0,0,0,0
2002,80227,2,1,0,0,0,0,0,0,0,0,0,0
2002,80227,3,1,0,0,0,0,0,0,0,0,0,0
2002,80228,0,1,0,0,0,0,0,0,0,0,0,0
2002,80228,1,1,0,0,0,0,0,0,0,0,0,0
2002,80229,1,1,0,0,0,0,0,0,0,0,0,0
2002,80230,1,1,0,0,0,0,0,0,0,0,0,0
2002,80230,2,1,0,0,0,0,0,0,0,0,0,0
2002,80231,1,1,0,0,0,0,0,0,0,0,0,0
2002,80231,2,1,0,0,0,0,0,0,0,0,12,0
2002,80232,1,1,0,0,0,0,0,0,0,0,0,0
2002,80232,2,1,0,0,0,0,0,0,0,0,0,0
2002,80233,1,1,12,16,8,18,25,12,15,5,12,0
2002,80234,1,1,0,0,0,0,0,0,0,0,0,0
2002,80235,1,1,0,0,0,0,0,0,0,0,0,0
2002,80235,2,1,0,0,0,0,0,0,0,0,0,0
2002,80236,1,1,3,3,3,3,3,3,3,3,3,3
2002,80236,2,1,0,0,0,0,0,0,0,0,0,0
2002,80237,1,1,0,0,0,0,0,0,0,0,0,0
2002,80238,1,1,0,0,0,0,0,0,0,0,0,0
2002,80238,2,1,0,0,0,0,9,0,0,0,0,0
2002,80239,1,1,0,0,0,0,0,0,0,0,0,0
2002,80240,1,1,0,0,0,0,0,0,0,0,0,0
2002,80240,2,1,0,0,0,0,0,0,0,0,0,0
2002,80241,1,1,0,0,0,0,0,0,0,0,0,0
2002,80241,2,1,8,8,8,8,8,8,8,8,8,8
2002,80242,1,1,0,0,0,0,0,0,0,0,0,10
2002,80243,1,1,3,3,3,3,3,3,3,3,3,3
2002,80244,1,1,16,16,16,16,16,16,16,16,16,16
2002,80245,1,1,0,0,0,0,0,0,0,0,0,0
2002,80246,1,1,0,0,0,0,0,0,0,0,0,0
2002,80247,0,1,7,0,30,0,16,0,0,0,17,27
2002,80247,1,1,0,27,0,0,12,0,0,0,20,14
2002,80248,1,1,19,19,19,19,19,19,19,19,19,19
2002,80249,1,1,5,5,5,5,5,5,5,5,5,5
2002,80250,1,1,0,0,0,0,0,0,0,0,0,0
2002,80251,1,1,14,14,14,14,14,14,14,14,14,14
2002,80252,1,1,0,0,0,0,0,0,0,0,0,0
2002,80253,1,1,0,0,0,0,0,0,0,0,0,0
2002,80253,2,1,0,0,0,0,0,0,0,0,0,0
2002,80254,1,1,0,0,0,0,0,0,0,0,0,0
2002,80254,2,1,0,0,0,0,0,0,0,0,0,0
2002,80254,3,1,0,0,0,0,0,0,0,0,0,0
2002,80255,0,1,23,23,23,23,23,23,23,23,23,23
2002,80255,1,1,0,0,0,0,0,0,0,6,0,0
2002,80256,0,1,0,0,0,0,0,0,0,0,0,0
2002,80256,1,1,20,0,15,0,0,0,5,0,32,12
2002,80257,1,1,0,0,0,0,0,0,0,0,0,0
2002,80257,2,1,0,0,0,0,0,0,0,0,0,0
2002,80258,1,1,9,9,9,9,9,9,9,9,9,9
2002,80258,2,1,0,0,0,0,0,0,0,0,0,0
2002,80259,1,1,19,19,19,19,19,19,19,19,19,19
2002,80260,1,1,0,0,0,0,0,0,0,0,0,0
2002,80260,2,1,0,0,0,0,0,0,0,0,0,0
2002,80261,1,1,0,0,0,0,0,0,0,0,0,0
2002,80261,2,1,0,0,0,0,0,0,0,0,0,0
2002,80261,3,1,0,0,0,0,0,0,0,0,0,0
2002,80262,1,1,0,0,0,0,0,0,0,0,0,0
2002,80262,2,1,0,0,0,0,0,0,0,0,0,0
2002,80263,1,1,23,23,23,23,23,23,23,23,23,23
2002,80264,1,1,20,0,0,0,0,0,0,0,0,0
2002,80265,0,1,9,9,9,9,9,9,9,9,9,9
2002,80265,1,1,0,0,0,0,0,0,0,0,0,0
2002,80266,1,1,0,0,0,0,0,0,0,0,0,0
2002,80266,2,1,0,0,0,0,0,0,0,0,0,0
2002,80267,1,1,0,0,0,0,0,0,0,0,0,0
2002,80268,1,1,20,20,20,20,20,20,20,20,20,20
2002,80269,1,1,0,21,6,0,12,0,0,0,0,0
2002,80270,1,1,0,0,0,0,0,0,0,0,0,0
2002,80270,2,1,0,0,0,0,0,0,23,0,0,0
2002,80270,3,1,0,0,0,0,0,0,0,0,0,0
2002,80271,1,1,0,0,0,9,0,0,0,0,0,0
2002,80272,1,1,0,0,0,0,0,0,0,0,0,0
2002,80273,1,1,28,28,28,28,28,28,28,28,28,28
2002,80274,1,1,0,0,0,0,0,0,0,0,0,0
2002,80274,2,1,0,0,0,0,0,0,0,0,0,0
2002,80275,1,1,18,18,18,18,18,18,18,18,18,18
2002,80276,1,1,0,0,0,0,0,0,0,0,0,0
2002,80276,2,1,0,0,0,0,0,0,0,0,0,0
2002,80276,3,1,0,0,0,0,0,0,14,0,0,0
2002,80277,1,1,0,0,0,0,0,0,0,0,0,0
2002,80278,1,1,7,7,7,7,7,7,7,7,7,7
2002,80279,1,1,14,14,14,14,14,14,14,14,14,14
2002,80280,1,1,0,0,0,0,0,0,0,0,0,0
2002,80280,2,1,0,0,0,0,0,0,0,0,0,0
2002,80280,3,1,0,0,0,0,0,0,0,0,0,0
2002,80281,0,1,0,0,0,0,0,0,0,0,0,0
2002,80281,1,1,0,0,0,0,0,0,0,0,0,0
2002,80282,1,1,0,0,0,0,0,0,0,0,0,0
2002,80283,1,1,0,0,0,0,0,0,0,0,0,0
2002,80283,2,1,0,0,0,0,0,0,0,0,0,0
2002,80284,0,1,14,14,14,14,14,14,14,14,14,14
2002,80284,1,1,23,2,8,0,0,0,0,3,0,6
2002,80285,1,1,0,0,0,0,0,0,0,0,0,0
2002,80286,1,1,0,0,0,0,0,0,0,0,0,0
2002,80287,1,1,0,0,25,0,0,0,0,0,0,0
2002,80287,2,1,0,0,0,0,0,0,0,0,0,0
2002,80288,1,1,12,12,12,12,12,12,12,12,12,12
2002,80288,2,1,15,0,0,0,0,0,0,36,0,0
2002,80289,1,1,10,10,10,10,10,10,10,10,10,10
2002,80290,1,1,0,0,0,0,0,0,0,0,0,0
2002,80291,1,1,14,11,0,0,0,0,0,15,0,18
2002,80292,1,1,0,0,0,0,0,0,0,0,0,0
2002,80293,1,1,0,0,0,0,0,0,0,0,0,0
2002,80294,1,1,24,10,8,6,12,0,14,0,0,29
2002,80295,1,1,10,10,10,10,10,10,10,10,10,10
2002,80296,1,1,0,25,0,0,0,0,0,0,13,0
2002,80296,2,1,0,0,0,0,0,0,0,0,0,0
2002,80297,1,1,32,32,32,32,32,32,32,32,32,32
2002,80297,2,1,0,0,0,0,0,0,0,0,0,0
2002,80298,1,1,0,0,0,9,0,0,0,0,0,0
2002,80298,2,1,0,0,0,0,0,0,0,0,0,0
2002,80299,1,1,2,2,2,2,2,2,2,2,2,2
2002,80300,1,1,9,9,9,9,9,9,9,9,9,9
2002,80301,1,1,0,0,0,0,0,0,0,0,0,26
2002,80302,0,1,0,0,0,0,0,0,0,0,0,0
2002,80302,1,1,0,0,0,0,0,0,0,0,0,0
2002,80303,0,1,0,0,0,0,0,0,0,0,0,0
2002,80303,0,2,0,0,0,0,0,0,0,0,0,0
2002,80303,1,1,0,0,0,0,0,0,0,0,0,0
2002,80304,1,1,0,0,0,0,0,0,0,0,0,0
2002,80304,2,1,0,0,0,0,0,0,24,0,0,0
2002,80305,1,1,27,27,27,27,27,27,27,27,27,27
2002,80306,1,1,0,0,0,0,0,0,0,0,0,0
2002,80306,2,1,0,13,0,0,0,0,0,0,0,0
2002,80307,0,1,0,0,0,0,0,0,0,0,0,0
2002,80307,1,1,0,0,0,0,0,0,0,0,0,0
2002,80308,1,1,0,0,5,0,0,0,0,0,0,0
2002,80308,2,1,0,0,0,0,0,0,0,0,0,0
2002,80309,1,1,0,0,0,0,0,0,0,0,0,0
2002,80310,1,1,0,0,0,0,0,0,0,0,0,0
2002,80311,1,1,0,0,0,0,0,0,0,0,0,0
2002,80311,2,1,0,0,0,0,0,0,0,6,0,0
2002,80312,1,1,0,0,0,0,0,0,0,0,0,0
2002,80313,1,1,0,0,0,0,0,0,0,0,0,0
2002,80314,1,1,0,0,0,0,0,0,0,0,0,0
2002,80315,1,1,0,0,0,0,0,0,0,0,0,0
2002,80315,2,1,0,0,0,0,0,0,0,0,0,0
2002,80316,1,1,0,0,0,0,0,0,0,0,0,0
2002,80317,1,1,0,0,0,0,0,0,0,0,0,0
2002,80317,2,1,0,0,0,0,0,0,0,0,0,0
2002,80318,1,1,0,0,0,0,0,0,0,0,0,0
2002,80318,2,1,0,0,0,0,0,20,0,0,0,0
2002,80319,1,1,0,0,0,0,0,0,0,0,0,0
2002,80320,1,1,0,0,0,0,0,0,0,0,0,0
2002,80321,1,1,32,32,32,32,32,32,32,32,32,32
2002,80322,1,1,0,0,0,0,0,0,0,0,0,0
2002,80322,2,1,0,0,0,0,0,0,0,0,0,0
2002,80323,1,1,0,25,0,27,20,34,15,29,23,27
2002,80324,1,1,22,22,22,22,22,22,22,22,22,22
2002,80324,2,1,0,0,0,0,0,0,0,0,0,0
2002,80324,3,1,0,0,0,0,0,0,0,0,0,0
2002,80324,4,1,0,0,0,0,0,0,0,0,2,0
2002,80325,0,1,26,26,26,26,26,26,26,26,26,26
2002,80325,1,1,0,0,0,0,0,0,0,0,0,0
2002,80326,1,1,0,0,0,0,0,0,0,0,0,0
2002,80326,2,1,9,9,9,9,9,9,9,9,9,9
2002,80327,1,1,0,0,0,0,0,0,0,0,0,0
2002,80328,1,1,0,0,0,0,0,0,0,0,0,0
2002,80328,2,1,0,0,0,0,0,0,0,0,0,0
2002,80328,3,1,0,0,0,0,0,0,0,0,0,0
2002,80329,1,1,14,31,20,23,21,15,16,11,13,25
2002,80330,1,1,20,20,20,20,20,20,20,20,20,20
2002,80330,2,1,0,0,0,0,0,0,0,0,0,0
2002,80331,1,1,0,0,6,0,0,0,0,0,0,0
2002,80332,1,1,0,0,0,0,0,0,0,0,0,0
2002,80332,2,1,0,0,0,0,0,0,0,0,0,0
2002,80333,1,1,0,0,0,0,0,0,0,0,0,0
2002,80334,1,1,0,0,0,0,0,0,0,0,0,0
2002,80334,2,1,0,0,0,0,21,0,0,0,0,0
2002,80335,1,1,25,25,25,25,25,25,25,25,25,25
2002,80336,1,1,9,0,0,0,0,0,0,0,0,0
2002,80337,1,1,0,0,0,0,0,0,0,0,0,0
2002,80337,2,1,0,0,0,0,0,0,0,0,0,0
2002,80338,1,1,0,0,0,0,0,0,0,0,0,0
2002,80339,1,1,0,0,0,0,0,0,0,0,0,0
2002,80340,1,1,13,13,13,13,13,13,13,13,13,13
2002,80341,1,1,9,0,0,0,0,0,0,0,0,0
2002,80342,1,1,16,16,16,16,16,16,16,16,16,16
2002,80342,2,1,0,0,0,0,0,0,0,0,0,0
2002,80343,1,1,12,12,12,12,12,12,12,12,12,12
2002,80344,1,1,0,0,0,0,0,0,0,0,0,0
2002,80345,1,1,0,0,0,0,0,0,0,22,0,0
2002,80346,1,1,0,0,0,0,0,0,0,0,0,0
2002,80346,2,1,0,0,0,0,0,0,0,0,0,0
2002,80347,0,1,0,0,0,0,0,0,0,0,0,0
2002,80347,1,1,0,0,0,0,0,0,0,0,0,0
2002,80348,1,1,11,11,11,11,11,11,11,11,11,11
2002,80349,1,1,11,11,11,11,11,11,11,11,11,11
2002,80350,1,1,0,0,0,0,0,0,0,14,0,0
2002,80350,2,1,0,0,0,0,0,0,0,0,0,0
2002,80351,1,1,22,22,22,22,22,22,22,22,22,22
2002,80352,1,1,0,0,0,0,0,0,0,0,0,0
2002,80352,2,1,0,0,0,0,0,0,0,0,0,0
2002,80353,1,1,0,0,0,0,0,0,0,0,0,0
2002,80353,2,1,0,0,0,0,0,0,0,0,0,0
2002,80353,3,1,0,0,0,0,0,0,0,0,0,0
2002,80354,1,1,20,20,20,20,20,20,20,20,20,20
2002,80355,1,1,17,17,17,17,17,17,17,17,17,17
2002,80356,0,1,0,0,0,0,0,0,0,0,0,0
2002,80356,1,1,0,0,0,0,0,0,0,0,0,0
2002,80357,1,1,0,0,0,0,0,0,0,0,0,0
2002,80358,1,1,0,0,0,0,0,0,0,0,0,0
2002,80359,1,1,19,19,19,19,19,19,19,19,19,19
2002,80360,0,1,0,0,0,0,0,0,0,0,0,0
2002,80360,1,1,0,0,0,0,0,0,0,0,0,0
2002,80361,1,1,7,7,7,7,7,7,7,7,7,7
2002,80362,1,1,25,25,25,25,25,25,25,25,25,25
2002,80363,1,1,0,0,0,0,0,0,0,0,0,0
2002,80363,2,1,0,0,0,0,0,0,0,0,0,0
2002,80364,1,1,38,38,38,38,38,38,38,38,38,38
2002,80365,1,1,0,0,0,0,0,0,0,0,0,0
2002,80365,2,1,0,0,0,0,0,0,0,0,0,0
2002,80366,1,1,0,0,0,0,0,0,0,0,0,0
2002,80366,2,1,0,0,0,0,0,0,0,0,0,0
2002,80367,1,1,0,0,0,0,0,0,0,0,0,0
2002,80367,2,1,0,0,0,0,0,0,0,0,0,0
2002,80368,1,1,13,14,6,12,12,14,7,2,16,41
2002,80369,1,1,9,20,0,21,0,25,24,14,0,12
2002,80370,1,1,0,0,0,0,0,0,0,0,0,0
2002,80370,2,1,0,0,0,0,0,0,0,0,0,0
2002,80371,1,1,0,0,0,0,0,0,0,0,0,0
2002,80372,1,1,0,0,0,0,0,0,0,0,0,0
2002,80372,2,1,0,0,0,0,0,0,0,0,0,0
2002,80373,1,1,0,0,0,0,0,0,0,0,0,0
2002,80373,2,1,0,0,0,0,0,0,0,0,0,0
2002,80373,3,1,0,0,0,0,0,0,0,0,0,0
2002,80374,1,1,30,30,30,30,30,30,30,30,30,30
2002,80374,2,1,24,0,0,0,6,0,0,0,0,0
2002,80375,1,1,17,17,17,17,17,17,17,17,17,17
2002,80376,1,1,27,27,27,27,27,27,27,27,27,27
2002,80377,1,1,0,0,0,0,0,0,0,0,0,0
2002,80378,1,1,0,0,0,0,0,0,0,0,0,0
2002,80379,1,1,0,0,0,0,0,0,0,0,0,0
2002,80379,2,1,0,0,0,0,0,0,0,0,0,0
2002,80380,1,1,0,0,0,0,0,0,0,0,0,0
2002,80381,1,1,0,0,0,0,0,0,0,0,0,0
2002,80382,1,1,25,25,25,25,25,25,25,25,25,25
2002,80383,1,1,0,0,0,0,0,0,0,0,0,0
2002,80383,2,1,0,0,0,0,0,0,0,0,0,0
2002,80383,3,1,0,0,0,0,0,0,0,0,0,0
2002,80384,0,1,0,0,0,0,0,0,0,0,0,0
2002,80384,1,1,0,0,0,0,0,0,0,0,0,0
2002,80385,1,1,0,0,0,0,0,0,0,0,0,0
2002,80385,2,1,0,0,0,0,0,0,0,0,0,0
2002,80386,1,1,24,24,24,24,24,24,24,24,24,24
2002,80386,2,1,0,0,0,0,0,0,0,0,0,24
2002,80386,3,1,0,0,0,0,0,0,0,0,0,0
2002,80387,0,1,23,23,23,23,23,23,23,23,23,23
2002,80387,1,1,13,2,2,12,8,17,16,25,26,15
2002,80388,1,1,5,5,5,5,5,5,5,5,5,5
2002,80389,1,1,12,12,12,12,12,12,12,12,12,12
2002,80390,1,1,0,0,0,0,0,0,0,0,0,0
2002,80391,0,1,28,28,28,28,28,28,28,28,28,28
2002,80391,1,1,0,10,0,0,24,0,0,0,0,4
2002,80392,1,1,0,0,0,0,0,0,0,0,0,0
2002,80393,1,1,12,12,12,12,12,12,12,12,12,12
2002,80394,1,1,24,24,24,24,24,24,24,24,24,24
2002,80395,1,1,0,0,0,0,0,0,0,0,0,0
2002,80396,1,1,13,13,13,13,13,13,13,13,13,13
2002,80397,1,1,0,0,0,0,0,0,0,0,0,0
2002,80397,2,1,0,0,0,0,0,0,0,0,0,0
2002,80398,1,1,0,0,0,0,0,0,0,0,0,0
2002,80399,1,1,26,26,26,26,26,26,26,26,26,26
2002,80399,2,1,0,0,0,0,0,0,0,0,0,0
2002,80400,1,1,20,20,20,20,20,20,20,20,20,20
2002,80400,2,1,0,0,0,0,0,0,0,0,0,0
2002,80401,1,1,0,0,0,0,0,0,0,0,0,9
2002,80402,0,1,16,16,16,16,16,16,16,16,16,16
2002,80402,1,1,0,0,0,16,0,0,0,0,0,0
2002,80403,1,1,0,0,0,0,0,0,0,0,0,0
2002,80403,2,1,0,0,0,0,0,0,0,0,0,0
2002,80404,1,1,7,0,0,0,0,0,0,0,0,21
2002,80405,1,1,16,16,16,16,16,16,16,16,16,16