YEAR,ST_CASE,veh_no,per_no,P1,P2,P3,P4,P5,P6,P7,P8,P9,P10
2002,80406,1,1,30,12,0,0,0,23,0,8,0,0
2002,80407,1,1,17,17,17,17,17,17,17,17,17,17
2002,80408,0,1,8,8,8,8,8,8,8,8,8,8
2002,80408,1,1,0,0,0,0,0,0,0,0,0,0
2002,80408,2,1,0,0,0,0,0,0,0,0,0,0
2002,80409,1,1,0,0,0,0,0,0,6,0,0,0
2002,80409,2,1,0,0,0,0,0,0,0,0,0,0
2002,80409,3,1,0,0,0,0,0,0,0,0,0,0
2002,80410,1,1,0,0,0,0,0,0,0,0,0,0
2002,80410,2,1,0,0,4,0,0,0,0,0,0,0
2002,80410,3,1,0,0,0,0,0,0,0,0,0,0
2002,80411,0,1,25,25,25,25,25,25,25,25,25,25
2002,80411,1,1,0,0,15,0,0,0,0,0,0,0
2002,80412,1,1,0,0,0,0,0,0,0,0,0,0
2002,80413,1,1,14,18,30,8,6,19,3,21,24,7
2002,80413,2,1,0,0,0,0,0,0,0,0,0,0
2002,80414,1,1,8,8,8,8,8,8,8,8,8,8
2002,80414,2,1,0,0,0,0,0,0,0,0,0,0
2002,80415,1,1,0,0,0,0,0,0,0,0,0,0
2002,80415,2,1,0,0,0,0,0,0,0,0,0,0
2002,80416,1,1,0,0,0,0,0,0,0,0,0,0
2002,80417,1,2,20,20,20,20,20,20,20,20,20,20
2002,80418,0,1,33,0,30,34,12,0,26,0,0,0
2002,80418,0,2,0,12,12,29,4,0,34,8,9,0
2002,80418,0,3,0,0,0,0,0,0,0,0,0,0
2002,80418,0,4,0,0,0,0,0,0,0,0,0,0
2002,80418,1,1,0,0,0,0,0,0,0,0,0,0
2002,80419,1,1,17,17,17,17,17,17,17,17,17,17
2002,80420,1,1,28,0,0,0,0,0,0,0,23,0
2002,80421,1,1,0,0,0,0,0,0,0,0,0,0
2002,80421,2,1,0,0,0,0,0,0,0,0,0,0
2002,80422,1,1,33,33,33,33,33,33,33,33,33,33
2002,80423,1,1,0,0,0,0,0,0,0,0,0,0
2002,80423,2,1,0,0,0,0,0,0,0,0,0,0
2002,80424,1,1,15,15,15,15,15,15,15,15,15,15
2002,80424,2,1,0,0,0,0,0,11,0,0,0,0
2002,80425,1,1,0,0,0,0,0,0,0,0,0,0
2002,80425,2,1,0,0,0,0,0,0,0,0,0,0
2002,80426,1,1,12,12,12,12,12,12,12,12,12,12
2002,80427,1,1,0,0,0,0,0,0,0,0,0,0
2002,80428,1,1,0,0,0,0,0,0,0,0,0,0
2002,80429,1,1,7,7,7,7,7,7,7,7,7,7
2002,80429,2,1,0,0,0,0,0,0,0,0,0,0
2002,80430,1,1,0,0,0,0,0,0,0,0,0,0
2002,80431,1,1,15,15,15,15,15,15,15,15,15,15
2002,80432,1,1,12,12,12,12,12,12,12,12,12,12
2002,80432,2,1,18,0,0,0,0,0,7,0,0,0
2002,80433,1,1,0,0,0,0,0,0,0,0,0,0
2002,80433,2,1,0,0,0,0,0,0,0,0,0,0
2002,80434,1,1,0,0,0,0,0,0,0,0,0,0
2002,80434,2,1,0,0,0,0,0,0,0,0,0,0
2002,80435,1,1,0,0,0,0,0,0,0,0,0,0
2002,80436,1,1,0,0,0,0,0,0,0,0,0,0
2002,80437,1,1,0,0,0,0,0,0,0,0,0,0
2002,80438,0,1,28,28,28,28,28,28,28,28,28,28
2002,80438,1,1,0,0,0,0,0,0,0,0,0,0
2002,80439,0,1,0,0,0,0,0,0,0,0,0,0
2002,80439,1,1,0,0,0,0,0,0,0,0,0,0
2002,80440,1,1,0,0,0,0,0,0,0,0,0,0
2002,80441,0,1,0,0,32,10,20,19,0,11,2,13
2002,80441,1,1,0,0,0,0,13,0,0,0,0,0
2002,80442,1,1,13,13,13,13,13,13,13,13,13,13
2002,80443,1,1,0,0,0,0,0,0,0,0,0,0
2002,80443,2,1,0,0,0,0,0,0,0,0,0,0
2002,80444,0,1,4,4,4,4,4,4,4,4,4,4
2002,80444,1,1,0,0,0,0,0,0,0,0,0,0
2002,80445,1,1,5,5,5,5,5,5,5,5,5,5
2002,80445,2,1,0,0,0,0,0,0,0,8,0,0
2002,80446,1,1,0,0,0,0,0,0,0,0,0,0
2002,80446,2,1,0,0,0,0,0,0,0,0,0,0
2002,80447,1,1,0,0,0,0,0,0,0,0,0,0
2002,80448,0,1,19,19,19,19,19,19,19,19,19,19
2002,80448,1,1,17,17,17,17,17,17,17,17,17,17
2002,80449,1,1,24,24,24,24,24,24,24,24,24,24
2002,80450,0,1,1,1,1,1,1,1,1,1,1,1
2002,80450,1,1,0,0,0,0,0,0,0,0,0,0
2002,80451,1,1,0,0,0,0,0,0,0,0,0,0
2002,80451,2,1,0,0,0,0,0,0,0,0,0,0
2002,80451,3,1,0,0,0,0,7,0,0,0,0,0
2002,80452,1,1,0,0,0,0,12,0,0,0,0,0
2002,80453,1,1,0,0,0,0,0,0,0,0,0,0
2002,80454,1,1,26,3,0,0,0,0,0,0,0,0
2002,80455,1,1,0,0,0,0,0,0,0,0,0,0
2002,80456,1,1,3,3,3,3,3,3,3,3,3,3
2002,80457,1,1,0,0,0,0,0,0,0,0,0,0
2002,80457,2,1,0,0,0,0,0,0,0,0,0,0
2002,80457,3,1,17,17,17,17,17,17,17,17,17,17
2002,80458,1,1,18,18,18,18,18,18,18,18,18,18
2002,80459,1,1,0,0,0,0,0,0,0,0,0,0
2002,80460,1,1,0,0,0,0,0,0,0,0,0,0
2002,80461,1,1,22,22,22,22,22,22,22,22,22,22
2002,80462,0,1,0,0,0,0,0,0,0,0,0,0
2002,80463,1,1,0,0,0,0,0,0,0,0,0,0
2002,80464,1,1,0,0,0,0,0,0,0,0,0,0
2002,80465,1,1,0,0,0,0,0,0,0,0,0,0
2002,80466,1,1,11,11,11,11,11,11,11,11,11,11
2002,80466,2,1,11,11,11,11,11,11,11,11,11,11
2002,80467,1,1,0,0,0,0,0,0,0,0,0,0
2002,80467,2,1,0,0,0,0,0,0,0,0,0,0
2002,80468,1,1,0,0,0,0,0,0,0,0,0,0
2002,80469,1,1,0,0,0,0,0,0,0,0,0,0
2002,80470,1,1,9,0,0,0,0,0,20,15,25,5
2002,80471,1,1,0,0,0,0,0,0,0,0,0,0
2002,80471,2,1,0,0,0,0,0,0,0,0,0,0
2002,80472,0,1,0,0,0,34,32,0,20,17,0,0
2002,80472,1,1,13,0,0,0,0,0,20,0,6,5
2002,80473,1,1,18,2,16,22,9,21,16,34,23,17
2002,80474,0,1,22,22,22,22,22,22,22,22,22,22
2002,80474,1,1,0,0,0,0,0,0,0,0,0,0
2002,80475,1,1,0,0,0,0,0,0,0,0,0,0
2002,80475,2,1,0,0,0,0,0,0,0,0,0,0
2002,80476,1,1,0,0,0,0,0,0,0,0,0,0
2002,80477,1,1,1,1,1,1,1,1,1,1,1,1
2002,80478,1,1,0,0,0,0,0,0,0,0,0,0
2002,80478,2,1,0,0,0,0,0,0,0,0,0,0
2002,80479,1,1,8,8,8,8,8,8,8,8,8,8
2002,80480,1,1,0,0,0,0,0,0,0,0,0,0
2002,80480,2,1,0,0,0,0,0,0,0,0,0,0
2002,80481,1,1,0,0,0,0,0,0,0,0,0,0
2002,80481,2,1,0,0,0,0,0,0,0,0,0,0
2002,80482,1,1,18,18,18,18,18,18,18,18,18,18
2002,80483,1,1,18,18,18,18,18,18,18,18,18,18
2002,80484,1,1,24,24,24,24,24,24,24,24,24,24
2002,80485,1,1,0,0,0,0,0,0,0,0,0,0
2002,80485,2,1,0,0,0,0,0,0,0,0,0,0
2002,80486,1,1,0,0,0,0,0,0,0,0,0,0
2002,80487,1,1,2,2,2,2,2,2,2,2,2,2
2002,80487,2,1,0,0,0,0,0,0,0,0,0,0
2002,80487,3,1,4,4,4,4,4,4,4,4,4,4
2002,80488,1,1,0,0,0,0,0,0,0,0,0,0
2002,80489,1,1,16,16,16,16,16,16,16,16,16,16
2002,80489,2,1,0,0,0,0,0,0,0,0,0,0
2002,80489,3,1,0,0,0,0,0,0,0,0,0,0
2002,80490,1,1,9,9,9,9,9,9,9,9,9,9
2002,80490,2,1,0,0,0,0,0,0,0,0,0,0
2002,80490,3,1,0,0,0,0,0,12,0,0,0,0
2002,80491,1,1,13,13,13,13,13,13,13,13,13,13
2002,80492,1,1,0,0,0,0,0,0,0,0,0,0
2002,80493,1,1,0,0,0,0,0,0,0,0,0,0
2002,80493,2,1,0,0,0,0,0,0,0,0,0,0
2002,80494,1,1,21,21,21,21,21,21,21,21,21,21
2002,80494,2,1,0,0,0,0,0,0,0,0,0,0
2002,80494,3,1,0,0,0,0,0,0,0,0,0,0
2002,80494,4,1,0,0,0,0,0,0,0,0,0,0
2002,80495,1,1,16,16,16,16,16,16,16,16,16,16
2002,80496,1,1,0,0,0,0,0,0,0,8,0,0
2002,80496,2,1,3,0,0,0,15,21,5,0,0,15
2002,80497,1,1,32,32,32,32,32,32,32,32,32,32
2002,80498,1,1,0,0,0,9,0,0,0,0,0,0
2002,80499,0,1,26,26,26,26,26,26,26,26,26,26
2002,80499,1,1,0,0,0,0,0,0,0,0,0,0
2002,80500,1,1,0,0,0,0,0,0,0,0,0,0
2002,80501,1,1,22,22,22,22,22,22,22,22,22,22
2002,80502,1,1,0,0,0,0,0,0,0,0,0,0
2002,80503,1,1,19,19,19,19,19,19,19,19,19,19
2002,80503,2,1,5,0,0,0,0,0,0,0,0,0
2002,80503,3,1,0,0,0,0,0,0,0,0,0,0
2002,80504,1,1,12,12,12,12,12,12,12,12,12,12
2002,80505,1,1,0,0,0,0,0,0,0,0,0,0
2002,80505,2,1,0,0,0,0,0,0,0,0,0,0
2002,80506,1,1,0,0,0,0,0,0,0,0,0,0
2002,80507,1,1,0,0,0,0,0,0,0,0,0,0
2002,80507,2,1,0,0,0,0,0,0,0,0,0,0
2002,80508,0,1,0,0,0,0,0,0,0,0,0,0
2002,80508,1,1,24,24,24,24,24,24,24,24,24,24
2002,80509,0,1,0,0,0,0,0,0,0,0,0,0
2002,80509,1,1,0,0,0,0,0,0,0,0,0,0
2002,80510,1,1,0,0,0,0,0,0,0,0,0,0
2002,80511,1,1,0,0,0,0,0,0,0,0,0,0
2002,80512,1,1,0,0,0,0,0,0,0,0,0,0
2002,80513,1,1,0,0,0,0,0,0,0,0,0,0
2002,80513,2,1,18,18,18,18,18,18,18,18,18,18
2002,80514,1,1,0,12,0,0,0,0,0,0,0,0
2002,80515,1,1,0,0,0,0,0,0,0,0,0,0
2002,80516,1,1,1,1,1,1,1,1,1,1,1,1
2002,80517,1,1,0,0,0,0,0,0,0,0,0,0
2002,80517,2,1,0,0,0,0,0,0,0,0,0,0
2002,80518,0,1,0,0,0,0,0,0,0,0,0,15
2002,80518,1,1,27,27,27,27,27,27,27,27,27,27
2002,80519,1,1,0,0,0,0,0,0,0,0,0,0
2002,80520,1,1,21,21,21,21,21,21,21,21,21,21
2002,80521,1,1,11,11,11,11,11,11,11,11,11,11
2002,80522,1,1,0,0,0,0,0,0,0,0,0,0
2002,80522,2,1,0,0,0,0,0,0,0,0,0,0
2002,80523,1,1,0,0,0,0,0,0,0,0,0,0
2002,80523,2,1,0,0,0,0,0,0,0,0,0,0
2002,80524,1,1,11,11,11,11,11,11,11,11,11,11
2002,80525,1,1,0,0,0,0,0,0,0,0,0,0
2002,80526,1,1,0,0,0,0,0,0,0,0,0,0
2002,80526,2,1,18,18,18,18,18,18,18,18,18,18
2002,80527,0,1,17,17,17,17,17,17,17,17,17,17
2002,80527,1,1,0,0,0,0,12,10,11,10,0,14
2002,80528,1,1,28,0,15,11,0,0,28,0,0,0
2002,80529,1,1,0,0,0,0,0,0,0,0,0,0
2002,80529,2,1,0,0,0,0,0,0,0,0,0,0
2002,80530,1,1,0,0,0,0,0,0,0,0,0,0
2002,80530,2,1,3,3,3,3,3,3,3,3,3,3
2002,80531,0,1,0,0,0,22,0,0,0,0,18,0
2002,80531,0,2,0,0,0,0,0,0,0,0,0,0
2002,80531,1,1,25,0,0,0,0,0,0,0,0,0
2002,80532,0,1,18,18,18,18,18,18,18,18,18,18
2002,80532,1,1,0,0,0,0,0,0,0,0,0,0
2002,80533,1,1,0,0,0,0,0,0,0,0,0,0
2002,80534,1,1,0,0,0,0,0,0,0,0,0,0
2002,80534,2,1,0,0,19,0,0,0,0,0,0,0
2002,80535,1,1,20,20,20,20,20,20,20,20,20,20
2002,80536,1,1,0,0,0,0,0,0,0,0,0,0
2002,80537,1,1,0,0,0,0,0,0,0,0,0,0
2002,80538,0,1,23,23,23,23,23,23,23,23,23,23
2002,80538,1,1,0,0,0,0,0,0,0,0,0,0
2002,80539,1,1,0,0,0,0,0,0,0,0,0,0
2002,80540,1,1,0,0,0,0,0,0,0,0,0,0
2002,80540,2,1,0,0,0,0,0,0,0,0,0,0
2002,80541,1,1,13,13,13,13,13,13,13,13,13,13
2002,80542,1,1,0,0,0,0,0,0,0,0,0,0
2002,80543,1,1,15,15,15,15,15,15,15,15,15,15
2002,80543,2,1,1,1,1,1,1,1,1,1,1,1
2002,80543,3,1,0,0,0,0,0,0,0,0,0,0
2002,80544,1,1,0,0,0,0,0,0,0,0,0,0
2002,80545,1,1,0,0,0,0,0,0,0,0,0,0
2002,80545,2,1,0,0,0,0,0,0,0,0,0,0
2002,80546,1,1,21,21,21,21,21,21,21,21,21,21
2002,80547,1,1,0,0,0,0,0,0,0,0,0,0
2002,80548,1,1,28,28,28,28,28,28,28,28,28,28
2002,80549,1,1,0,15,0,0,0,23,0,0,0,0
2002,80549,2,1,6,6,6,6,6,6,6,6,6,6
2002,80549,3,1,0,0,0,0,0,0,0,0,0,0
2002,80550,0,1,0,0,0,0,0,0,0,0,0,0
2002,80550,1,1,6,6,6,6,6,6,6,6,6,6
2002,80551,0,1,0,0,0,0,6,0,0,0,0,0
2002,80551,1,1,17,17,17,17,17,17,17,17,17,17
2002,80552,1,1,0,0,0,0,0,0,0,0,0,0
2002,80553,1,1,0,0,0,0,0,0,0,0,0,0
2002,80553,2,1,0,0,0,0,0,0,0,0,0,0
2002,80553,3,1,0,0,0,0,0,0,0,0,0,0
2002,80554,1,1,0,27,13,0,0,9,0,0,0,0
2002,80555,1,1,29,29,29,29,29,29,29,29,29,29
2002,80556,1,1,0,0,0,0,0,0,0,0,0,0
2002,80557,1,1,0,0,0,0,0,15,0,0,0,0
2002,80557,2,1,0,0,0,0,0,0,0,0,0,0
2002,80558,1,1,0,0,0,0,16,15,0,0,0,0
2002,80559,1,1,0,0,0,0,0,0,0,0,0,0
2002,80559,2,1,0,0,0,0,0,0,0,0,0,0
2002,80560,1,1,16,16,16,16,16,16,16,16,16,16
2002,80561,1,1,0,0,0,0,0,0,0,0,0,0
2002,80561,2,1,0,0,0,0,0,0,0,0,0,0
2002,80562,0,1,3,3,3,3,3,3,3,3,3,3
2002,80562,1,1,0,0,0,0,0,0,0,0,0,0
2002,80563,0,1,28,28,28,28,28,28,28,28,28,28
2002,80563,1,1,0,0,0,0,0,0,0,0,0,0
2002,80564,1,1,14,14,14,14,14,14,14,14,14,14
2002,80565,1,1,0,0,0,0,0,0,0,0,0,0
2002,80565,2,1,0,0,0,0,0,0,0,0,0,0
2002,80565,3,1,0,0,0,0,0,0,0,0,0,0
2002,80566,1,1,16,16,16,16,16,16,16,16,16,16
2002,80566,2,1,0,0,0,0,0,0,0,0,0,0
2002,80567,1,1,23,23,23,23,23,23,23,23,23,23
2002,80568,1,1,0,0,0,0,0,0,0,0,0,0
2002,80568,2,1,0,0,0,0,0,0,0,0,0,0
2002,80569,1,1,0,0,0,0,0,0,0,0,0,0
2002,80569,2,1,0,0,0,0,0,0,0,0,0,0
2002,80570,1,1,0,0,0,0,0,0,0,0,0,0
2002,80571,1,1,15,15,15,15,15,15,15,15,15,15
2002,80572,1,1,11,11,11,11,11,11,11,11,11,11
2002,80573,1,1,24,24,6,24,9,13,25,13,39,8
2002,80574,1,1,0,0,0,0,0,0,0,0,0,0
2002,80575,1,1,23,23,23,23,23,23,23,23,23,23
2002,80576,1,1,0,0,0,0,0,0,0,0,0,0
2002,80577,1,1,0,0,0,0,0,0,0,0,0,0
2002,80577,2,1,0,0,0,0,0,0,0,0,0,0
2002,80577,3,1,0,0,0,0,0,0,0,0,0,0
2002,80577,4,1,0,0,0,0,0,0,0,0,0,0
2002,80578,1,1,0,0,0,0,0,0,0,0,0,0
2002,80578,2,1,0,0,0,0,0,0,0,0,0,0
2002,80579,1,1,0,0,0,0,0,0,0,0,0,0
2002,80579,2,1,0,0,0,0,0,0,0,0,0,0
2002,80580,0,1,16,16,16,16,16,16,16,16,16,16
2002,80580,1,1,0,0,0,0,0,0,0,0,0,0
2002,80581,1,1,12,12,12,12,12,12,12,12,12,12
2002,80582,1,1,0,0,0,0,0,0,0,0,0,0
2002,80583,1,1,0,0,15,0,0,0,0,0,0,0
2002,80584,1,1,34,34,34,34,34,34,34,34,34,34
2002,80585,1,1,0,0,0,0,0,0,0,0,0,14
2002,80585,2,1,0,0,0,0,0,0,0,0,0,0
2002,80586,1,1,0,0,0,0,0,0,0,16,0,0
2002,80587,1,1,0,0,0,0,0,0,0,0,0,0
2002,80587,2,1,0,9,0,0,0,0,0,0,0,0
2002,80588,1,1,17,10,0,25,0,0,0,0,9,3
2002,80589,1,1,2,2,2,2,2,2,2,2,2,2
2002,80590,1,1,1,1,1,1,1,1,1,1,1,1
2002,80590,2,1,0,0,0,0,0,0,0,0,0,0
2002,80591,1,1,16,16,16,16,16,16,16,16,16,16
2002,80592,0,1,20,20,20,20,20,20,20,20,20,20
2002,80592,1,1,14,14,14,14,14,14,14,14,14,14
2002,80593,1,1,20,20,20,20,20,20,20,20,20,20
2002,80594,0,1,23,23,23,23,23,23,23,23,23,23
2002,80594,1,1,0,0,0,0,0,0,0,0,0,0
2002,80594,2,1,0,0,0,0,0,0,0,0,0,0
2002,80595,1,1,22,22,22,22,22,22,22,22,22,22
2002,80595,2,1,6,6,6,6,6,6,6,6,6,6
2002,80596,0,1,0,0,0,0,0,0,0,0,0,0
2002,80596,1,1,0,0,0,0,0,0,0,0,0,0
2002,80596,2,1,0,0,0,0,0,0,0,0,0,0
2002,80596,3,1,0,0,0,0,0,0,0,0,0,0
2002,80597,1,1,0,0,0,0,0,0,0,0,0,0
2002,80598,1,1,0,0,0,0,0,0,0,0,0,0
2002,80598,2,1,0,0,0,0,0,0,0,0,0,0
2002,80599,1,1,0,0,14,0,0,0,0,0,0,0
2002,80599,2,1,0,0,0,0,0,0,0,0,0,0
2002,80600,1,1,0,7,0,0,0,0,0,0,0,0
2002,80601,1,1,0,0,0,0,0,0,0,0,0,0
2002,80601,2,1,0,0,0,0,0,0,0,0,0,0
2002,80602,1,1,16,16,16,16,16,16,16,16,16,16
2002,80603,1,1,0,0,0,0,0,0,0,0,0,0
2002,80604,1,1,0,0,0,0,0,0,0,0,0,0
2002,80605,1,1,0,0,0,0,0,0,0,0,0,0
2002,80605,2,1,0,0,0,0,0,0,0,0,0,0
2002,80606,1,1,20,20,20,20,20,20,20,20,20,20
2002,80607,1,1,0,0,0,0,0,0,0,0,0,0
2002,80608,0,1,0,0,0,0,0,0,0,0,0,0
2002,80608,1,1,0,0,0,0,0,0,0,0,0,0
2002,80609,1,1,15,15,15,15,15,15,15,15,15,15
2002,80609,2,1,0,0,0,0,0,17,0,11,13,0
2002,80610,1,1,17,17,17,17,17,17,17,17,17,17
2002,80611,0,1,0,0,0,0,0,0,0,0,0,0
2002,80611,0,2,0,0,25,0,0,0,0,0,0,0
2002,80611,0,3,0,0,0,0,0,0,0,14,0,0
2002,80611,1,1,0,0,0,0,0,0,0,0,0,0
2002,80612,1,1,0,0,0,0,0,0,0,0,0,0
2002,80612,2,1,0,0,0,0,0,0,0,0,0,0
2002,80613,1,1,8,8,8,8,8,8,8,8,8,8
2002,80614,1,1,30,30,30,30,30,30,30,30,30,30
2002,80615,1,1,22,22,22,22,22,22,22,22,22,22
2002,80615,2,1,0,0,0,0,0,0,0,0,0,0
2002,80616,0,1,0,0,0,0,0,0,0,0,0,0
2002,80616,1,1,12,0,0,0,0,0,0,0,0,0
2002,80617,1,1,0,0,0,0,0,0,0,0,0,0
2002,80617,2,1,0,0,0,0,0,0,0,0,0,0
2002,80618,1,1,0,0,0,0,0,0,0,0,0,0
2002,80619,1,1,16,16,16,16,16,16,16,16,16,16
2002,80620,1,1,0,0,0,0,0,0,0,0,0,0
2002,80621,1,1,0,0,0,0,0,0,0,0,0,6
2002,80622,1,1,11,11,11,11,11,11,11,11,11,11
2002,80623,0,1,18,18,18,18,18,18,18,18,18,18
2002,80623,1,1,0,0,0,0,0,0,0,0,0,0
2002,80624,1,1,0,0,0,0,0,0,0,0,0,0
2002,80624,2,1,0,0,0,0,0,0,0,0,0,0
2002,80625,1,1,0,0,0,0,0,0,0,0,0,0
2002,80626,0,1,0,0,0,0,0,0,0,0,0,0
2002,80626,0,2,0,0,0,0,0,0,0,0,0,0
2002,80626,1,1,0,0,0,0,0,0,0,0,0,0
2002,80627,1,1,17,17,17,17,17,17,17,17,17,17
2002,80628,1,1,20,20,20,20,20,20,20,20,20,20
2002,80629,1,1,12,12,12,12,12,12,12,12,12,12
2002,80629,2,1,0,0,0,0,0,0,0,0,0,0
2002,80629,3,1,0,0,0,0,0,0,0,0,0,0
2002,80630,1,1,0,0,0,0,0,0,0,0,0,0
2002,80630,2,1,0,0,0,0,0,0,0,0,0,0
2002,80631,0,1,17,17,17,17,17,17,17,17,17,17
2002,80631,1,1,0,0,0,0,0,0,0,0,0,0
2002,80632,1,1,0,0,0,0,0,0,0,0,0,0
2002,80633,1,1,32,14,18,13,15,21,7,0,24,13
2002,80634,1,1,0,0,0,0,0,0,0,0,0,0
2002,80634,2,1,0,0,0,0,0,0,0,0,0,0
2002,80635,1,1,0,0,0,0,12,0,0,0,0,0
2002,80636,1,1,0,0,0,0,0,0,0,0,0,0
2002,80637,1,1,0,0,0,0,0,0,0,0,0,0
2002,80637,2,1,0,0,0,0,0,0,0,0,0,0
2002,80638,1,1,0,0,0,0,0,0,0,0,0,0
2002,80638,2,1,0,0,0,0,0,0,0,0,0,0
2002,80638,3,1,30,0,0,0,0,0,0,0,15,0
2002,80639,1,1,0,0,0,0,0,0,0,0,0,0
2002,80640,1,1,10,10,10,10,10,10,10,10,10,10
2002,80641,1,1,0,0,0,0,0,0,0,0,0,0
2002,80641,2,1,0,0,0,0,0,0,0,0,0,0
2002,80641,3,1,0,11,0,0,0,0,0,0,0,0
2002,80641,4,1,0,0,0,0,0,0,0,0,0,0
2002,80642,1,1,17,17,17,17,17,17,17,17,17,17
2002,80643,1,1,16,16,16,16,16,16,16,16,16,16
2002,80644,0,1,0,0,0,0,0,0,0,0,0,0
2002,80644,1,1,0,0,0,0,14,0,0,0,0,0
2002,80645,1,1,0,0,0,0,0,0,0,0,0,0
2002,80646,0,1,0,0,0,0,0,0,0,0,0,0
2002,80646,1,1,12,26,26,6,12,23,7,8,7,20
2002,80647,1,1,0,0,0,0,0,0,0,0,0,0
2002,80648,1,1,13,13,13,13,13,13,13,13,13,13
2002,80649,1,1,0,0,0,0,0,0,0,0,0,0
2002,80650,1,1,0,0,0,0,0,0,0,0,0,0
2002,80651,1,1,0,0,0,0,0,0,0,0,0,0
2002,80652,1,1,0,0,0,0,0,0,0,0,0,0
2002,80653,1,1,16,16,16,16,16,16,16,16,16,16
2002,80654,0,1,38,38,38,38,38,38,38,38,38,38
2002,80654,1,1,0,0,0,0,0,0,0,0,0,0
2002,80655,1,1,0,0,0,0,0,0,0,0,0,0
2002,80656,1,1,0,0,0,0,0,0,0,0,0,0
2002,80657,1,1,22,22,22,22,22,22,22,22,22,22
2002,80658,1,1,25,25,25,25,25,25,25,25,25,25
2002,80659,0,1,16,16,16,16,16,16,16,16,16,16
2002,80659,1,1,0,0,0,2,0,0,0,0,0,0
2002,80660,1,1,17,17,17,17,17,17,17,17,17,17
2002,80660,2,1,0,0,0,0,0,0,0,0,0,0
2002,80661,1,1,32,32,32,32,32,32,32,32,32,32
2002,80662,1,1,10,10,10,10,10,10,10,10,10,10
2002,80663,1,1,14,14,14,14,14,14,14,14,14,14
2002,80664,1,1,24,24,24,24,24,24,24,24,24,24
2002,80665,1,1,0,0,0,0,0,0,0,0,0,0
2002,80665,2,1,22,0,0,0,0,0,0,0,14,0
2002,80665,3,1,0,0,0,0,0,0,0,2,0,0
2002,80666,1,1,15,15,15,15,15,15,15,15,15,15
2002,80666,2,1,0,0,14,0,0,0,28,0,0,0
2002,80667,1,1,20,20,20,20,20,20,20,20,20,20
2002,80668,1,1,0,0,0,0,0,0,0,0,0,0
2002,80668,2,1,0,0,0,0,0,0,0,0,0,0
2002,80669,0,1,39,30,55,22,11,13,24,24,25,15
2002,80669,1,1,0,0,0,0,0,0,9,0,0,8
2002,80670,0,1,21,21,21,21,21,21,21,21,21,21
2002,80670,1,1,0,0,0,0,0,0,0,0,0,0
2002,80671,1,1,0,0,16,11,18,28,21,0,0,19
2002,80672,1,1,16,11,22,7,18,0,9,13,7,19
2002,80673,1,1,0,0,0,0,0,0,0,0,0,0
2002,80674,1,1,0,0,0,0,0,0,0,0,0,0
2002,80675,1,1,0,0,0,0,0,0,0,0,0,0
2002,80676,1,1,0,0,0,0,0,0,0,0,0,0
2002,80677,1,1,0,0,0,0,0,0,0,0,0,0
2002,80677,2,1,0,0,0,0,0,0,0,0,0,0
2002,80677,3,1,0,0,0,0,0,0,0,0,0,0
2002,90001,0,1,23,23,23,23,23,23,23,23,23,23
2002,90001,1,1,0,0,0,0,0,0,0,0,0,0
2002,90002,1,1,0,0,0,0,0,0,0,0,0,0
2002,90002,2,1,24,24,24,24,24,24,24,24,24,24
2002,90003,0,1,0,0,13,0,0,0,0,0,0,0
2002,90003,0,2,0,0,0,0,0,0,0,0,0,0
2002,90003,1,1,0,0,0,0,0,0,0,0,0,0
2002,90004,0,1,0,0,0,0,0,0,6,0,0,0
2002,90004,1,1,0,0,0,0,0,0,0,0,0,0
2002,90005,1,1,11,11,11,11,11,11,11,11,11,11
2002,90006,1,1,15,15,15,15,15,15,15,15,15,15
2002,90007,0,1,0,0,0,0,0,0,0,0,0,0
2002,90007,1,1,0,0,0,0,0,0,0,0,0,0
2002,90008,1,1,0,0,0,0,0,0,0,0,0,0
2002,90008,2,1,0,0,0,0,0,0,0,0,0,0
2002,90009,1,1,0,0,0,0,0,0,0,0,0,0
2002,90009,2,1,0,0,0,0,0,0,0,0,0,0
2002,90010,1,1,0,0,0,0,0,0,0,0,0,0
2002,90010,2,1,0,0,0,0,0,0,0,0,0,0
2002,90011,1,1,30,30,30,30,30,30,30,30,30,30
2002,90011,2,1,16,16,16,16,16,16,16,16,16,16
2002,90012,1,1,0,0,0,0,0,0,0,0,0,0
2002,90013,1,1,0,0,0,0,0,0,0,0,0,0
2002,90013,2,1,0,0,0,0,0,0,0,0,0,0
2002,90014,1,1,32,32,32,32,32,32,32,32,32,32
2002,90015,1,1,18,18,18,18,18,18,18,18,18,18
2002,90016,1,1,0,0,0,0,0,0,0,0,0,0
2002,90016,2,1,0,0,0,0,0,0,0,0,0,0
2002,90017,1,1,0,0,0,0,0,0,0,0,0,0
2002,90018,1,1,0,0,0,0,0,0,0,0,0,0
2002,90018,2,1,11,11,11,11,11,11,11,11,11,11
2002,90019,1,1,17,17,17,17,17,17,17,17,17,17
2002,90020,1,1,0,0,0,0,0,0,0,0,0,0
2002,90020,2,1,31,31,31,31,31,31,31,31,31,31
2002,90021,1,1,0,0,0,0,0,0,0,0,0,0
2002,90022,1,1,3,3,3,3,3,3,3,3,3,3
2002,90023,1,1,0,0,0,0,0,0,0,0,0,0
2002,90023,2,1,0,0,0,0,0,0,0,0,0,0
2002,90024,1,1,0,0,0,0,0,0,0,0,0,0
2002,90024,2,1,0,0,0,0,0,0,0,0,0,0
2002,90025,0,1,26,26,26,26,26,26,26,26,26,26
2002,90025,1,1,0,0,0,0,0,0,0,0,0,0