YEAR,ST_CASE,veh_no,per_no,P1,P2,P3,P4,P5,P6,P7,P8,P9,P10
2002,90026,0,1,0,10,0,0,0,0,0,0,0,0
2002,90026,1,1,0,13,0,0,0,0,0,2,0,0
2002,90027,1,1,0,0,0,0,0,0,0,0,0,0
2002,90027,2,1,17,17,17,17,17,17,17,17,17,17
2002,90028,1,1,26,26,26,26,26,26,26,26,26,26
2002,90029,1,1,24,24,24,24,24,24,24,24,24,24
2002,90029,2,1,0,0,0,0,0,0,0,0,0,0
2002,90030,1,1,0,0,0,0,0,0,0,0,0,0
2002,90030,2,1,0,0,0,0,0,0,0,0,0,0
2002,90031,1,1,15,15,15,15,15,15,15,15,15,15
2002,90032,0,1,0,0,0,0,0,0,0,0,0,0
2002,90032,1,1,0,0,0,0,0,0,0,0,0,0
2002,90033,1,1,28,17,8,21,19,11,31,19,14,24
2002,90034,1,1,0,0,0,0,0,0,0,0,0,0
2002,90035,1,1,21,21,21,21,21,21,21,21,21,21
2002,90036,1,1,0,0,0,0,0,0,0,0,0,0
2002,90037,0,1,20,20,20,20,20,20,20,20,20,20
2002,90037,1,1,0,0,0,0,0,0,0,0,0,0
2002,90038,1,1,0,0,0,0,0,0,0,0,0,0
2002,90039,1,1,0,0,0,0,0,13,0,0,21,13
2002,90039,2,1,0,0,0,23,0,3,8,0,0,0
2002,90040,1,1,0,0,0,0,0,0,0,0,0,0
2002,90041,1,1,18,18,18,18,18,18,18,18,18,18
2002,90042,1,1,0,0,0,0,0,0,0,0,0,0
2002,90043,1,1,0,0,0,0,0,0,0,0,0,0
2002,90044,1,1,15,15,15,15,15,15,15,15,15,15
2002,90045,1,1,0,0,0,0,0,0,0,0,0,0
2002,90046,0,1,0,0,0,0,0,0,0,0,0,0
2002,90046,1,1,0,0,0,0,0,0,0,0,0,0
2002,90047,1,1,0,0,0,0,0,0,0,0,0,0
2002,90048,1,1,0,0,0,0,0,0,0,0,0,0
2002,90049,1,1,0,0,0,0,0,0,0,0,0,0
2002,90049,2,1,0,0,0,0,0,0,0,0,0,0
2002,90050,1,1,0,0,0,0,0,0,0,0,0,0
2002,90051,1,1,0,0,0,0,0,0,0,0,0,0
2002,90052,1,1,9,9,9,9,9,9,9,9,9,9
2002,90052,2,1,0,17,0,0,0,9,0,0,0,0
2002,90053,1,1,30,30,30,30,30,30,30,30,30,30
2002,90054,1,1,8,8,8,8,8,8,8,8,8,8
2002,90055,1,1,0,0,0,0,0,0,0,0,0,0
2002,90055,2,1,0,0,0,0,7,0,0,0,0,0
2002,90056,1,1,25,25,25,25,25,25,25,25,25,25
2002,90056,2,1,0,0,0,0,0,0,0,0,0,0
2002,90056,3,1,0,0,0,0,0,0,0,9,0,0
2002,90057,1,1,0,0,0,15,13,20,0,0,0,16
2002,90057,2,1,0,0,0,0,0,0,0,0,0,0
2002,90057,3,1,0,0,13,0,0,0,5,0,0,0
2002,90058,1,1,0,0,0,0,0,0,0,0,0,0
2002,90058,2,1,0,0,0,0,0,0,0,0,0,0
2002,90059,1,1,0,0,0,0,0,0,0,0,0,0
2002,90060,1,1,0,0,0,0,0,0,0,0,0,0
2002,90061,1,1,0,0,0,0,0,0,0,0,0,0
2002,90061,2,1,0,0,0,0,0,0,0,0,0,0
2002,90062,0,1,0,0,0,0,0,0,0,0,0,0
2002,90062,0,2,0,0,0,0,0,0,8,0,0,0
2002,90062,1,1,0,0,0,0,0,0,0,0,0,0
2002,90063,1,1,0,0,0,0,0,0,0,0,0,0
2002,90063,2,1,0,0,0,0,0,0,0,0,0,0
2002,90064,0,1,0,0,0,0,0,0,0,0,0,0
2002,90064,1,1,0,0,0,0,0,0,0,0,0,0
2002,90065,1,1,14,14,14,14,14,14,14,14,14,14
2002,90066,1,1,0,0,0,0,0,0,0,0,0,0
2002,90067,1,1,0,0,0,0,0,0,0,0,0,0
2002,90068,1,1,21,21,21,21,21,21,21,21,21,21
2002,90069,1,1,21,21,21,21,21,21,21,21,21,21
2002,90070,1,1,0,0,0,0,0,0,0,0,0,0
2002,90070,2,1,0,0,0,0,0,0,0,0,0,0
2002,90071,1,1,4,4,4,4,4,4,4,4,4,4
2002,90072,1,1,0,0,0,0,0,0,0,0,0,0
2002,90072,2,1,0,0,0,0,0,0,0,0,0,0
2002,90073,1,1,8,8,8,8,8,8,8,8,8,8
2002,90074,1,1,11,11,11,11,11,11,11,11,11,11
2002,90075,1,1,0,0,0,0,0,0,0,0,0,0
2002,90076,1,1,3,3,3,3,3,3,3,3,3,3
2002,90077,1,1,0,0,0,0,0,0,0,0,0,0
2002,90078,1,1,0,0,0,0,0,0,0,0,23,0
2002,90078,2,1,0,0,0,0,0,0,0,0,0,0
2002,90079,1,1,0,0,0,0,0,0,0,0,0,0
2002,90079,2,1,26,26,26,26,26,26,26,26,26,26
2002,90080,1,1,0,0,0,0,0,0,4,0,0,0
2002,90080,2,1,12,12,12,12,12,12,12,12,12,12
2002,90081,1,1,8,8,8,8,8,8,8,8,8,8
2002,90082,1,1,11,11,11,11,11,11,11,11,11,11
2002,90083,1,1,22,22,22,22,22,22,22,22,22,22
2002,90084,1,1,14,14,14,14,14,14,14,14,14,14
2002,90085,1,1,22,22,22,22,22,22,22,22,22,22
2002,90086,1,1,0,0,0,0,0,0,0,0,0,0
2002,90086,2,1,0,0,0,0,0,0,0,0,0,0
2002,90087,1,1,0,0,0,0,0,0,0,0,0,0
2002,90087,2,1,0,0,0,0,0,0,0,0,0,0
2002,90088,1,1,19,19,19,19,19,19,19,19,19,19
2002,90089,0,1,14,14,14,14,14,14,14,14,14,14
2002,90089,1,1,0,0,0,0,0,6,0,0,0,0
2002,90090,1,1,18,18,18,18,18,18,18,18,18,18
2002,90091,1,1,18,18,18,18,18,18,18,18,18,18
2002,90092,1,1,0,0,0,0,0,0,0,0,0,0
2002,90092,2,1,0,0,0,0,0,0,0,0,0,0
2002,90092,3,1,0,0,0,0,0,0,0,0,0,0
2002,90093,1,1,0,0,0,0,0,0,0,0,0,0
2002,90094,1,1,0,0,0,0,0,0,0,0,0,0
2002,90095,1,1,0,0,0,0,0,0,0,0,0,0
2002,90095,2,1,0,0,0,0,0,0,0,0,0,0
2002,90096,1,1,0,0,0,0,0,0,0,0,0,0
2002,90097,0,1,24,24,24,24,24,24,24,24,24,24
2002,90097,1,1,0,0,0,0,0,0,0,0,0,0
2002,90098,1,1,9,9,9,9,9,9,9,9,9,9
2002,90098,2,1,0,14,0,0,20,29,0,0,21,14
2002,90099,1,1,13,0,0,0,0,0,0,0,0,0
2002,90099,2,1,0,0,0,0,0,0,0,0,0,0
2002,90099,3,1,0,0,0,0,0,0,0,0,0,0
2002,90100,1,1,0,17,0,0,0,0,0,0,0,0
2002,90100,2,1,19,19,19,19,19,19,19,19,19,19
2002,90101,1,1,21,21,21,21,21,21,21,21,21,21
2002,90102,1,1,0,0,7,0,0,15,6,0,25,0
2002,90103,1,1,11,0,0,0,0,0,0,0,6,0
2002,90103,2,1,0,6,15,0,28,8,0,0,12,11
2002,90104,1,1,26,26,26,26,26,26,26,26,26,26
2002,90104,2,1,0,0,0,0,0,0,0,0,0,0
2002,90105,1,1,19,19,19,19,19,19,19,19,19,19
2002,90106,1,1,0,0,0,0,0,0,0,0,0,0
2002,90107,1,1,0,0,0,0,0,0,0,0,0,0
2002,90108,1,1,0,0,0,0,0,0,0,0,0,0
2002,90108,2,1,0,0,0,0,0,0,0,0,0,0
2002,90108,3,1,0,0,0,0,0,0,0,0,0,0
2002,90108,4,1,0,0,0,0,0,0,0,0,0,0
2002,90109,1,1,25,25,25,25,25,25,25,25,25,25
2002,90109,2,1,6,6,6,6,6,6,6,6,6,6
2002,90110,1,1,0,0,0,0,0,0,0,0,0,0
2002,90111,1,1,16,16,16,16,16,16,16,16,16,16
2002,90112,1,1,0,0,0,0,0,0,0,0,0,0
2002,90113,1,1,23,23,23,23,23,23,23,23,23,23
2002,90114,1,1,22,22,22,22,22,22,22,22,22,22
2002,90115,1,1,27,27,27,27,27,27,27,27,27,27
2002,90116,1,1,0,0,0,0,0,0,0,0,0,0
2002,90116,2,1,0,0,0,0,0,0,0,0,0,0
2002,90117,1,1,12,19,9,7,6,17,18,4,18,0
2002,90118,1,1,0,0,0,0,0,0,0,0,0,0
2002,90119,1,1,7,7,7,7,7,7,7,7,7,7
2002,90120,1,1,0,0,0,0,0,0,0,0,0,0
2002,90120,2,1,6,6,6,6,6,6,6,6,6,6
2002,90121,1,1,0,16,0,0,3,8,0,11,0,0
2002,90121,2,1,0,0,0,0,0,0,0,0,0,0
2002,90121,3,1,4,0,0,0,0,0,0,0,0,18
2002,90122,0,1,0,0,0,0,0,0,0,0,0,0
2002,90122,1,1,0,0,0,0,0,0,0,0,0,0
2002,90123,1,1,5,5,5,5,5,5,5,5,5,5
2002,90124,1,1,4,4,4,4,4,4,4,4,4,4
2002,90125,1,1,7,7,7,7,7,7,7,7,7,7
2002,90125,2,1,0,0,0,0,0,0,0,0,0,0
2002,90126,1,1,0,0,0,0,0,0,0,0,0,0
2002,90126,2,1,0,0,0,0,0,0,0,0,0,0
2002,90126,3,1,0,0,0,0,0,0,0,0,0,0
2002,90127,0,1,0,0,0,0,0,0,0,0,0,0
2002,90127,1,1,19,0,0,0,0,0,0,0,0,0
2002,90128,1,1,12,0,0,9,7,0,0,0,0,12
2002,90129,1,1,0,0,0,0,0,0,0,0,0,0
2002,90129,2,1,0,0,0,0,0,0,0,0,0,0
2002,90130,0,1,0,0,0,0,0,0,0,0,0,0
2002,90130,1,1,12,0,15,12,5,11,17,8,0,28
2002,90131,1,1,0,0,0,0,0,0,0,0,0,0
2002,90131,2,1,0,0,0,0,0,0,0,0,24,0
2002,90131,3,1,4,4,4,4,4,4,4,4,4,4
2002,90132,1,1,6,6,6,6,6,6,6,6,6,6
2002,90132,2,1,15,0,17,17,22,14,8,7,11,8
2002,90133,1,1,0,0,0,0,0,0,0,0,0,0
2002,90134,1,1,0,0,0,0,0,0,0,0,0,0
2002,90135,1,1,16,16,16,16,16,16,16,16,16,16
2002,90136,1,1,0,0,0,0,0,0,0,0,0,0
2002,90136,2,1,0,0,0,0,0,0,0,0,0,0
2002,90136,3,1,0,0,0,0,0,0,9,0,0,0
2002,90137,0,1,0,0,0,0,0,0,0,0,0,0
2002,90137,1,1,0,0,0,0,0,0,0,0,0,0
2002,90138,0,1,0,0,0,0,0,0,0,0,0,0
2002,90138,0,2,36,22,23,14,0,18,15,0,36,0
2002,90138,1,1,0,0,0,0,10,0,0,0,0,0
2002,90139,1,1,10,3,0,11,17,22,12,0,0,0
2002,90140,1,1,16,16,16,16,16,16,16,16,16,16
2002,90141,1,1,0,0,0,0,0,0,0,0,0,0
2002,90141,2,1,0,0,0,0,20,0,0,0,0,0
2002,90142,1,1,0,0,0,0,0,0,0,0,0,0
2002,90143,0,1,0,0,0,0,9,0,11,0,0,5
2002,90143,0,2,0,0,0,0,0,0,24,7,16,22
2002,90143,0,3,0,0,0,0,0,0,0,0,0,0
2002,90143,0,4,0,0,18,0,0,0,0,0,0,33
2002,90143,1,1,0,0,0,0,0,0,0,0,0,0
2002,90144,1,1,0,0,0,0,0,18,0,0,0,0
2002,90144,2,1,0,0,0,0,0,0,0,0,0,0
2002,90144,3,1,0,0,0,0,0,0,9,0,0,0
2002,90145,1,1,0,0,0,0,0,0,0,0,0,0
2002,90146,0,1,32,32,32,32,32,32,32,32,32,32
2002,90146,2,1,12,12,12,12,12,12,12,12,12,12
2002,90147,1,1,0,0,0,0,0,0,0,0,0,0
2002,90147,2,1,0,0,0,0,0,0,0,0,0,0
2002,90148,1,1,8,18,0,0,0,0,0,20,0,17
2002,90149,1,1,0,0,0,0,0,0,0,0,0,0
2002,90150,1,1,10,10,10,10,10,10,10,10,10,10
2002,90151,1,1,0,0,0,0,0,0,0,0,0,0
2002,90152,0,1,25,25,25,25,25,25,25,25,25,25
2002,90152,1,1,0,0,0,7,33,0,0,0,9,11
2002,90152,2,1,0,0,0,10,21,0,38,0,0,0
2002,90153,1,1,0,7,14,13,0,0,6,4,4,5
2002,90153,2,1,4,21,0,26,15,13,13,8,37,14
2002,90154,1,1,18,18,18,18,18,18,18,18,18,18
2002,90155,1,1,21,21,21,21,21,21,21,21,21,21
2002,90156,1,1,13,15,4,8,14,17,0,27,9,23
2002,90157,1,1,25,25,25,25,25,25,25,25,25,25
2002,90158,1,1,16,16,16,16,16,16,16,16,16,16
2002,90159,1,1,0,0,0,0,0,0,0,0,0,0
2002,90159,2,1,0,0,0,0,0,0,0,0,0,0
2002,90160,1,1,0,0,11,0,0,0,0,0,0,0
2002,90160,2,1,0,0,0,0,0,0,0,0,0,0
2002,90161,0,1,0,0,0,0,0,0,0,0,0,0
2002,90161,1,1,0,9,0,0,0,0,0,0,0,0
2002,90162,1,1,0,0,0,0,0,0,0,0,0,0
2002,90163,1,1,16,16,16,16,16,16,16,16,16,16
2002,90164,1,1,0,0,0,0,0,0,0,0,0,0
2002,90165,1,1,0,0,0,0,0,0,0,0,0,0
2002,90165,2,1,0,0,0,0,0,0,0,0,0,0
2002,90166,0,1,0,0,0,0,0,0,0,0,0,0
2002,90166,1,1,0,0,0,0,0,0,0,0,0,0
2002,90167,1,1,0,0,0,0,0,0,0,0,0,0
2002,90167,2,1,25,25,25,25,25,25,25,25,25,25
2002,90168,1,1,0,39,0,17,17,6,0,4,28,2
2002,90169,1,1,10,10,10,10,10,10,10,10,10,10
2002,90170,1,1,9,4,10,27,20,0,13,16,22,0
2002,90171,1,1,2,0,25,0,0,0,24,0,0,0
2002,90172,1,1,24,0,6,0,0,4,8,0,6,0
2002,90173,1,1,0,0,0,0,0,0,0,0,0,0
2002,90173,2,1,0,0,0,0,0,0,7,0,0,0
2002,90174,0,1,0,0,0,0,0,0,0,0,0,0
2002,90174,1,1,0,0,0,0,0,0,0,0,0,0
2002,90175,1,1,8,18,10,5,17,0,12,11,12,0
2002,90176,0,1,30,30,30,30,30,30,30,30,30,30
2002,90176,1,1,8,21,0,5,0,0,13,12,17,0
2002,90177,1,1,0,0,0,0,0,0,0,0,0,0
2002,90177,2,1,0,0,0,0,0,0,0,0,0,0
2002,90178,1,1,0,0,0,0,0,0,0,14,0,0
2002,90178,2,1,0,0,0,0,0,0,0,0,0,0
2002,90179,1,1,0,0,0,0,0,0,0,0,0,0
2002,90180,0,1,0,0,0,0,0,0,0,0,0,0
2002,90180,1,1,0,0,0,0,0,0,0,0,0,0
2002,90181,1,1,14,14,14,14,14,14,14,14,14,14
2002,90182,1,1,9,0,0,0,17,10,0,0,0,0
2002,90182,2,1,0,0,0,0,0,0,0,0,0,0
2002,90183,1,1,0,0,0,0,0,0,0,0,0,0
2002,90184,1,1,10,26,14,4,10,24,36,29,19,19
2002,90185,1,1,30,30,30,30,30,30,30,30,30,30
2002,90185,2,1,0,0,0,0,0,0,0,0,0,0
2002,90186,1,1,0,0,0,0,0,0,0,0,0,0
2002,90187,1,1,0,0,0,0,0,0,0,0,0,0
2002,90187,2,1,0,0,0,0,0,0,0,0,0,0
2002,90187,3,1,0,0,0,0,0,0,0,0,0,0
2002,90188,1,1,0,0,0,0,0,7,0,0,0,0
2002,90189,1,1,15,15,15,15,15,15,15,15,15,15
2002,90189,2,1,0,0,0,0,0,0,0,0,0,0
2002,90190,1,1,0,0,0,8,0,0,0,0,0,0
2002,90191,1,1,0,0,0,0,0,0,0,0,0,0
2002,90192,1,1,0,0,0,0,0,0,18,46,0,0
2002,90193,0,1,10,10,10,10,10,10,10,10,10,10
2002,90193,1,1,0,0,0,0,0,0,0,0,18,0
2002,90194,1,1,0,0,0,0,0,0,0,0,0,0
2002,90194,2,1,0,0,0,0,0,0,0,0,0,0
2002,90195,1,1,0,0,28,0,0,0,0,15,0,0
2002,90196,1,1,0,0,0,0,0,0,0,0,0,0
2002,90196,2,1,0,0,0,0,0,0,0,0,0,0
2002,90197,1,1,25,25,25,25,25,25,25,25,25,25
2002,90197,2,1,0,0,0,0,0,0,0,0,8,0
2002,90198,1,1,28,28,28,28,28,28,28,28,28,28
2002,90199,0,1,8,8,8,8,8,8,8,8,8,8
2002,90199,1,1,15,0,0,6,0,0,0,0,14,0
2002,90200,1,1,0,0,0,17,11,0,2,0,0,11
2002,90201,1,1,0,0,0,0,0,0,0,0,0,0
2002,90202,1,1,19,19,19,19,19,19,19,19,19,19
2002,90203,0,1,0,0,0,0,0,0,0,0,0,0
2002,90203,1,1,0,0,0,0,0,0,0,0,0,0
2002,90204,1,1,12,12,12,12,12,12,12,12,12,12
2002,90205,1,1,22,22,22,22,22,22,22,22,22,22
2002,90206,1,1,0,0,0,0,0,0,0,0,0,0
2002,90206,2,1,7,7,7,7,7,7,7,7,7,7
2002,90207,1,1,0,0,0,0,0,0,0,0,0,0
2002,90208,1,1,17,17,17,17,17,17,17,17,17,17
2002,90208,2,1,12,0,0,0,0,0,16,0,0,0
2002,90209,0,1,0,0,0,0,0,0,0,0,0,0
2002,90209,1,1,0,0,0,0,0,0,0,0,0,0
2002,90210,1,1,0,0,0,0,0,0,0,0,0,0
2002,90211,1,1,0,0,0,0,0,0,0,0,0,0
2002,90211,2,1,0,0,0,0,0,0,0,0,0,0
2002,90212,1,1,0,0,0,0,0,0,0,0,0,0
2002,90212,2,1,0,0,0,0,0,0,0,0,0,0
2002,90213,0,1,0,0,0,0,0,0,0,0,0,0
2002,90213,1,1,0,0,0,0,0,0,0,0,0,0
2002,90214,1,1,0,0,0,0,0,0,0,0,0,0
2002,90215,1,1,0,0,0,0,0,0,0,0,0,0
2002,90216,1,1,13,13,13,13,13,13,13,13,13,13
2002,90216,2,1,16,16,16,16,16,16,16,16,16,16
2002,90216,3,1,0,0,0,14,0,0,11,0,0,8
2002,90217,1,1,0,0,0,0,0,0,0,6,13,0
2002,90218,1,1,0,0,0,0,0,0,0,0,0,0
2002,90219,1,1,5,5,5,5,5,5,5,5,5,5
2002,90220,1,1,0,0,0,0,0,0,0,0,0,0
2002,90220,2,1,0,0,0,0,0,0,0,0,0,0
2002,90221,1,1,30,26,14,7,7,12,9,0,2,13
2002,90221,2,1,0,0,0,0,0,0,0,0,0,0
2002,90222,0,1,0,0,0,0,21,0,0,0,0,0
2002,90222,0,2,0,0,0,0,0,0,0,0,0,0
2002,90222,1,1,0,0,0,0,0,0,0,0,0,0
2002,90223,1,1,0,0,0,0,0,0,0,0,0,0
2002,90224,1,1,0,0,0,0,0,0,0,0,0,0
2002,90224,2,1,0,0,0,0,0,0,0,0,0,0
2002,90225,1,1,0,0,0,14,0,74,0,0,2,17
2002,90225,2,1,0,16,0,0,0,0,0,0,0,0
2002,90225,3,1,0,0,10,0,0,0,0,0,0,0
2002,90226,1,1,0,0,0,0,0,0,0,0,0,0
2002,90227,1,1,0,0,0,0,0,0,0,0,0,0
2002,90228,1,1,0,0,0,0,0,0,0,0,0,0
2002,90228,2,1,0,0,0,0,0,0,0,0,0,0
2002,90229,0,1,0,0,0,0,0,0,0,0,15,0
2002,90229,1,1,0,0,0,0,0,0,0,0,0,0
2002,90230,0,1,0,0,0,21,0,0,0,0,0,22
2002,90230,1,1,0,0,0,0,0,0,0,0,0,0
2002,90231,1,1,0,20,0,24,10,25,14,17,21,4
2002,90232,0,1,0,0,0,0,0,0,0,0,0,0
2002,90232,1,1,0,0,0,0,7,0,0,0,0,0
2002,90233,1,1,0,0,0,5,0,0,0,0,0,16
2002,90234,1,1,0,0,0,0,0,0,0,0,0,0
2002,90234,2,1,0,0,0,0,0,0,14,7,0,6
2002,90235,1,1,0,0,0,0,0,0,0,0,0,0
2002,90235,2,1,0,0,0,0,0,0,0,0,0,0
2002,90235,3,1,0,0,0,0,0,0,0,0,0,0
2002,90236,0,1,0,0,0,0,0,0,0,0,0,0
2002,90236,1,1,2,0,0,23,0,0,3,9,0,0
2002,90237,0,1,5,5,5,5,5,5,5,5,5,5
2002,90237,1,1,0,0,0,0,0,0,0,0,0,0
2002,90238,1,1,0,0,0,0,0,0,0,0,0,0
2002,90239,1,1,0,0,0,0,0,0,0,0,0,0
2002,90240,1,1,16,16,16,16,16,16,16,16,16,16
2002,90241,1,1,0,0,0,0,0,0,0,0,0,0
2002,90241,2,1,0,0,0,0,0,0,0,0,0,0
2002,90242,1,1,17,17,17,17,17,17,17,17,17,17
2002,90243,1,1,11,11,11,11,11,11,11,11,11,11
2002,90244,1,1,10,12,9,7,10,9,13,13,11,24
2002,90245,1,1,0,0,0,0,0,0,0,0,0,0
2002,90245,2,1,0,0,0,0,0,0,0,0,0,0
2002,90246,0,1,0,0,0,0,0,0,10,19,0,0
2002,90246,1,1,14,0,0,0,0,0,0,0,0,0
2002,90247,1,1,0,0,0,0,0,0,0,0,0,0
2002,90247,2,1,0,0,0,0,0,0,0,0,0,0
2002,90248,0,1,0,0,0,0,0,0,4,0,0,0
2002,90248,1,1,0,0,0,0,0,0,0,0,0,0
2002,90249,1,1,0,0,0,0,0,0,0,0,0,0
2002,90250,1,1,19,19,19,19,19,19,19,19,19,19
2002,90251,1,1,0,0,0,0,0,0,0,0,0,0
2002,90251,2,1,0,0,0,3,0,7,0,0,0,0
2002,90252,0,1,0,0,0,0,0,0,0,0,0,0
2002,90252,1,1,0,0,0,0,0,0,0,0,0,0
2002,90253,0,1,10,0,27,0,5,0,0,0,4,0
2002,90253,0,2,0,0,0,0,0,0,0,0,0,0
2002,90253,0,3,0,0,0,0,0,0,0,0,0,0
2002,90253,1,1,24,0,0,0,0,11,0,0,0,0
2002,90254,1,1,0,0,21,0,0,9,0,0,14,3
2002,90255,1,1,0,0,0,0,0,0,0,0,0,0
2002,90256,1,1,21,21,21,21,21,21,21,21,21,21
2002,90257,0,1,26,26,26,26,26,26,26,26,26,26
2002,90257,1,1,0,0,0,0,0,0,0,0,0,0
2002,90258,1,1,0,0,0,0,0,0,0,0,0,0
2002,90259,0,1,0,0,0,0,0,0,0,0,0,0
2002,90259,1,1,0,0,0,0,0,0,0,0,0,0
2002,90260,1,1,0,0,0,0,0,0,0,0,0,0
2002,90261,1,1,0,0,0,0,0,0,0,0,0,0
2002,90261,2,1,0,0,0,0,0,0,0,0,0,0
2002,90262,0,1,0,0,0,0,0,0,0,0,0,0
2002,90262,1,1,0,0,0,0,0,0,0,0,0,0
2002,90263,1,1,0,0,0,0,0,0,0,0,0,0
2002,90264,0,1,24,18,41,12,22,0,31,14,31,18
2002,90264,1,1,0,0,0,0,0,0,8,0,0,0
2002,90265,1,1,0,0,0,0,0,0,0,0,0,0
2002,90265,2,1,0,0,0,0,0,0,0,0,0,0
2002,90266,0,1,0,0,16,0,0,29,13,0,17,0
2002,90266,1,1,0,0,0,0,0,0,0,0,0,0
2002,90267,1,1,31,31,31,31,31,31,31,31,31,31
2002,90268,1,1,0,0,0,0,0,0,0,0,0,0
2002,90268,2,1,0,0,0,0,0,0,0,0,0,0
2002,90269,0,1,0,0,0,0,6,0,0,0,24,0
2002,90269,0,2,0,0,0,0,0,0,0,0,0,0
2002,90269,1,1,0,0,0,0,0,0,0,0,0,0
2002,90270,1,1,21,21,21,21,21,21,21,21,21,21
2002,90271,1,1,0,0,0,0,0,0,0,0,0,18
2002,90272,1,1,0,0,0,0,0,0,0,0,0,0
2002,90272,2,1,0,0,0,0,0,0,0,0,0,0
2002,90273,1,1,0,0,0,0,0,0,0,0,0,0
2002,90274,0,1,0,0,0,0,0,0,0,0,0,0
2002,90274,0,2,0,0,0,0,0,0,0,0,0,0
2002,90274,1,1,0,0,0,0,14,0,7,0,0,0
2002,90275,1,1,0,0,0,0,0,0,0,0,0,0
2002,90276,0,1,6,6,6,6,6,6,6,6,6,6
2002,90276,0,2,0,0,0,0,0,0,0,0,0,0
2002,90276,1,1,0,0,0,0,0,0,0,0,0,0
2002,90276,2,1,15,15,15,15,15,15,15,15,15,15
2002,90277,1,1,22,0,0,8,25,0,0,14,12,0
2002,90277,2,1,17,17,17,17,17,17,17,17,17,17
2002,90278,0,1,0,0,0,0,0,0,0,0,0,0
2002,90278,1,1,0,0,21,0,0,0,12,0,0,0
2002,90279,1,1,0,0,0,0,0,0,0,0,0,0
2002,90280,1,1,12,12,12,12,12,12,12,12,12,12
2002,90280,2,1,2,2,2,2,2,2,2,2,2,2
2002,90281,0,1,0,0,0,0,0,0,0,0,0,0
2002,90281,0,2,0,0,16,9,0,0,12,0,5,24
2002,90281,0,3,0,0,0,0,0,0,0,0,11,0
2002,90281,0,4,0,14,5,0,0,0,2,0,0,19
2002,90281,0,5,0,0,5,0,0,0,15,4,0,0
2002,90281,1,1,7,0,0,10,0,0,0,0,0,0
2002,90282,1,1,0,0,0,0,0,0,0,0,0,0
2002,90282,2,1,7,7,7,7,7,7,7,7,7,7
2002,90283,1,1,0,0,0,0,0,0,0,0,0,0
2002,90283,2,1,0,0,0,0,0,0,0,0,0,0
2002,90284,0,1,0,0,0,0,0,0,0,0,0,0
2002,90284,1,1,0,0,0,0,0,0,0,0,0,0
2002,90285,1,1,0,0,0,0,0,0,0,0,0,0
2002,90286,1,1,21,21,21,21,21,21,21,21,21,21
2002,90287,0,1,33,33,33,33,33,33,33,33,33,33
2002,90287,1,1,0,0,0,0,9,3,0,11,8,0
2002,90288,1,1,0,0,0,0,0,0,0,0,0,0
2002,90288,2,1,0,0,0,0,0,0,0,0,0,0
2002,90289,1,1,0,0,0,0,0,0,0,0,0,0
2002,90289,2,1,6,17,18,0,0,7,23,0,16,20
2002,90290,1,1,0,0,0,0,0,0,0,0,0,0
2002,90291,1,1,0,15,0,0,0,0,0,0,0,0
2002,90291,2,1,0,0,0,22,0,0,0,0,18,6
2002,90292,1,1,19,19,19,19,19,19,19,19,19,19
2002,90292,2,1,0,0,0,17,0,20,0,33,0,7
2002,90293,1,1,0,0,0,0,0,0,0,0,0,0
2002,90293,2,1,0,0,0,0,0,0,0,0,0,0
2002,90294,1,1,0,0,0,0,0,0,0,0,0,0
2002,90295,1,1,8,5,0,0,8,20,11,11,0,9
2002,90295,2,1,0,0,0,0,0,0,0,0,0,0
2002,90296,0,1,0,0,0,0,0,0,0,0,0,0
2002,90296,1,1,0,0,0,0,0,0,0,0,0,0
2002,90297,1,1,0,0,0,0,0,0,0,0,0,0
2002,90298,1,1,0,0,0,0,14,0,16,0,0,0
2002,90299,1,1,0,0,0,0,0,0,0,0,0,0
2002,90299,2,1,0,0,0,0,0,0,0,0,0,0
2002,90300,1,1,0,0,0,8,0,0,0,0,0,0
2002,90300,2,1,0,0,0,0,19,16,0,0,0,0
2002,90301,1,1,21,21,21,21,21,21,21,21,21,21
2002,100001,1,1,0,0,0,0,0,0,0,0,0,0
2002,100001,2,1,2,2,2,2,2,2,2,2,2,2
2002,100002,1,1,23,23,23,23,23,23,23,23,23,23
2002,100003,1,1,0,0,0,0,0,0,0,0,0,0
2002,100004,1,1,6,10,31,18,0,14,6,0,0,24
2002,100005,1,1,0,0,0,0,0,0,0,0,0,0
2002,100006,1,1,0,0,0,0,0,0,0,0,0,0
2002,100006,2,1,0,0,0,0,0,0,0,0,0,0
2002,100007,1,1,0,0,0,0,0,0,0,0,0,0
2002,100008,1,1,23,23,23,23,23,23,23,23,23,23
2002,100009,1,1,0,0,0,0,0,0,0,0,0,0
2002,100009,2,1,0,0,0,0,0,0,0,0,0,0
2002,100010,1,1,0,0,0,0,0,0,0,0,0,0
2002,100010,2,1,0,0,0,0,0,0,0,0,0,0
2002,100011,1,1,0,0,0,0,0,0,0,0,0,0
2002,100011,2,1,0,0,0,0,0,0,0,0,0,0
2002,100011,3,1,0,0,15,0,6,25,0,0,0,0
2002,100012,1,1,0,0,0,0,0,0,0,0,0,0
2002,100012,2,1,0,0,0,0,0,0,0,0,0,0
2002,100013,0,1,0,0,0,0,0,0,0,0,0,0
2002,100013,1,1,0,0,0,0,0,0,0,0,0,0
2002,100014,1,1,16,16,16,16,16,16,16,16,16,16
2002,100015,1,1,0,0,0,0,0,0,0,0,0,0
2002,100016,1,1,0,0,0,0,0,0,0,0,0,0
2002,100017,1,1,0,0,0,0,0,0,0,0,0,0
2002,100017,2,1,0,3,21,0,6,0,0,0,0,0
2002,100017,3,1,0,0,0,0,0,0,0,0,12,0
2002,100017,4,1,0,0,0,0,0,0,0,21,12,0