YEAR,ST_CASE,veh_no,per_no,P1,P2,P3,P4,P5,P6,P7,P8,P9,P10
2002,100017,5,1,0,0,0,0,0,0,0,0,0,0
2002,100017,6,1,13,0,0,0,0,0,0,0,0,0
2002,100018,1,1,0,0,0,0,0,0,0,0,0,0
2002,100018,2,1,0,0,0,0,0,0,0,0,0,0
2002,100019,1,1,0,0,0,0,0,0,0,0,14,0
2002,100020,0,1,36,36,36,36,36,36,36,36,36,36
2002,100020,1,1,0,0,0,0,0,0,0,0,0,0
2002,100020,2,1,12,12,7,0,0,0,0,0,0,0
2002,100021,1,1,0,0,0,0,0,0,0,0,0,0
2002,100022,1,1,0,0,0,0,0,0,0,0,0,0
2002,100023,1,1,14,14,14,14,14,14,14,14,14,14
2002,100024,1,1,0,0,0,0,0,0,0,0,0,0
2002,100024,2,1,0,0,0,0,0,0,0,0,0,0
2002,100025,1,1,14,0,26,37,0,11,19,0,0,0
2002,100025,2,1,0,0,0,0,0,0,7,0,0,0
2002,100026,1,1,0,0,0,0,0,0,0,0,0,0
2002,100026,2,1,0,0,0,0,0,0,0,0,0,0
2002,100027,1,1,24,15,15,15,26,11,20,19,17,10
2002,100027,2,1,0,0,0,0,0,0,32,0,0,0
2002,100028,1,1,0,0,0,0,0,0,0,0,0,0
2002,100029,1,1,0,0,0,0,0,0,16,0,0,0
2002,100030,0,1,10,12,16,6,0,0,0,19,13,0
2002,100030,1,1,1,1,1,1,1,1,1,1,1,1
2002,100031,1,1,21,22,14,8,6,19,0,6,12,17
2002,100032,1,1,0,0,0,0,0,0,0,0,0,0
2002,100033,1,1,0,0,0,0,0,0,0,0,0,0
2002,100033,2,1,0,0,0,0,0,0,0,0,0,0
2002,100034,1,1,7,7,7,7,7,7,7,7,7,7
2002,100035,1,1,0,0,0,0,0,0,0,0,0,0
2002,100035,2,1,0,0,0,0,0,0,0,0,0,0
2002,100036,1,1,0,0,0,0,0,0,0,0,0,0
2002,100037,1,1,19,19,19,19,19,19,19,19,19,19
2002,100038,1,1,16,18,0,0,18,0,20,18,18,10
2002,100038,2,1,0,0,0,0,0,0,0,0,0,0
2002,100039,1,1,0,0,0,0,0,0,0,0,0,0
2002,100040,1,1,0,0,0,0,0,0,0,0,0,0
2002,100040,2,1,0,0,0,0,0,0,0,0,0,0
2002,100041,0,1,0,0,0,0,0,0,0,0,0,0
2002,100041,0,2,0,7,18,0,0,0,0,0,0,17
2002,100041,1,1,0,0,0,0,0,0,0,0,0,0
2002,100041,2,1,0,0,0,0,0,0,0,0,0,0
2002,100042,1,1,0,0,0,0,0,0,0,0,0,0
2002,100042,2,1,0,0,0,0,0,0,0,0,0,0
2002,100043,1,1,18,18,18,18,18,18,18,18,18,18
2002,100044,1,1,0,0,0,0,0,0,0,0,0,0
2002,100044,2,1,0,0,0,0,0,0,0,0,0,0
2002,100045,1,1,15,15,15,15,15,15,15,15,15,15
2002,100046,0,1,12,12,12,12,12,12,12,12,12,12
2002,100046,1,1,0,0,0,0,0,0,0,0,0,0
2002,100047,1,1,21,21,21,21,21,21,21,21,21,21
2002,100047,2,1,0,0,0,0,0,0,0,0,0,0
2002,100048,1,1,18,18,18,18,18,18,18,18,18,18
2002,100049,1,1,0,0,0,0,0,0,0,0,0,0
2002,100049,2,1,0,0,0,0,0,0,0,0,0,0
2002,100050,2,1,0,0,0,0,0,0,0,0,0,0
2002,100051,1,1,0,0,0,0,0,0,0,0,0,0
2002,100051,2,1,0,0,0,0,0,0,0,0,0,0
2002,100052,0,1,0,0,0,0,0,0,0,0,0,0
2002,100052,1,1,0,0,0,0,0,0,0,0,0,0
2002,100053,1,1,0,0,0,0,0,0,0,0,0,0
2002,100054,1,1,32,32,32,32,32,32,32,32,32,32
2002,100055,1,1,0,0,0,0,0,0,0,0,0,0
2002,100055,2,1,0,0,0,0,0,0,0,0,0,0
2002,100056,1,1,0,0,0,0,0,0,0,0,0,0
2002,100057,1,1,0,0,0,0,0,0,0,0,0,0
2002,100058,1,1,17,17,17,17,17,17,17,17,17,17
2002,100059,0,1,0,0,0,0,0,0,0,0,0,0
2002,100059,1,1,0,0,0,0,0,0,0,0,0,0
2002,100060,1,1,12,12,12,12,12,12,12,12,12,12
2002,100061,1,1,29,29,29,29,29,29,29,29,29,29
2002,100062,0,1,0,0,0,0,0,0,0,0,0,0
2002,100062,1,1,0,0,0,0,0,0,0,0,0,0
2002,100063,1,1,0,0,0,0,0,0,0,0,0,0
2002,100064,1,1,0,0,0,0,0,0,0,0,0,0
2002,100065,1,1,30,30,30,30,30,30,30,30,30,30
2002,100066,1,2,15,15,15,15,15,15,15,15,15,15
2002,100067,0,1,9,9,9,9,9,9,9,9,9,9
2002,100067,2,1,0,0,0,0,0,0,0,0,0,0
2002,100067,3,1,0,0,0,0,0,0,0,0,0,0
2002,100067,4,1,0,0,0,0,0,0,0,0,0,0
2002,100067,5,1,0,0,0,0,18,0,0,0,0,0
2002,100068,1,1,0,0,0,0,0,0,0,0,0,0
2002,100068,2,1,0,0,0,0,0,0,0,0,0,0
2002,100069,1,1,39,39,39,39,39,39,39,39,39,39
2002,100070,1,1,0,0,0,0,0,4,0,0,0,0
2002,100070,2,1,0,0,0,0,0,0,0,0,0,0
2002,100071,0,1,9,9,9,9,9,9,9,9,9,9
2002,100071,1,1,12,7,28,21,12,29,8,18,0,33
2002,100072,1,1,0,0,0,0,0,0,0,0,0,0
2002,100072,2,1,0,0,0,0,0,0,0,0,0,0
2002,100073,1,1,0,0,0,0,0,0,0,0,0,0
2002,100073,2,1,0,0,0,0,0,0,0,0,0,0
2002,100074,1,1,0,0,0,0,0,0,0,0,0,0
2002,100075,1,1,6,30,21,29,12,20,23,31,3,15
2002,100076,1,1,0,0,0,0,0,0,0,0,0,0
2002,100076,2,1,0,0,0,0,0,0,0,0,0,0
2002,100077,0,1,0,0,0,0,0,0,0,0,0,0
2002,100077,1,1,0,0,0,0,0,0,0,0,0,0
2002,100078,1,1,25,25,25,25,25,25,25,25,25,25
2002,100078,2,1,0,17,0,25,0,0,25,0,15,0
2002,100078,3,1,0,0,0,10,0,0,0,0,0,0
2002,100079,0,1,0,0,0,0,0,0,0,0,0,0
2002,100079,1,1,0,0,0,0,0,0,0,0,0,0
2002,100080,1,1,0,0,0,0,0,0,0,0,0,0
2002,100080,2,1,0,0,0,0,0,0,0,0,0,0
2002,100081,1,1,0,0,0,0,0,0,0,0,0,0
2002,100081,2,1,0,0,0,0,0,0,0,0,0,0
2002,100081,3,1,0,5,0,0,0,0,0,0,0,0
2002,100082,1,1,0,0,0,0,0,0,0,0,0,0
2002,100082,2,1,0,0,0,0,0,0,0,0,0,0
2002,100083,1,1,0,0,0,0,0,0,0,0,0,0
2002,100083,2,1,0,0,0,0,0,0,0,0,0,0
2002,100084,0,1,0,0,0,0,0,0,0,0,0,0
2002,100084,1,1,0,0,0,0,25,0,12,21,19,14
2002,100085,0,1,3,3,3,3,3,3,3,3,3,3
2002,100085,1,1,0,0,0,0,0,0,0,0,0,19
2002,100085,2,1,0,0,0,0,0,0,0,0,0,0
2002,100085,3,1,0,0,0,0,0,0,0,0,0,0
2002,100086,0,1,8,8,8,8,8,8,8,8,8,8
2002,100086,0,2,0,0,0,0,0,0,0,0,0,0
2002,100086,2,1,0,0,0,0,0,0,0,0,0,0
2002,100086,3,1,0,0,0,0,0,0,0,0,0,0
2002,100087,1,1,15,15,15,15,15,15,15,15,15,15
2002,100088,1,1,0,0,0,0,0,0,0,0,0,0
2002,100088,2,1,0,0,0,0,0,0,0,0,0,0
2002,100089,1,1,11,0,0,21,33,5,20,16,18,13
2002,100090,1,1,27,26,12,15,22,14,24,24,22,26
2002,100091,1,1,0,0,0,0,0,0,0,0,0,0
2002,100092,0,1,0,0,0,0,0,0,0,0,0,0
2002,100092,1,1,0,0,23,25,0,24,7,14,16,16
2002,100093,1,1,0,0,0,0,0,0,0,0,0,0
2002,100093,2,1,0,0,0,0,0,0,0,0,0,0
2002,100094,1,1,0,0,0,0,0,0,0,0,0,0
2002,100094,2,1,11,11,11,11,11,11,11,11,11,11
2002,100095,1,1,23,23,23,23,23,23,23,23,23,23
2002,100096,1,1,0,0,0,0,0,0,0,0,0,0
2002,100096,2,1,0,0,0,0,0,0,0,0,0,0
2002,100097,1,1,0,0,0,0,0,0,0,0,0,0
2002,100097,2,1,0,0,0,0,0,0,0,0,0,0
2002,100098,1,1,0,0,0,0,0,0,0,0,0,0
2002,100098,2,1,0,0,0,0,0,0,0,0,0,0
2002,100099,1,1,23,23,23,23,23,23,23,23,23,23
2002,100100,1,1,0,0,0,0,0,0,0,0,0,0
2002,100100,2,1,0,0,0,0,0,0,0,0,0,0
2002,100100,3,1,0,0,0,0,0,0,0,0,0,0
2002,100101,1,1,12,12,12,12,12,12,12,12,12,12
2002,100101,2,1,12,12,12,12,12,12,12,12,12,12
2002,100102,0,1,0,0,0,0,16,0,0,23,0,0
2002,100102,0,2,0,0,0,0,0,0,0,0,0,0
2002,100102,2,1,0,0,0,0,0,0,0,0,0,0
2002,100103,0,1,23,23,23,23,23,23,23,23,23,23
2002,100103,1,1,0,0,0,0,0,0,0,0,0,0
2002,100104,1,1,19,12,10,17,35,21,9,8,2,18
2002,100105,0,1,0,0,0,0,0,0,0,0,0,0
2002,100105,1,1,0,0,0,0,0,0,0,0,0,0
2002,100106,1,1,0,0,0,0,0,13,0,0,0,0
2002,100106,2,1,0,0,0,0,0,0,0,0,0,0
2002,100107,0,1,23,23,23,23,23,23,23,23,23,23
2002,100107,1,1,0,0,0,0,0,0,0,0,0,0
2002,100108,0,1,24,24,24,24,24,24,24,24,24,24
2002,100108,1,1,0,0,0,0,0,0,0,0,0,0
2002,100109,1,1,0,0,0,0,0,0,0,0,0,0
2002,100110,1,1,0,0,0,0,0,0,0,0,0,0
2002,100111,1,1,0,0,0,0,0,0,0,0,0,0
2002,100111,2,1,0,9,0,0,5,0,0,0,0,0
2002,100112,1,1,6,6,6,6,6,6,6,6,6,6
2002,100113,1,1,0,0,0,0,0,0,0,0,0,0
2002,100114,1,1,0,0,0,0,0,0,0,0,0,0
2002,100114,2,1,0,0,0,0,0,0,0,0,0,0
2002,110001,1,1,0,0,0,0,0,0,0,0,0,0
2002,110001,2,1,0,0,0,0,0,0,25,21,0,0
2002,110002,1,1,0,0,0,0,0,0,0,0,0,0
2002,110002,2,1,0,0,0,0,18,0,0,0,0,0
2002,110002,3,1,0,0,0,0,0,0,0,0,0,0
2002,110003,1,1,22,22,22,22,22,22,22,22,22,22
2002,110003,2,1,14,20,10,16,16,0,0,0,7,0
2002,110004,1,1,13,20,31,0,20,0,17,27,25,17
2002,110005,1,1,12,14,13,0,0,0,11,8,9,17
2002,110006,0,1,21,18,0,0,0,13,0,25,0,19
2002,110006,1,1,0,0,0,0,0,0,0,0,0,0
2002,110007,1,1,0,0,0,0,0,0,0,0,0,4
2002,110007,2,1,17,0,0,20,20,0,15,0,0,0
2002,110008,1,1,20,0,0,0,0,13,15,0,0,0
2002,110008,2,1,0,0,0,0,7,16,12,0,19,0
2002,110008,3,1,0,0,0,0,0,0,17,0,0,0
2002,110008,4,1,0,0,0,0,0,0,19,0,0,0
2002,110008,5,1,0,0,0,0,0,5,0,0,0,0
2002,110010,1,1,0,14,26,0,0,0,0,0,0,0
2002,110011,1,1,0,0,0,0,0,6,0,0,20,0
2002,110011,2,1,0,0,0,0,0,0,0,0,0,0
2002,110012,1,1,0,11,23,21,15,0,0,0,12,20
2002,110013,1,1,0,0,6,0,28,0,0,24,0,0
2002,110014,1,1,24,0,22,19,31,0,5,0,0,0
2002,110015,1,1,6,0,0,10,0,0,0,15,6,0
2002,110016,1,1,11,0,0,13,0,0,0,0,0,0
2002,110016,2,1,0,0,0,0,0,0,0,0,13,0
2002,110017,1,1,15,15,15,15,15,15,15,15,15,15
2002,110017,2,1,0,10,0,0,0,0,9,0,0,11
2002,110018,1,1,0,17,27,15,0,12,40,14,21,18
2002,110019,1,1,0,0,0,0,0,6,0,0,0,0
2002,110019,2,1,27,0,0,0,0,25,0,0,0,0
2002,110020,1,1,0,0,0,0,18,0,20,0,0,0
2002,110021,1,1,12,23,0,0,0,22,0,0,9,14
2002,110021,2,1,21,8,37,9,16,21,18,0,0,18
2002,110021,3,1,13,9,13,0,0,0,0,0,13,0
2002,110022,1,1,0,0,20,0,0,3,0,0,0,0
2002,110022,2,1,0,0,0,0,0,0,0,0,0,0
2002,110023,1,1,0,30,8,16,13,8,9,0,3,19
2002,110023,2,1,0,0,0,0,16,0,0,0,0,0
2002,110024,1,1,0,9,0,15,0,0,8,0,0,0
2002,110024,2,1,0,0,0,0,0,0,0,0,0,0
2002,110025,0,1,0,0,0,0,0,0,0,0,0,0
2002,110025,1,1,0,0,0,0,0,0,0,0,0,0
2002,110027,0,1,0,0,7,26,13,28,0,11,11,0
2002,110027,1,1,0,0,0,0,0,0,0,0,14,16
2002,110028,1,1,12,0,0,11,0,0,0,0,7,0
2002,110028,2,1,0,0,0,0,0,0,0,0,0,0
2002,110029,1,1,29,15,27,0,15,21,21,16,13,0
2002,110029,2,1,0,0,13,0,0,16,0,23,0,13
2002,110030,0,1,0,0,0,0,9,0,0,0,0,0
2002,110030,1,1,0,0,0,0,0,0,0,0,0,0
2002,110031,1,1,0,0,13,0,10,15,0,14,25,15
2002,110032,1,1,0,0,12,13,14,19,0,11,11,0
2002,110033,0,1,18,14,14,32,30,0,39,18,22,36
2002,110033,1,1,0,0,0,6,0,0,13,0,0,0
2002,110033,2,1,11,13,20,0,0,19,21,0,27,0
2002,110034,0,1,5,0,0,0,0,0,0,9,24,0
2002,110034,1,1,21,0,0,0,0,0,0,0,0,0
2002,110035,1,1,12,12,12,12,12,12,12,12,12,12
2002,110035,2,1,0,9,13,10,0,0,6,17,0,17
2002,110036,0,1,23,0,18,0,28,23,0,29,3,15
2002,110036,1,1,0,0,13,0,15,0,0,0,0,0
2002,110037,1,1,0,0,0,0,0,0,0,0,0,0
2002,110037,2,1,0,0,0,0,0,0,0,0,16,0
2002,110038,0,1,0,0,0,0,32,0,19,0,0,0
2002,110038,1,1,0,0,0,12,0,16,0,0,0,0
2002,110039,1,1,13,13,13,13,13,13,13,13,13,13
2002,110040,1,1,0,0,0,0,0,0,0,0,0,0
2002,110040,2,1,0,0,0,0,0,0,0,0,0,0
2002,110041,0,1,17,0,0,0,0,0,0,8,0,0
2002,110041,1,1,0,0,0,0,0,0,0,0,0,0
2002,110041,2,1,0,0,13,0,0,0,0,0,0,0
2002,110042,1,1,0,9,0,0,22,0,0,0,0,0
2002,110042,2,1,0,0,3,0,0,0,0,0,0,0
2002,110042,3,1,0,0,0,0,0,0,0,0,0,14
2002,110043,1,1,31,10,14,16,9,17,6,10,13,10
2002,110043,2,1,8,14,0,0,0,0,0,0,5,0
2002,110044,1,1,18,0,0,0,0,21,14,0,0,22
2002,110044,2,1,23,0,6,0,0,0,9,0,0,0
2002,110045,1,1,0,17,0,14,6,29,27,0,0,0
2002,120001,0,1,0,34,23,0,0,0,0,0,0,0
2002,120001,1,1,0,0,0,0,0,0,0,0,0,0
2002,120002,0,1,0,0,0,0,0,0,0,0,0,0
2002,120002,1,1,0,0,0,0,0,0,0,0,0,0
2002,120003,1,1,0,0,0,0,0,0,0,0,0,0
2002,120005,1,1,10,10,10,10,10,10,10,10,10,10
2002,120005,2,1,0,0,0,0,0,0,0,0,0,0
2002,120006,1,1,0,0,0,0,0,0,0,0,0,0
2002,120007,1,1,24,24,24,24,24,24,24,24,24,24
2002,120008,0,1,0,0,0,0,0,0,0,0,0,0
2002,120008,1,1,0,0,0,0,0,0,0,0,0,0
2002,120009,0,1,0,0,0,0,0,0,0,0,0,0
2002,120009,1,1,0,0,0,0,0,16,0,0,0,0
2002,120010,1,1,0,0,0,0,0,0,0,0,0,0
2002,120010,2,1,0,0,0,0,0,0,0,0,0,0
2002,120011,1,1,0,0,0,0,0,0,0,0,0,0
2002,120012,1,1,0,0,0,0,0,0,0,0,0,0
2002,120012,2,1,0,0,0,0,0,0,0,0,0,0
2002,120013,0,1,32,32,32,32,32,32,32,32,32,32
2002,120013,1,1,0,0,0,0,25,0,0,0,0,0
2002,120014,1,1,11,11,11,11,11,11,11,11,11,11
2002,120014,2,1,0,0,0,0,0,0,0,0,0,0
2002,120015,0,1,0,0,0,0,0,0,0,0,0,0
2002,120015,1,1,0,8,0,0,0,0,0,0,0,0
2002,120016,1,1,0,0,0,0,0,0,0,0,0,0
2002,120017,0,1,23,23,23,23,23,23,23,23,23,23
2002,120017,1,1,0,0,0,0,0,0,0,0,0,0
2002,120018,1,1,0,0,0,0,0,0,0,0,0,0
2002,120018,2,1,0,0,0,0,0,0,0,0,0,0
2002,120018,3,1,0,0,0,0,0,0,0,0,0,0
2002,120019,1,1,6,6,6,6,6,6,6,6,6,6
2002,120019,2,1,2,2,2,2,2,2,2,2,2,2
2002,120020,1,1,30,30,30,30,30,30,30,30,30,30
2002,120021,0,1,0,0,0,0,0,0,0,23,0,0
2002,120021,0,2,0,0,11,0,19,10,0,0,0,0
2002,120021,1,1,0,0,0,0,0,0,0,0,0,0
2002,120022,1,1,11,11,11,11,11,11,11,11,11,11
2002,120022,2,1,0,0,0,0,0,0,0,0,0,0
2002,120023,1,1,33,33,33,33,33,33,33,33,33,33
2002,120023,2,1,0,0,0,20,0,0,0,0,0,0
2002,120024,1,1,0,0,0,0,0,0,0,0,0,0
2002,120024,2,1,0,0,0,0,0,0,0,0,0,0
2002,120024,3,1,0,0,0,0,0,0,0,0,0,0
2002,120025,0,1,28,28,28,28,28,28,28,28,28,28
2002,120025,1,1,0,0,0,0,0,0,0,0,0,0
2002,120026,1,1,0,0,0,0,0,0,0,0,0,0
2002,120026,2,1,0,0,0,0,0,0,0,0,0,0
2002,120026,3,1,0,0,0,0,0,0,0,0,0,0
2002,120026,4,1,0,0,0,0,0,0,0,0,0,0
2002,120027,1,1,0,0,0,0,2,0,0,0,0,0
2002,120027,2,1,0,11,0,0,0,0,0,0,0,0
2002,120028,1,1,0,0,0,0,0,0,0,0,0,0
2002,120029,1,1,0,0,0,0,0,0,0,0,0,3
2002,120029,2,1,0,0,0,0,0,0,0,0,0,0
2002,120029,3,1,0,0,0,0,0,0,0,0,9,0
2002,120030,1,1,16,16,16,16,16,16,16,16,16,16
2002,120032,1,1,0,0,0,0,0,0,0,0,0,0
2002,120032,2,1,0,0,0,0,0,0,0,0,0,0
2002,120033,1,1,0,0,0,0,0,0,0,0,0,0
2002,120033,2,1,0,0,0,0,0,8,0,0,0,0
2002,120034,0,1,35,35,35,35,35,35,35,35,35,35
2002,120034,1,1,0,0,0,0,0,0,0,0,0,0
2002,120035,0,1,0,0,0,0,0,0,0,0,0,0
2002,120035,1,1,0,0,0,0,0,0,0,0,0,0
2002,120036,1,1,16,16,16,16,16,16,16,16,16,16
2002,120037,1,1,0,0,0,0,0,0,0,0,0,0
2002,120038,1,1,0,0,0,0,0,0,0,0,0,0
2002,120039,1,1,0,0,0,0,0,0,0,0,0,0
2002,120039,2,1,0,0,0,0,0,0,0,0,0,0
2002,120039,3,1,0,0,0,0,0,0,0,0,0,0
2002,120040,1,1,11,11,11,11,11,11,11,11,11,11
2002,120040,2,1,0,0,0,0,0,0,0,0,0,0
2002,120041,0,1,0,0,0,0,0,0,0,0,0,0
2002,120041,1,1,0,0,0,0,0,0,14,0,0,0
2002,120042,1,1,0,0,0,0,0,0,0,0,0,0
2002,120043,0,1,22,22,22,22,22,22,22,22,22,22
2002,120043,1,1,16,16,16,16,16,16,16,16,16,16
2002,120044,1,1,0,0,0,0,0,0,0,0,0,0
2002,120044,2,1,0,0,0,0,0,0,0,0,0,0
2002,120044,3,1,0,0,0,0,0,0,0,0,0,0
2002,120045,1,1,0,0,0,0,0,0,0,0,0,0
2002,120045,2,1,0,0,0,0,0,0,0,0,0,0
2002,120046,1,1,0,0,0,0,0,0,0,0,0,0
2002,120047,1,1,14,14,14,14,14,14,14,14,14,14
2002,120048,1,1,8,8,8,8,8,8,8,8,8,8
2002,120048,2,1,0,0,0,0,23,0,7,0,0,0
2002,120049,1,1,29,29,29,29,29,29,29,29,29,29
2002,120050,1,1,0,0,0,0,0,0,0,0,0,0
2002,120051,1,1,0,0,0,0,0,0,0,0,0,0
2002,120051,2,1,0,0,0,0,0,0,0,0,0,0
2002,120052,1,1,0,0,0,0,0,0,0,0,0,0
2002,120052,2,1,0,0,0,0,0,0,0,0,0,0
2002,120053,1,1,0,0,0,0,0,0,0,0,0,0
2002,120053,2,1,0,0,0,0,0,0,0,0,0,0
2002,120054,1,1,0,0,0,0,0,0,0,0,0,0
2002,120054,2,1,0,0,0,0,0,0,0,0,0,0
2002,120055,1,1,14,14,14,14,14,14,14,14,14,14
2002,120055,2,1,24,0,0,0,0,0,0,0,0,0
2002,120055,3,1,0,0,0,0,0,0,0,0,0,0
2002,120056,1,1,17,17,17,17,17,17,17,17,17,17
2002,120057,1,1,33,33,33,33,33,33,33,33,33,33
2002,120058,0,1,1,1,1,1,1,1,1,1,1,1
2002,120058,1,1,23,0,0,0,30,0,0,0,0,0
2002,120059,0,1,0,0,0,0,0,0,0,0,0,0
2002,120059,1,1,0,0,0,0,0,7,0,0,0,0
2002,120059,2,1,0,0,0,0,0,0,0,0,0,0
2002,120060,0,1,0,0,0,0,0,0,0,0,0,0
2002,120060,0,2,0,0,0,0,0,0,0,0,0,0
2002,120060,1,1,0,0,0,0,0,0,0,0,0,0
2002,120060,2,1,0,0,0,0,0,0,0,0,0,0
2002,120061,1,1,0,0,0,0,0,0,0,0,0,0
2002,120061,2,1,0,0,0,0,0,2,0,0,0,0
2002,120062,1,1,13,13,13,13,13,13,13,13,13,13
2002,120063,1,1,0,5,11,0,0,16,0,0,0,0
2002,120063,2,1,0,0,0,0,0,0,0,0,0,0
2002,120064,1,1,0,0,0,0,0,0,0,0,0,0
2002,120065,1,1,25,25,25,25,25,25,25,25,25,25
2002,120066,0,1,0,0,0,0,0,0,0,0,0,0
2002,120066,1,1,0,0,0,0,0,0,0,0,0,0
2002,120067,1,1,0,0,0,0,0,0,0,0,0,0
2002,120068,1,1,37,37,37,37,37,37,37,37,37,37
2002,120069,1,1,0,0,0,0,0,0,0,0,0,0
2002,120070,1,1,0,0,0,0,17,13,0,0,0,0
2002,120070,2,1,0,0,0,0,0,0,0,0,0,0
2002,120071,1,1,16,16,16,16,16,16,16,16,16,16
2002,120071,2,1,0,0,0,0,0,0,0,0,0,0
2002,120072,0,1,22,22,22,22,22,22,22,22,22,22
2002,120072,1,1,0,0,0,0,0,0,0,0,0,0
2002,120073,1,1,0,0,0,0,0,0,0,0,0,0
2002,120074,1,1,0,0,0,0,0,0,0,0,0,0
2002,120074,2,1,0,0,0,0,0,0,0,0,0,0
2002,120075,1,1,0,0,0,0,0,0,0,0,0,0
2002,120076,1,1,0,0,0,0,0,0,0,0,0,0
2002,120076,2,1,0,0,0,0,0,0,0,0,0,0
2002,120077,1,1,15,15,15,15,15,15,15,15,15,15
2002,120077,2,1,0,0,0,0,0,0,0,0,0,0
2002,120078,1,1,0,0,0,0,0,0,0,0,0,0
2002,120079,1,1,0,0,0,0,0,0,0,0,0,0
2002,120080,0,1,0,0,0,0,0,0,0,0,0,0
2002,120080,1,1,0,0,0,0,0,0,0,0,0,0
2002,120080,2,1,0,0,0,0,0,0,0,0,0,0
2002,120081,0,1,0,0,0,0,0,0,0,0,0,0
2002,120081,1,1,0,0,0,0,0,0,0,0,0,0
2002,120082,0,1,0,0,0,0,0,0,0,0,0,0
2002,120082,1,1,0,0,0,0,0,0,0,0,0,0
2002,120083,1,1,16,16,16,16,16,16,16,16,16,16
2002,120084,1,1,0,0,0,0,0,0,0,0,0,0
2002,120084,2,1,22,17,0,16,0,15,19,0,0,23
2002,120085,1,1,12,12,12,12,12,12,12,12,12,12
2002,120086,0,1,0,0,0,0,0,0,0,0,0,0
2002,120086,1,1,8,8,8,8,8,8,8,8,8,8
2002,120087,1,1,0,0,0,0,0,0,0,0,0,0
2002,120088,1,1,0,0,0,0,0,0,0,0,0,0
2002,120088,2,1,0,0,0,0,0,0,0,0,0,0
2002,120089,1,1,0,0,0,0,0,0,0,0,0,0
2002,120089,2,1,0,0,0,0,0,0,0,0,0,0
2002,120089,3,1,0,0,0,0,0,0,0,0,0,0
2002,120090,1,1,0,0,0,0,0,0,0,0,0,0
2002,120091,0,1,14,0,0,0,0,0,0,0,0,0
2002,120091,1,1,0,0,0,0,0,0,0,0,0,0
2002,120092,1,1,0,0,0,0,0,0,0,0,0,0
2002,120092,2,1,0,0,0,0,0,0,0,0,0,0
2002,120093,1,1,25,25,25,25,25,25,25,25,25,25
2002,120094,1,1,15,15,15,15,15,15,15,15,15,15
2002,120095,0,1,0,0,0,0,0,0,0,0,0,0
2002,120095,1,1,0,0,0,16,0,0,0,0,0,0
2002,120096,1,1,0,0,0,0,0,0,0,0,0,0
2002,120096,2,1,0,0,0,0,0,0,0,0,0,0
2002,120097,1,1,0,0,0,0,0,0,0,0,0,0
2002,120097,2,1,0,0,0,0,0,0,0,0,0,0
2002,120098,0,1,0,0,0,0,0,0,0,0,0,0
2002,120098,1,1,0,0,0,0,0,0,0,0,0,0
2002,120099,1,1,0,0,0,0,0,0,0,0,0,0
2002,120099,2,1,0,0,0,0,0,0,0,0,0,0
2002,120099,3,1,0,0,0,0,0,0,0,0,0,0
2002,120100,1,1,0,0,0,0,0,0,0,0,0,0
2002,120101,1,1,9,9,9,9,9,9,9,9,9,9
2002,120101,2,1,0,0,0,0,0,0,0,0,0,0
2002,120102,1,1,28,28,28,28,28,28,28,28,28,28
2002,120103,1,1,4,4,4,4,4,4,4,4,4,4
2002,120103,2,1,0,0,0,0,0,0,0,0,0,0
2002,120104,0,1,0,0,0,0,0,0,0,0,0,0
2002,120104,1,1,0,0,0,0,0,0,0,0,0,0
2002,120105,1,1,24,24,24,24,24,24,24,24,24,24
2002,120105,2,1,17,17,17,17,17,17,17,17,17,17
2002,120106,0,1,0,0,0,0,0,0,0,0,0,0
2002,120106,0,2,0,0,0,0,0,0,0,0,0,0
2002,120106,1,1,0,0,0,0,0,0,0,0,0,0
2002,120107,1,1,26,26,26,26,26,26,26,26,26,26
2002,120107,2,1,0,0,0,0,0,0,0,0,0,0
2002,120107,3,1,9,0,0,13,0,0,27,0,0,0
2002,120108,0,1,22,22,22,22,22,22,22,22,22,22
2002,120108,1,1,0,0,0,0,0,0,0,0,0,0
2002,120109,1,1,0,0,0,0,0,0,0,0,0,0
2002,120110,1,1,0,0,0,0,0,0,0,0,0,0
2002,120110,2,1,0,0,0,0,0,0,0,0,0,0
2002,120111,1,1,0,0,0,0,0,0,0,0,0,0
2002,120111,2,1,0,0,0,0,0,0,0,0,0,0
2002,120112,1,1,0,0,0,0,0,0,0,0,0,0
2002,120112,2,1,8,8,8,8,8,8,8,8,8,8
2002,120113,1,1,0,0,0,0,0,0,3,0,0,0
2002,120113,2,1,5,5,5,5,5,5,5,5,5,5
2002,120114,1,1,20,20,20,20,20,20,20,20,20,20
2002,120115,1,1,0,0,0,0,0,0,0,0,0,0
2002,120115,2,1,0,0,0,0,0,0,0,0,0,0
2002,120116,1,1,0,0,0,0,0,0,0,0,0,0
2002,120116,2,1,0,0,0,0,0,0,0,0,0,0
2002,120117,0,1,24,24,24,24,24,24,24,24,24,24
2002,120117,1,1,7,7,7,7,7,7,7,7,7,7
2002,120117,2,1,0,0,0,0,0,0,0,0,0,0
2002,120118,1,1,0,0,0,0,0,0,0,0,0,0