YEAR,ST_CASE,veh_no,per_no,P1,P2,P3,P4,P5,P6,P7,P8,P9,P10
2002,120118,2,1,0,0,0,0,0,0,0,0,0,0
2002,120119,1,1,0,0,0,0,0,0,0,0,0,0
2002,120119,2,1,0,0,0,0,0,0,0,0,0,0
2002,120120,1,1,0,0,0,0,0,0,0,0,0,0
2002,120120,2,1,0,0,0,0,0,0,0,0,0,0
2002,120121,1,1,0,0,0,0,0,0,0,0,0,0
2002,120121,2,1,0,0,0,0,0,0,0,0,0,0
2002,120122,1,1,0,0,0,0,0,0,0,0,0,0
2002,120122,2,1,0,0,0,0,0,0,0,0,0,0
2002,120123,1,1,0,0,0,0,0,0,0,0,0,0
2002,120124,1,1,0,0,0,0,0,0,0,0,0,0
2002,120124,2,1,0,0,0,0,0,0,0,0,0,0
2002,120124,3,1,0,0,0,0,22,0,0,0,0,0
2002,120125,0,1,0,0,0,0,0,0,0,0,0,0
2002,120125,1,1,0,0,0,0,0,0,0,0,0,0
2002,120126,0,1,0,0,0,0,11,0,0,0,0,0
2002,120126,1,1,0,0,0,0,0,0,0,0,0,0
2002,120127,1,1,0,0,0,0,0,0,0,0,0,0
2002,120127,2,1,0,0,0,0,0,0,0,0,0,0
2002,120128,1,1,0,0,0,0,0,0,0,0,0,0
2002,120128,2,1,0,0,0,0,0,0,0,0,0,0
2002,120129,1,1,25,25,25,25,25,25,25,25,25,25
2002,120129,2,1,0,0,0,0,0,0,0,0,0,0
2002,120130,1,1,0,0,0,0,0,0,0,0,0,0
2002,120130,2,1,0,0,0,0,0,0,0,0,0,0
2002,120131,1,1,0,7,2,0,0,10,0,0,0,0
2002,120132,1,1,0,0,19,0,0,11,9,0,0,0
2002,120132,2,1,0,0,0,0,0,0,0,0,0,0
2002,120133,0,1,0,0,0,0,0,0,0,0,0,0
2002,120133,1,1,0,0,0,0,0,0,0,0,0,0
2002,120134,1,1,0,0,0,0,0,0,0,0,0,0
2002,120134,2,1,0,0,0,0,0,0,0,0,0,0
2002,120134,3,1,0,0,0,0,0,0,0,0,0,0
2002,120134,4,1,0,0,0,0,0,0,0,0,0,0
2002,120135,1,1,25,25,25,25,25,25,25,25,25,25
2002,120135,2,1,6,6,6,6,6,6,6,6,6,6
2002,120136,1,1,0,0,0,0,0,0,0,0,0,0
2002,120136,2,1,0,0,0,0,0,0,0,0,0,0
2002,120137,0,1,0,0,0,0,0,0,0,0,0,0
2002,120137,1,1,0,0,0,0,0,0,0,0,0,0
2002,120138,1,1,26,22,20,9,0,33,15,9,19,25
2002,120139,1,1,14,14,14,14,14,14,14,14,14,14
2002,120140,1,1,16,16,16,16,16,16,16,16,16,16
2002,120141,1,1,0,0,0,0,0,0,0,0,0,0
2002,120141,2,1,0,0,0,12,0,0,0,0,0,0
2002,120142,0,1,0,0,0,0,0,0,0,0,0,0
2002,120142,1,1,20,20,20,20,20,20,20,20,20,20
2002,120143,0,1,0,26,0,22,22,35,53,1,10,0
2002,120143,1,1,0,0,0,0,0,0,0,0,0,0
2002,120144,1,1,0,0,0,0,0,0,0,0,0,0
2002,120144,2,1,0,0,0,0,0,0,0,0,0,0
2002,120145,1,1,0,0,0,0,0,0,0,0,0,0
2002,120146,1,1,0,0,0,0,0,0,0,0,0,0
2002,120146,2,1,0,7,0,0,0,0,0,0,0,0
2002,120146,3,1,0,0,0,0,0,0,0,0,0,0
2002,120147,1,1,0,0,0,0,0,0,0,0,0,0
2002,120147,2,1,0,0,0,0,6,0,0,0,0,0
2002,120148,1,1,12,12,12,12,12,12,12,12,12,12
2002,120148,2,1,0,0,0,0,0,0,12,0,0,0
2002,120149,1,1,0,0,0,0,0,0,0,0,0,0
2002,120149,2,1,0,0,0,0,0,0,0,0,0,0
2002,120150,1,1,0,0,0,0,0,0,0,0,0,0
2002,120151,0,1,0,0,0,0,0,3,0,0,18,0
2002,120151,1,1,0,0,0,0,0,0,0,0,0,0
2002,120152,1,1,0,0,0,0,0,0,0,0,0,0
2002,120152,2,1,0,0,0,0,0,0,0,0,0,0
2002,120152,3,1,0,0,0,0,0,0,0,0,0,0
2002,120153,1,1,3,3,3,3,3,3,3,3,3,3
2002,120154,1,1,0,0,0,0,0,0,0,0,0,0
2002,120154,2,1,0,0,0,0,0,0,0,0,0,0
2002,120155,1,1,0,0,0,0,0,0,0,0,0,0
2002,120155,2,1,0,0,0,0,0,0,0,0,0,0
2002,120156,1,1,0,0,0,0,0,0,0,0,0,0
2002,120156,2,1,0,0,0,0,0,0,0,0,0,0
2002,120156,3,1,0,0,0,0,0,0,0,0,0,0
2002,120157,0,1,0,0,0,0,0,0,0,0,0,0
2002,120157,1,1,0,0,0,0,0,0,0,0,0,0
2002,120158,1,1,0,0,0,0,0,0,0,0,0,0
2002,120158,2,1,0,0,0,0,0,0,0,0,0,0
2002,120159,1,1,0,0,0,0,0,0,0,0,0,0
2002,120159,2,1,0,0,0,0,0,0,0,0,0,0
2002,120160,0,1,0,0,0,0,0,0,0,0,0,0
2002,120160,1,1,0,0,0,0,0,0,0,0,0,0
2002,120161,1,1,23,23,23,23,23,23,23,23,23,23
2002,120162,1,1,0,0,0,0,0,0,0,0,0,0
2002,120163,1,1,12,0,0,0,0,18,0,0,0,0
2002,120163,2,1,0,0,0,0,0,0,0,0,0,0
2002,120164,1,1,14,14,14,14,14,14,14,14,14,14
2002,120164,2,1,0,0,0,0,0,0,13,0,0,0
2002,120165,0,1,7,7,7,7,7,7,7,7,7,7
2002,120165,1,1,0,0,0,0,0,0,0,13,0,0
2002,120166,0,1,0,0,0,0,0,0,0,0,0,0
2002,120166,1,1,0,0,0,0,0,0,0,0,0,13
2002,120167,0,1,0,0,0,0,0,0,0,13,18,5
2002,120167,1,1,0,0,0,13,0,0,0,0,0,0
2002,120168,1,1,0,0,0,0,0,0,0,0,0,0
2002,120168,2,1,0,0,0,0,0,0,0,0,0,0
2002,120169,1,1,0,0,0,0,0,0,0,0,0,0
2002,120169,2,1,0,0,0,0,0,0,0,0,0,0
2002,120170,1,1,0,0,0,0,0,0,0,0,0,0
2002,120170,2,1,0,0,0,0,0,0,0,0,0,0
2002,120171,1,1,16,16,16,16,16,16,16,16,16,16
2002,120171,2,1,0,0,0,0,0,0,0,0,0,0
2002,120172,1,1,18,28,0,0,0,0,0,0,0,0
2002,120173,1,1,14,14,14,14,14,14,14,14,14,14
2002,120174,1,1,0,0,0,0,0,0,0,0,0,0
2002,120174,2,1,0,0,0,0,0,0,0,0,0,0
2002,120175,1,1,3,3,3,3,3,3,3,3,3,3
2002,120176,1,1,21,21,21,21,21,21,21,21,21,21
2002,120176,2,1,0,0,0,0,0,0,0,0,0,0
2002,120177,1,1,0,0,0,4,0,0,0,0,0,0
2002,120177,2,1,0,0,0,0,0,0,0,0,0,0
2002,120177,3,1,0,0,0,0,0,0,0,0,0,0
2002,120178,0,1,0,0,0,0,0,0,0,0,0,0
2002,120178,1,1,3,3,3,3,3,3,3,3,3,3
2002,120179,1,1,0,0,0,0,0,0,0,0,0,0
2002,120180,0,1,13,13,13,13,13,13,13,13,13,13
2002,120180,1,1,0,0,0,0,0,0,0,0,0,0
2002,120181,1,1,0,0,0,0,0,0,0,0,0,0
2002,120181,2,1,0,0,0,0,0,0,0,0,0,0
2002,120182,0,1,18,18,18,18,18,18,18,18,18,18
2002,120182,1,1,0,0,0,12,0,0,10,0,0,0
2002,120183,1,1,19,19,19,19,19,19,19,19,19,19
2002,120183,2,1,0,0,0,22,0,0,0,0,0,0
2002,120184,1,1,0,0,0,0,0,0,0,0,0,0
2002,120184,2,1,0,0,0,0,0,0,0,0,0,0
2002,120184,3,1,14,12,0,0,4,0,0,0,0,0
2002,120185,1,1,0,0,0,0,0,0,0,0,0,0
2002,120185,2,1,0,0,0,0,0,0,0,0,0,0
2002,120186,1,1,4,4,4,4,4,4,4,4,4,4
2002,120187,1,1,0,0,0,0,21,0,0,0,12,0
2002,120188,1,1,0,0,0,0,0,0,0,0,0,0
2002,120188,2,1,0,0,0,0,0,0,0,0,0,0
2002,120189,0,1,18,18,18,18,18,18,18,18,18,18
2002,120189,1,1,0,0,0,0,0,0,0,0,0,0
2002,120190,1,1,0,0,0,0,0,0,0,0,0,0
2002,120190,2,1,0,0,0,0,0,0,0,0,0,0
2002,120191,1,1,0,0,0,0,0,0,0,0,0,0
2002,120191,2,1,0,0,0,0,0,0,0,0,0,0
2002,120192,1,1,25,25,25,25,25,25,25,25,25,25
2002,120192,2,1,11,0,0,0,8,0,7,0,0,0
2002,120193,1,1,0,0,0,0,0,0,0,0,0,0
2002,120193,2,1,0,0,0,0,0,0,17,0,0,0
2002,120194,1,1,9,9,9,9,9,9,9,9,9,9
2002,120195,1,1,8,8,8,8,8,8,8,8,8,8
2002,120196,1,1,0,0,0,0,0,0,8,0,0,0
2002,120196,2,1,0,0,0,0,0,0,0,0,0,0
2002,120196,3,1,0,0,0,0,0,0,0,0,0,0
2002,120196,4,1,0,0,0,0,0,0,0,0,0,0
2002,120197,1,1,0,0,0,0,0,0,0,0,0,0
2002,120197,2,1,0,0,0,0,0,0,0,0,0,0
2002,120198,0,1,7,7,7,7,7,7,7,7,7,7
2002,120198,1,1,0,0,0,0,0,0,0,0,0,0
2002,120199,1,1,0,0,0,16,0,0,0,0,0,0
2002,120199,2,1,0,0,0,0,0,0,0,0,0,0
2002,120200,1,1,18,15,25,0,0,15,0,36,22,0
2002,120201,1,1,16,16,16,16,16,16,16,16,16,16
2002,120202,0,1,0,0,0,0,0,0,0,0,0,0
2002,120202,1,1,0,0,0,0,15,0,0,0,0,18
2002,120203,1,1,16,16,16,16,16,16,16,16,16,16
2002,120204,1,1,0,0,0,0,0,0,0,0,0,0
2002,120205,0,1,0,11,0,19,0,0,13,0,20,21
2002,120205,0,2,26,19,9,0,25,14,0,24,0,0
2002,120205,1,1,0,0,0,0,0,0,0,0,0,0
2002,120206,1,1,16,16,16,16,16,16,16,16,16,16
2002,120206,2,1,0,0,8,12,9,0,0,0,0,0
2002,120207,1,1,0,0,0,0,0,0,0,0,0,0
2002,120207,2,1,0,0,0,0,0,0,0,0,0,0
2002,120208,1,1,9,0,0,0,0,0,0,0,0,0
2002,120208,2,1,0,0,16,0,0,0,0,14,0,0
2002,120209,1,1,0,0,0,0,0,0,0,0,0,0
2002,120210,1,1,32,32,32,32,32,32,32,32,32,32
2002,120211,1,1,0,0,0,0,0,0,0,0,0,0
2002,120211,2,1,0,0,0,0,0,0,0,0,0,0
2002,120212,1,1,0,0,0,0,0,0,0,0,0,0
2002,120212,2,1,0,0,0,0,0,0,0,0,0,0
2002,120213,1,1,0,0,0,0,0,0,0,0,0,0
2002,120213,2,1,0,0,0,0,0,0,0,0,0,0
2002,120214,1,1,0,0,0,0,0,0,0,0,0,0
2002,120214,2,1,0,0,0,0,0,0,0,0,0,0
2002,120215,1,1,22,22,22,22,22,22,22,22,22,22
2002,120215,2,1,4,4,4,4,4,4,4,4,4,4
2002,120216,1,1,0,0,0,0,7,0,0,0,0,0
2002,120217,1,1,16,16,16,16,16,16,16,16,16,16
2002,120218,1,1,0,0,0,0,0,0,0,0,0,0
2002,120219,1,1,0,0,0,0,0,0,0,0,0,0
2002,120219,2,1,0,0,0,0,0,0,0,0,0,0
2002,120220,1,1,9,9,9,9,9,9,9,9,9,9
2002,120221,1,1,0,0,0,0,0,0,0,0,0,0
2002,120221,2,1,0,0,0,0,0,0,0,0,0,0
2002,120222,1,1,0,0,0,0,0,0,0,0,0,0
2002,120222,2,1,0,0,0,0,0,0,0,0,0,0
2002,120223,0,1,0,0,0,0,0,0,0,0,0,0
2002,120223,1,1,0,0,0,0,0,0,0,0,0,0
2002,120224,1,1,0,0,0,0,0,0,0,18,0,0
2002,120224,2,1,0,0,0,0,0,0,0,0,0,0
2002,120225,0,1,0,0,0,0,0,0,0,0,0,0
2002,120225,1,1,0,0,0,0,0,0,0,0,0,0
2002,120226,1,1,0,0,0,0,0,0,0,0,0,0
2002,120226,2,1,0,0,0,0,0,0,0,0,0,0
2002,120226,3,1,0,0,0,0,0,0,0,0,0,0
2002,120227,1,1,11,11,11,11,11,11,11,11,11,11
2002,120227,2,1,0,0,0,0,0,0,0,0,0,0
2002,120228,1,1,0,0,0,0,0,0,0,0,0,0
2002,120229,1,1,20,20,20,20,20,20,20,20,20,20
2002,120229,2,1,0,0,0,0,0,0,0,0,0,0
2002,120230,1,1,0,0,0,0,0,0,0,0,0,0
2002,120230,2,1,0,0,0,0,0,0,0,0,0,0
2002,120231,1,1,33,0,0,37,11,20,6,17,12,0
2002,120231,2,1,0,0,0,0,0,0,0,0,0,0
2002,120232,1,1,35,35,35,35,35,35,35,35,35,35
2002,120232,2,1,0,0,0,0,0,0,0,16,0,0
2002,120233,1,1,27,27,27,27,27,27,27,27,27,27
2002,120234,1,1,23,23,23,23,23,23,23,23,23,23
2002,120234,2,1,4,0,0,0,0,0,0,0,0,0
2002,120235,0,1,0,0,0,0,0,0,0,0,0,0
2002,120235,1,1,0,0,0,0,0,0,0,0,0,0
2002,120236,1,1,0,0,0,0,0,0,0,0,0,0
2002,120236,2,1,0,0,0,0,0,0,0,0,0,0
2002,120237,1,1,6,6,6,6,6,6,6,6,6,6
2002,120238,1,1,0,0,0,0,0,0,0,0,0,0
2002,120239,1,1,8,8,8,8,8,8,8,8,8,8
2002,120240,1,1,0,0,0,11,0,0,0,0,0,0
2002,120240,2,1,0,0,0,0,0,0,0,0,0,0
2002,120240,3,1,0,0,0,0,0,0,0,0,0,0
2002,120241,1,1,0,0,0,0,0,0,0,0,0,0
2002,120242,1,1,22,22,22,22,22,22,22,22,22,22
2002,120242,2,1,0,0,0,0,0,0,0,0,0,0
2002,120243,1,1,0,0,0,0,0,0,0,0,0,0
2002,120243,2,1,0,0,0,0,0,0,0,0,0,0
2002,120244,1,1,17,17,17,17,17,17,17,17,17,17
2002,120245,0,1,0,0,0,0,0,0,0,0,0,0
2002,120245,1,1,11,11,11,11,11,11,11,11,11,11
2002,120246,1,1,26,26,26,26,26,26,26,26,26,26
2002,120247,1,1,0,0,0,0,0,0,0,0,0,0
2002,120247,2,1,0,0,0,0,0,0,12,0,0,0
2002,120248,1,1,2,2,2,2,2,2,2,2,2,2
2002,120249,0,1,27,27,27,27,27,27,27,27,27,27
2002,120249,1,1,0,0,0,0,0,0,0,0,0,0
2002,120250,1,1,23,23,23,23,23,23,23,23,23,23
2002,120251,0,1,0,0,0,0,0,0,0,0,0,0
2002,120251,0,2,0,19,0,0,9,0,0,0,0,0
2002,120251,1,1,0,0,0,0,0,0,0,0,0,0
2002,120252,1,1,26,26,26,26,26,26,26,26,26,26
2002,120253,1,1,0,0,0,0,0,0,0,0,0,0
2002,120253,2,1,0,0,0,0,0,0,0,0,0,0
2002,120254,1,1,0,0,0,0,0,0,13,0,11,0
2002,120254,2,1,0,0,0,0,0,0,0,0,0,0
2002,120255,1,1,0,0,0,0,0,0,0,0,0,0
2002,120255,2,1,0,0,0,0,0,0,0,0,0,0
2002,120256,1,1,0,0,0,0,0,0,0,0,0,0
2002,120256,2,1,16,16,16,16,16,16,16,16,16,16
2002,120257,0,1,10,0,0,0,0,9,27,13,0,0
2002,120257,1,1,0,0,0,0,0,0,0,0,0,0
2002,120257,2,1,0,0,0,0,0,0,0,0,0,0
2002,120258,0,1,0,0,0,0,0,0,0,0,0,0
2002,120258,1,1,0,0,0,0,0,0,0,0,0,0
2002,120259,0,1,23,23,23,23,23,23,23,23,23,23
2002,120259,1,1,0,0,0,0,0,0,0,0,21,0
2002,120260,1,1,0,0,0,0,0,0,0,0,0,0
2002,120260,2,1,0,0,0,0,0,0,0,0,0,0
2002,120261,0,1,6,6,6,6,6,6,6,6,6,6
2002,120261,2,1,0,0,0,0,0,0,0,0,0,0
2002,120262,1,1,19,19,19,19,19,19,19,19,19,19
2002,120262,2,1,0,0,0,0,0,0,0,0,0,0
2002,120263,1,1,0,0,0,0,0,0,0,0,0,0
2002,120263,2,1,0,0,0,0,0,0,0,0,0,0
2002,120263,3,1,0,0,0,0,0,0,0,0,0,0
2002,120263,4,1,0,0,0,0,0,0,0,0,0,0
2002,120264,0,1,0,0,0,0,0,0,4,0,0,0
2002,120264,1,1,0,7,0,0,0,0,0,0,0,0
2002,120265,1,1,0,0,0,0,0,0,0,0,0,0
2002,120265,2,1,0,0,0,0,0,0,0,0,0,0
2002,120266,1,1,0,0,0,0,0,0,0,0,0,0
2002,120266,2,1,0,0,0,0,0,0,0,0,0,0
2002,120267,1,1,29,29,29,29,29,29,29,29,29,29
2002,120267,2,1,0,0,0,0,0,0,0,0,0,0
2002,120268,0,1,0,0,0,0,0,0,0,0,0,0
2002,120268,1,1,0,0,0,0,0,0,0,0,0,0
2002,120269,1,1,25,0,25,0,0,0,0,0,0,0
2002,120270,1,1,0,0,0,0,0,0,0,0,0,0
2002,120270,2,1,0,0,0,0,0,0,0,0,0,0
2002,120271,0,1,0,0,0,0,0,0,0,0,0,0
2002,120271,1,1,0,0,0,0,0,0,0,14,0,0
2002,120272,1,1,12,12,12,12,12,12,12,12,12,12
2002,120272,2,1,0,0,0,0,0,0,0,0,0,0
2002,120272,3,1,0,0,15,0,0,19,0,0,0,0
2002,120273,1,1,6,6,6,6,6,6,6,6,6,6
2002,120273,2,1,0,0,0,0,0,0,0,0,0,0
2002,120274,1,1,0,0,0,0,0,0,0,0,0,0
2002,120274,2,1,0,0,0,0,0,0,0,0,0,0
2002,120275,1,1,0,0,0,0,0,0,0,0,0,0
2002,120275,2,1,0,0,0,0,0,0,0,0,0,0
2002,120276,0,1,35,30,0,6,0,20,0,0,24,0
2002,120276,1,1,0,0,0,25,0,0,0,0,0,0
2002,120277,1,1,0,0,0,0,0,0,0,0,0,0
2002,120278,0,1,0,0,19,0,0,0,0,0,0,0
2002,120278,0,2,0,20,45,0,12,0,19,0,34,0
2002,120278,1,1,0,0,0,0,0,0,0,0,0,0
2002,120278,2,1,0,0,0,0,0,0,0,0,0,0
2002,120279,1,1,0,0,0,0,0,0,0,0,0,0
2002,120279,2,1,0,0,0,0,0,0,0,0,0,0
2002,120280,1,1,0,0,0,0,0,0,0,0,0,0
2002,120280,2,1,0,0,0,0,0,0,0,0,0,0
2002,120281,1,1,0,0,0,0,0,0,0,0,0,0
2002,120281,2,1,0,0,0,0,0,0,0,0,0,0
2002,120282,1,1,3,3,3,3,3,3,3,3,3,3
2002,120282,2,1,0,0,0,0,0,0,0,0,0,0
2002,120283,1,1,0,0,0,0,0,0,0,0,0,0
2002,120283,2,1,0,0,0,0,0,0,0,0,0,0
2002,120284,1,1,0,0,0,0,17,0,0,0,0,0
2002,120284,2,1,0,0,0,0,0,0,0,0,0,0
2002,120285,1,1,0,0,0,0,0,0,0,0,0,0
2002,120285,2,1,0,0,0,0,0,0,0,0,0,0
2002,120286,1,1,3,3,3,3,3,3,3,3,3,3
2002,120287,1,1,0,0,0,0,0,0,0,0,0,0
2002,120288,1,1,8,0,0,0,14,0,0,14,7,0
2002,120288,2,1,28,28,28,28,28,28,28,28,28,28
2002,120288,3,1,0,0,0,0,0,0,0,0,0,0
2002,120289,1,1,0,0,0,0,0,0,0,0,0,0
2002,120290,1,1,0,0,0,0,0,0,0,0,0,0
2002,120290,2,1,7,7,7,7,7,7,7,7,7,7
2002,120291,0,1,0,0,0,0,0,0,0,0,0,0
2002,120291,0,2,0,0,0,33,0,0,0,0,0,0
2002,120291,1,1,0,0,0,0,0,0,0,0,0,0
2002,120292,1,1,0,0,0,6,0,0,0,0,0,0
2002,120292,2,1,0,0,0,0,0,0,0,0,0,0
2002,120293,1,1,0,0,0,0,0,0,0,0,0,0
2002,120293,2,1,0,0,0,0,13,0,0,0,0,0
2002,120293,3,1,0,0,0,0,0,0,0,0,0,0
2002,120294,1,1,8,8,8,8,8,8,8,8,8,8
2002,120295,1,1,0,0,0,0,0,0,0,0,0,0
2002,120295,2,1,0,0,0,0,0,0,0,9,0,0
2002,120296,1,1,8,8,8,8,8,8,8,8,8,8
2002,120297,1,1,5,0,0,0,0,0,7,0,0,0
2002,120297,2,1,6,0,0,0,0,0,0,0,0,0
2002,120298,0,1,9,9,9,9,9,9,9,9,9,9
2002,120298,1,1,0,0,0,0,0,0,0,0,0,0
2002,120299,1,1,0,0,0,0,0,0,0,0,0,0
2002,120299,2,1,0,0,0,0,0,0,0,0,0,0
2002,120300,0,1,0,0,0,0,0,0,0,0,0,0
2002,120300,1,1,0,0,0,0,0,0,0,0,0,0
2002,120301,1,1,0,0,0,0,0,0,0,0,0,0
2002,120301,2,1,0,10,0,0,14,29,0,0,0,0
2002,120302,0,1,0,0,0,0,0,0,0,37,0,0
2002,120302,1,1,14,0,0,0,0,0,13,0,0,0
2002,120303,1,1,26,26,26,26,26,26,26,26,26,26
2002,120304,1,1,19,19,19,19,19,19,19,19,19,19
2002,120304,2,1,0,0,0,0,0,0,0,0,0,0
2002,120305,1,1,0,0,0,0,0,0,0,0,0,0
2002,120305,2,1,0,0,0,0,0,0,0,0,0,0
2002,120306,1,1,11,11,11,11,11,11,11,11,11,11
2002,120307,0,1,26,26,26,26,26,26,26,26,26,26
2002,120307,1,1,0,0,0,0,0,0,0,0,0,0
2002,120308,1,1,0,0,0,0,0,0,0,0,0,0
2002,120309,1,1,0,0,0,0,0,0,0,0,0,0
2002,120310,1,1,18,18,18,18,18,18,18,18,18,18
2002,120310,2,1,0,0,0,0,0,0,0,0,0,0
2002,120311,1,1,0,0,0,0,0,0,0,0,0,0
2002,120312,1,1,0,0,0,0,0,0,0,0,0,0
2002,120313,1,1,32,32,32,32,32,32,32,32,32,32
2002,120314,1,1,8,0,0,0,0,0,0,0,0,0
2002,120314,2,1,0,0,0,0,0,0,0,0,0,0
2002,120314,3,1,0,0,0,0,0,0,0,0,0,0
2002,120315,0,1,15,15,15,15,15,15,15,15,15,15
2002,120315,1,1,0,0,0,0,0,0,0,0,0,0
2002,120316,1,1,0,0,0,0,0,0,0,0,0,0
2002,120317,1,1,0,0,0,0,0,0,0,0,0,0
2002,120317,2,1,0,0,0,0,0,0,0,0,0,0
2002,120318,1,1,11,11,11,11,11,11,11,11,11,11
2002,120318,2,1,37,37,37,37,37,37,37,37,37,37
2002,120318,3,1,0,0,0,0,0,0,0,0,0,0
2002,120319,1,1,0,0,0,0,0,0,0,0,0,0
2002,120319,2,1,0,0,0,0,0,0,0,0,0,0
2002,120320,1,1,0,0,0,0,0,0,0,0,0,0
2002,120320,2,1,0,0,0,0,0,0,0,0,0,0
2002,120321,1,1,0,0,0,0,0,0,0,0,0,0
2002,120321,2,1,12,12,12,12,12,12,12,12,12,12
2002,120322,1,1,0,0,0,0,0,0,0,0,0,0
2002,120322,2,1,0,0,0,0,0,0,7,11,0,0
2002,120323,1,1,0,0,0,0,0,0,0,0,0,0
2002,120323,2,1,0,0,0,0,0,0,0,0,0,0
2002,120324,1,1,16,16,16,16,16,16,16,16,16,16
2002,120324,2,1,0,0,0,0,0,0,0,0,0,0
2002,120325,1,1,10,0,0,0,0,0,0,0,0,0
2002,120325,2,1,0,0,0,0,0,0,0,0,0,0
2002,120326,1,1,0,0,0,0,0,0,0,0,0,0
2002,120326,2,1,0,0,0,0,0,0,0,8,0,4
2002,120327,1,1,0,0,0,0,0,0,0,0,0,0
2002,120327,2,1,0,0,0,0,0,0,0,0,0,0
2002,120328,1,1,20,20,20,20,20,20,20,20,20,20
2002,120329,0,1,29,29,29,29,29,29,29,29,29,29
2002,120329,2,1,0,0,0,0,0,0,0,0,0,0
2002,120330,1,1,0,0,0,0,0,0,0,0,0,0
2002,120331,1,1,28,28,28,28,28,28,28,28,28,28
2002,120332,0,1,0,0,0,0,0,0,0,0,0,0
2002,120332,1,1,0,0,0,0,0,0,0,0,0,0
2002,120333,1,1,18,18,18,18,18,18,18,18,18,18
2002,120333,2,3,0,0,0,10,0,0,0,14,5,0
2002,120334,1,1,0,0,0,0,0,0,0,0,0,0
2002,120334,2,1,0,0,0,0,0,0,0,0,0,0
2002,120334,3,1,0,0,0,0,0,0,0,0,0,0
2002,120335,1,1,0,0,0,0,0,0,0,0,0,0
2002,120335,2,1,0,0,0,0,0,0,0,0,0,0
2002,120335,3,1,0,0,0,0,0,0,0,0,0,0
2002,120335,4,1,0,0,9,0,0,0,0,0,0,0
2002,120336,1,1,0,0,0,0,0,0,0,0,0,0
2002,120336,2,1,0,0,0,0,0,0,0,0,0,9
2002,120337,1,1,0,0,0,0,0,0,0,0,0,0
2002,120337,2,1,0,0,0,0,0,0,0,0,0,0
2002,120338,1,1,26,26,26,26,26,26,26,26,26,26
2002,120339,1,1,0,0,8,0,0,4,0,15,0,0
2002,120340,0,1,0,0,0,0,0,0,0,0,0,0
2002,120340,1,1,0,0,0,0,0,0,0,0,0,0
2002,120341,0,1,7,0,0,0,0,0,0,0,0,0
2002,120341,1,1,0,0,0,0,0,0,0,0,0,0
2002,120342,1,1,0,0,0,0,0,0,0,0,0,0
2002,120343,1,1,0,0,0,0,0,0,0,0,0,0
2002,120343,2,1,0,0,0,0,0,0,0,0,0,0
2002,120343,3,1,0,0,0,0,0,0,0,0,0,0
2002,120344,1,1,0,0,0,0,0,9,0,0,0,0
2002,120344,2,1,0,0,0,0,0,0,0,0,0,0
2002,120345,0,1,0,0,0,0,0,0,0,13,0,24
2002,120345,1,1,0,0,0,0,0,0,0,0,0,0
2002,120346,1,1,23,23,23,23,23,23,23,23,23,23
2002,120347,0,1,0,0,0,0,0,0,0,0,0,0
2002,120347,1,1,0,0,0,0,0,0,0,0,0,0
2002,120348,1,1,0,0,0,28,0,6,0,15,0,38
2002,120348,2,1,0,0,0,11,22,0,0,0,0,0
2002,120349,1,1,0,0,0,0,0,0,0,0,0,0
2002,120349,2,1,0,5,0,0,0,0,0,0,0,0
2002,120350,0,1,0,0,0,19,0,0,0,0,0,0
2002,120350,0,2,0,0,0,0,0,0,0,0,0,0
2002,120350,1,1,0,0,0,0,0,0,0,0,0,0
2002,120351,1,1,0,0,0,0,0,0,0,0,0,0
2002,120351,2,1,0,0,0,0,0,0,0,0,0,0
2002,120352,1,1,0,22,0,0,0,0,25,0,0,22
2002,120353,1,1,0,0,0,0,0,0,0,0,0,0
2002,120353,2,1,0,0,0,0,0,0,0,0,0,0
2002,120354,1,1,0,0,0,0,0,0,0,0,0,0
2002,120355,0,1,0,0,0,0,0,0,0,27,19,20
2002,120355,1,1,0,0,0,0,0,0,0,0,0,0
2002,120356,0,1,0,0,17,0,7,0,0,0,0,0
2002,120356,1,1,0,0,0,0,0,0,0,0,0,0
2002,120357,1,1,0,0,0,0,0,0,0,0,0,0
2002,120357,2,1,0,0,0,0,0,0,0,0,0,0
2002,120358,1,1,0,0,0,0,0,0,0,0,0,0
2002,120358,2,1,0,0,0,0,0,0,0,0,0,15
2002,120359,1,1,0,0,0,0,0,0,0,0,0,0
2002,120359,2,1,0,0,0,0,0,0,0,0,0,0
2002,120360,1,1,0,0,0,0,0,0,0,0,0,0
2002,120360,2,1,0,0,0,0,0,0,0,0,0,0
2002,120361,1,1,0,0,0,0,0,0,0,0,0,0
2002,120361,2,1,0,0,0,0,0,0,0,0,0,0
2002,120361,3,1,0,0,0,0,0,0,0,27,20,0
2002,120362,1,1,0,0,0,0,0,0,0,0,0,0
2002,120362,2,1,0,0,0,0,0,0,0,0,0,0
2002,120362,3,1,0,0,0,0,0,0,0,0,0,0
2002,120363,1,1,0,0,0,0,0,0,0,0,0,0
2002,120363,2,1,0,0,0,0,0,0,0,0,0,0
2002,120364,1,1,0,0,0,0,0,0,0,0,0,0
2002,120365,1,1,0,0,0,0,0,0,0,0,0,0
2002,120365,2,1,0,0,0,0,0,0,0,0,0,0
2002,120366,1,1,0,0,0,0,0,0,0,0,0,0
2002,120367,1,1,0,0,0,0,0,0,0,0,0,0
2002,120368,1,1,23,23,23,23,23,23,23,23,23,23
2002,120369,1,1,14,14,14,14,14,14,14,14,14,14
2002,120369,2,1,0,0,0,0,0,0,0,0,0,0
2002,120370,1,1,0,0,0,0,0,0,0,0,0,0