YEAR,ST_CASE,veh_no,per_no,P1,P2,P3,P4,P5,P6,P7,P8,P9,P10
2002,120370,2,1,0,0,0,0,0,14,0,0,0,0
2002,120370,3,1,0,0,0,0,0,0,0,0,0,0
2002,120371,1,1,0,0,0,0,0,0,0,0,0,0
2002,120371,2,1,0,0,0,0,0,0,0,0,0,0
2002,120372,1,1,0,0,0,0,0,0,0,0,0,0
2002,120372,2,1,0,0,0,0,0,0,0,0,0,0
2002,120373,1,1,0,0,0,0,0,0,0,0,0,3
2002,120374,1,1,32,32,32,32,32,32,32,32,32,32
2002,120374,2,1,0,0,0,0,0,0,0,0,0,0
2002,120375,1,1,0,0,0,0,0,0,0,0,0,0
2002,120375,2,1,0,0,0,0,0,0,0,0,0,0
2002,120376,1,1,0,0,0,0,0,0,9,0,0,0
2002,120376,2,1,0,0,0,0,0,0,0,0,0,0
2002,120376,3,1,0,0,0,0,0,0,0,0,0,0
2002,120376,4,1,0,0,0,0,0,0,0,0,0,0
2002,120377,0,1,0,0,0,0,0,0,0,0,0,0
2002,120377,1,1,21,21,21,21,21,21,21,21,21,21
2002,120378,1,1,15,15,15,15,15,15,15,15,15,15
2002,120379,1,1,21,21,21,21,21,21,21,21,21,21
2002,120380,0,1,0,0,0,0,0,0,0,0,0,0
2002,120380,1,1,0,0,0,0,0,0,0,0,0,0
2002,120381,1,1,13,13,13,13,13,13,13,13,13,13
2002,120381,2,1,0,0,0,0,0,0,0,0,0,0
2002,120382,1,1,27,27,27,27,27,27,27,27,27,27
2002,120383,1,1,0,0,0,0,0,0,0,0,0,0
2002,120383,2,1,0,0,0,0,0,0,18,0,0,0
2002,120384,1,1,9,9,9,9,9,9,9,9,9,9
2002,120384,2,1,0,0,6,0,0,0,0,0,0,0
2002,120385,1,1,18,18,18,18,18,18,18,18,18,18
2002,120386,1,1,0,0,0,0,0,0,0,0,0,0
2002,120386,2,1,0,0,0,0,0,0,0,0,0,0
2002,120387,0,1,21,21,21,21,21,21,21,21,21,21
2002,120387,1,1,10,0,0,19,0,0,0,20,0,0
2002,120388,1,1,0,0,0,0,0,0,0,0,0,0
2002,120389,1,1,0,0,0,0,0,0,0,0,0,0
2002,120390,1,1,0,0,0,0,0,0,0,0,0,0
2002,120391,1,1,17,17,17,17,17,17,17,17,17,17
2002,120391,2,1,0,0,0,0,0,0,0,0,0,0
2002,120392,1,1,0,0,0,0,0,0,0,0,0,0
2002,120393,1,1,27,27,27,27,27,27,27,27,27,27
2002,120394,1,1,0,0,0,0,0,0,0,0,0,0
2002,120394,2,1,0,0,0,0,0,0,0,0,0,0
2002,120395,1,1,17,17,17,17,17,17,17,17,17,17
2002,120396,1,1,0,0,0,0,0,0,0,0,0,0
2002,120397,1,1,19,30,0,35,0,0,9,0,0,0
2002,120398,1,1,0,0,0,0,0,0,0,0,0,0
2002,120398,2,1,0,0,0,0,0,0,0,0,0,0
2002,120399,1,1,0,0,0,0,0,0,0,0,0,0
2002,120399,2,1,0,0,0,0,0,0,0,0,0,0
2002,120399,3,1,0,0,0,0,0,0,0,4,0,0
2002,120400,1,1,0,0,0,0,0,0,0,0,0,0
2002,120400,2,1,0,0,0,0,0,0,0,0,0,0
2002,120400,3,1,0,0,0,0,0,0,0,0,0,0
2002,120400,4,1,0,0,0,0,0,0,0,0,0,0
2002,120401,1,1,0,0,0,0,0,0,0,0,0,0
2002,120401,2,1,0,0,0,0,0,0,0,0,0,0
2002,120401,3,1,0,0,0,0,0,0,0,0,0,0
2002,120402,0,1,0,0,0,0,0,15,0,0,0,0
2002,120402,0,2,0,13,28,0,0,24,28,0,27,0
2002,120402,0,3,8,23,0,19,26,37,28,0,27,44
2002,120402,0,4,0,13,0,16,23,20,34,0,20,24
2002,120402,1,1,0,0,0,0,0,0,0,0,0,0
2002,120403,1,1,0,0,0,0,0,0,0,0,0,0
2002,120403,2,1,0,0,0,0,0,0,0,0,0,0
2002,120404,0,1,0,0,0,0,0,0,0,0,0,0
2002,120404,1,1,0,0,0,0,0,0,0,0,0,0
2002,120405,1,1,15,15,15,15,15,15,15,15,15,15
2002,120406,1,1,21,21,21,21,21,21,21,21,21,21
2002,120407,0,1,17,17,17,17,17,17,17,17,17,17
2002,120407,1,1,0,0,0,0,0,0,0,0,0,0
2002,120408,0,1,0,0,0,0,0,0,0,0,0,0
2002,120408,1,1,0,0,0,0,0,0,0,0,0,0
2002,120409,1,1,0,0,0,0,0,0,0,0,0,0
2002,120409,2,1,0,0,0,0,0,0,0,0,0,0
2002,120410,1,1,19,17,26,23,0,13,29,19,0,0
2002,120410,2,1,15,15,15,15,15,15,15,15,15,15
2002,120411,0,1,0,0,0,0,0,0,0,0,0,11
2002,120411,1,1,0,0,0,0,0,0,0,0,0,0
2002,120412,1,1,24,24,24,24,24,24,24,24,24,24
2002,120413,1,1,0,0,0,0,0,0,0,0,0,0
2002,120413,2,1,0,0,0,0,0,0,0,0,0,0
2002,120414,1,1,0,0,0,0,0,0,0,0,0,0
2002,120414,2,1,0,0,0,0,0,0,0,0,0,0
2002,120415,0,1,25,25,25,25,25,25,25,25,25,25
2002,120415,1,1,0,0,0,0,0,0,0,0,0,0
2002,120416,1,1,0,0,0,0,0,0,0,0,0,0
2002,120416,2,1,0,0,0,0,0,0,0,0,0,0
2002,120417,0,1,0,0,0,0,0,0,0,0,0,0
2002,120417,1,1,0,0,0,0,0,0,0,12,0,0
2002,120418,1,1,0,0,0,0,0,0,0,0,0,0
2002,120418,2,1,0,0,0,0,0,0,0,0,0,0
2002,120419,1,1,0,0,0,0,0,0,0,0,0,0
2002,120419,2,1,37,0,0,0,0,0,0,0,0,0
2002,120420,1,1,0,0,0,0,0,0,0,0,0,0
2002,120421,0,1,0,0,0,0,0,0,0,0,0,0
2002,120421,1,1,0,0,0,0,0,0,0,0,0,0
2002,120421,2,1,0,0,0,0,0,0,0,0,0,0
2002,120422,1,1,0,0,0,0,0,0,0,0,0,0
2002,120423,1,1,20,20,20,20,20,20,20,20,20,20
2002,120423,2,1,0,0,0,0,0,0,8,0,0,0
2002,120424,1,1,8,8,8,8,8,8,8,8,8,8
2002,120425,0,1,0,0,0,0,0,0,0,0,0,0
2002,120425,1,1,0,0,0,0,0,0,0,0,0,0
2002,120426,0,1,0,0,0,0,9,0,0,0,10,19
2002,120426,1,1,20,11,12,0,0,0,0,19,19,0
2002,120427,1,1,10,10,10,10,10,10,10,10,10,10
2002,120428,1,1,0,0,0,0,0,0,0,0,0,0
2002,120428,2,1,0,0,0,0,0,0,0,0,0,0
2002,120429,1,1,0,0,0,0,0,0,0,0,0,0
2002,120429,2,1,0,0,0,0,0,0,0,0,0,0
2002,120430,1,1,14,14,14,14,14,14,14,14,14,14
2002,120431,1,1,0,0,0,0,0,0,0,0,0,0
2002,120431,2,1,33,0,0,0,0,0,0,0,0,0
2002,120431,3,1,14,0,0,0,0,0,0,19,0,0
2002,120432,1,1,13,13,13,13,13,13,13,13,13,13
2002,120433,1,1,0,0,0,0,0,0,0,14,0,0
2002,120433,2,1,9,0,0,0,0,0,0,9,0,0
2002,120434,0,1,0,0,0,0,0,0,0,0,0,20
2002,120434,1,1,0,0,0,0,0,0,0,7,0,0
2002,120435,1,1,0,0,0,0,0,0,0,0,0,0
2002,120435,2,1,18,18,18,18,18,18,18,18,18,18
2002,120436,1,1,0,0,0,0,0,0,0,0,0,0
2002,120436,2,1,0,0,0,0,6,0,30,0,0,0
2002,120436,3,1,0,0,0,0,0,0,0,0,0,0
2002,120437,1,1,5,26,34,24,12,12,6,13,26,15
2002,120438,1,1,0,9,0,20,20,17,31,15,0,9
2002,120439,0,1,21,21,21,21,21,21,21,21,21,21
2002,120439,1,1,0,0,0,0,0,0,0,0,0,0
2002,120440,1,1,0,0,0,0,0,0,0,0,0,0
2002,120440,2,1,0,0,0,0,0,0,0,0,0,0
2002,120441,1,1,0,0,0,0,0,0,0,0,0,0
2002,120441,2,1,0,0,0,0,0,0,0,0,0,0
2002,120442,1,1,0,0,0,0,0,0,0,0,0,0
2002,120443,0,1,0,0,0,0,0,0,19,0,0,0
2002,120443,1,1,0,0,0,0,0,0,0,0,0,0
2002,120444,1,1,19,19,19,19,19,19,19,19,19,19
2002,120444,2,1,0,0,0,0,0,0,0,0,0,0
2002,120444,3,1,0,0,0,0,0,0,0,0,0,0
2002,120445,1,1,0,0,0,0,0,0,0,0,0,0
2002,120446,1,1,0,0,0,0,0,0,0,0,0,0
2002,120446,2,1,0,0,0,0,0,0,0,0,0,0
2002,120447,1,1,3,3,3,3,3,3,3,3,3,3
2002,120448,1,1,13,13,13,13,13,13,13,13,13,13
2002,120448,2,1,11,0,0,0,0,0,12,0,0,0
2002,120449,1,1,0,0,0,0,0,0,0,0,0,0
2002,120449,2,1,0,0,0,0,0,0,0,0,0,0
2002,120449,3,1,0,0,0,0,0,0,0,0,9,0
2002,120450,1,1,0,0,0,0,0,0,0,0,0,0
2002,120450,2,1,0,0,0,0,0,0,0,0,0,0
2002,120451,1,1,0,0,0,0,0,0,0,0,0,18
2002,120452,1,1,0,0,0,0,0,0,0,0,0,0
2002,120452,2,1,8,8,8,8,8,8,8,8,8,8
2002,120453,1,1,20,20,20,20,20,20,20,20,20,20
2002,120454,1,1,0,0,0,0,0,0,0,4,0,0
2002,120454,2,1,0,0,0,0,0,0,0,0,0,0
2002,120455,1,1,19,19,19,19,19,19,19,19,19,19
2002,120456,0,1,0,0,0,0,0,0,0,0,0,0
2002,120456,1,1,0,0,0,0,0,0,0,0,0,0
2002,120457,0,1,0,0,19,0,0,0,0,0,29,0
2002,120457,1,1,0,0,0,0,0,0,0,0,0,0
2002,120457,2,1,16,16,16,16,16,16,16,16,16,16
2002,120458,1,1,0,0,0,0,0,0,0,0,0,0
2002,120458,2,1,0,0,0,0,0,0,0,0,0,0
2002,120459,1,1,0,0,0,0,0,0,0,0,0,0
2002,120459,2,1,1,1,1,1,1,1,1,1,1,1
2002,120459,3,1,0,0,0,0,0,0,0,0,0,0
2002,120460,0,1,34,34,34,34,34,34,34,34,34,34
2002,120460,1,1,0,0,0,0,0,0,0,0,0,0
2002,120461,1,1,0,0,0,0,0,0,0,0,0,0
2002,120461,2,1,0,0,0,0,0,0,0,0,0,0
2002,120461,3,1,0,0,17,0,0,0,0,0,21,11
2002,120462,1,1,4,0,18,0,0,0,44,0,0,7
2002,120463,1,1,0,0,0,0,0,0,0,0,0,0
2002,120464,1,1,17,17,17,17,17,17,17,17,17,17
2002,120464,2,1,0,0,0,0,0,0,0,0,0,0
2002,120465,1,1,0,0,0,0,0,0,0,0,0,0
2002,120466,1,1,0,0,0,0,0,0,0,0,0,0
2002,120467,1,1,18,18,18,18,18,18,18,18,18,18
2002,120467,2,1,11,11,11,11,11,11,11,11,11,11
2002,120468,1,1,25,25,25,25,25,25,25,25,25,25
2002,120469,1,1,31,31,31,31,31,31,31,31,31,31
2002,120470,1,1,0,0,0,0,0,0,0,0,0,0
2002,120470,2,1,0,0,0,0,0,0,0,0,0,0
2002,120471,1,1,16,16,16,16,16,16,16,16,16,16
2002,120472,0,1,0,0,0,0,0,0,0,0,0,0
2002,120472,1,1,0,0,0,0,0,0,0,0,0,0
2002,120473,0,1,0,0,0,0,0,0,0,0,0,0
2002,120473,1,1,0,0,0,0,0,0,0,0,0,0
2002,120474,1,1,29,29,29,29,29,29,29,29,29,29
2002,120474,2,1,0,0,0,0,0,0,0,0,0,0
2002,120475,0,1,4,4,4,4,4,4,4,4,4,4
2002,120475,1,1,0,0,0,0,0,0,0,0,0,0
2002,120476,1,1,0,0,0,0,0,0,0,0,0,0
2002,120476,2,1,0,0,0,0,0,0,0,0,0,18
2002,120477,1,1,0,0,0,0,0,0,0,0,0,0
2002,120478,1,1,0,0,0,0,0,0,0,0,0,0
2002,120478,2,1,0,0,0,0,0,0,0,0,0,0
2002,120478,3,1,11,0,0,0,12,0,0,0,0,0
2002,120479,1,1,12,12,12,12,12,12,12,12,12,12
2002,120480,1,1,0,19,0,0,0,0,0,0,0,0
2002,120480,2,1,0,0,0,0,0,0,0,0,0,0
2002,120481,1,1,41,41,41,41,41,41,41,41,41,41
2002,120481,2,1,0,0,0,0,0,0,0,0,0,0
2002,120482,1,1,0,0,0,0,0,0,0,0,0,0
2002,120482,2,1,0,0,0,0,0,0,0,0,0,0
2002,120483,0,1,0,0,0,0,0,0,0,0,0,0
2002,120483,1,1,0,0,0,0,0,0,0,0,0,0
2002,120484,1,1,23,23,23,23,23,23,23,23,23,23
2002,120485,1,1,10,10,10,10,10,10,10,10,10,10
2002,120485,2,1,0,0,0,19,0,0,0,0,0,0
2002,120486,1,1,0,0,0,0,0,0,0,0,0,0
2002,120486,2,1,0,0,0,0,0,3,0,0,0,0
2002,120486,3,1,0,0,0,0,0,0,0,0,0,0
2002,120487,1,1,0,0,0,0,0,0,0,0,0,0
2002,120487,2,1,0,0,0,0,0,0,0,0,0,0
2002,120487,3,1,0,0,0,0,0,0,0,0,0,0
2002,120488,1,1,10,33,0,13,19,0,0,12,0,13
2002,120489,0,1,0,0,9,0,0,16,15,0,0,0
2002,120489,1,1,0,0,0,0,0,0,0,0,0,0
2002,120490,1,1,0,0,0,0,0,0,0,0,0,0
2002,120490,2,1,0,0,0,0,0,0,0,0,0,0
2002,120491,1,1,0,0,0,0,0,0,0,0,0,0
2002,120491,2,1,0,0,0,0,0,0,0,0,0,0
2002,120492,1,1,0,0,13,0,0,0,0,0,0,0
2002,120492,2,1,0,0,0,0,0,0,0,0,0,0
2002,120492,3,1,0,0,0,0,0,0,0,0,0,0
2002,120492,4,1,0,0,0,0,0,0,0,0,0,0
2002,120493,0,1,0,0,0,0,0,0,0,0,0,0
2002,120493,1,1,0,0,0,0,0,0,0,0,0,0
2002,120493,2,1,0,20,0,0,0,0,0,0,0,0
2002,120494,1,1,5,5,5,5,5,5,5,5,5,5
2002,120495,1,1,18,0,0,0,8,15,0,0,0,0
2002,120496,1,1,0,0,0,0,0,0,0,0,0,0
2002,120497,1,1,0,0,0,18,0,0,0,33,0,0
2002,120498,1,1,0,0,0,17,0,0,0,12,0,0
2002,120499,1,1,32,32,32,32,32,32,32,32,32,32
2002,120499,2,1,0,0,0,0,0,0,0,0,0,0
2002,120500,1,1,19,19,19,19,19,19,19,19,19,19
2002,120501,1,1,32,32,32,32,32,32,32,32,32,32
2002,120502,1,1,0,0,0,0,0,0,0,0,0,0
2002,120502,2,1,1,1,1,1,1,1,1,1,1,1
2002,120503,0,1,11,11,11,11,11,11,11,11,11,11
2002,120503,1,1,16,16,16,16,16,16,16,16,16,16
2002,120504,1,1,0,0,0,0,0,0,0,0,0,0
2002,120504,2,1,0,0,0,0,0,0,0,0,0,0
2002,120504,3,1,1,1,1,1,1,1,1,1,1,1
2002,120504,4,1,32,0,0,0,0,0,0,0,0,0
2002,120504,5,1,21,0,0,0,0,0,0,16,0,0
2002,120505,1,1,14,14,14,14,14,14,14,14,14,14
2002,120505,2,1,0,0,0,0,0,0,0,0,0,0
2002,120506,1,1,5,5,5,5,5,5,5,5,5,5
2002,120507,1,1,5,5,5,5,5,5,5,5,5,5
2002,120508,1,1,3,3,3,3,3,3,3,3,3,3
2002,120509,1,1,0,0,0,0,0,0,7,0,0,0
2002,120509,2,1,15,15,15,15,15,15,15,15,15,15
2002,120510,1,1,0,0,0,0,0,0,0,0,0,0
2002,120510,2,1,0,0,0,0,0,0,0,0,0,0
2002,120511,0,1,3,3,3,3,3,3,3,3,3,3
2002,120511,1,1,13,6,0,30,0,19,35,0,22,12
2002,120512,1,1,0,0,0,0,0,0,0,0,0,0
2002,120512,2,1,0,0,0,0,0,0,0,0,0,0
2002,120513,0,1,40,40,40,40,40,40,40,40,40,40
2002,120513,1,1,0,0,0,0,0,0,0,0,0,0
2002,120514,1,1,12,12,12,12,12,12,12,12,12,12
2002,120515,1,1,0,0,0,0,0,0,0,0,0,0
2002,120516,1,1,0,0,0,0,0,0,0,0,0,0
2002,120516,2,1,0,0,0,0,0,19,0,0,0,0
2002,120517,1,1,0,0,0,0,0,0,0,0,0,0
2002,120517,2,1,0,0,0,0,0,0,0,0,0,0
2002,120518,1,1,0,0,0,0,0,0,0,0,0,0
2002,120518,2,1,0,0,0,0,0,0,0,0,0,0
2002,120518,3,1,0,0,0,0,0,0,0,0,0,0
2002,120519,1,1,0,0,0,0,0,0,0,0,0,0
2002,120519,2,1,21,21,21,21,21,21,21,21,21,21
2002,120520,1,1,0,0,0,0,0,0,0,0,0,0
2002,120521,1,1,13,13,13,13,13,13,13,13,13,13
2002,120522,1,1,0,0,0,0,0,0,0,0,0,0
2002,120523,1,1,2,2,2,2,2,2,2,2,2,2
2002,120524,1,1,0,0,0,0,0,0,0,0,0,0
2002,120525,0,1,16,16,16,16,16,16,16,16,16,16
2002,120525,1,1,0,0,0,0,0,0,0,0,0,0
2002,120526,1,1,0,0,0,0,0,0,0,0,0,0
2002,120526,2,1,0,0,0,0,0,0,0,0,0,0
2002,120526,3,1,0,0,0,0,0,0,0,0,0,0
2002,120527,1,1,0,0,0,0,0,33,0,0,0,0
2002,120527,2,1,0,0,0,0,12,0,0,0,0,0
2002,120528,1,1,11,12,0,0,0,14,0,0,0,0
2002,120529,0,1,0,0,0,0,0,0,0,0,0,0
2002,120529,1,1,0,4,0,0,0,0,0,0,0,0
2002,120530,1,1,0,0,0,0,0,0,0,0,0,0
2002,120530,2,1,0,0,0,0,0,0,0,0,0,0
2002,120531,1,1,13,13,13,13,13,13,13,13,13,13
2002,120531,2,1,0,0,0,0,0,0,0,0,0,0
2002,120532,1,1,0,0,0,0,0,0,0,0,0,0
2002,120533,1,1,0,0,0,0,0,0,0,0,0,0
2002,120533,2,1,0,0,0,0,0,0,0,0,0,0
2002,120534,1,1,0,0,0,0,0,0,0,0,0,0
2002,120534,2,1,0,0,0,0,0,0,0,0,0,0
2002,120534,3,1,0,0,0,0,0,0,0,0,0,0
2002,120534,4,1,0,0,0,0,0,0,0,0,0,0
2002,120535,1,1,17,0,21,24,0,0,19,0,0,0
2002,120536,1,1,23,23,23,23,23,23,23,23,23,23
2002,120537,0,1,0,0,0,4,14,0,0,0,0,15
2002,120537,1,1,23,23,23,23,23,23,23,23,23,23
2002,120538,0,1,0,0,0,0,0,0,0,0,0,0
2002,120538,1,1,4,4,4,4,4,4,4,4,4,4
2002,120539,1,1,0,0,0,0,0,0,0,0,0,0
2002,120539,2,1,0,0,0,0,0,0,0,0,0,0
2002,120540,1,1,0,0,0,0,0,0,0,0,0,0
2002,120540,2,1,0,0,0,0,0,0,0,0,0,0
2002,120540,3,1,0,0,0,0,0,0,0,0,0,0
2002,120541,1,1,2,2,2,2,2,2,2,2,2,2
2002,120541,2,1,0,0,0,0,0,0,0,0,0,0
2002,120542,0,1,0,0,0,0,0,0,0,0,0,0
2002,120542,1,1,0,0,0,0,0,0,0,0,0,0
2002,120543,1,1,12,12,12,12,12,12,12,12,12,12
2002,120544,1,1,25,25,25,25,25,25,25,25,25,25
2002,120544,2,1,0,0,0,0,0,0,0,0,0,0
2002,120545,1,1,12,12,12,12,12,12,12,12,12,12
2002,120545,2,1,11,11,11,11,11,11,11,11,11,11
2002,120546,0,1,12,12,12,12,12,12,12,12,12,12
2002,120546,1,1,0,0,0,0,0,0,0,0,0,0
2002,120546,2,1,0,0,0,16,0,0,0,0,0,0
2002,120547,1,1,27,27,27,27,27,27,27,27,27,27
2002,120548,1,1,6,6,6,6,6,6,6,6,6,6
2002,120549,1,1,0,0,0,0,24,24,0,0,6,0
2002,120550,1,1,0,0,0,0,0,0,0,0,0,0
2002,120551,1,1,0,0,17,0,0,0,0,17,0,15
2002,120551,2,1,0,0,0,0,0,0,0,0,0,0
2002,120552,1,1,13,0,0,0,13,0,25,12,0,18
2002,120553,1,1,0,0,0,0,0,0,0,0,0,0
2002,120554,1,1,0,0,22,12,0,0,0,0,0,0
2002,120555,1,1,0,0,0,0,0,0,0,0,0,8
2002,120555,2,1,0,0,0,0,0,0,0,0,0,0
2002,120556,1,1,0,0,0,6,0,0,0,0,0,0
2002,120556,2,1,0,0,0,0,0,0,0,0,0,0
2002,120557,1,1,1,1,1,1,1,1,1,1,1,1
2002,120558,1,1,0,0,0,0,0,0,0,0,0,0
2002,120559,1,2,0,0,8,0,0,0,0,24,27,0
2002,120560,1,1,0,0,0,0,0,0,0,0,0,0
2002,120560,2,1,0,0,0,0,0,0,0,0,0,0
2002,120561,1,1,0,0,0,0,0,0,0,0,0,0
2002,120562,1,1,0,0,0,0,0,0,0,0,0,12
2002,120562,2,1,0,0,0,0,0,0,0,0,0,0
2002,120563,0,1,0,0,0,0,10,0,0,0,23,0
2002,120563,1,1,0,0,0,0,0,0,0,0,0,0
2002,120564,1,1,0,0,0,13,0,0,0,0,13,0
2002,120564,2,1,0,0,0,0,0,0,0,0,0,0
2002,120565,1,1,27,0,0,6,18,0,0,0,0,0
2002,120566,0,1,22,20,0,12,0,29,0,0,18,0
2002,120566,1,1,0,0,0,0,0,0,0,20,32,0
2002,120567,1,1,0,0,0,0,0,0,0,0,0,0
2002,120567,2,1,0,0,0,0,0,0,0,0,0,0
2002,120568,0,1,0,0,0,0,0,0,0,0,0,0
2002,120568,1,1,15,15,15,15,15,15,15,15,15,15
2002,120569,1,1,16,0,0,0,0,0,0,0,0,20
2002,120569,2,1,21,21,21,21,21,21,21,21,21,21
2002,120570,1,1,0,0,0,0,0,0,0,0,0,0
2002,120570,2,1,0,0,0,0,0,0,0,0,0,0
2002,120570,3,1,0,0,0,0,0,0,0,0,0,0
2002,120571,1,1,0,0,0,0,0,0,0,0,0,0
2002,120571,2,1,0,0,0,0,0,0,0,0,0,0
2002,120571,3,1,0,0,0,0,0,0,0,0,0,0
2002,120571,4,1,0,0,0,0,0,0,0,0,0,0
2002,120572,1,1,22,22,22,22,22,22,22,22,22,22
2002,120573,0,1,0,0,0,0,0,0,0,0,0,0
2002,120573,1,1,0,0,0,0,0,0,0,0,0,0
2002,120574,1,1,0,0,0,0,0,0,0,0,0,0
2002,120575,1,1,19,0,0,0,0,0,0,12,0,0
2002,120576,1,1,0,0,0,0,0,0,0,0,0,0
2002,120577,0,1,0,0,0,0,0,0,0,0,0,0
2002,120577,1,1,0,0,0,0,0,0,0,0,0,0
2002,120578,0,1,0,0,0,0,0,3,0,7,0,0
2002,120578,1,1,0,0,0,0,0,0,0,0,0,0
2002,120579,1,1,0,15,0,0,8,18,11,0,0,0
2002,120580,0,1,0,0,0,0,0,0,0,0,0,0
2002,120580,1,1,0,0,0,0,0,0,0,0,0,0
2002,120581,1,1,0,0,0,0,0,0,0,0,0,0
2002,120581,2,1,0,0,0,0,0,0,0,0,0,0
2002,120582,1,1,0,8,0,0,0,0,0,0,0,12
2002,120582,2,1,4,4,4,4,4,4,4,4,4,4
2002,120583,1,1,0,0,0,0,0,0,0,0,0,0
2002,120583,2,1,0,0,0,0,0,0,0,0,0,0
2002,120584,1,1,14,0,0,0,0,16,0,14,0,0
2002,120585,1,1,6,6,6,6,6,6,6,6,6,6
2002,120586,1,1,0,0,0,0,0,0,0,0,0,0
2002,120586,2,1,0,19,0,12,0,0,0,0,0,0
2002,120587,0,1,34,38,16,0,25,0,0,14,13,0
2002,120587,1,1,0,0,0,0,0,0,0,0,0,0
2002,120588,1,1,0,0,0,0,0,0,0,0,0,0
2002,120589,1,1,12,12,12,12,12,12,12,12,12,12
2002,120590,1,1,0,0,0,0,0,0,0,0,0,0
2002,120590,2,1,0,0,0,0,0,0,6,0,0,0
2002,120591,1,1,0,0,0,0,0,0,0,0,0,0
2002,120592,1,1,0,0,0,0,0,0,0,0,0,0
2002,120592,2,1,16,16,16,16,16,16,16,16,16,16
2002,120593,1,1,0,0,0,0,0,0,0,0,0,0
2002,120593,2,1,0,0,0,0,4,0,0,0,14,0
2002,120594,1,1,0,0,0,0,0,0,0,0,0,0
2002,120594,2,1,0,0,0,0,0,0,0,15,0,0
2002,120595,0,1,0,0,0,0,0,0,0,0,0,0
2002,120595,1,1,0,0,0,0,0,0,0,0,0,0
2002,120596,1,1,0,17,0,0,0,0,0,0,0,0
2002,120596,2,1,0,0,0,0,0,0,0,0,0,0
2002,120597,1,1,0,0,0,0,0,0,0,0,0,0
2002,120597,2,1,0,0,0,0,0,0,0,0,0,0
2002,120598,1,1,0,0,0,0,0,0,0,0,0,0
2002,120599,1,1,16,16,16,16,16,16,16,16,16,16
2002,120600,1,1,0,0,0,0,0,0,0,0,0,0
2002,120600,2,1,0,0,0,0,0,0,17,0,0,0
2002,120601,1,1,0,0,0,0,0,23,13,0,0,13
2002,120602,1,1,0,0,0,0,12,0,0,0,0,0
2002,120602,2,1,0,0,0,0,0,0,0,0,0,0
2002,120603,1,1,0,0,0,0,0,0,0,0,0,0
2002,120604,0,1,0,11,0,0,0,0,0,0,0,0
2002,120604,1,1,0,0,0,0,0,0,0,0,0,0
2002,120605,1,1,0,0,0,0,0,0,0,0,0,0
2002,120606,1,1,16,16,16,16,16,16,16,16,16,16
2002,120607,0,1,0,24,0,0,23,25,22,0,38,0
2002,120607,1,1,0,0,0,0,0,0,0,0,0,0
2002,120608,1,1,0,0,0,0,0,0,0,0,0,0
2002,120608,2,1,0,0,0,0,0,0,0,0,0,0
2002,120609,1,1,0,0,0,0,0,0,0,0,0,0
2002,120609,2,1,0,0,0,0,0,0,0,0,0,0
2002,120610,1,1,0,0,0,0,0,0,0,0,0,0
2002,120610,2,1,0,0,0,0,0,0,0,0,24,0
2002,120611,1,1,0,0,0,0,0,0,0,0,0,0
2002,120611,2,1,0,0,0,0,0,0,0,18,0,27
2002,120611,3,1,0,9,0,0,0,0,0,0,0,0
2002,120612,1,1,0,0,0,0,0,0,0,0,0,0
2002,120612,2,1,0,0,0,0,0,0,0,0,0,0
2002,120613,1,1,4,4,4,4,4,4,4,4,4,4
2002,120614,1,1,0,0,0,0,0,0,0,0,0,0
2002,120615,1,1,0,0,0,0,0,0,0,0,0,0
2002,120616,0,1,0,0,14,13,34,4,0,0,0,0
2002,120616,1,1,0,0,0,0,0,0,0,0,0,0
2002,120617,1,1,0,0,0,0,0,0,0,0,3,0
2002,120618,1,1,18,18,18,18,18,18,18,18,18,18
2002,120618,2,1,0,0,0,26,0,0,0,0,0,0
2002,120619,1,1,0,0,0,0,0,0,0,0,0,0
2002,120620,1,1,0,0,0,0,0,0,0,0,0,0
2002,120620,2,1,0,0,0,0,0,0,0,0,0,0
2002,120621,1,1,24,24,24,24,24,24,24,24,24,24
2002,120622,1,1,0,0,0,0,0,0,0,0,0,0
2002,120623,1,1,0,0,0,0,0,0,0,0,0,0
2002,120623,2,1,0,0,0,0,0,0,0,0,0,0
2002,120623,3,1,0,0,0,0,0,0,0,0,0,0
2002,120623,4,1,27,0,0,0,0,0,0,0,0,0
2002,120624,1,1,0,0,0,0,0,0,0,0,0,0
2002,120624,2,1,0,0,0,0,0,0,0,0,0,0
2002,120624,3,1,0,0,0,0,0,0,0,0,0,0
2002,120624,4,1,0,0,0,0,0,0,0,0,0,0
2002,120625,1,1,28,28,28,28,28,28,28,28,28,28
2002,120625,2,1,19,19,19,19,19,19,19,19,19,19
2002,120626,1,1,0,0,0,0,0,11,0,0,0,0
2002,120626,2,1,0,0,0,0,0,0,0,0,0,0
2002,120627,1,1,0,0,0,13,0,0,0,0,0,0
2002,120628,1,1,0,0,0,0,0,0,0,0,0,0
2002,120628,2,1,10,22,4,17,0,0,0,0,2,19
2002,120628,3,1,0,0,0,0,0,0,16,0,15,0
2002,120629,1,1,32,32,32,32,32,32,32,32,32,32
2002,120630,1,1,17,17,17,17,17,17,17,17,17,17