YEAR,ST_CASE,veh_no,per_no,P1,P2,P3,P4,P5,P6,P7,P8,P9,P10
2002,120884,1,1,0,0,0,0,0,0,0,0,0,0
2002,120884,2,1,0,0,0,0,0,0,0,0,0,0
2002,120885,1,1,0,0,0,0,0,0,0,0,0,0
2002,120885,2,1,0,0,0,0,0,0,0,0,0,0
2002,120886,1,1,0,0,0,0,0,0,0,0,0,0
2002,120886,2,1,0,0,0,0,39,0,2,14,0,0
2002,120887,1,1,0,0,0,0,0,0,0,0,0,0
2002,120887,2,1,0,0,0,0,0,0,0,0,0,0
2002,120887,3,1,0,0,0,0,0,0,0,0,0,17
2002,120888,1,1,5,0,0,0,15,0,0,0,0,0
2002,120888,2,1,0,0,0,0,0,0,0,0,0,0
2002,120888,3,1,0,0,10,0,0,0,18,0,0,0
2002,120889,1,1,0,0,0,0,0,0,0,0,0,0
2002,120889,2,1,0,0,0,0,0,0,0,0,0,0
2002,120890,1,1,25,25,25,25,25,25,25,25,25,25
2002,120891,1,1,23,23,23,23,23,23,23,23,23,23
2002,120892,1,1,0,0,0,0,0,0,0,0,0,0
2002,120893,1,1,16,16,16,16,16,16,16,16,16,16
2002,120894,1,1,0,10,0,0,0,0,0,0,0,0
2002,120895,1,1,0,0,0,0,0,0,0,0,0,0
2002,120896,0,1,0,0,0,0,0,0,0,0,0,0
2002,120896,1,1,0,0,0,0,0,0,0,0,0,0
2002,120897,1,1,0,0,0,0,0,0,0,0,0,0
2002,120897,2,1,0,0,0,0,0,0,0,0,0,0
2002,120898,1,1,0,0,0,0,0,0,0,0,0,0
2002,120898,2,1,0,0,0,0,0,0,0,0,0,0
2002,120899,1,1,0,0,0,0,0,0,0,0,0,0
2002,120899,2,1,0,0,0,0,0,0,0,0,0,0
2002,120899,3,1,0,0,0,0,0,0,0,0,0,0
2002,120900,1,1,28,28,28,28,28,28,28,28,28,28
2002,120901,1,1,0,0,0,0,0,0,0,0,0,0
2002,120901,2,1,0,0,0,0,0,0,0,0,0,0
2002,120902,1,1,0,0,0,0,0,0,0,0,0,0
2002,120902,2,1,0,0,0,0,0,0,0,0,0,0
2002,120903,1,1,0,0,0,0,0,0,0,0,0,0
2002,120904,0,1,36,11,0,24,22,0,15,0,0,19
2002,120904,1,1,0,0,0,0,26,0,30,0,31,0
2002,120905,1,1,0,0,0,0,0,0,0,0,0,0
2002,120905,2,1,0,0,0,0,0,0,0,0,0,0
2002,120906,1,1,0,0,0,0,0,0,0,0,0,0
2002,120907,1,1,0,0,0,0,0,0,0,0,0,0
2002,120907,2,1,0,0,0,0,0,0,0,0,0,0
2002,120908,0,1,0,0,0,0,0,0,0,0,0,0
2002,120908,1,1,0,0,0,0,0,0,0,0,0,0
2002,120909,0,1,22,22,22,22,22,22,22,22,22,22
2002,120909,1,1,0,0,0,0,19,0,0,0,0,0
2002,120910,1,1,21,30,0,0,7,0,0,18,0,7
2002,120911,1,1,0,0,0,0,0,0,0,0,0,0
2002,120911,2,1,0,0,0,0,0,0,0,0,0,0
2002,120912,1,1,0,0,0,11,0,0,0,0,0,0
2002,120912,2,1,0,0,0,10,0,0,0,0,0,0
2002,120913,1,1,0,16,0,0,0,0,0,0,0,0
2002,120913,2,1,0,0,0,0,0,0,19,0,0,23
2002,120914,1,1,10,10,10,10,10,10,10,10,10,10
2002,120915,1,1,0,0,32,0,0,0,0,13,0,16
2002,120915,2,1,0,0,0,0,0,0,0,0,0,0
2002,120915,3,1,0,0,0,0,0,0,0,0,0,0
2002,120916,1,1,15,15,15,15,15,15,15,15,15,15
2002,120917,1,1,0,0,0,0,0,0,0,0,0,0
2002,120917,2,1,0,0,0,0,0,0,0,0,0,0
2002,120917,3,1,0,0,0,0,0,0,0,0,0,0
2002,120918,1,1,0,0,0,0,0,0,0,0,0,0
2002,120918,2,1,0,0,0,0,0,0,0,0,0,0
2002,120919,1,1,0,0,0,0,0,0,0,0,0,0
2002,120919,2,1,0,0,0,0,0,0,0,0,0,0
2002,120920,1,1,0,0,2,0,0,0,0,0,0,0
2002,120920,2,1,0,0,0,0,0,0,0,0,0,0
2002,120921,1,1,0,0,0,0,0,0,0,0,0,0
2002,120921,2,1,0,0,0,0,0,0,0,0,0,0
2002,120921,3,1,0,0,0,0,0,0,0,0,0,0
2002,120922,1,1,0,0,0,0,0,0,0,0,0,0
2002,120923,1,1,12,12,12,12,12,12,12,12,12,12
2002,120923,2,1,0,0,0,0,0,0,0,0,0,0
2002,120924,1,1,0,0,0,0,0,0,0,0,0,0
2002,120924,2,1,0,0,0,18,0,0,0,17,0,0
2002,120925,1,1,14,14,14,14,14,14,14,14,14,14
2002,120925,2,1,0,0,0,10,0,0,0,0,0,0
2002,120926,0,1,17,17,17,17,17,17,17,17,17,17
2002,120926,1,1,0,0,0,0,0,0,0,0,0,0
2002,120927,0,1,23,16,25,37,38,23,15,0,10,0
2002,120927,1,1,0,0,20,0,0,15,0,17,24,0
2002,120928,1,1,16,16,16,16,16,16,16,16,16,16
2002,120928,2,1,0,0,0,0,0,0,0,0,0,0
2002,120929,1,1,18,18,18,18,18,18,18,18,18,18
2002,120930,0,1,0,0,0,0,0,0,0,0,0,0
2002,120930,1,1,0,0,0,0,0,0,0,0,0,0
2002,120931,1,1,0,0,0,0,0,0,0,0,0,0
2002,120931,2,1,17,0,22,0,0,0,0,0,0,0
2002,120932,0,1,28,28,28,28,28,28,28,28,28,28
2002,120932,1,1,41,0,20,12,0,0,0,0,9,0
2002,120933,0,1,0,0,0,0,0,0,0,0,0,0
2002,120933,1,1,0,0,0,0,0,0,0,0,0,0
2002,120934,1,1,20,20,20,20,20,20,20,20,20,20
2002,120934,2,1,17,8,0,0,0,0,0,0,0,0
2002,120935,1,1,0,0,0,0,0,8,0,0,0,0
2002,120935,2,1,0,0,0,0,0,0,0,0,0,0
2002,120935,3,1,0,0,0,0,0,0,0,0,0,0
2002,120936,1,1,14,14,14,14,14,14,14,14,14,14
2002,120937,1,1,0,0,0,0,0,0,0,0,0,0
2002,120938,0,1,0,0,0,0,0,0,0,0,0,0
2002,120938,1,1,0,0,0,0,0,0,0,0,0,0
2002,120939,1,1,0,0,0,0,0,0,0,0,0,0
2002,120940,1,1,32,0,7,21,14,16,0,0,0,7
2002,120941,1,1,5,5,5,5,5,5,5,5,5,5
2002,120941,2,1,4,17,0,0,0,6,0,0,0,19
2002,120942,1,1,19,19,19,19,19,19,19,19,19,19
2002,120943,1,1,0,0,0,0,0,0,0,0,0,0
2002,120944,1,1,0,0,0,0,26,0,0,0,0,0
2002,120944,2,1,0,0,0,0,0,0,0,0,0,0
2002,120945,1,1,0,0,0,0,0,0,0,0,0,0
2002,120946,0,1,0,0,0,0,0,0,0,0,0,0
2002,120946,1,1,0,19,0,0,0,0,0,0,0,0
2002,120947,0,1,0,0,0,0,0,0,0,0,0,0
2002,120947,1,1,0,0,0,0,0,0,0,0,0,0
2002,120948,1,1,0,0,0,0,0,0,0,0,0,0
2002,120948,2,1,0,0,0,0,0,0,0,0,0,0
2002,120949,1,1,0,0,0,0,0,0,0,0,0,0
2002,120949,2,1,0,0,0,0,0,0,26,0,0,0
2002,120950,1,1,4,4,4,4,4,4,4,4,4,4
2002,120951,1,1,0,0,0,0,0,0,0,0,0,0
2002,120951,2,1,20,20,20,20,20,20,20,20,20,20
2002,120952,1,1,0,0,0,0,0,0,0,0,0,0
2002,120952,2,1,0,0,0,0,0,0,0,0,0,0
2002,120953,0,1,10,10,10,10,10,10,10,10,10,10
2002,120953,1,1,14,14,14,14,14,14,14,14,14,14
2002,120954,0,1,0,0,0,0,0,0,0,0,0,0
2002,120954,1,1,0,0,0,13,0,0,0,0,0,0
2002,120955,1,1,0,0,0,0,0,0,0,0,0,0
2002,120955,2,1,0,0,0,0,0,0,0,0,0,0
2002,120956,1,1,28,28,28,28,28,28,28,28,28,28
2002,120956,2,1,0,0,0,0,0,0,0,0,0,0
2002,120957,1,1,0,0,0,0,0,0,0,0,0,0
2002,120958,1,1,0,0,0,0,0,0,0,0,0,0
2002,120958,2,1,0,0,0,0,0,0,0,13,0,0
2002,120959,1,1,5,5,5,5,5,5,5,5,5,5
2002,120960,1,1,12,12,12,12,12,12,12,12,12,12
2002,120961,1,1,0,0,0,0,0,0,0,0,0,0
2002,120961,2,1,0,0,0,0,0,0,0,0,0,0
2002,120961,3,1,0,0,0,0,0,7,0,0,0,0
2002,120962,1,1,0,0,0,0,0,0,0,0,0,0
2002,120962,2,1,0,0,0,0,0,0,0,0,0,0
2002,120963,1,1,0,0,0,0,0,0,0,0,0,0
2002,120963,2,1,0,0,0,0,0,0,0,0,0,0
2002,120963,3,1,0,0,0,0,0,0,0,0,0,0
2002,120963,4,1,0,0,0,0,0,0,7,0,0,0
2002,120964,0,1,19,29,24,12,34,0,0,13,19,23
2002,120964,1,1,0,0,0,0,0,0,0,0,0,0
2002,120965,1,1,0,0,0,0,0,0,0,0,0,0
2002,120966,1,1,24,24,24,24,24,24,24,24,24,24
2002,120967,1,1,23,23,23,23,23,23,23,23,23,23
2002,120968,1,1,0,0,0,0,0,0,0,0,0,0
2002,120968,2,1,0,0,0,0,0,0,0,0,0,0
2002,120969,1,1,0,0,0,0,0,14,5,16,6,0
2002,120969,2,1,4,4,4,4,4,4,4,4,4,4
2002,120970,1,1,0,0,0,0,0,0,0,0,0,15
2002,120970,2,1,0,0,0,0,0,0,0,0,0,0
2002,120971,1,1,0,0,0,0,0,0,0,0,0,0
2002,120971,2,1,18,0,0,0,11,0,0,0,0,0
2002,120972,1,1,27,27,27,27,27,27,27,27,27,27
2002,120972,2,1,0,0,0,0,0,0,0,0,0,0
2002,120973,0,1,0,0,0,0,0,0,0,0,0,0
2002,120973,1,1,0,0,0,0,0,0,0,0,0,0
2002,120974,0,1,0,0,0,0,0,0,0,0,20,0
2002,120974,1,1,16,16,16,16,16,16,16,16,16,16
2002,120975,1,1,8,8,8,8,8,8,8,8,8,8
2002,120975,2,1,0,0,0,0,0,0,0,0,0,0
2002,120976,0,1,0,0,0,0,0,0,0,0,0,0
2002,120976,1,1,0,0,0,0,0,0,0,0,0,0
2002,120977,0,1,0,0,0,0,0,0,0,0,0,0
2002,120977,1,1,0,0,0,0,0,0,0,0,0,0
2002,120978,1,1,14,0,8,0,0,0,0,0,0,0
2002,120978,2,1,0,0,0,0,0,0,0,0,0,0
2002,120979,1,1,0,0,0,0,0,0,0,0,0,0
2002,120979,2,1,0,0,0,0,0,0,0,0,0,0
2002,120980,1,1,0,0,0,0,0,0,0,0,0,0
2002,120981,1,1,0,0,0,0,0,0,0,0,0,0
2002,120982,1,1,0,0,0,0,0,0,0,0,0,0
2002,120983,0,1,21,21,21,21,21,21,21,21,21,21
2002,120983,1,1,0,0,0,0,0,0,0,0,0,0
2002,120983,2,1,0,0,0,0,0,0,0,0,0,0
2002,120984,1,1,21,21,21,21,21,21,21,21,21,21
2002,120985,0,1,0,0,0,0,0,0,0,0,0,0
2002,120985,1,1,0,0,0,0,0,0,0,0,0,0
2002,120986,1,1,0,0,0,0,0,0,0,0,9,0
2002,120986,2,1,14,3,18,15,7,17,6,15,21,16
2002,120987,1,1,29,29,29,29,29,29,29,29,29,29
2002,120988,1,1,22,22,22,22,22,22,22,22,22,22
2002,120988,2,1,0,0,0,0,0,0,0,0,0,0
2002,120989,1,1,0,0,0,0,0,0,0,0,0,0
2002,120989,2,1,0,0,0,0,0,0,0,0,0,0
2002,120990,0,1,0,0,0,0,0,0,0,0,0,0
2002,120990,1,1,0,0,0,0,0,0,0,0,0,0
2002,120991,1,1,0,0,0,0,0,0,0,0,0,0
2002,120991,2,1,0,0,0,0,0,0,0,0,0,0
2002,120992,1,1,0,0,0,0,7,0,0,0,0,0
2002,120992,2,1,0,0,0,0,0,0,0,0,0,0
2002,120993,1,1,0,0,0,0,0,0,0,0,0,0
2002,120994,0,1,27,27,27,27,27,27,27,27,27,27
2002,120994,1,1,0,0,0,0,0,0,0,0,0,0
2002,120995,1,1,0,0,33,0,0,22,0,0,30,24
2002,120996,1,1,0,0,0,0,0,0,0,0,0,0
2002,120996,2,1,0,0,0,0,0,0,0,0,0,0
2002,120997,1,1,0,0,0,0,0,0,0,0,0,0
2002,120997,2,1,0,0,0,0,0,0,0,0,0,0
2002,120998,0,1,13,0,0,0,0,0,5,0,0,0
2002,120998,1,1,0,0,0,0,0,0,0,0,0,0
2002,120999,0,1,0,0,0,0,0,0,0,0,0,0
2002,120999,1,1,14,21,0,11,0,0,0,0,0,0
2002,121000,0,1,0,0,0,0,0,0,0,0,0,0
2002,121000,1,1,0,0,0,0,0,0,0,0,0,0
2002,121001,1,1,0,0,0,0,0,0,0,0,0,0
2002,121001,2,1,0,0,0,0,0,0,0,0,0,0
2002,121002,1,1,0,0,0,0,0,0,0,0,0,0
2002,121002,2,1,0,0,0,0,0,0,0,0,0,0
2002,121003,1,1,0,0,0,0,0,0,0,0,0,0
2002,121003,2,1,0,0,0,0,0,0,0,0,0,0
2002,121004,1,1,6,6,6,6,6,6,6,6,6,6
2002,121004,2,1,0,0,0,0,0,0,0,0,0,0
2002,121004,3,1,1,1,1,1,1,1,1,1,1,1
2002,121005,1,1,0,0,0,0,0,19,0,0,0,12
2002,121005,2,1,0,0,0,0,0,0,0,0,0,0
2002,121006,1,1,0,0,0,0,0,0,0,0,0,0
2002,121006,2,1,0,0,0,0,0,0,0,0,0,0
2002,121007,0,1,0,0,0,0,0,0,0,0,0,0
2002,121007,1,1,12,12,12,12,12,12,12,12,12,12
2002,121008,1,1,23,23,23,23,23,23,23,23,23,23
2002,121009,0,1,13,13,13,13,13,13,13,13,13,13
2002,121009,1,1,0,10,0,0,0,0,0,0,0,17
2002,121010,1,1,0,0,0,0,0,0,0,0,0,0
2002,121010,2,1,0,0,0,0,0,0,0,0,0,0
2002,121010,3,1,0,0,0,0,0,0,0,0,0,0
2002,121010,4,1,0,0,0,0,0,0,0,0,0,0
2002,121010,5,1,0,0,0,0,0,0,0,0,0,0
2002,121010,6,1,0,0,0,0,0,0,0,0,9,0
2002,121011,1,1,0,0,0,0,0,0,0,0,0,0
2002,121012,1,1,0,0,0,0,0,0,0,0,7,0
2002,121013,0,1,13,13,13,13,13,13,13,13,13,13
2002,121013,1,1,0,0,0,0,0,0,0,0,0,0
2002,121014,1,1,9,9,9,9,9,9,9,9,9,9
2002,121015,1,1,25,25,25,25,25,25,25,25,25,25
2002,121016,1,1,0,0,0,0,0,0,0,0,0,0
2002,121016,2,1,0,0,0,0,0,0,0,0,0,0
2002,121017,1,1,0,0,18,0,0,0,4,0,0,0
2002,121018,1,1,0,0,0,0,0,0,0,0,0,0
2002,121018,2,1,0,0,0,19,0,0,0,0,0,0
2002,121018,3,1,0,0,0,0,0,0,0,0,0,0
2002,121019,1,1,16,16,16,16,16,16,16,16,16,16
2002,121020,1,1,0,0,0,0,0,0,0,0,0,0
2002,121021,0,1,0,0,0,0,0,0,0,0,0,0
2002,121021,1,1,0,10,0,12,24,22,16,29,0,0
2002,121022,1,1,29,29,29,29,29,29,29,29,29,29
2002,121023,1,1,0,0,0,0,0,0,0,0,0,0
2002,121023,2,1,0,0,0,0,0,0,0,0,0,0
2002,121023,3,1,0,0,0,0,0,0,0,0,0,0
2002,121023,4,1,0,0,0,0,0,0,0,0,0,0
2002,121024,1,1,10,10,10,10,10,10,10,10,10,10
2002,121025,0,1,0,0,0,0,0,0,0,0,0,0
2002,121025,1,1,0,0,0,0,0,0,13,0,0,0
2002,121026,1,1,14,14,14,14,14,14,14,14,14,14
2002,121027,1,1,0,0,0,0,0,0,0,0,0,0
2002,121027,2,1,0,0,0,0,0,0,0,0,0,0
2002,121028,1,1,11,11,11,11,11,11,11,11,11,11
2002,121029,1,1,0,0,0,0,0,0,0,0,0,0
2002,121029,2,1,0,0,0,0,0,0,0,0,0,0
2002,121030,1,1,0,0,0,0,0,0,0,0,0,0
2002,121030,2,1,0,0,0,0,0,0,0,0,0,0
2002,121031,0,1,0,14,0,0,0,0,0,0,0,0
2002,121031,1,1,0,23,0,0,0,0,0,0,0,0
2002,121032,0,1,0,0,0,0,0,0,0,0,0,0
2002,121032,1,1,0,11,30,14,29,17,14,8,21,0
2002,121033,1,1,0,0,0,0,0,0,0,0,0,0
2002,121033,2,1,0,0,0,0,0,0,0,0,0,0
2002,121034,1,1,0,0,0,0,0,0,0,0,0,0
2002,121035,0,1,4,0,0,0,0,0,0,0,0,0
2002,121035,1,1,0,0,0,0,0,0,0,0,0,0
2002,121036,1,1,0,0,0,0,0,0,0,0,0,0
2002,121037,1,1,0,0,0,0,0,0,0,0,0,0
2002,121037,2,1,0,0,0,0,0,0,0,0,0,0
2002,121038,1,1,0,0,0,0,0,0,0,0,0,0
2002,121038,2,1,0,0,0,0,0,0,0,0,0,0
2002,121038,3,1,0,12,0,0,0,0,0,0,0,0
2002,121039,1,1,0,0,0,0,0,0,0,0,0,0
2002,121040,0,1,30,30,30,30,30,30,30,30,30,30
2002,121040,1,1,0,0,0,0,0,0,0,0,0,0
2002,121041,1,1,0,0,0,9,0,0,6,0,0,0
2002,121041,2,1,0,0,0,0,0,0,0,0,0,0
2002,121042,1,1,0,0,0,0,4,0,16,0,0,0
2002,121042,2,1,0,0,0,0,0,0,0,0,0,0
2002,121043,1,1,22,22,22,22,22,22,22,22,22,22
2002,121043,2,1,0,0,0,0,0,0,0,0,0,0
2002,121044,1,1,14,14,14,14,14,14,14,14,14,14
2002,121045,1,1,0,0,0,0,0,0,0,0,0,0
2002,121046,1,1,19,19,19,19,19,19,19,19,19,19
2002,121047,1,1,8,8,8,8,8,8,8,8,8,8
2002,121048,1,1,19,0,0,0,0,0,0,0,0,0
2002,121048,2,1,11,29,0,0,0,0,0,3,4,0
2002,121049,1,1,0,0,0,0,0,0,0,0,0,0
2002,121049,2,1,11,11,11,11,11,11,11,11,11,11
2002,121050,1,1,0,0,0,0,0,0,0,0,14,0
2002,121051,1,1,0,0,0,0,0,0,0,0,0,0
2002,121051,2,1,21,0,0,0,0,0,0,0,0,0
2002,121052,1,1,12,13,8,22,30,7,0,0,19,0
2002,121053,1,1,18,0,0,0,14,0,11,0,0,0
2002,121053,2,1,0,0,0,0,0,0,0,0,0,0
2002,121054,1,1,1,1,1,1,1,1,1,1,1,1
2002,121055,1,1,0,0,0,0,0,0,0,0,0,0
2002,121056,0,1,0,0,0,0,0,0,0,0,0,0
2002,121056,0,2,0,0,0,0,0,0,0,0,0,0
2002,121056,1,1,0,0,0,0,0,0,0,0,0,0
2002,121057,1,1,0,0,0,0,0,0,0,0,0,0
2002,121058,1,1,0,0,0,0,0,0,0,0,0,17
2002,121059,0,1,0,0,0,0,0,0,0,0,0,0
2002,121059,1,1,0,0,0,0,0,0,0,0,0,0
2002,121060,1,1,19,19,19,19,19,19,19,19,19,19
2002,121061,1,1,0,0,0,0,0,0,0,0,0,0
2002,121061,2,1,0,0,0,0,0,0,23,0,0,0
2002,121061,3,1,0,0,0,0,0,0,0,0,0,0
2002,121062,1,1,0,0,0,0,0,0,0,0,0,0
2002,121062,2,1,0,0,0,0,0,0,11,9,0,0
2002,121063,1,1,0,0,18,19,0,14,0,3,21,18
2002,121063,2,1,0,0,0,0,0,0,0,0,0,0
2002,121064,1,1,0,0,0,0,0,0,20,0,0,0
2002,121065,1,1,0,5,0,0,0,0,0,0,0,0
2002,121066,1,1,0,0,0,0,0,0,0,0,0,0
2002,121066,2,1,0,0,0,0,0,0,0,0,0,0
2002,121067,1,1,0,0,0,0,15,15,22,0,0,0
2002,121068,0,1,0,0,0,0,0,0,0,28,0,0
2002,121068,1,1,0,0,0,0,0,0,0,0,0,0
2002,121069,1,1,0,0,0,0,0,0,0,0,0,0
2002,121070,1,1,0,0,0,0,15,0,0,0,0,0
2002,121071,1,1,0,0,0,0,0,0,0,0,0,0
2002,121071,2,1,0,0,0,0,0,0,0,0,0,0
2002,121072,1,1,0,0,0,0,0,0,0,0,0,0
2002,121072,2,1,0,0,0,0,0,0,0,0,0,0
2002,121073,1,1,0,0,0,0,0,0,0,0,0,0
2002,121073,2,1,0,0,0,0,0,0,0,0,0,0
2002,121073,3,1,0,0,0,0,0,0,0,0,0,0
2002,121074,1,1,0,0,0,0,0,0,0,0,0,0
2002,121074,2,1,0,0,0,0,0,0,0,0,0,0
2002,121075,0,1,0,0,0,14,28,0,11,11,0,0
2002,121075,2,1,22,22,22,22,22,22,22,22,22,22
2002,121076,1,1,23,23,23,23,23,23,23,23,23,23
2002,121077,1,1,0,0,0,23,0,0,0,0,0,0
2002,121077,2,1,0,0,0,0,0,0,0,0,0,0
2002,121078,0,1,0,0,0,0,0,0,0,0,0,0
2002,121078,1,1,0,0,0,0,0,0,0,0,0,0
2002,121079,1,1,0,0,0,0,0,0,0,0,0,0
2002,121079,2,1,0,0,0,0,22,0,0,0,18,0
2002,121080,1,1,0,0,0,0,0,0,0,0,0,0
2002,121081,0,1,34,34,34,34,34,34,34,34,34,34
2002,121081,1,1,0,0,0,0,0,0,0,0,11,0
2002,121081,2,1,26,26,13,0,24,0,0,0,18,0
2002,121082,1,1,23,23,23,23,23,23,23,23,23,23
2002,121082,2,1,0,0,0,0,27,0,0,0,0,0
2002,121083,0,1,19,19,19,19,19,19,19,19,19,19
2002,121083,1,1,0,0,0,0,0,0,0,0,0,0
2002,121084,0,1,0,0,16,0,0,11,0,11,0,18
2002,121084,1,1,0,0,0,0,0,0,2,0,0,0
2002,121085,1,1,0,0,0,0,0,0,0,0,0,0
2002,121086,1,1,17,17,17,17,17,17,17,17,17,17
2002,121087,1,1,12,12,12,12,12,12,12,12,12,12
2002,121087,2,1,7,0,0,0,0,0,0,0,0,0
2002,121088,1,1,0,0,0,0,0,0,0,0,0,0
2002,121089,1,1,2,2,2,2,2,2,2,2,2,2
2002,121089,2,1,0,0,0,0,0,0,0,0,0,27
2002,121090,1,1,15,15,15,15,15,15,15,15,15,15
2002,121091,1,1,10,9,21,0,23,0,0,29,15,0
2002,121092,1,1,14,14,14,14,14,14,14,14,14,14
2002,121093,0,1,0,32,27,35,16,32,10,18,16,0
2002,121093,1,1,0,11,0,0,0,6,0,0,11,0
2002,121094,1,1,0,0,0,0,0,0,0,0,0,0
2002,121094,2,1,0,0,0,0,0,0,0,0,0,0
2002,121095,1,1,12,12,12,12,12,12,12,12,12,12
2002,121096,1,1,15,15,15,15,15,15,15,15,15,15
2002,121097,1,1,0,0,0,0,0,0,0,0,0,0
2002,121097,2,1,0,0,0,0,0,0,0,0,0,0
2002,121098,0,1,0,0,0,0,0,0,0,0,0,0
2002,121098,1,1,8,8,8,8,8,8,8,8,8,8
2002,121099,0,1,21,21,21,21,21,21,21,21,21,21
2002,121099,1,1,0,13,0,0,4,0,0,14,0,0
2002,121100,0,1,0,0,0,0,0,0,0,0,0,0
2002,121100,1,1,0,0,0,0,0,0,0,0,0,4
2002,121101,0,1,0,0,0,0,0,0,0,15,0,0
2002,121101,0,2,0,0,0,0,0,0,0,0,0,0
2002,121101,1,1,0,0,0,0,0,0,0,0,0,0
2002,121102,1,1,12,12,12,12,12,12,12,12,12,12
2002,121102,2,1,10,10,10,10,10,10,10,10,10,10
2002,121103,1,1,0,0,0,0,0,0,0,0,0,0
2002,121104,1,1,0,0,0,0,0,0,0,0,0,0
2002,121104,2,1,0,0,0,0,0,0,0,0,0,0
2002,121104,3,1,0,0,0,0,0,0,0,0,0,0
2002,121105,0,1,13,13,13,13,13,13,13,13,13,13
2002,121105,0,2,0,0,0,0,0,0,0,0,0,0
2002,121105,1,1,0,0,0,0,0,0,0,0,0,0
2002,121106,1,1,0,0,0,0,0,0,0,0,0,0
2002,121107,1,1,11,11,11,11,11,11,11,11,11,11
2002,121107,2,1,0,0,0,0,0,0,0,0,0,0
2002,121108,0,1,13,13,13,13,13,13,13,13,13,13
2002,121108,1,1,0,0,0,0,0,0,0,0,0,0
2002,121109,1,1,0,0,0,0,0,0,0,0,0,0
2002,121109,2,1,0,0,0,0,0,0,0,7,0,0
2002,121110,1,1,13,13,13,13,13,13,13,13,13,13
2002,121111,1,1,0,0,0,0,0,0,0,0,0,0
2002,121112,1,1,0,0,0,0,28,0,0,0,0,0
2002,121113,1,1,0,0,0,0,0,0,0,0,0,0
2002,121113,2,1,0,0,0,0,0,0,0,0,0,0
2002,121114,1,1,0,0,0,0,0,0,0,0,0,0
2002,121115,0,1,20,20,20,20,20,20,20,20,20,20
2002,121115,1,1,0,0,0,0,0,0,0,0,0,0
2002,121116,1,1,1,1,1,1,1,1,1,1,1,1
2002,121116,2,1,2,0,7,14,6,8,26,0,7,0
2002,121117,1,1,0,0,0,0,0,0,0,0,0,0
2002,121117,2,1,0,0,0,0,0,0,0,0,0,0
2002,121118,1,1,10,0,0,0,0,7,28,0,30,0
2002,121119,0,1,0,0,0,0,0,0,0,0,0,0
2002,121119,1,1,0,0,0,0,0,0,0,0,0,0
2002,121120,0,1,0,0,0,0,0,0,0,0,0,0
2002,121120,1,1,0,0,0,0,0,0,15,0,0,0
2002,121121,1,1,12,12,12,12,12,12,12,12,12,12
2002,121122,1,1,0,0,0,0,0,0,0,0,0,0
2002,121123,1,1,0,0,0,0,0,0,36,0,0,0
2002,121123,2,1,0,0,0,0,0,0,0,0,0,0
2002,121124,1,1,0,0,0,0,0,0,0,0,0,0
2002,121124,2,1,0,0,0,0,0,0,0,0,0,0
2002,121125,1,1,0,0,0,0,0,0,0,0,0,0
2002,121126,1,1,0,0,0,0,0,0,0,0,0,0
2002,121127,1,1,0,0,0,0,0,0,0,0,0,0
2002,121127,2,1,0,0,0,0,0,0,0,0,0,0
2002,121128,0,1,6,6,6,6,6,6,6,6,6,6
2002,121128,1,1,0,0,0,0,0,0,0,0,0,0
2002,121129,1,1,0,0,0,0,0,0,0,0,0,0
2002,121130,1,1,0,0,0,0,0,0,0,0,0,0
2002,121130,2,1,0,0,0,0,0,0,13,0,0,0
2002,121131,1,1,0,0,0,0,0,0,0,0,0,0
2002,121131,2,1,0,0,0,0,0,0,0,0,0,0
2002,121132,1,1,0,0,0,0,0,0,0,0,0,0
2002,121132,2,1,0,0,0,0,0,0,0,0,0,0
2002,121133,0,3,0,0,0,0,0,0,0,0,0,0
2002,121133,0,4,26,0,0,0,0,0,0,0,0,0
2002,121133,0,5,0,0,0,0,0,0,0,0,0,0
2002,121133,0,6,0,0,0,0,0,0,0,3,0,0
2002,121133,0,7,11,5,0,0,0,0,0,0,0,0
2002,121133,0,8,5,0,0,0,0,7,0,0,5,0
2002,121133,0,10,0,0,0,0,0,0,12,0,0,0
2002,121133,1,1,0,0,0,0,0,0,0,0,0,0
2002,121133,2,1,0,0,0,0,0,0,0,0,0,0
2002,121134,1,1,0,31,0,0,0,0,34,21,0,0
2002,121135,0,1,6,6,6,6,6,6,6,6,6,6
2002,121135,1,1,0,0,0,0,0,0,0,0,0,0
2002,121136,0,1,24,24,24,24,24,24,24,24,24,24
2002,121136,1,1,0,0,0,12,0,0,0,0,0,0
2002,121137,1,1,23,23,23,23,23,23,23,23,23,23
2002,121137,2,1,24,24,24,24,24,24,24,24,24,24
2002,121138,1,1,0,0,0,0,0,0,0,0,0,0
2002,121139,1,1,0,0,0,0,0,0,0,0,0,0
2002,121139,2,1,0,0,0,0,0,0,0,0,0,0
2002,121140,0,1,0,0,0,0,0,0,0,0,0,0
2002,121140,1,1,0,0,0,0,0,0,0,0,0,0
2002,121141,1,1,0,0,0,0,0,0,0,0,0,0
2002,121141,2,1,0,0,0,0,0,0,13,26,0,1
2002,121142,0,1,20,20,20,20,20,20,20,20,20,20
2002,121142,1,1,3,3,3,3,3,3,3,3,3,3
2002,121143,0,1,0,0,20,21,33,0,0,0,0,0