YEAR,ST_CASE,veh_no,per_no,P1,P2,P3,P4,P5,P6,P7,P8,P9,P10
2002,121403,1,1,0,0,0,0,0,0,0,0,0,0
2002,121403,2,1,10,17,20,4,3,0,29,17,0,0
2002,121404,1,1,2,2,2,2,2,2,2,2,2,2
2002,121405,1,1,0,0,0,0,0,0,0,0,0,0
2002,121405,2,1,0,0,0,0,0,0,0,0,0,0
2002,121405,3,1,0,0,0,0,0,0,0,0,0,0
2002,121405,4,1,0,0,0,0,0,0,0,0,0,0
2002,121406,1,1,0,0,0,0,0,0,0,0,0,0
2002,121406,2,1,0,0,0,0,0,0,0,0,0,0
2002,121406,3,1,0,0,0,0,0,0,0,0,0,0
2002,121407,1,1,0,0,0,0,0,0,0,0,0,0
2002,121407,2,1,0,0,0,8,0,0,0,0,0,0
2002,121408,1,1,0,0,0,0,0,0,0,0,0,0
2002,121408,2,1,0,0,0,0,0,0,0,0,0,0
2002,121409,0,1,21,21,21,21,21,21,21,21,21,21
2002,121409,1,1,3,0,16,0,8,0,0,17,16,0
2002,121410,1,1,27,27,27,27,27,27,27,27,27,27
2002,121411,1,1,0,0,0,0,0,0,0,0,0,10
2002,121411,2,1,0,0,0,30,0,19,18,0,29,0
2002,121412,1,1,0,0,10,0,0,0,0,0,0,24
2002,121413,1,1,0,0,0,0,0,0,0,8,0,0
2002,121413,2,1,0,0,0,22,17,22,0,8,0,0
2002,121414,1,1,9,20,0,0,0,14,25,0,0,13
2002,121415,1,1,0,0,0,0,0,0,0,0,0,0
2002,121415,2,1,0,0,0,0,0,0,0,0,0,0
2002,121416,0,1,0,0,0,0,0,0,0,0,0,0
2002,121416,1,1,0,0,0,0,0,0,0,0,0,0
2002,121417,1,1,12,12,12,12,12,12,12,12,12,12
2002,121418,0,1,0,0,0,0,0,0,0,0,0,0
2002,121418,1,1,0,0,0,0,0,0,0,0,0,0
2002,121419,1,1,0,0,0,0,0,0,0,0,0,0
2002,121419,2,1,0,0,0,0,0,0,0,0,0,0
2002,121420,1,1,8,8,8,8,8,8,8,8,8,8
2002,121421,1,1,0,0,0,0,0,0,0,0,0,0
2002,121422,1,1,17,17,17,17,17,17,17,17,17,17
2002,121422,2,1,14,0,13,22,0,19,12,0,19,18
2002,121423,1,1,0,0,0,0,0,0,0,0,0,0
2002,121423,2,1,0,0,0,0,0,0,0,0,0,0
2002,121424,1,1,22,22,22,22,22,22,22,22,22,22
2002,121424,2,1,0,0,0,0,0,0,0,0,0,0
2002,121425,1,1,19,19,19,19,19,19,19,19,19,19
2002,121426,1,1,14,14,14,14,14,14,14,14,14,14
2002,121426,2,1,0,0,0,0,0,0,0,0,0,0
2002,121427,1,1,0,0,0,0,0,0,0,0,0,0
2002,121427,2,1,0,0,0,0,0,0,0,0,0,0
2002,121428,1,1,0,0,0,0,0,0,0,0,0,0
2002,121428,2,1,0,0,0,0,0,0,0,0,0,0
2002,121429,1,1,0,0,0,0,0,0,0,0,0,0
2002,121430,1,1,4,4,4,4,4,4,4,4,4,4
2002,121430,2,1,0,0,0,0,0,0,0,0,0,0
2002,121431,0,1,0,0,0,0,0,0,0,0,0,0
2002,121431,1,1,0,0,0,0,0,0,0,0,0,0
2002,121432,1,1,0,0,0,0,0,0,0,0,0,0
2002,121432,2,1,0,0,0,0,0,0,0,0,0,0
2002,121432,3,1,0,0,0,0,0,0,0,0,0,0
2002,121432,4,1,0,0,0,0,0,0,0,0,7,0
2002,121433,0,1,3,3,3,3,3,3,3,3,3,3
2002,121433,0,2,0,0,0,0,0,0,0,0,0,0
2002,121433,1,1,0,0,0,0,0,0,0,0,0,0
2002,121434,0,1,17,17,17,17,17,17,17,17,17,17
2002,121434,1,1,0,0,0,0,0,0,0,0,0,0
2002,121435,0,1,31,10,35,19,0,0,27,21,9,0
2002,121435,1,1,0,0,0,0,0,0,0,0,0,0
2002,121436,1,1,15,15,15,15,15,15,15,15,15,15
2002,121436,2,1,0,0,10,0,0,0,0,25,0,0
2002,121437,1,1,0,0,0,0,0,0,0,0,0,0
2002,121437,2,1,0,0,0,0,0,0,0,0,0,0
2002,121438,0,1,0,0,0,0,0,0,0,0,0,0
2002,121438,1,1,0,0,0,0,0,0,0,0,0,0
2002,121439,1,1,0,0,0,0,0,0,0,0,0,0
2002,121439,2,1,0,0,0,0,0,0,0,0,0,0
2002,121440,1,1,0,0,0,0,0,0,0,0,0,0
2002,121441,1,1,0,0,0,17,0,0,0,30,28,17
2002,121441,2,1,0,0,0,0,0,0,0,0,0,0
2002,121442,1,1,0,0,0,0,0,0,0,0,0,0
2002,121442,2,1,0,0,0,0,0,0,0,0,0,0
2002,121443,0,1,0,0,0,0,0,7,0,0,0,0
2002,121443,1,1,0,0,0,15,0,0,0,0,0,0
2002,121444,0,1,20,20,20,20,20,20,20,20,20,20
2002,121444,1,1,0,5,0,0,0,0,0,11,12,0
2002,121445,0,1,0,0,0,0,0,0,0,0,0,0
2002,121445,1,1,0,0,0,0,0,0,0,0,0,0
2002,121446,1,1,0,0,0,0,0,0,0,0,0,0
2002,121446,2,1,0,0,0,0,0,0,0,0,4,0
2002,121447,1,1,0,0,0,0,0,0,0,0,0,0
2002,121447,2,1,0,0,0,0,0,0,0,0,0,0
2002,121448,0,1,9,9,9,9,9,9,9,9,9,9
2002,121448,1,1,0,0,0,0,0,0,0,0,0,0
2002,121449,1,1,0,0,0,0,0,0,0,0,0,0
2002,121449,2,1,0,0,0,0,0,0,0,0,0,0
2002,121450,1,1,10,10,10,10,10,10,10,10,10,10
2002,121450,2,1,0,0,0,0,0,0,0,0,0,0
2002,121451,1,1,24,24,24,24,24,24,24,24,24,24
2002,121451,2,1,0,0,0,0,0,0,0,0,0,0
2002,121452,1,1,0,0,0,0,0,0,0,0,0,0
2002,121452,2,1,0,0,0,0,0,0,0,0,0,0
2002,121453,0,1,0,0,0,0,10,0,0,0,0,0
2002,121453,1,1,0,0,0,0,0,0,0,0,0,0
2002,121453,2,1,0,0,0,0,0,0,0,0,0,0
2002,121453,3,1,0,0,0,0,0,0,0,0,0,0
2002,121454,1,1,17,17,17,17,17,17,17,17,17,17
2002,121455,1,1,0,0,0,0,0,0,0,0,0,0
2002,121455,2,1,0,0,0,0,0,0,0,0,0,0
2002,121456,1,1,8,8,8,8,8,8,8,8,8,8
2002,121456,2,1,0,0,0,0,0,0,0,0,0,0
2002,121457,1,1,0,0,0,0,0,0,0,0,0,0
2002,121458,1,1,0,0,0,0,0,0,0,0,0,0
2002,121459,1,1,8,8,8,8,8,8,8,8,8,8
2002,121459,2,1,0,0,0,0,0,0,0,0,0,0
2002,121459,3,1,14,0,13,0,0,0,0,0,12,0
2002,121460,1,1,0,0,0,0,0,0,0,0,0,0
2002,121460,2,1,0,0,0,0,0,0,0,0,0,0
2002,121460,3,1,0,0,0,0,0,0,0,0,0,0
2002,121461,1,1,18,0,0,0,0,17,13,9,0,0
2002,121461,2,1,0,0,0,0,0,0,0,0,0,0
2002,121462,1,1,26,26,26,26,26,26,26,26,26,26
2002,121463,1,1,0,0,0,0,0,0,0,0,0,0
2002,121464,1,1,0,0,0,0,0,0,0,0,0,0
2002,121464,2,1,0,0,0,6,0,0,0,0,0,0
2002,121465,1,1,0,14,0,0,0,0,0,0,0,0
2002,121465,2,1,0,0,0,0,6,0,13,0,0,0
2002,121467,1,1,0,0,0,0,0,0,0,0,0,0
2002,121468,1,1,0,0,0,0,0,0,0,0,0,0
2002,121468,2,1,0,0,0,0,0,0,0,0,0,0
2002,121469,0,1,27,0,36,23,0,0,0,35,47,34
2002,121469,1,1,0,0,0,0,0,0,0,0,0,0
2002,121470,0,1,0,0,0,0,0,0,0,0,0,0
2002,121470,0,2,0,0,0,0,0,0,0,0,0,0
2002,121470,1,1,31,31,31,31,31,31,31,31,31,31
2002,121471,1,1,0,0,0,0,0,0,0,0,0,0
2002,121472,1,1,16,16,16,16,16,16,16,16,16,16
2002,121473,1,1,18,18,18,18,18,18,18,18,18,18
2002,121473,2,1,0,0,0,0,0,0,0,7,0,0
2002,121474,1,1,0,0,0,0,0,0,0,0,0,0
2002,121474,2,1,0,0,0,0,0,0,0,0,0,0
2002,121475,1,1,9,9,9,9,9,9,9,9,9,9
2002,121476,0,1,19,19,19,19,19,19,19,19,19,19
2002,121476,1,1,0,0,0,0,0,0,0,0,0,0
2002,121476,2,1,0,0,0,0,0,0,4,0,0,0
2002,121477,1,1,0,0,0,0,0,0,0,0,0,0
2002,121478,1,1,14,14,14,14,14,14,14,14,14,14
2002,121479,1,1,14,14,14,14,14,14,14,14,14,14
2002,121480,1,1,0,0,0,0,0,0,0,0,0,0
2002,121481,1,1,0,0,0,0,0,0,0,0,0,0
2002,121481,2,1,0,0,0,0,0,0,0,0,0,0
2002,121482,1,1,29,29,29,29,29,29,29,29,29,29
2002,121483,1,1,0,0,0,0,0,0,0,0,0,0
2002,121484,1,1,11,0,0,0,0,0,0,2,0,0
2002,121484,2,1,0,0,0,0,0,0,0,0,0,0
2002,121485,0,1,0,16,0,0,0,0,0,0,0,0
2002,121485,1,1,0,0,0,0,0,0,0,0,0,0
2002,121486,1,1,0,0,0,0,0,0,0,0,0,0
2002,121487,0,1,17,17,17,17,17,17,17,17,17,17
2002,121487,1,1,0,9,0,0,0,0,0,0,0,11
2002,121488,1,1,18,18,18,18,18,18,18,18,18,18
2002,121489,0,1,19,19,19,19,19,19,19,19,19,19
2002,121489,1,1,0,0,0,0,0,0,0,0,0,0
2002,121490,1,1,0,0,0,0,0,0,0,0,0,0
2002,121490,2,1,0,0,0,0,0,0,0,0,0,0
2002,121490,3,1,0,0,0,0,0,0,0,0,0,0
2002,121490,4,1,0,0,0,0,0,0,0,0,0,0
2002,121490,5,1,0,0,0,0,0,0,0,0,0,0
2002,121490,6,1,0,0,0,0,4,0,0,0,0,0
2002,121491,1,1,17,17,17,17,17,17,17,17,17,17
2002,121492,1,1,0,0,0,0,0,0,0,0,0,0
2002,121492,2,1,0,0,0,0,0,0,0,0,0,0
2002,121493,1,1,0,0,0,0,0,0,0,0,0,0
2002,121493,2,1,0,0,0,0,0,0,0,0,0,0
2002,121494,0,1,0,0,0,0,0,4,0,0,0,0
2002,121494,1,1,0,0,0,0,0,0,0,0,0,0
2002,121495,0,1,21,21,21,21,21,21,21,21,21,21
2002,121495,1,1,0,0,0,0,0,0,18,0,0,0
2002,121496,1,1,0,8,0,0,0,0,0,0,20,0
2002,121497,0,1,0,0,0,0,0,0,0,0,0,0
2002,121497,1,1,0,0,0,0,0,5,0,0,0,0
2002,121498,1,1,0,0,0,0,0,0,0,0,0,0
2002,121498,2,1,0,0,0,0,0,0,0,0,0,0
2002,121499,1,1,10,10,10,10,10,10,10,10,10,10
2002,121499,2,1,0,0,0,0,0,0,0,19,0,0
2002,121499,3,1,0,0,0,0,0,0,0,0,0,0
2002,121500,1,1,0,0,0,0,0,0,0,0,0,0
2002,121500,2,1,0,0,0,0,0,0,0,0,0,0
2002,121501,1,1,7,7,7,7,7,7,7,7,7,7
2002,121501,2,1,0,0,0,0,0,0,0,0,0,0
2002,121502,1,1,5,0,0,0,0,0,0,0,0,0
2002,121503,1,1,0,0,0,0,0,0,0,0,0,0
2002,121503,2,1,2,2,2,2,2,2,2,2,2,2
2002,121504,0,1,10,10,10,10,10,10,10,10,10,10
2002,121504,1,1,0,0,0,0,0,0,0,0,0,0
2002,121505,1,1,0,0,0,0,0,0,0,0,0,0
2002,121505,2,1,0,0,0,0,0,0,0,0,0,0
2002,121506,1,1,0,0,0,0,9,0,0,0,0,0
2002,121506,2,1,12,0,0,0,0,23,0,0,0,4
2002,121507,1,1,10,10,10,10,10,10,10,10,10,10
2002,121508,1,1,10,10,10,10,10,10,10,10,10,10
2002,121508,2,1,0,0,0,0,0,0,0,0,0,0
2002,121509,1,1,0,0,0,0,0,0,0,0,0,0
2002,121509,2,1,0,0,0,0,0,0,0,0,0,0
2002,121509,3,1,0,0,0,0,0,0,0,0,0,0
2002,121509,4,1,0,0,0,3,0,0,0,0,0,0
2002,121510,1,1,0,0,0,16,0,0,0,0,0,0
2002,121510,2,1,0,0,0,0,0,0,0,0,0,0
2002,121511,1,1,11,11,11,11,11,11,11,11,11,11
2002,121512,0,1,21,21,21,21,21,21,21,21,21,21
2002,121512,1,1,0,16,0,0,0,6,0,0,0,0
2002,121513,1,1,0,0,0,0,0,0,0,0,0,0
2002,121514,0,1,16,16,16,16,16,16,16,16,16,16
2002,121514,1,1,0,0,0,0,0,0,0,0,0,0
2002,121515,0,1,0,0,0,0,0,0,0,0,0,0
2002,121515,1,1,28,28,28,28,28,28,28,28,28,28
2002,121516,0,1,0,0,0,0,0,0,0,0,0,0
2002,121516,1,1,0,0,0,0,0,0,0,0,0,0
2002,121517,1,1,0,0,0,0,0,0,0,0,0,0
2002,121518,1,1,0,0,0,0,0,0,0,0,0,0
2002,121518,2,1,0,0,0,0,0,0,0,0,0,0
2002,121519,1,1,0,42,0,0,0,0,0,0,0,16
2002,121520,1,1,37,37,37,37,37,37,37,37,37,37
2002,121521,1,1,5,5,5,5,5,5,5,5,5,5
2002,121522,1,1,0,0,0,0,0,0,0,0,0,8
2002,121523,1,1,24,20,30,29,0,21,16,8,6,4
2002,121524,0,1,25,25,25,25,25,25,25,25,25,25
2002,121524,1,1,0,0,0,0,0,0,0,0,0,0
2002,121524,2,1,0,0,0,0,0,0,0,0,0,0
2002,121525,1,1,0,0,0,0,0,0,0,0,0,0
2002,121525,2,1,0,0,0,0,0,0,0,0,0,0
2002,121526,1,1,0,0,0,0,0,0,0,0,0,0
2002,121526,2,1,0,0,0,0,0,0,0,0,0,0
2002,121527,1,1,0,0,0,0,0,0,0,0,0,0
2002,121527,2,1,0,0,0,12,0,0,0,0,0,0
2002,121528,0,1,0,0,0,0,0,0,0,0,0,0
2002,121528,1,1,0,0,0,0,0,0,0,0,0,0
2002,121529,1,1,0,0,0,0,0,0,0,0,0,0
2002,121529,2,1,0,0,0,0,0,0,0,0,0,0
2002,121529,3,1,0,0,0,0,0,0,0,0,0,0
2002,121530,1,1,0,0,0,0,0,0,0,0,0,0
2002,121531,0,1,14,14,14,14,14,14,14,14,14,14
2002,121531,1,1,0,0,0,0,0,0,0,0,0,0
2002,121532,1,1,0,0,0,0,0,0,0,0,0,12
2002,121532,2,1,0,0,0,0,0,0,0,0,0,0
2002,121533,1,1,0,0,0,0,0,0,0,0,0,0
2002,121534,0,1,0,29,0,0,0,0,0,0,0,0
2002,121534,1,1,0,0,0,0,0,0,0,0,0,0
2002,121535,1,1,0,0,0,0,0,0,0,0,0,0
2002,121536,1,1,0,0,0,0,0,0,0,0,0,0
2002,121536,2,1,0,0,0,0,0,0,0,0,0,0
2002,121537,0,1,0,0,0,0,0,0,0,0,0,0
2002,121537,1,1,2,2,2,2,2,2,2,2,2,2
2002,121538,1,1,0,0,0,0,0,0,0,3,0,0
2002,121538,2,1,0,0,0,0,0,0,0,0,0,0
2002,121539,1,1,0,0,0,0,0,0,0,0,0,0
2002,121539,2,1,0,0,0,0,0,0,0,0,0,0
2002,121540,1,1,0,0,0,0,0,0,0,0,0,0
2002,121540,2,1,0,0,0,14,0,0,0,0,0,0
2002,121541,1,1,0,0,0,0,0,0,0,0,0,0
2002,121541,2,1,0,0,0,0,0,0,0,0,0,0
2002,121541,3,1,0,0,0,0,0,0,0,0,0,0
2002,121542,1,1,0,0,0,0,0,0,0,0,0,0
2002,121542,2,1,0,0,0,0,0,0,0,0,0,0
2002,121543,1,1,0,0,0,0,0,0,0,0,0,0
2002,121543,2,1,0,0,0,0,0,0,0,0,0,9
2002,121544,1,1,0,0,0,0,0,0,0,0,0,0
2002,121544,2,1,0,0,0,0,0,0,0,0,0,0
2002,121545,1,1,0,0,0,0,0,0,0,0,0,0
2002,121545,2,1,0,0,0,0,0,0,0,0,0,0
2002,121546,1,1,17,17,17,17,17,17,17,17,17,17
2002,121547,0,1,0,0,0,0,0,0,0,0,0,0
2002,121547,1,1,25,25,25,25,25,25,25,25,25,25
2002,121548,1,1,0,0,0,0,0,0,0,0,0,0
2002,121548,2,1,0,0,0,19,0,0,0,0,0,0
2002,121549,0,1,0,0,0,0,0,0,41,0,0,0
2002,121549,1,1,0,0,0,0,0,0,0,0,0,0
2002,121550,1,1,0,0,0,0,0,0,0,0,0,0
2002,121550,2,1,0,0,0,0,0,0,0,0,0,0
2002,121551,1,1,0,0,0,0,0,0,0,0,0,0
2002,121552,0,1,0,0,0,0,0,0,0,0,0,0
2002,121552,1,1,0,0,0,0,0,0,0,0,0,0
2002,121553,1,1,22,22,22,22,22,22,22,22,22,22
2002,121554,1,1,0,0,0,0,0,0,0,0,0,0
2002,121554,2,1,12,12,12,12,12,12,12,12,12,12
2002,121555,1,1,0,0,0,0,0,0,0,0,0,0
2002,121555,2,1,0,0,0,0,0,0,0,0,0,0
2002,121556,0,1,0,0,0,0,0,0,0,0,0,0
2002,121556,1,1,0,0,0,0,0,0,0,0,0,0
2002,121557,1,1,0,0,0,0,0,0,0,0,0,0
2002,121557,2,1,13,13,13,13,13,13,13,13,13,13
2002,121558,1,1,0,0,0,0,0,0,0,0,0,0
2002,121558,2,1,0,0,0,0,0,0,0,0,0,0
2002,121559,0,1,25,0,37,0,28,0,14,22,8,22
2002,121559,1,1,0,13,32,26,10,22,0,0,9,0
2002,121560,0,1,20,20,20,20,20,20,20,20,20,20
2002,121560,1,1,0,0,0,0,0,0,0,0,0,0
2002,121561,0,1,39,39,39,39,39,39,39,39,39,39
2002,121561,1,1,0,0,0,0,13,0,0,0,0,12
2002,121562,1,1,19,0,17,0,30,14,16,0,0,14
2002,121563,0,1,0,0,0,0,29,0,0,0,0,38
2002,121563,1,1,10,0,24,0,16,20,31,18,0,0
2002,121564,1,1,0,0,0,0,0,0,0,0,0,0
2002,121564,2,1,0,0,0,0,0,0,0,0,0,0
2002,121565,0,1,20,20,20,20,20,20,20,20,20,20
2002,121565,1,1,0,0,0,0,0,0,0,0,0,0
2002,121566,1,1,25,25,25,25,25,25,25,25,25,25
2002,121567,1,1,0,0,0,0,0,0,0,0,0,0
2002,121568,1,1,0,0,0,0,0,0,0,0,0,0
2002,121568,2,1,0,0,0,0,0,0,0,0,0,0
2002,121569,1,1,0,0,0,0,0,0,0,0,0,0
2002,121570,1,1,0,0,0,0,0,0,0,0,0,0
2002,121570,2,1,0,0,0,0,0,0,0,0,0,0
2002,121571,1,1,0,0,0,0,0,0,0,0,0,0
2002,121571,2,1,0,0,0,0,0,0,0,0,0,0
2002,121572,1,1,0,0,0,0,0,0,0,0,0,0
2002,121572,2,1,0,0,0,0,0,0,0,0,0,0
2002,121573,1,1,31,31,31,31,31,31,31,31,31,31
2002,121574,1,1,0,0,0,0,0,0,0,0,0,0
2002,121574,2,1,0,0,0,0,0,0,0,0,0,0
2002,121575,0,1,0,0,0,0,0,0,0,0,0,0
2002,121575,0,2,0,0,0,0,0,0,0,0,0,0
2002,121575,1,1,0,0,0,0,0,0,0,0,0,0
2002,121576,1,1,13,13,13,13,13,13,13,13,13,13
2002,121577,1,1,0,0,0,0,0,0,0,0,0,0
2002,121578,0,1,0,0,0,0,0,0,0,0,0,0
2002,121578,1,1,0,0,26,0,0,0,0,0,0,0
2002,121579,1,1,0,0,0,0,0,0,0,0,0,0
2002,121580,1,1,27,27,27,27,27,27,27,27,27,27
2002,121580,2,1,0,0,0,0,0,0,0,0,0,0
2002,121581,1,1,9,9,9,9,9,9,9,9,9,9
2002,121582,1,1,0,0,0,0,0,0,0,0,0,0
2002,121583,1,1,25,25,25,25,25,25,25,25,25,25
2002,121584,1,1,0,0,0,0,0,0,0,0,0,0
2002,121584,2,1,0,0,0,0,0,0,0,0,0,0
2002,121584,3,1,0,0,0,0,0,0,0,0,0,0
2002,121585,1,1,0,0,0,0,0,0,0,0,0,0
2002,121585,2,1,0,0,0,0,0,0,0,0,0,0
2002,121585,3,1,0,0,0,0,0,0,0,0,0,0
2002,121585,4,1,0,0,0,0,0,0,0,0,0,0
2002,121586,1,1,0,0,0,0,0,0,0,0,0,0
2002,121586,2,1,0,0,0,0,0,0,0,0,0,0
2002,121586,3,1,0,0,0,0,0,0,0,0,0,0
2002,121586,4,1,0,0,13,0,0,0,0,0,0,0
2002,121587,1,1,0,0,0,0,0,0,0,0,0,0
2002,121587,2,1,0,0,0,0,0,0,0,0,0,0
2002,121588,0,1,29,29,29,29,29,29,29,29,29,29
2002,121588,1,1,0,0,0,0,0,0,0,0,0,0
2002,121589,0,1,0,0,0,4,0,0,0,0,26,0
2002,121589,1,1,0,10,0,0,0,0,4,0,0,0
2002,121590,1,1,0,0,31,0,0,0,0,0,0,0
2002,121591,1,1,14,15,24,37,26,23,0,27,4,8
2002,121592,1,1,0,0,0,0,0,0,0,0,0,0
2002,121592,2,1,0,0,0,0,0,0,0,0,0,0
2002,121593,1,1,0,0,0,0,0,0,0,0,0,0
2002,121593,2,1,0,0,0,0,0,0,0,0,0,0
2002,121594,1,1,0,0,0,0,0,0,0,0,0,0
2002,121594,2,1,0,0,0,8,0,0,0,0,0,0
2002,121594,3,1,0,0,0,0,0,0,0,0,0,0
2002,121595,0,1,23,23,23,23,23,23,23,23,23,23
2002,121595,1,1,0,0,0,0,0,0,0,0,0,0
2002,121596,1,1,0,0,0,0,0,0,0,0,0,0
2002,121596,2,1,0,0,0,0,0,0,0,0,0,0
2002,121597,1,1,26,22,22,0,6,17,8,26,17,0
2002,121597,2,1,0,0,0,0,0,0,0,0,0,0
2002,121598,1,1,0,0,0,0,0,0,0,0,0,0
2002,121598,2,1,0,0,0,0,0,0,0,0,0,0
2002,121599,1,1,0,0,0,0,0,0,0,0,0,0
2002,121599,2,1,0,0,0,0,0,0,0,0,0,0
2002,121600,1,1,28,28,28,28,28,28,28,28,28,28
2002,121600,2,1,0,0,0,0,0,0,0,0,0,0
2002,121601,1,1,0,23,0,0,0,0,0,0,0,0
2002,121602,1,1,0,0,0,0,0,0,0,0,0,0
2002,121603,1,1,0,0,0,0,0,0,0,0,0,0
2002,121603,2,1,0,0,0,0,0,0,0,0,0,0
2002,121604,1,1,0,0,0,0,0,0,0,0,0,0
2002,121604,2,1,0,0,0,0,0,0,0,0,0,0
2002,121605,1,1,0,0,0,0,0,0,0,0,0,0
2002,121605,2,1,0,0,0,0,0,0,0,0,0,0
2002,121606,1,1,16,16,16,16,16,16,16,16,16,16
2002,121606,2,1,0,0,0,0,0,0,0,0,0,0
2002,121606,3,1,0,0,0,0,0,0,0,0,0,0
2002,121607,0,1,0,0,0,0,10,0,0,0,0,0
2002,121607,1,1,0,0,0,0,0,0,0,0,0,0
2002,121607,2,1,0,0,0,0,0,0,0,0,0,0
2002,121607,3,1,11,0,0,0,0,0,0,0,0,0
2002,121607,4,1,0,0,0,0,0,0,0,0,0,0
2002,121607,5,1,0,0,0,0,0,0,0,0,0,0
2002,121607,6,1,0,0,0,0,0,0,0,0,0,0
2002,121607,7,1,0,9,0,0,0,0,0,0,0,0
2002,121608,1,1,0,0,0,0,0,0,0,0,0,0
2002,121608,2,1,0,0,0,0,0,0,0,0,0,0
2002,121609,1,1,0,0,0,0,0,0,0,36,0,0
2002,121609,2,1,0,0,0,0,0,0,0,0,0,0
2002,121610,1,1,0,0,0,0,0,0,0,0,0,0
2002,121610,2,1,0,0,0,0,0,0,0,0,0,0
2002,121611,1,1,21,21,21,21,21,21,21,21,21,21
2002,121611,2,1,4,4,4,4,4,4,4,4,4,4
2002,121611,3,1,0,0,0,0,0,0,8,0,15,0
2002,121612,1,1,2,2,2,2,2,2,2,2,2,2
2002,121613,1,1,0,0,0,0,0,0,0,0,0,0
2002,121614,1,1,0,0,0,0,0,0,0,0,0,0
2002,121615,1,1,0,0,0,0,0,0,0,0,0,0
2002,121616,0,1,0,0,0,0,0,0,0,0,0,0
2002,121616,1,1,0,0,0,0,0,0,0,0,0,0
2002,121617,1,1,23,23,23,23,23,23,23,23,23,23
2002,121618,1,1,0,0,0,0,0,0,0,0,0,0
2002,121619,0,1,0,0,14,0,0,0,0,0,0,0
2002,121619,1,1,0,0,0,0,0,0,0,0,0,0
2002,121620,0,1,25,0,21,0,32,23,8,0,0,0
2002,121620,1,1,0,0,11,0,0,0,0,0,0,0
2002,121621,1,1,0,0,0,11,0,0,0,0,0,0
2002,121621,2,1,0,0,0,0,0,0,0,0,0,0
2002,121622,1,1,20,20,20,20,20,20,20,20,20,20
2002,121622,2,1,0,0,0,16,0,16,0,12,0,0
2002,121623,1,1,0,0,0,0,0,0,0,0,0,0
2002,121623,2,1,0,0,0,0,0,0,0,0,0,0
2002,121623,3,1,0,0,0,0,0,0,0,0,0,0
2002,121624,0,1,0,0,0,0,0,0,0,0,0,0
2002,121624,1,1,0,21,0,0,0,0,14,19,13,0
2002,121625,0,1,0,0,0,0,0,0,0,0,0,0
2002,121625,1,1,0,0,8,0,7,0,0,7,0,15
2002,121626,1,1,0,0,20,0,0,0,0,0,0,0
2002,121626,2,1,0,11,0,0,0,0,0,0,0,0
2002,121627,1,1,0,0,0,0,0,0,0,0,0,0
2002,121627,2,1,0,0,0,0,0,0,21,0,0,0
2002,121628,0,1,25,14,25,13,0,0,0,0,30,17
2002,121628,1,1,0,0,0,0,0,0,0,0,0,0
2002,121629,1,1,0,0,0,0,0,0,0,0,0,0
2002,121629,2,1,0,0,0,0,0,0,0,0,0,0
2002,121629,3,1,0,12,0,0,0,0,0,27,0,12
2002,121630,1,1,12,12,12,12,12,12,12,12,12,12
2002,121631,1,1,0,0,0,0,0,30,0,0,0,0
2002,121631,2,1,0,0,0,0,0,0,0,0,0,0
2002,121632,1,1,0,0,0,0,0,0,0,0,0,13
2002,121632,2,1,0,0,0,0,0,0,0,0,0,0
2002,121633,1,1,0,0,0,0,0,0,0,0,0,0
2002,121634,1,1,0,0,0,0,0,0,0,0,0,0
2002,121634,2,1,0,0,0,0,0,0,0,0,0,0
2002,121634,3,1,0,0,0,0,0,0,0,0,0,0
2002,121635,1,1,0,31,0,0,0,20,0,0,8,0
2002,121636,1,1,1,1,1,1,1,1,1,1,1,1
2002,121637,1,1,0,0,0,0,0,0,0,0,0,0
2002,121637,2,1,0,0,0,0,0,0,0,0,0,0
2002,121638,1,1,27,27,27,27,27,27,27,27,27,27
2002,121639,0,1,1,1,1,1,1,1,1,1,1,1
2002,121639,1,1,4,4,4,4,4,4,4,4,4,4
2002,121640,0,1,0,0,0,0,0,0,0,0,0,0
2002,121640,0,2,0,0,0,0,0,0,15,0,0,0
2002,121640,1,1,17,25,0,0,18,5,16,17,13,0
2002,121641,1,1,0,0,8,0,0,0,0,0,0,0
2002,121641,2,1,0,0,0,0,0,0,0,0,0,0
2002,121641,3,1,0,0,0,0,18,18,7,10,0,0
2002,121641,4,1,26,0,10,0,0,0,0,9,8,18
2002,121642,0,1,0,0,0,0,0,0,0,0,0,0
2002,121642,1,1,0,0,0,0,0,0,0,0,0,0
2002,121643,1,1,0,0,0,0,0,0,0,0,0,0
2002,121643,2,1,0,0,0,0,0,0,0,0,0,0
2002,121644,1,1,0,0,0,0,0,0,0,0,0,0
2002,121644,2,1,0,0,0,0,0,0,0,0,0,0
2002,121645,1,1,16,16,16,16,16,16,16,16,16,16
2002,121646,1,1,0,0,0,0,0,0,0,0,0,0
2002,121646,2,1,0,0,0,0,0,0,0,0,0,5
2002,121646,3,1,0,0,11,0,0,0,0,0,0,0
2002,121647,1,1,21,21,21,21,21,21,21,21,21,21
2002,121648,1,1,21,21,21,21,21,21,21,21,21,21
2002,121649,0,1,0,0,0,0,0,0,0,0,0,0
2002,121649,1,1,0,0,0,13,0,0,0,0,0,0
2002,121650,0,1,0,17,0,23,0,0,17,0,0,38
2002,121650,1,1,9,0,0,0,0,0,0,0,0,0
2002,121651,1,1,0,0,0,0,0,0,0,0,0,0
2002,121651,2,1,0,0,0,0,15,0,0,0,0,0