YEAR,ST_CASE,veh_no,per_no,P1,P2,P3,P4,P5,P6,P7,P8,P9,P10
2002,121652,1,1,0,0,0,0,0,0,0,0,0,0
2002,121652,2,1,0,0,0,0,0,0,0,0,0,0
2002,121653,1,1,0,0,0,0,0,0,0,0,0,0
2002,121653,2,1,0,0,0,0,0,0,0,0,0,0
2002,121654,1,1,0,0,0,0,0,0,20,0,0,0
2002,121654,2,1,0,0,0,0,0,0,0,0,0,0
2002,121655,1,1,0,0,0,0,0,0,0,0,0,0
2002,121655,2,1,0,0,0,4,0,0,0,0,0,0
2002,121656,1,1,15,15,15,15,15,15,15,15,15,15
2002,121656,2,1,0,0,0,0,0,0,0,0,0,0
2002,121657,1,1,0,0,0,0,0,0,0,0,0,0
2002,121657,2,1,0,0,0,0,0,0,0,0,0,0
2002,121658,0,1,0,0,0,0,0,0,0,0,0,0
2002,121658,1,1,0,0,0,0,0,0,0,0,0,0
2002,121659,0,1,6,6,6,6,6,6,6,6,6,6
2002,121659,1,1,0,0,0,0,0,0,0,18,6,0
2002,121660,1,1,0,0,0,0,0,0,0,0,0,0
2002,121660,2,1,0,0,0,0,0,0,0,0,0,0
2002,121661,1,1,9,9,9,9,9,9,9,9,9,9
2002,121662,0,1,0,0,0,0,0,0,0,0,0,0
2002,121662,1,1,0,0,0,0,0,0,0,0,0,0
2002,121663,0,1,0,0,0,0,0,0,0,0,0,0
2002,121663,1,1,0,0,0,0,0,0,0,0,0,0
2002,121664,1,1,0,15,0,0,0,0,0,0,0,0
2002,121664,2,1,0,0,0,0,0,0,0,0,0,0
2002,121664,3,1,0,0,0,0,0,0,18,0,0,0
2002,121664,4,1,0,0,0,0,0,0,0,0,0,0
2002,121665,1,1,13,13,13,13,13,13,13,13,13,13
2002,121666,0,1,0,0,0,0,0,0,0,0,0,0
2002,121666,1,1,0,0,0,0,0,0,0,0,0,0
2002,121667,1,1,0,0,0,0,0,0,0,0,0,0
2002,121667,2,1,0,0,0,0,0,0,0,0,0,0
2002,121667,3,1,0,0,0,0,0,0,0,0,0,0
2002,121668,1,1,0,0,0,0,0,0,0,0,0,0
2002,121668,2,1,0,0,0,0,0,0,0,0,0,0
2002,121669,1,1,0,0,0,0,0,0,0,0,0,0
2002,121669,2,1,0,0,0,0,0,0,0,0,0,0
2002,121670,1,1,0,0,0,0,0,0,0,0,0,0
2002,121670,2,1,0,0,0,0,0,0,0,0,0,0
2002,121671,1,1,0,0,0,0,0,0,0,0,0,0
2002,121671,2,1,0,0,0,0,0,0,0,0,0,0
2002,121672,1,1,0,0,0,0,0,0,0,0,0,0
2002,121673,1,1,0,0,0,0,0,0,0,0,0,0
2002,121674,1,1,0,0,0,0,0,0,0,0,0,0
2002,121675,1,1,0,31,0,0,10,0,0,0,22,0
2002,121676,1,1,0,0,0,0,9,0,0,0,0,0
2002,121676,2,1,0,0,0,0,0,0,0,0,0,0
2002,121677,1,1,0,0,0,0,0,0,0,0,0,0
2002,121677,2,1,0,0,0,0,0,0,0,0,0,0
2002,121678,1,1,0,0,0,0,0,0,0,0,0,0
2002,121678,2,1,0,0,0,0,0,0,0,0,0,0
2002,121679,1,1,0,0,0,0,0,0,0,0,0,0
2002,121679,2,1,0,0,0,0,0,0,0,0,0,0
2002,121680,0,1,0,0,0,0,0,0,0,0,0,0
2002,121680,0,2,36,34,0,17,0,0,16,0,0,13
2002,121680,0,3,0,0,0,0,0,0,0,0,0,0
2002,121680,1,1,0,0,0,0,0,0,0,0,0,0
2002,121681,1,1,0,0,0,0,0,0,0,0,0,0
2002,121681,2,1,0,0,0,0,0,0,0,0,0,0
2002,121682,1,1,0,0,0,0,0,0,0,0,0,0
2002,121682,2,1,0,0,0,0,0,0,0,0,0,0
2002,121682,3,1,0,0,0,0,0,0,0,0,0,0
2002,121682,4,1,0,10,12,0,0,0,0,0,27,0
2002,121683,1,1,0,0,0,0,0,0,0,0,0,0
2002,121683,2,1,0,0,0,0,0,0,0,0,0,0
2002,121684,1,1,0,0,0,0,0,0,0,0,0,0
2002,121684,2,1,0,0,0,0,0,0,0,0,0,0
2002,121684,3,1,0,0,0,0,0,0,0,0,0,0
2002,121685,1,1,0,0,0,0,0,0,0,0,0,0
2002,121685,2,1,3,3,3,3,3,3,3,3,3,3
2002,121686,0,1,0,0,0,0,0,0,0,0,0,0
2002,121686,1,1,0,0,0,0,0,0,0,0,0,0
2002,121687,1,1,0,0,0,0,0,0,0,0,0,0
2002,121687,2,1,0,0,0,0,0,0,0,0,0,0
2002,121688,1,1,23,0,0,0,11,0,0,6,0,0
2002,121689,1,1,17,17,17,17,17,17,17,17,17,17
2002,121689,2,1,0,0,0,0,0,0,0,0,0,0
2002,121690,1,1,0,0,0,0,0,0,0,0,0,0
2002,121691,1,1,29,29,29,29,29,29,29,29,29,29
2002,121691,2,1,0,0,0,0,0,0,0,0,0,0
2002,121692,1,1,0,22,14,0,0,8,0,13,8,0
2002,121693,1,1,0,0,0,0,0,0,6,0,0,0
2002,121693,2,1,0,0,0,0,0,0,0,0,0,0
2002,121694,0,3,0,0,0,0,0,0,0,0,0,0
2002,121694,1,1,0,0,0,0,0,0,0,0,0,0
2002,121695,1,1,19,19,19,19,19,19,19,19,19,19
2002,121695,2,1,0,0,0,0,0,0,0,0,0,0
2002,121695,3,1,0,0,0,0,0,0,0,0,0,0
2002,121696,1,1,15,15,15,15,15,15,15,15,15,15
2002,121697,1,1,0,0,0,0,0,0,0,0,0,0
2002,121697,2,1,0,0,0,0,0,0,0,0,0,0
2002,121698,1,1,18,0,0,0,0,0,0,0,0,0
2002,121698,2,1,5,0,0,0,0,0,0,0,0,11
2002,121699,0,1,24,24,24,24,24,24,24,24,24,24
2002,121699,1,1,0,0,0,0,0,0,0,0,0,0
2002,121700,1,1,26,26,26,26,26,26,26,26,26,26
2002,121700,2,1,12,12,12,12,12,12,12,12,12,12
2002,121701,1,1,0,0,0,0,0,0,0,0,0,0
2002,121701,2,1,0,0,0,0,0,0,0,0,0,0
2002,121702,0,1,0,0,0,0,0,0,0,0,0,0
2002,121702,1,1,15,0,0,0,17,0,0,0,3,16
2002,121703,1,1,12,12,12,12,12,12,12,12,12,12
2002,121704,1,1,0,0,0,0,0,0,0,0,0,0
2002,121704,2,1,0,0,0,6,0,0,0,0,9,0
2002,121705,1,1,0,0,0,0,0,0,0,0,0,0
2002,121705,2,1,0,0,0,0,0,0,0,0,0,0
2002,121706,1,1,0,0,0,0,0,0,0,0,0,0
2002,121707,1,1,0,0,0,0,0,0,0,0,0,0
2002,121707,2,1,0,0,0,0,0,0,0,0,0,0
2002,121708,1,1,0,0,13,0,0,0,0,4,32,0
2002,121709,1,1,0,0,0,0,22,0,0,0,0,0
2002,121709,2,1,0,0,0,0,0,0,0,0,0,0
2002,121709,3,1,0,0,0,0,0,0,0,0,0,0
2002,121710,1,1,24,24,24,24,24,24,24,24,24,24
2002,121711,1,1,0,0,0,0,0,0,0,0,0,0
2002,121712,1,1,0,0,0,0,0,0,0,0,0,0
2002,121713,1,1,17,17,17,17,17,17,17,17,17,17
2002,121713,2,1,0,0,0,0,0,0,0,0,10,0
2002,121714,1,1,18,18,18,18,18,18,18,18,18,18
2002,121715,1,1,0,0,0,0,0,0,0,0,0,0
2002,121715,2,1,0,0,0,0,0,0,8,0,0,14
2002,121715,3,1,0,0,0,0,0,0,0,0,0,0
2002,121715,4,1,0,0,0,0,0,0,0,0,0,0
2002,121715,5,1,0,0,0,0,0,0,0,0,0,0
2002,121716,1,1,19,19,19,19,19,19,19,19,19,19
2002,121717,1,1,27,27,27,27,27,27,27,27,27,27
2002,121717,2,1,0,0,0,0,9,0,0,0,0,0
2002,121717,3,1,0,0,0,0,0,0,0,0,0,0
2002,121717,4,1,15,0,0,0,0,0,0,0,0,0
2002,121718,1,1,10,10,10,10,10,10,10,10,10,10
2002,121719,1,1,0,0,0,0,0,0,0,0,0,0
2002,121720,1,1,13,13,13,13,13,13,13,13,13,13
2002,121721,1,1,0,0,0,0,0,0,0,0,0,0
2002,121721,2,1,0,0,0,0,0,0,0,0,0,0
2002,121722,1,1,0,0,0,0,0,0,0,0,5,0
2002,121722,2,1,0,0,0,0,5,0,0,0,0,0
2002,121723,1,1,0,0,0,0,0,0,0,0,0,0
2002,121723,2,1,0,0,0,0,0,0,0,0,0,0
2002,121724,1,1,27,27,27,27,27,27,27,27,27,27
2002,121725,1,1,0,0,0,0,0,0,0,0,0,0
2002,121726,0,1,0,0,0,0,0,0,0,0,0,0
2002,121726,1,1,0,0,0,0,0,0,0,0,0,0
2002,121727,1,1,0,0,0,0,0,0,0,0,0,0
2002,121727,2,1,0,0,0,0,0,0,0,0,0,0
2002,121728,1,1,0,0,0,0,0,0,0,0,0,0
2002,121728,2,1,0,0,0,0,0,0,0,0,0,0
2002,121729,1,1,0,0,0,0,0,0,0,0,0,0
2002,121729,2,1,0,0,0,0,0,0,0,0,0,0
2002,121730,1,1,0,0,0,0,0,0,0,0,0,0
2002,121731,1,1,10,10,10,10,10,10,10,10,10,10
2002,121732,1,1,0,0,0,0,0,0,0,0,0,0
2002,121733,1,1,6,6,6,6,6,6,6,6,6,6
2002,121734,1,1,0,0,0,0,0,0,0,0,0,0
2002,121734,2,1,0,0,0,0,0,0,0,0,0,0
2002,121734,3,1,0,0,0,0,0,0,0,0,0,10
2002,121735,1,1,17,17,17,17,17,17,17,17,17,17
2002,121735,2,1,12,12,12,12,12,12,12,12,12,12
2002,121736,1,1,8,8,8,8,8,8,8,8,8,8
2002,121737,1,1,0,0,0,0,0,0,0,0,0,0
2002,121737,2,1,7,7,7,7,7,7,7,7,7,7
2002,121738,1,1,0,0,0,0,0,0,0,0,0,0
2002,121738,2,1,0,2,0,0,0,0,0,0,0,0
2002,121739,1,1,19,19,19,19,19,19,19,19,19,19
2002,121740,1,1,15,15,15,15,15,15,15,15,15,15
2002,121741,1,1,0,0,0,0,0,0,0,0,0,0
2002,121741,2,1,0,0,0,0,0,0,0,0,0,0
2002,121742,1,1,21,20,19,0,0,15,0,0,0,22
2002,121743,0,1,17,17,17,17,17,17,17,17,17,17
2002,121743,1,1,0,0,0,12,0,0,0,0,0,0
2002,121744,1,1,13,0,0,0,0,0,0,0,0,0
2002,121744,2,1,8,0,0,11,0,0,0,0,12,0
2002,121745,1,1,1,1,1,1,1,1,1,1,1,1
2002,121745,2,1,14,9,0,21,0,14,0,0,0,19
2002,121746,1,1,0,0,0,0,0,0,0,0,0,0
2002,121747,1,1,0,13,0,0,0,5,5,0,0,0
2002,121748,1,1,0,0,0,0,0,0,0,0,0,0
2002,121748,2,1,0,0,0,0,0,0,0,0,0,0
2002,121749,1,1,0,0,0,0,0,0,0,0,0,0
2002,121749,2,1,0,0,0,0,0,0,0,0,0,0
2002,121750,1,1,0,0,0,0,0,0,0,0,0,0
2002,121750,2,1,0,0,0,0,0,0,0,0,0,0
2002,121751,1,1,0,0,0,0,0,0,0,9,0,0
2002,121751,2,1,0,0,0,0,0,0,0,0,0,0
2002,121752,1,1,20,20,20,20,20,20,20,20,20,20
2002,121752,2,1,0,0,0,0,0,0,0,0,0,0
2002,121753,0,1,0,0,0,0,0,0,0,0,0,0
2002,121753,1,1,0,0,14,9,11,14,8,33,0,0
2002,121754,0,1,0,29,0,0,0,0,0,0,0,0
2002,121754,1,1,0,0,0,0,0,0,0,0,0,0
2002,121755,1,1,0,0,7,0,0,0,0,0,0,0
2002,121755,2,1,0,0,0,0,0,0,0,0,0,0
2002,121755,3,1,0,0,0,0,0,0,0,0,0,0
2002,121756,1,1,24,24,24,24,24,24,24,24,24,24
2002,121756,2,1,0,0,0,0,0,0,0,0,0,0
2002,121757,1,1,13,13,13,13,13,13,13,13,13,13
2002,121758,1,1,0,0,0,0,0,0,0,0,0,0
2002,121758,2,1,0,0,0,0,0,0,0,0,0,0
2002,121759,0,1,28,0,0,0,0,0,0,0,0,0
2002,121759,1,1,0,0,11,0,0,0,0,0,0,0
2002,121760,1,1,0,16,6,0,13,0,0,9,11,0
2002,121761,0,1,26,26,26,26,26,26,26,26,26,26
2002,121761,1,1,0,0,0,0,0,0,0,0,0,0
2002,121762,1,1,0,0,0,0,0,0,0,0,0,0
2002,121763,1,1,0,0,0,0,0,0,0,0,0,0
2002,121763,2,1,0,20,0,0,0,0,0,0,0,0
2002,121764,1,1,0,0,0,0,0,0,0,0,0,0
2002,121764,2,1,0,0,0,0,0,0,0,0,0,0
2002,121765,1,1,0,0,0,0,0,0,0,0,0,0
2002,121766,1,1,22,0,0,0,0,0,0,0,0,14
2002,121766,2,1,0,0,0,0,0,0,0,0,0,0
2002,121767,1,1,0,0,0,0,0,0,14,0,0,0
2002,121767,2,1,0,0,0,0,0,0,0,0,0,0
2002,121768,0,1,32,32,32,32,32,32,32,32,32,32
2002,121768,1,1,0,0,0,0,0,0,0,0,0,0
2002,121769,1,1,0,0,0,0,0,0,0,0,0,0
2002,121769,2,1,0,0,0,0,0,0,0,0,0,0
2002,121770,1,1,0,0,0,0,0,0,0,0,0,0
2002,121770,2,1,10,10,10,10,10,10,10,10,10,10
2002,121771,1,1,12,12,12,12,12,12,12,12,12,12
2002,121772,1,1,17,17,17,17,17,17,17,17,17,17
2002,121772,2,1,0,0,0,0,0,0,0,0,0,0
2002,121773,1,1,0,0,0,0,0,0,0,0,0,0
2002,121774,1,1,0,0,0,0,0,0,0,0,0,0
2002,121774,2,1,0,0,0,0,0,0,0,0,0,0
2002,121775,1,1,0,0,0,0,0,0,0,0,0,0
2002,121776,0,1,14,14,14,14,14,14,14,14,14,14
2002,121776,1,1,0,0,8,0,13,11,11,17,9,0
2002,121777,1,1,0,0,0,0,0,0,0,0,0,0
2002,121778,0,1,15,15,15,15,15,15,15,15,15,15
2002,121778,1,1,0,0,0,0,0,0,0,0,0,0
2002,121779,0,1,23,23,23,23,23,23,23,23,23,23
2002,121779,1,1,10,0,0,0,11,0,0,8,0,0
2002,121779,2,1,0,0,0,0,0,0,0,0,0,0
2002,121780,0,1,25,25,25,25,25,25,25,25,25,25
2002,121780,1,1,0,0,0,20,0,0,0,0,0,0
2002,121781,1,1,17,17,17,17,17,17,17,17,17,17
2002,121781,2,1,13,13,13,13,13,13,13,13,13,13
2002,121782,1,1,25,25,25,25,25,25,25,25,25,25
2002,121782,2,1,0,0,0,0,0,0,0,0,0,0
2002,121782,3,1,0,0,0,0,0,0,0,0,0,0
2002,121783,0,1,3,3,3,3,3,3,3,3,3,3
2002,121783,1,1,0,0,0,0,0,0,0,0,0,0
2002,121784,1,1,14,14,14,14,14,14,14,14,14,14
2002,121784,2,1,9,9,9,9,9,9,9,9,9,9
2002,121785,1,1,15,15,15,15,15,15,15,15,15,15
2002,121786,1,1,0,0,0,0,0,0,0,0,0,0
2002,121786,2,1,0,0,0,0,0,0,0,0,15,0
2002,121786,3,1,0,0,0,7,0,0,0,0,0,0
2002,121786,4,1,0,0,0,0,0,0,0,0,0,0
2002,121787,1,1,0,0,0,0,0,0,0,0,0,0
2002,121787,2,1,0,0,0,0,0,0,0,0,0,5
2002,121788,1,1,17,17,17,17,17,17,17,17,17,17
2002,121788,2,1,0,0,0,0,0,0,0,3,0,0
2002,121789,1,1,13,13,13,13,13,13,13,13,13,13
2002,121790,1,1,0,0,0,0,0,0,0,0,0,0
2002,121791,1,1,0,0,17,0,0,0,11,9,0,0
2002,121792,0,1,0,0,32,22,18,0,0,0,0,0
2002,121792,1,1,0,0,0,0,7,19,25,19,0,0
2002,121793,1,1,13,13,13,13,13,13,13,13,13,13
2002,121793,2,1,0,0,0,0,0,0,0,0,0,0
2002,121794,1,1,0,0,0,0,0,0,0,0,0,0
2002,121795,0,1,0,36,0,0,0,15,0,13,15,9
2002,121795,1,1,0,0,0,3,0,0,0,0,0,0
2002,121796,1,1,0,0,0,0,0,0,0,0,0,0
2002,121797,1,1,10,0,0,0,0,0,0,0,5,0
2002,121798,1,1,0,0,0,0,0,0,0,0,0,0
2002,121798,2,1,0,0,0,0,0,0,0,0,0,0
2002,121799,1,1,3,0,10,0,19,0,18,0,0,17
2002,121799,2,1,0,11,0,2,0,0,0,0,0,0
2002,121800,0,1,0,0,0,0,0,0,0,0,0,0
2002,121800,1,1,0,0,0,0,0,0,0,0,0,0
2002,121801,1,1,0,0,0,10,0,0,0,0,0,0
2002,121801,2,1,0,0,0,0,0,0,0,0,0,0
2002,121802,1,1,0,0,0,0,0,0,0,0,0,0
2002,121802,2,1,0,0,0,0,0,0,0,0,0,0
2002,121802,3,1,0,0,0,0,0,0,0,0,0,0
2002,121803,1,1,0,0,0,18,0,0,0,0,0,0
2002,121804,1,1,0,0,0,0,0,0,0,0,0,0
2002,121804,2,1,0,0,5,9,0,0,0,0,0,0
2002,121805,1,1,0,0,0,0,0,0,0,0,0,0
2002,121805,2,1,0,0,0,0,0,0,0,0,0,0
2002,121806,1,1,0,0,0,15,0,0,0,0,0,0
2002,121806,2,1,0,0,0,33,0,0,0,7,0,0
2002,121807,1,1,0,0,0,0,0,0,0,0,0,0
2002,121807,2,1,0,0,0,0,0,0,0,0,0,0
2002,121808,1,1,0,12,0,0,0,0,0,18,0,0
2002,121809,1,1,0,0,0,0,0,0,0,0,0,0
2002,121810,1,1,12,6,25,15,20,20,13,0,8,0
2002,121811,1,1,0,0,0,0,0,0,0,24,0,0
2002,121812,1,1,0,0,10,16,0,0,0,0,0,0
2002,121812,2,1,0,0,11,0,0,0,0,0,0,0
2002,121812,3,1,0,0,0,0,0,0,0,0,0,0
2002,121813,1,1,19,19,19,19,19,19,19,19,19,19
2002,121813,2,1,0,0,0,0,0,0,0,0,0,0
2002,121814,1,1,26,26,26,26,26,26,26,26,26,26
2002,121815,1,1,18,18,18,18,18,18,18,18,18,18
2002,121815,2,1,0,0,0,0,0,0,0,0,0,0
2002,121815,3,1,0,0,0,0,0,0,0,0,0,0
2002,121816,1,1,0,0,0,0,0,0,0,0,0,0
2002,121816,2,1,0,0,0,0,0,0,0,0,0,0
2002,121817,1,1,25,25,25,25,25,25,25,25,25,25
2002,121818,1,1,3,0,13,0,0,0,0,0,9,20
2002,121819,1,1,0,0,0,0,0,0,0,0,0,0
2002,121819,2,1,32,0,0,0,0,0,0,0,0,0
2002,121820,1,1,0,0,0,0,0,0,0,0,0,0
2002,121820,2,1,0,0,0,0,0,0,0,0,11,0
2002,121821,1,1,17,17,17,17,17,17,17,17,17,17
2002,121822,1,1,25,25,25,25,25,25,25,25,25,25
2002,121822,2,1,0,0,0,0,14,0,0,0,12,0
2002,121823,1,1,16,16,16,16,16,16,16,16,16,16
2002,121823,2,1,0,0,0,0,0,0,0,0,0,0
2002,121823,3,1,0,0,0,0,0,0,0,0,0,0
2002,121824,1,1,0,15,15,16,0,7,0,0,0,10
2002,121825,1,1,15,15,15,15,15,15,15,15,15,15
2002,121826,1,1,0,0,0,0,0,0,0,0,0,0
2002,121827,1,1,0,0,0,0,0,0,0,0,0,0
2002,121828,0,1,0,0,0,0,0,0,0,0,0,0
2002,121828,1,1,0,0,0,5,0,0,0,0,0,0
2002,121829,1,1,20,20,20,20,20,20,20,20,20,20
2002,121829,2,1,5,5,5,5,5,5,5,5,5,5
2002,121830,0,1,13,13,13,13,13,13,13,13,13,13
2002,121830,1,1,9,9,9,9,9,9,9,9,9,9
2002,121831,1,1,23,0,28,9,17,27,2,30,6,27
2002,121832,0,1,34,17,20,0,40,8,35,19,34,18
2002,121832,1,1,19,0,0,0,0,0,0,0,0,0
2002,121833,1,1,0,12,0,0,0,0,0,0,0,0
2002,121833,2,1,0,0,0,0,0,0,0,0,0,0
2002,121834,1,1,0,0,0,0,0,0,0,0,0,0
2002,121834,2,1,6,6,6,6,6,6,6,6,6,6
2002,121835,1,1,0,0,0,0,0,0,0,0,0,0
2002,121836,1,1,1,1,1,1,1,1,1,1,1,1
2002,121837,1,1,22,23,0,0,0,3,0,0,0,0
2002,121838,0,1,20,39,31,0,18,30,13,36,19,30
2002,121838,1,1,0,11,0,0,0,17,13,0,0,0
2002,121839,1,1,1,1,1,1,1,1,1,1,1,1
2002,121839,2,1,0,0,0,0,0,0,0,0,0,0
2002,121840,1,1,0,0,0,0,0,0,0,0,0,0
2002,121840,2,1,0,0,25,0,0,0,0,0,0,13
2002,121841,1,1,0,0,0,0,0,0,0,0,0,0
2002,121842,1,1,19,19,19,19,19,19,19,19,19,19
2002,121843,1,1,0,0,0,0,0,0,0,0,0,0
2002,121844,1,1,27,27,27,27,27,27,27,27,27,27
2002,121845,0,1,0,0,0,0,0,0,0,0,0,0
2002,121845,1,1,0,0,0,0,0,0,0,0,0,0
2002,121846,1,1,0,0,0,0,0,0,0,0,0,0
2002,121846,2,1,0,0,0,0,0,0,0,0,0,0
2002,121847,0,1,30,30,30,30,30,30,30,30,30,30
2002,121847,1,1,0,0,11,0,0,0,0,0,0,0
2002,121848,1,1,0,0,0,0,0,0,0,0,0,0
2002,121848,2,1,0,0,0,0,0,0,0,0,0,0
2002,121849,1,1,0,0,0,0,0,0,0,0,0,0
2002,121850,0,1,0,0,0,0,0,0,0,0,0,0
2002,121850,1,1,0,0,0,0,0,0,0,0,0,0
2002,121851,1,1,0,0,0,0,0,0,0,0,14,0
2002,121851,2,1,0,0,0,0,0,0,0,0,0,0
2002,121852,0,1,21,21,21,21,21,21,21,21,21,21
2002,121852,1,1,0,0,0,0,0,0,0,0,0,17
2002,121853,1,1,0,0,0,0,0,0,0,0,0,14
2002,121853,2,1,0,0,0,0,0,0,0,0,0,0
2002,121854,0,1,38,38,38,38,38,38,38,38,38,38
2002,121854,1,1,0,0,0,0,0,0,0,0,0,13
2002,121854,2,1,0,0,0,0,0,0,0,0,0,0
2002,121854,3,1,0,0,0,0,0,0,0,0,0,0
2002,121855,1,1,0,0,0,0,0,0,0,0,0,0
2002,121856,1,1,0,0,0,0,0,0,0,0,0,0
2002,121857,1,1,0,0,0,0,0,0,0,0,0,0
2002,121857,2,1,0,0,0,0,13,0,0,0,0,0
2002,121858,1,1,32,0,0,25,0,0,0,0,0,0
2002,121859,1,1,0,0,0,0,0,0,0,0,0,0
2002,121859,2,1,0,0,0,0,0,0,0,0,0,0
2002,121859,3,1,20,0,0,0,0,0,0,0,0,0
2002,121859,4,1,0,0,0,0,0,0,0,0,0,0
2002,121860,1,1,0,0,0,0,0,0,0,0,0,0
2002,121860,2,1,0,0,0,0,0,0,0,0,0,0
2002,121861,1,1,14,14,14,14,14,14,14,14,14,14
2002,121862,1,1,0,17,0,0,4,12,11,0,0,0
2002,121862,2,1,0,0,0,0,31,0,0,0,0,0
2002,121863,1,1,0,0,0,0,0,0,0,0,0,0
2002,121863,2,1,7,0,15,0,0,0,0,0,0,0
2002,121864,1,1,0,0,0,0,0,0,0,0,0,0
2002,121864,2,1,0,0,0,0,0,0,0,0,0,0
2002,121865,1,1,0,0,0,0,0,0,0,0,0,0
2002,121865,2,1,1,1,1,1,1,1,1,1,1,1
2002,121866,1,1,0,0,0,0,9,0,0,0,0,0
2002,121866,2,1,0,0,0,0,0,0,13,0,0,0
2002,121866,3,1,0,0,0,0,0,0,0,0,0,0
2002,121867,1,1,27,27,27,27,27,27,27,27,27,27
2002,121867,2,1,0,0,0,0,0,0,0,0,0,0
2002,121867,3,1,0,0,0,0,0,9,0,0,0,0
2002,121867,4,1,0,0,0,0,0,0,0,0,0,0
2002,121868,1,1,0,0,0,0,0,0,0,0,0,0
2002,121869,0,1,18,18,18,18,18,18,18,18,18,18
2002,121869,1,1,0,0,0,0,0,0,0,0,0,0
2002,121870,1,1,24,19,9,22,32,8,10,0,21,21
2002,121870,2,1,0,10,0,0,0,0,7,0,0,0
2002,121870,3,1,0,16,10,0,0,9,0,0,18,0
2002,121871,1,1,0,0,0,0,0,0,0,0,0,0
2002,121871,2,1,0,0,0,0,0,0,0,0,0,0
2002,121872,1,1,0,0,0,14,0,0,0,0,15,0
2002,121873,1,1,12,12,12,12,12,12,12,12,12,12
2002,121874,1,1,22,22,22,22,22,22,22,22,22,22
2002,121875,1,1,30,30,30,30,30,30,30,30,30,30
2002,121875,2,1,0,0,0,0,0,0,0,0,0,0
2002,121876,1,1,0,0,0,0,0,0,0,0,22,0
2002,121877,1,1,19,19,19,19,19,19,19,19,19,19
2002,121878,1,1,14,14,14,14,14,14,14,14,14,14
2002,121879,1,1,20,20,20,20,20,20,20,20,20,20
2002,121880,1,1,0,0,0,0,0,0,0,12,0,0
2002,121881,1,1,0,0,0,0,0,0,0,0,0,0
2002,121881,2,1,0,0,0,0,0,0,0,0,0,0
2002,121882,1,1,0,0,0,0,0,0,0,29,17,0
2002,121883,1,1,0,0,0,0,0,0,0,0,0,0
2002,121883,2,1,0,0,0,0,0,0,0,0,0,0
2002,121884,1,1,0,0,0,0,0,0,0,0,0,0
2002,121884,2,1,0,0,0,0,0,0,0,0,0,0
2002,121885,0,1,2,2,2,2,2,2,2,2,2,2
2002,121885,1,1,0,0,0,0,0,0,0,0,0,0
2002,121886,1,1,0,0,24,22,0,0,0,0,0,0
2002,121886,2,1,0,0,0,17,0,0,0,0,0,0
2002,121887,1,1,27,27,27,27,27,27,27,27,27,27
2002,121887,2,1,0,0,0,0,0,0,0,0,0,0
2002,121888,1,1,0,0,0,0,0,0,0,0,0,0
2002,121888,2,1,0,0,0,0,0,0,0,0,0,0
2002,121889,1,1,30,30,30,30,30,30,30,30,30,30
2002,121890,1,1,0,0,0,0,0,0,0,0,0,0
2002,121890,2,1,0,0,0,0,0,0,0,13,0,33
2002,121891,0,1,0,0,0,0,0,0,0,0,0,0
2002,121891,1,1,0,0,0,0,0,0,0,0,0,0
2002,121892,1,1,28,28,28,28,28,28,28,28,28,28
2002,121893,1,1,0,0,0,0,0,0,0,0,0,0
2002,121893,2,1,0,0,0,0,0,0,0,0,0,0
2002,121894,1,1,0,0,0,0,0,0,0,0,0,0
2002,121895,1,1,0,0,0,0,0,0,0,0,0,0
2002,121895,2,1,0,0,0,0,0,0,0,0,0,0
2002,121896,1,1,4,4,4,4,4,4,4,4,4,4
2002,121896,2,1,0,0,0,0,0,0,0,0,0,0
2002,121896,3,1,0,0,0,0,0,0,0,0,0,0
2002,121897,1,1,0,0,0,0,0,0,0,0,0,0
2002,121897,2,1,0,0,0,0,0,0,0,0,0,0
2002,121898,0,1,0,0,0,0,0,0,0,0,0,0
2002,121898,1,1,0,0,0,0,0,0,0,0,0,0
2002,121899,1,1,0,0,0,0,0,0,0,0,0,0
2002,121899,2,1,2,2,2,2,2,2,2,2,2,2
2002,121899,3,1,0,0,0,0,0,0,0,0,0,0
2002,121900,1,1,0,0,0,0,8,0,0,0,23,0
2002,121901,1,1,0,0,0,0,0,0,0,0,0,0
2002,121901,2,1,0,0,0,0,0,0,0,0,0,0
2002,121902,1,1,0,0,0,0,0,0,0,0,0,0
2002,121902,2,1,0,0,0,0,0,0,0,0,0,0
2002,121903,1,1,0,0,0,0,0,0,0,0,0,0
2002,121903,2,1,0,0,0,0,0,0,0,0,0,8
2002,121904,0,1,14,14,14,14,14,14,14,14,14,14
2002,121904,1,1,0,0,0,0,0,0,0,0,0,0
2002,121905,1,1,0,0,0,0,0,10,26,17,0,16
2002,121906,1,1,0,0,0,0,0,0,0,0,0,0
2002,121907,1,1,20,20,20,20,20,20,20,20,20,20
2002,121908,1,1,0,0,0,0,0,0,0,0,0,0
2002,121909,1,1,4,0,0,0,0,0,0,0,0,0
2002,121909,2,1,18,10,36,0,0,0,0,0,0,0
2002,121910,1,1,0,0,0,0,0,0,0,0,0,0
2002,121910,2,1,11,11,11,11,11,11,11,11,11,11
2002,121911,1,1,0,0,0,0,0,0,0,0,0,0