YEAR,ST_CASE,veh_no,per_no,P1,P2,P3,P4,P5,P6,P7,P8,P9,P10
2002,122436,1,1,17,0,0,0,0,0,0,0,0,0
2002,122436,2,1,0,0,11,0,0,0,0,0,0,0
2002,122437,1,1,0,0,0,0,0,0,0,0,0,0
2002,122437,2,1,5,5,5,5,5,5,5,5,5,5
2002,122438,1,1,0,0,0,0,0,0,0,0,0,0
2002,122438,2,1,0,0,0,0,0,0,0,0,0,0
2002,122438,3,1,0,0,0,0,0,0,0,0,0,0
2002,122439,1,1,0,0,0,9,0,0,0,0,9,0
2002,122440,1,1,0,0,0,0,0,0,0,18,0,0
2002,122440,2,1,0,0,0,0,0,0,0,0,0,0
2002,122441,1,1,13,6,8,16,0,14,0,16,20,5
2002,122441,2,1,0,0,0,0,0,0,0,0,0,0
2002,122442,1,1,25,25,25,25,25,25,25,25,25,25
2002,122443,1,1,0,0,0,0,0,12,24,0,0,0
2002,122443,2,1,0,0,0,0,0,0,0,0,0,0
2002,122444,1,1,0,0,0,0,0,0,0,0,0,0
2002,122445,1,1,0,0,0,0,0,0,0,0,0,0
2002,122445,2,1,0,0,0,0,0,0,0,0,0,0
2002,122446,0,1,0,0,0,0,0,21,0,0,43,0
2002,122446,1,1,3,3,3,3,3,3,3,3,3,3
2002,122447,1,1,24,24,24,24,24,24,24,24,24,24
2002,122448,1,1,10,10,10,10,10,10,10,10,10,10
2002,122448,2,1,0,0,0,0,0,0,0,0,0,0
2002,122449,1,1,0,0,0,0,0,0,0,0,0,0
2002,122450,1,1,0,3,0,0,6,0,0,0,0,0
2002,122451,0,1,0,0,0,0,0,0,0,0,0,0
2002,122451,1,1,0,0,0,0,0,0,0,0,0,0
2002,122452,1,1,9,9,9,9,9,9,9,9,9,9
2002,122453,1,1,0,0,0,0,0,0,0,0,0,0
2002,122453,2,1,0,0,0,0,19,0,0,0,0,0
2002,122454,1,1,0,0,0,0,0,0,0,0,13,8
2002,122455,1,1,5,5,5,5,5,5,5,5,5,5
2002,122455,2,1,0,0,0,0,0,0,0,0,0,0
2002,122456,1,1,21,21,21,21,21,21,21,21,21,21
2002,122457,1,1,0,0,0,0,0,0,0,0,0,0
2002,122457,2,1,15,15,15,15,15,15,15,15,15,15
2002,122458,1,1,0,0,0,14,0,29,0,0,0,0
2002,122459,1,1,25,30,17,0,17,26,0,0,0,43
2002,122460,1,1,17,17,17,17,17,17,17,17,17,17
2002,122461,0,1,26,26,26,26,26,26,26,26,26,26
2002,122461,1,1,0,0,0,0,0,0,0,0,0,18
2002,122462,1,1,0,0,0,0,0,0,0,0,0,0
2002,122462,2,1,0,0,0,0,0,0,0,0,0,0
2002,122463,1,1,0,0,0,0,0,0,0,0,0,0
2002,122464,1,1,22,22,22,22,22,22,22,22,22,22
2002,122464,2,1,2,2,2,2,2,2,2,2,2,2
2002,122464,3,1,0,0,0,0,0,0,0,0,0,0
2002,122465,1,1,0,0,0,0,0,0,0,0,0,0
2002,122465,2,1,0,0,0,0,0,0,0,0,0,0
2002,122466,1,1,0,0,0,0,0,0,0,0,0,0
2002,122466,2,1,0,0,0,0,0,0,0,0,0,0
2002,122466,3,1,0,0,0,0,0,0,0,0,0,0
2002,122466,4,1,0,0,0,0,0,0,0,0,0,0
2002,122466,5,1,0,0,0,17,0,0,0,0,0,0
2002,122467,1,1,0,0,0,0,0,0,0,0,0,0
2002,122467,2,1,0,0,0,0,0,0,0,0,0,0
2002,122468,1,1,1,1,1,1,1,1,1,1,1,1
2002,122469,1,1,21,21,21,21,21,21,21,21,21,21
2002,122470,1,1,20,20,20,20,20,20,20,20,20,20
2002,122471,1,1,12,0,0,0,0,0,0,0,0,0
2002,122471,2,1,0,0,0,0,0,0,0,14,0,0
2002,122472,1,1,0,0,0,0,0,0,0,0,0,0
2002,122472,2,1,15,0,0,0,0,0,0,0,0,0
2002,122472,3,1,0,0,0,0,0,0,0,0,0,0
2002,122473,1,1,16,13,10,0,5,16,8,6,0,0
2002,122473,2,1,0,0,0,0,0,0,0,0,0,0
2002,122474,1,1,0,0,0,0,0,0,0,0,0,0
2002,122474,2,1,0,0,0,0,0,0,0,0,0,0
2002,122475,1,1,0,0,0,15,0,0,0,0,0,0
2002,122475,2,1,0,0,0,0,0,0,0,0,0,0
2002,122476,1,1,4,4,4,4,4,4,4,4,4,4
2002,122477,0,1,0,0,0,0,0,0,0,0,0,0
2002,122477,1,1,0,0,0,0,0,0,0,0,0,0
2002,122478,1,1,0,0,0,0,0,0,0,0,0,0
2002,122479,1,1,1,1,1,1,1,1,1,1,1,1
2002,122479,2,1,0,0,0,0,0,0,0,0,0,0
2002,122480,1,1,0,0,0,0,20,0,0,10,0,0
2002,122480,2,1,0,0,0,0,0,0,0,0,0,0
2002,122481,1,1,9,0,3,0,0,14,11,0,0,0
2002,122482,1,1,18,0,19,17,18,30,25,22,24,19
2002,122483,1,1,0,0,0,0,0,0,0,0,0,0
2002,122483,2,1,0,0,0,0,0,0,0,0,13,0
2002,122484,0,1,0,0,0,0,0,0,0,13,0,0
2002,122484,1,1,11,0,0,0,0,0,20,0,0,0
2002,122485,1,1,0,22,0,21,0,0,25,0,20,42
2002,122486,1,1,0,0,0,0,0,0,0,0,0,0
2002,122487,1,1,0,0,0,0,0,0,0,0,0,0
2002,122487,2,1,0,0,0,0,0,0,0,0,0,0
2002,122488,1,1,5,24,13,0,0,19,26,19,27,11
2002,122488,2,1,0,0,0,22,0,0,0,0,5,0
2002,122489,1,1,0,0,0,0,0,0,0,0,0,0
2002,122489,2,1,0,25,0,0,16,0,4,16,20,0
2002,122489,3,1,0,27,23,0,0,0,0,0,0,0
2002,122490,0,1,14,14,14,14,14,14,14,14,14,14
2002,122490,1,1,0,0,0,0,0,18,0,0,0,35
2002,122491,1,1,0,8,0,12,11,14,0,13,8,24
2002,122491,2,1,0,0,0,0,0,0,0,0,0,0
2002,122492,1,1,15,15,15,15,15,15,15,15,15,15
2002,122493,1,1,0,0,0,0,0,0,0,0,0,0
2002,122493,2,1,0,0,0,0,0,0,0,0,0,0
2002,122493,3,1,0,0,0,0,0,0,0,0,0,0
2002,122493,4,1,0,0,0,0,0,0,0,0,0,0
2002,122494,1,1,0,0,14,4,0,0,0,0,0,0
2002,122494,2,1,0,0,0,0,0,0,0,0,0,15
2002,122495,1,1,0,0,0,0,0,0,0,0,0,0
2002,122496,0,1,0,0,0,0,0,0,0,0,0,0
2002,122496,1,1,0,0,0,0,0,0,0,0,0,0
2002,122497,1,1,23,23,23,23,23,23,23,23,23,23
2002,122498,1,1,0,0,0,0,0,0,0,0,0,0
2002,122498,2,1,8,8,8,8,8,8,8,8,8,8
2002,122499,1,1,20,20,20,20,20,20,20,20,20,20
2002,122499,2,1,0,0,0,0,0,0,0,0,0,0
2002,122500,1,1,4,4,4,4,4,4,4,4,4,4
2002,122500,2,1,0,0,3,0,0,0,0,0,0,0
2002,122501,1,1,0,0,0,0,0,0,0,0,0,0
2002,122502,1,1,0,0,0,0,0,0,0,0,0,0
2002,122502,2,1,25,25,25,25,25,25,25,25,25,25
2002,122503,1,1,7,7,7,7,7,7,7,7,7,7
2002,122503,2,1,0,7,0,0,12,0,0,0,0,15
2002,122504,1,1,34,34,34,34,34,34,34,34,34,34
2002,122505,1,1,0,0,0,0,0,0,0,0,0,0
2002,122505,2,1,0,0,0,0,0,0,0,0,0,0
2002,122506,1,1,0,0,0,0,0,0,0,0,0,0
2002,122506,2,1,0,0,0,0,0,0,0,0,0,0
2002,122507,0,1,0,9,0,0,0,0,0,0,0,0
2002,122507,0,2,0,0,0,0,0,0,0,0,0,14
2002,122507,1,1,0,0,0,0,0,0,0,0,0,0
2002,122508,1,1,0,0,0,0,0,0,0,0,0,0
2002,122509,0,1,14,14,14,14,14,14,14,14,14,14
2002,122509,1,1,6,0,0,0,0,0,0,0,0,15
2002,122510,1,1,14,0,0,0,0,0,0,0,0,0
2002,122510,2,1,0,0,0,0,0,0,0,0,0,0
2002,122511,1,1,25,25,25,25,25,25,25,25,25,25
2002,122511,2,1,0,0,0,0,0,0,0,0,0,0
2002,122512,1,1,0,0,0,0,0,0,0,0,0,0
2002,122513,1,1,0,0,0,0,0,0,0,0,0,0
2002,122513,2,1,0,0,0,0,0,0,0,0,0,0
2002,122514,0,1,0,0,0,0,0,3,0,0,0,0
2002,122514,1,1,0,0,0,0,0,0,0,0,0,0
2002,122515,1,1,0,0,17,28,0,0,0,0,0,12
2002,122516,1,1,24,24,24,24,24,24,24,24,24,24
2002,122517,1,1,0,0,0,0,0,16,0,0,0,0
2002,122517,2,1,0,0,0,0,0,0,0,24,0,0
2002,122518,0,1,29,29,29,29,29,29,29,29,29,29
2002,122518,1,1,0,0,0,0,0,0,0,0,0,0
2002,122518,2,1,0,0,0,0,0,0,0,0,0,0
2002,122519,0,1,0,24,7,0,0,23,18,21,17,14
2002,122519,1,1,0,0,0,0,0,0,0,0,0,0
2002,122520,1,1,0,0,0,0,0,0,8,14,0,0
2002,122521,1,1,4,4,4,4,4,4,4,4,4,4
2002,122522,0,1,31,17,0,21,40,6,4,0,0,8
2002,122522,1,1,0,0,0,0,0,0,0,0,0,0
2002,122523,0,1,0,0,0,0,0,0,0,0,0,0
2002,122523,1,1,0,0,33,18,0,0,0,0,0,0
2002,122524,1,1,0,0,0,0,0,0,0,0,0,0
2002,122524,2,1,0,0,0,0,0,0,0,0,0,0
2002,122525,0,1,26,26,26,26,26,26,26,26,26,26
2002,122525,1,1,0,0,0,0,0,0,0,0,0,0
2002,122526,1,1,7,7,7,7,7,7,7,7,7,7
2002,122527,1,1,3,3,3,3,3,3,3,3,3,3
2002,122527,2,1,0,0,0,0,0,0,0,0,0,0
2002,122528,0,1,0,7,0,19,12,17,30,0,14,9
2002,122528,1,1,0,0,0,7,0,0,19,14,0,25
2002,122529,0,1,15,15,15,15,15,15,15,15,15,15
2002,122529,1,1,0,0,0,0,0,0,0,0,0,0
2002,122530,1,1,24,24,24,24,24,24,24,24,24,24
2002,122530,2,1,0,0,0,0,0,0,0,0,0,0
2002,122531,1,1,0,0,0,0,0,0,10,0,0,0
2002,122531,2,1,0,0,0,0,0,0,0,0,0,0
2002,122532,1,1,0,0,0,0,0,0,0,0,0,0
2002,122532,2,1,9,9,9,9,9,9,9,9,9,9
2002,122532,3,1,0,0,0,0,0,0,0,0,0,0
2002,122532,4,1,0,0,0,0,0,0,0,0,0,0
2002,122533,0,1,0,19,0,0,15,0,0,13,0,0
2002,122533,1,1,0,0,0,0,0,0,15,0,0,0
2002,122534,1,1,0,18,21,18,11,0,15,13,1,24
2002,122535,1,1,0,0,0,0,0,0,0,0,0,0
2002,122535,2,1,15,0,0,0,0,0,0,0,10,0
2002,122535,3,1,0,0,0,0,0,0,0,0,0,0
2002,122536,0,1,12,12,12,12,12,12,12,12,12,12
2002,122536,1,1,11,11,11,11,11,11,11,11,11,11
2002,122537,1,1,16,16,16,16,16,16,16,16,16,16
2002,122538,0,1,23,23,23,23,23,23,23,23,23,23
2002,122538,1,1,2,2,2,2,2,2,2,2,2,2
2002,122539,1,1,0,0,0,0,0,0,0,0,0,0
2002,122539,2,1,0,0,0,0,0,0,0,0,0,0
2002,122539,3,1,0,0,0,0,0,0,0,0,0,0
2002,122540,1,1,5,0,0,0,0,13,0,0,0,0
2002,122540,2,1,0,0,0,0,0,0,0,0,0,0
2002,122541,1,1,11,17,15,22,0,19,12,14,6,0
2002,122542,1,1,0,0,0,0,0,0,0,0,0,0
2002,122542,2,1,0,0,0,0,0,0,0,0,0,0
2002,122542,3,1,0,0,0,0,0,0,0,0,0,0
2002,122543,1,1,0,0,0,0,0,0,0,0,0,0
2002,122543,2,1,7,7,7,7,7,7,7,7,7,7
2002,122544,0,1,8,8,8,8,8,8,8,8,8,8
2002,122544,1,1,0,0,0,0,0,0,0,0,0,0
2002,122545,1,1,21,21,21,21,21,21,21,21,21,21
2002,122546,0,1,0,43,0,0,0,0,12,0,0,0
2002,122546,1,1,0,0,0,0,0,0,0,0,0,6
2002,122547,1,1,30,30,30,30,30,30,30,30,30,30
2002,122547,2,1,0,0,0,0,0,0,0,0,0,0
2002,122547,3,1,0,0,0,0,0,0,0,0,0,0
2002,122547,4,1,0,0,0,0,0,0,0,0,0,8
2002,122547,5,1,0,0,0,0,0,0,0,0,0,0
2002,122547,6,1,0,0,0,0,0,0,0,0,0,0
2002,122547,7,1,0,0,0,0,0,0,0,0,0,0
2002,122548,1,1,0,0,0,0,0,0,0,0,0,0
2002,122549,1,1,0,0,0,0,0,0,0,0,0,0
2002,122550,1,1,28,28,28,28,28,28,28,28,28,28
2002,122550,2,1,0,0,0,0,0,0,0,0,0,0
2002,122550,3,1,0,0,0,0,0,0,0,0,0,0
2002,122551,1,1,0,0,0,0,0,0,0,0,0,0
2002,122552,1,1,21,21,21,21,21,21,21,21,21,21
2002,122553,1,1,0,0,0,0,0,0,0,0,0,0
2002,122553,2,1,0,0,0,0,0,0,0,0,0,0
2002,122554,1,1,0,0,0,0,0,0,0,0,0,0
2002,122554,2,1,0,0,0,0,0,0,0,0,0,0
2002,122555,1,1,20,20,20,20,20,20,20,20,20,20
2002,122556,1,1,0,0,0,0,0,0,0,0,0,0
2002,122556,2,1,0,0,0,0,0,0,0,0,0,0
2002,122557,1,1,0,0,0,0,0,0,0,0,0,0
2002,122558,0,1,0,0,0,0,0,0,0,0,0,0
2002,122558,1,1,0,0,0,0,0,0,0,0,0,0
2002,122559,1,1,0,0,0,0,0,0,0,0,0,0
2002,122560,1,1,0,0,0,0,0,0,0,0,0,0
2002,122561,1,1,0,0,0,0,0,0,0,0,0,0
2002,122561,2,1,0,7,0,0,0,0,0,0,0,0
2002,122561,3,1,0,0,0,0,0,0,0,0,0,0
2002,122562,1,1,0,0,0,0,0,0,24,0,0,0
2002,122563,1,1,0,0,0,0,0,0,0,0,0,0
2002,122563,2,1,0,0,0,0,0,0,0,0,0,0
2002,122564,0,1,0,0,0,0,0,0,0,0,0,0
2002,122564,1,1,0,0,0,0,0,0,0,0,0,0
2002,122565,0,1,0,0,0,0,0,0,0,0,0,0
2002,122565,1,1,0,0,0,0,0,0,0,0,0,0
2002,122566,1,1,19,19,19,19,19,19,19,19,19,19
2002,122566,2,1,8,0,0,0,0,0,0,29,0,0
2002,122567,1,1,0,0,0,0,0,0,0,12,11,0
2002,122568,1,1,15,15,15,15,15,15,15,15,15,15
2002,122569,1,1,0,0,26,15,16,0,0,26,0,0
2002,122570,1,1,0,0,0,0,0,0,0,0,0,0
2002,122570,2,1,0,0,0,0,0,0,0,0,0,0
2002,122571,0,1,0,0,0,0,0,0,0,0,0,0
2002,122571,1,1,4,4,4,4,4,4,4,4,4,4
2002,122572,1,1,18,0,0,0,0,0,0,0,0,16
2002,122573,1,1,15,15,15,15,15,15,15,15,15,15
2002,122573,2,1,0,0,0,0,0,0,0,0,0,0
2002,122574,1,1,16,16,16,16,16,16,16,16,16,16
2002,122574,2,1,0,0,0,0,0,0,0,0,0,0
2002,122575,1,1,12,12,12,12,12,12,12,12,12,12
2002,122576,0,1,24,24,24,24,24,24,24,24,24,24
2002,122576,1,1,0,0,0,12,0,0,0,0,0,0
2002,122577,1,1,0,0,0,0,0,0,0,0,0,0
2002,122577,2,1,0,0,0,0,0,0,0,0,0,0
2002,122578,1,1,0,0,0,0,0,0,0,0,0,0
2002,122578,2,1,0,0,0,27,0,0,0,0,0,0
2002,122579,1,1,0,0,0,0,0,0,0,0,0,0
2002,122579,2,1,0,0,0,0,13,0,0,0,0,0
2002,122580,1,1,0,0,0,0,0,0,0,0,0,0
2002,122580,2,1,0,0,0,0,0,0,0,0,0,0
2002,122581,1,1,0,0,0,0,0,0,0,0,0,0
2002,122581,2,1,0,0,0,0,0,0,0,0,0,0
2002,122582,1,1,0,0,0,0,0,0,0,0,0,0
2002,122582,2,1,0,0,0,0,0,0,0,0,0,0
2002,122583,1,1,0,0,0,0,0,0,0,0,0,0
2002,122583,2,1,0,0,0,0,0,0,0,0,0,0
2002,122584,1,1,21,24,26,30,35,0,21,22,16,25
2002,122585,1,1,0,0,0,0,0,0,0,0,0,0
2002,122586,1,1,0,16,19,33,21,6,6,0,0,0
2002,122587,1,1,0,0,0,0,0,0,0,0,0,0
2002,122587,2,1,0,0,0,0,0,0,0,16,0,0
2002,122587,3,1,0,0,0,0,0,0,0,0,0,0
2002,122588,1,1,20,0,25,17,22,0,0,0,30,0
2002,122588,2,1,0,8,0,0,0,0,0,0,0,35
2002,122589,1,1,0,0,0,0,0,0,0,0,0,0
2002,122589,2,1,0,0,0,0,0,0,0,0,0,0
2002,122589,3,1,0,0,0,0,0,0,0,0,0,0
2002,122590,1,1,0,0,0,0,0,0,0,0,0,0
2002,122590,2,1,0,0,0,0,0,0,0,0,0,0
2002,122591,1,1,0,0,0,0,0,0,39,0,0,0
2002,122591,2,1,0,0,0,0,0,0,11,0,0,0
2002,122592,1,1,0,0,0,0,0,0,0,0,0,0
2002,122592,2,1,0,0,0,0,0,0,0,0,0,0
2002,122593,1,1,24,24,24,24,24,24,24,24,24,24
2002,122594,1,1,0,0,0,0,0,0,0,0,0,0
2002,122594,2,1,0,0,0,0,0,0,0,0,0,0
2002,122595,1,1,0,0,0,15,0,0,0,0,0,0
2002,122596,0,1,0,0,0,0,0,0,0,0,0,0
2002,122596,1,1,0,0,0,0,0,0,0,0,0,0
2002,122597,1,1,10,10,10,10,10,10,10,10,10,10
2002,122598,1,1,12,12,12,12,12,12,12,12,12,12
2002,122599,1,1,0,25,0,0,0,0,0,6,0,0
2002,122599,2,1,0,0,0,0,0,0,0,0,0,0
2002,122600,1,1,0,0,0,0,0,0,0,0,0,0
2002,122600,2,1,0,0,0,13,0,0,0,0,0,0
2002,122600,3,1,0,0,0,0,0,0,0,0,0,0
2002,122600,4,1,0,0,0,0,0,0,0,0,0,0
2002,122601,1,1,0,32,0,0,12,12,25,10,0,0
2002,122601,2,1,0,0,0,0,0,0,0,0,0,0
2002,122602,1,1,17,17,17,17,17,17,17,17,17,17
2002,122602,2,1,0,0,0,0,0,0,0,0,0,0
2002,122602,3,1,0,0,0,0,0,0,0,0,0,0
2002,122603,1,1,21,21,21,21,21,21,21,21,21,21
2002,122604,0,1,19,19,19,19,19,19,19,19,19,19
2002,122604,1,1,0,0,0,0,0,0,0,0,0,0
2002,122605,0,1,0,0,52,0,19,0,10,0,0,23
2002,122605,1,1,0,0,0,0,0,0,0,15,0,0
2002,122606,1,1,14,0,0,0,0,0,0,0,0,0
2002,122606,2,1,0,0,0,29,0,0,0,0,0,0
2002,122607,1,1,0,0,0,0,0,0,0,0,0,0
2002,122607,2,1,0,0,0,0,0,0,0,0,0,0
2002,122608,1,1,26,26,26,26,26,26,26,26,26,26
2002,122608,2,1,0,0,0,0,0,0,0,0,0,0
2002,122609,1,1,2,2,2,2,2,2,2,2,2,2
2002,122609,2,1,0,0,0,0,0,0,0,0,0,0
2002,122610,1,1,0,0,0,0,0,0,0,0,0,0
2002,122611,1,1,14,14,14,14,14,14,14,14,14,14
2002,122612,1,1,16,16,16,16,16,16,16,16,16,16
2002,122613,1,1,0,0,0,0,0,0,0,0,0,0
2002,122614,0,1,0,0,0,0,0,0,0,0,0,0
2002,122614,1,1,0,0,0,0,0,0,0,12,0,0
2002,122615,1,1,17,27,24,20,0,21,0,8,0,18
2002,122616,1,1,0,0,0,0,0,0,0,0,0,0
2002,122616,2,1,0,0,0,0,0,0,0,0,0,0
2002,122617,1,1,14,14,14,14,14,14,14,14,14,14
2002,122618,1,1,0,0,0,0,0,0,0,0,0,0
2002,122618,2,1,0,0,0,0,0,0,0,0,0,0
2002,122619,0,1,39,37,20,22,0,0,0,0,0,14
2002,122619,1,1,0,0,0,0,0,0,0,0,0,0
2002,122619,2,1,0,0,0,0,0,0,0,0,0,0
2002,122620,1,1,0,0,0,0,0,0,0,0,0,0
2002,122620,2,1,0,0,0,0,0,0,0,0,0,0
2002,122621,1,1,0,0,0,0,0,0,0,0,0,0
2002,122622,1,1,0,0,0,0,0,0,0,0,0,0
2002,122622,2,1,0,0,0,0,0,0,0,0,0,0
2002,122622,3,1,7,0,0,0,0,0,0,0,0,0
2002,122623,0,1,17,17,17,17,17,17,17,17,17,17
2002,122623,1,1,0,0,0,0,0,0,0,0,0,0
2002,122624,1,1,0,0,0,0,0,0,0,0,0,0
2002,122624,2,1,16,16,16,16,16,16,16,16,16,16
2002,122625,0,1,19,30,43,0,25,37,17,31,31,23
2002,122625,0,2,17,0,22,0,30,17,23,23,0,44
2002,122625,1,1,0,22,0,0,0,0,0,7,0,0
2002,122626,0,1,0,0,0,0,0,0,0,0,0,0
2002,122626,1,1,0,0,0,0,0,0,0,0,0,0
2002,122627,1,1,30,30,30,30,30,30,30,30,30,30
2002,122627,2,1,0,0,0,0,0,0,0,0,0,0
2002,122628,1,1,0,0,0,0,0,0,0,0,0,0
2002,122628,2,1,0,0,0,0,0,0,0,0,0,0
2002,122628,3,1,0,0,0,0,0,0,0,0,0,0
2002,122629,1,1,0,0,25,0,0,0,0,0,0,0
2002,122630,0,1,9,25,26,16,0,41,19,5,24,27
2002,122630,1,1,0,0,0,0,0,0,0,0,0,0
2002,122631,1,1,0,0,0,0,0,0,0,0,0,0
2002,122631,2,1,0,0,0,0,0,0,0,0,0,0
2002,122632,0,1,0,14,0,15,5,0,0,3,0,0
2002,122632,0,2,0,0,0,0,0,0,0,0,0,0
2002,122632,0,3,0,0,0,43,0,0,0,0,42,0
2002,122632,0,4,12,0,0,0,25,0,0,8,9,17
2002,122632,0,5,0,0,0,5,0,0,0,0,12,17
2002,122632,0,6,0,14,0,32,23,0,27,16,0,16
2002,122632,0,7,0,0,0,0,0,0,0,0,8,0
2002,122632,0,8,0,2,3,0,0,14,0,5,0,8
2002,122632,0,9,0,25,0,15,12,0,0,0,0,0
2002,122632,0,10,0,12,0,0,0,0,0,12,10,17
2002,122632,0,11,11,13,21,7,0,0,0,15,0,0
2002,122632,1,1,0,0,0,0,0,0,16,0,0,0
2002,122633,0,1,0,0,0,0,0,0,0,0,0,0
2002,122633,1,1,0,0,0,0,0,0,0,0,0,0
2002,122634,1,1,2,2,2,2,2,2,2,2,2,2
2002,122634,2,1,0,0,0,0,0,0,0,0,0,0
2002,122635,1,1,0,0,0,0,0,0,0,0,0,0
2002,122636,1,1,0,10,0,0,0,0,0,0,0,0
2002,122636,2,1,0,0,0,0,0,0,0,0,0,0
2002,122637,1,1,0,0,0,0,0,0,0,0,0,0
2002,122637,2,1,0,0,0,0,0,0,0,0,0,0
2002,122638,1,1,0,0,0,0,0,0,0,0,0,0
2002,122638,2,1,0,0,0,0,0,0,0,0,0,0
2002,122639,1,1,0,0,0,0,0,0,0,0,0,0
2002,122640,1,1,21,11,17,10,14,16,22,22,9,16
2002,122641,1,1,0,0,0,0,0,0,0,0,0,0
2002,122641,2,1,0,0,0,0,0,0,0,0,0,0
2002,122642,1,1,0,0,0,0,0,0,0,0,0,0
2002,122642,2,1,0,0,0,0,0,0,0,0,0,0
2002,122643,1,1,0,0,0,0,0,0,0,0,0,0
2002,122644,0,1,38,10,0,19,0,43,0,0,0,24
2002,122644,1,1,0,0,2,11,0,0,0,7,0,0
2002,122645,0,1,0,0,0,0,0,0,0,0,0,0
2002,122645,1,1,0,0,0,0,0,0,0,0,0,0
2002,122646,1,1,3,3,3,3,3,3,3,3,3,3
2002,122646,2,1,18,18,18,18,18,18,18,18,18,18
2002,122647,1,1,0,0,0,0,0,0,0,0,0,0
2002,122647,2,1,0,0,0,0,0,0,0,0,0,0
2002,122648,1,1,0,12,0,20,37,0,19,0,24,0
2002,122649,1,1,26,26,26,26,26,26,26,26,26,26
2002,122649,2,1,0,0,0,0,0,0,0,0,0,0
2002,122649,3,1,0,0,0,0,0,16,0,0,7,0
2002,122649,4,1,0,0,0,0,0,0,0,0,0,17
2002,122650,1,1,0,0,0,0,0,0,0,0,0,0
2002,122650,2,1,0,13,0,14,0,0,0,0,0,0
2002,122651,1,1,0,0,0,0,0,0,0,0,0,0
2002,122651,2,1,0,8,0,0,0,0,0,0,0,0
2002,122652,0,1,32,32,32,32,32,32,32,32,32,32
2002,122652,1,1,0,0,0,0,0,0,0,0,0,0
2002,122653,1,1,24,24,24,24,24,24,24,24,24,24
2002,122653,2,1,0,14,0,0,0,0,0,0,0,0
2002,122654,1,1,0,0,0,0,0,0,0,0,0,0
2002,122654,2,1,0,0,0,0,0,0,20,0,0,0
2002,122654,3,1,0,0,0,0,0,0,0,0,0,0
2002,122654,4,1,0,0,0,0,0,0,0,0,0,0
2002,122654,5,1,0,0,0,0,0,0,0,0,0,0
2002,122654,6,1,0,6,0,0,0,0,0,0,0,0
2002,122655,1,1,0,0,0,0,0,0,0,0,0,0
2002,122655,2,1,0,0,0,0,0,6,0,0,0,7
2002,122656,1,1,26,26,26,26,26,26,26,26,26,26
2002,122657,1,1,15,15,15,15,15,15,15,15,15,15
2002,122657,2,1,0,0,0,0,0,0,0,0,0,0
2002,122657,3,1,0,0,0,0,0,0,0,0,0,0
2002,122658,1,1,4,4,4,4,4,4,4,4,4,4
2002,122658,2,1,0,0,0,0,0,0,0,0,0,0
2002,122659,1,1,22,14,0,0,0,0,0,0,0,0
2002,122659,2,1,0,0,0,0,0,0,0,0,0,0
2002,122659,3,1,0,0,0,0,0,0,0,0,0,0
2002,122660,1,1,17,17,17,17,17,17,17,17,17,17
2002,122660,2,1,0,0,0,0,0,0,0,0,0,0
2002,122660,3,1,0,0,0,0,0,0,0,0,0,0
2002,122661,1,1,15,15,15,15,15,15,15,15,15,15
2002,122661,2,1,11,11,11,11,11,11,11,11,11,11
2002,122662,0,1,0,0,0,0,0,0,0,0,0,0
2002,122662,1,1,0,0,0,0,0,0,0,0,0,0
2002,122663,1,1,19,19,19,19,19,19,19,19,19,19
2002,122664,1,1,20,8,10,9,0,0,14,0,0,21
2002,122665,1,1,0,0,0,0,0,0,0,0,12,0
2002,122666,1,1,0,0,0,0,0,0,0,0,0,0
2002,122667,0,1,18,18,18,18,18,18,18,18,18,18
2002,122667,1,1,0,0,0,0,0,0,0,0,0,0
2002,122668,1,1,17,17,17,17,17,17,17,17,17,17
2002,122668,2,1,17,17,17,17,17,17,17,17,17,17
2002,122669,1,1,21,21,21,21,21,21,21,21,21,21
2002,122669,2,1,0,0,0,0,0,0,0,0,0,0
2002,122670,0,1,45,45,45,45,45,45,45,45,45,45
2002,122670,1,1,0,0,0,0,0,0,0,0,0,21
2002,122671,1,1,31,31,31,31,31,31,31,31,31,31
2002,122672,1,1,0,0,0,0,0,0,0,0,0,0
2002,122673,1,1,9,9,9,9,9,9,9,9,9,9
2002,122673,2,1,0,0,0,26,0,0,17,0,0,0
2002,122674,1,1,0,0,0,0,0,0,0,0,0,0
2002,122674,2,1,0,0,0,0,0,0,0,0,0,0
2002,122675,1,1,8,0,0,3,0,0,0,0,0,0
2002,122675,2,1,0,0,0,0,0,0,0,0,0,0
2002,122676,1,1,0,0,24,0,0,0,0,18,0,0
2002,122677,0,1,0,0,0,0,0,0,0,0,0,0
2002,122677,1,1,0,0,0,0,0,0,0,0,0,0
2002,122678,0,1,0,0,0,0,0,0,0,0,0,0
2002,122678,1,1,0,0,0,0,0,0,0,0,0,0
2002,122679,1,1,0,0,0,0,0,0,0,0,0,0
2002,122679,2,1,0,0,0,0,0,0,0,0,0,0
2002,122680,1,1,0,0,0,0,0,14,0,0,0,0
2002,122681,0,1,0,0,0,0,0,0,0,0,0,0
2002,122681,1,1,0,0,0,0,0,0,0,0,0,0
2002,122682,0,1,0,0,0,0,0,0,0,0,0,0