YEAR,ST_CASE,veh_no,per_no,P1,P2,P3,P4,P5,P6,P7,P8,P9,P10
2002,130133,0,1,48,48,48,48,48,48,48,48,48,48
2002,130133,1,1,0,0,0,0,0,0,0,0,0,0
2002,130134,1,1,0,0,0,0,0,0,0,0,0,0
2002,130134,2,1,0,0,0,0,0,0,0,0,0,0
2002,130135,1,1,0,0,0,0,0,0,0,0,0,0
2002,130136,0,1,0,0,0,0,0,0,0,0,0,0
2002,130136,1,1,0,0,0,0,0,0,0,0,0,0
2002,130137,1,1,0,0,0,0,0,0,0,0,0,0
2002,130137,2,1,0,0,0,0,0,0,0,0,0,0
2002,130138,1,1,0,0,0,0,7,0,0,0,0,0
2002,130138,2,1,0,0,0,0,0,0,0,0,0,0
2002,130139,1,1,9,9,9,9,9,9,9,9,9,9
2002,130140,1,1,12,12,12,12,12,12,12,12,12,12
2002,130141,1,1,8,8,8,8,8,8,8,8,8,8
2002,130142,1,1,0,0,0,0,0,0,0,0,0,0
2002,130143,1,1,0,0,0,0,0,0,0,0,0,0
2002,130144,1,1,0,0,0,0,0,0,0,0,0,0
2002,130145,1,1,7,7,7,7,7,7,7,7,7,7
2002,130146,1,1,0,0,0,0,0,0,0,0,0,0
2002,130146,2,1,0,0,0,0,0,0,0,0,0,0
2002,130147,1,1,11,0,27,0,31,24,20,10,0,7
2002,130148,1,1,0,0,0,0,0,0,0,0,0,0
2002,130148,2,1,0,0,0,0,0,0,0,0,0,0
2002,130148,3,1,0,0,0,0,0,0,0,0,0,0
2002,130148,4,1,0,0,0,0,0,0,0,0,0,0
2002,130149,0,1,0,26,0,0,0,0,0,18,0,42
2002,130149,1,1,0,0,0,0,0,0,0,0,0,0
2002,130150,0,1,0,0,0,0,0,0,0,0,0,27
2002,130150,1,1,0,0,0,0,0,0,0,0,0,0
2002,130150,2,1,0,0,0,0,0,0,0,0,0,0
2002,130151,1,1,0,0,0,0,0,0,0,0,0,0
2002,130151,2,1,0,0,0,0,0,0,0,0,0,0
2002,130152,0,1,0,0,0,0,0,0,0,0,0,0
2002,130152,1,1,0,0,0,0,0,0,0,0,0,0
2002,130153,1,1,0,0,0,0,0,0,0,0,0,0
2002,130154,1,1,0,0,0,0,0,0,0,0,0,0
2002,130154,2,1,0,0,0,0,0,0,0,0,0,0
2002,130155,1,1,0,0,0,0,0,0,0,0,0,0
2002,130156,1,1,14,20,15,0,0,0,0,7,0,16
2002,130157,1,1,0,0,0,0,0,0,0,0,0,0
2002,130157,2,1,0,0,0,0,0,0,0,0,0,0
2002,130158,0,1,0,0,0,0,0,0,0,9,16,0
2002,130158,1,1,0,0,0,0,0,0,0,0,0,0
2002,130159,1,1,12,16,7,19,19,17,0,23,28,23
2002,130159,2,1,0,0,0,0,0,0,0,0,0,0
2002,130160,1,1,0,0,0,0,0,0,0,0,0,0
2002,130160,2,1,0,0,0,0,0,0,0,0,0,0
2002,130161,1,1,0,0,0,0,0,0,0,0,0,0
2002,130162,1,1,0,0,0,0,0,0,0,0,0,0
2002,130162,2,1,0,0,0,0,0,0,0,0,0,0
2002,130163,1,1,10,21,6,12,22,34,16,12,20,0
2002,130163,2,1,0,0,0,0,0,0,0,13,0,0
2002,130164,1,1,16,19,16,9,13,28,36,9,18,24
2002,130165,1,1,0,10,0,0,0,24,17,0,0,12
2002,130165,2,1,20,20,20,20,20,20,20,20,20,20
2002,130166,1,1,0,0,0,0,0,0,0,0,0,0
2002,130166,2,1,0,0,0,0,0,0,0,0,0,0
2002,130167,1,1,0,0,0,0,0,0,0,0,0,0
2002,130168,0,1,0,0,0,0,0,0,0,0,0,0
2002,130168,1,1,0,0,0,0,0,0,0,0,0,0
2002,130169,1,1,0,0,0,0,0,0,0,0,0,0
2002,130170,1,1,0,0,0,0,0,0,0,0,0,0
2002,130170,2,1,8,21,5,9,26,14,0,23,21,22
2002,130171,1,1,0,0,0,0,0,0,0,0,0,0
2002,130172,1,1,0,0,0,0,0,0,0,0,0,0
2002,130172,2,1,0,0,0,0,0,0,0,0,0,0
2002,130173,1,1,0,0,0,0,0,0,0,0,0,0
2002,130173,2,1,0,0,0,0,0,0,0,0,0,0
2002,130173,3,1,0,0,0,0,0,0,0,0,0,0
2002,130174,1,1,0,0,0,0,0,0,0,0,0,0
2002,130174,2,1,0,0,0,0,0,0,0,0,0,0
2002,130175,1,1,0,0,0,0,17,0,0,0,0,0
2002,130176,1,1,0,0,0,0,0,0,0,0,0,0
2002,130176,2,1,0,0,0,0,0,0,0,0,0,0
2002,130177,1,1,0,0,0,0,0,0,0,0,0,0
2002,130178,1,1,26,0,28,23,30,12,20,19,20,17
2002,130179,1,1,15,15,15,15,15,15,15,15,15,15
2002,130180,0,1,26,0,32,18,8,23,0,21,0,14
2002,130180,1,1,0,0,0,0,0,0,0,0,0,20
2002,130180,2,1,0,0,19,0,0,0,0,16,0,6
2002,130181,0,1,36,36,36,36,36,36,36,36,36,36
2002,130181,1,1,13,0,0,0,0,0,0,17,23,7
2002,130182,1,1,0,0,0,0,0,0,0,0,0,0
2002,130183,1,1,15,11,19,19,0,17,16,0,15,23
2002,130184,1,1,20,20,20,20,20,20,20,20,20,20
2002,130185,1,1,0,0,26,24,0,0,0,0,0,0
2002,130186,1,1,0,0,0,0,0,0,0,0,0,0
2002,130187,1,1,26,15,12,10,19,11,15,23,13,4
2002,130188,1,1,21,21,21,21,21,21,21,21,21,21
2002,130188,2,1,0,0,0,0,0,0,0,0,0,0
2002,130189,1,1,0,0,0,0,0,0,0,0,0,0
2002,130189,2,1,0,0,0,0,0,0,0,0,0,0
2002,130189,3,1,0,0,0,0,0,0,0,0,0,0
2002,130189,4,1,0,0,0,0,0,0,0,0,0,0
2002,130189,5,1,0,0,0,0,0,0,0,0,0,0
2002,130190,1,1,0,0,0,0,0,0,0,0,0,0
2002,130190,2,1,0,0,0,0,0,0,0,0,0,0
2002,130191,1,1,0,0,0,0,12,0,0,0,0,0
2002,130192,1,1,0,0,0,0,0,0,9,0,0,0
2002,130192,2,1,0,0,0,0,0,0,0,0,0,0
2002,130192,3,1,0,0,0,0,19,0,0,0,0,0
2002,130192,4,1,0,0,0,0,0,0,0,0,0,0
2002,130193,1,1,0,0,0,0,0,0,0,0,0,0
2002,130194,0,1,24,24,24,24,24,24,24,24,24,24
2002,130194,1,1,0,0,0,0,0,0,0,0,0,0
2002,130195,1,1,0,0,0,0,0,0,9,0,0,7
2002,130195,2,1,0,0,0,0,0,0,0,0,0,0
2002,130196,0,1,0,0,0,0,0,0,0,0,0,0
2002,130196,1,1,0,0,0,0,0,0,0,0,0,0
2002,130197,1,1,0,0,0,0,0,0,0,0,0,0
2002,130197,2,1,0,0,0,0,0,0,0,0,0,0
2002,130198,1,1,0,0,0,0,0,0,0,0,0,0
2002,130198,2,1,0,0,0,0,0,0,0,0,0,0
2002,130198,3,1,0,0,0,0,0,0,0,0,0,0
2002,130199,1,1,0,32,0,24,0,0,18,0,0,0
2002,130199,2,1,37,0,0,0,0,0,0,0,17,0
2002,130200,1,1,0,0,0,0,0,0,0,0,0,0
2002,130201,0,1,18,11,15,0,0,0,0,0,0,0
2002,130201,1,1,0,0,0,0,0,0,0,0,0,0
2002,130202,1,1,0,0,0,0,0,0,0,0,0,0
2002,130202,2,1,0,0,0,0,0,0,0,0,0,0
2002,130202,3,1,0,0,0,0,0,0,0,0,0,0
2002,130202,4,1,0,0,0,0,0,0,0,0,0,0
2002,130202,5,1,0,0,0,0,0,0,0,0,0,0
2002,130202,6,1,0,0,0,0,0,0,0,0,0,0
2002,130202,7,1,0,0,0,0,0,0,0,0,0,0
2002,130202,8,1,0,0,0,0,0,0,0,0,0,0
2002,130202,9,1,0,0,0,0,0,0,0,0,0,0
2002,130202,10,1,0,0,0,0,0,0,0,0,0,0
2002,130202,11,1,0,0,0,0,0,0,0,0,0,0
2002,130202,12,1,0,0,0,0,0,0,0,0,0,0
2002,130202,13,1,0,0,0,0,0,0,0,0,0,0
2002,130202,14,1,0,0,0,0,0,0,0,0,0,0
2002,130202,15,1,0,0,0,0,0,0,0,0,0,0
2002,130202,16,1,0,0,0,0,0,0,0,0,0,0
2002,130202,17,1,0,0,0,0,0,0,0,0,0,0
2002,130202,18,1,0,0,0,0,0,0,0,0,0,0
2002,130202,19,1,0,0,0,0,0,0,0,0,0,0
2002,130202,20,1,0,0,0,0,0,0,0,0,0,0
2002,130202,21,1,0,0,0,0,0,0,0,0,0,0
2002,130203,1,1,0,0,0,0,0,0,0,0,0,0
2002,130203,2,1,0,0,0,0,0,0,0,0,0,0
2002,130203,3,1,0,0,0,0,0,0,0,0,0,0
2002,130203,4,1,0,0,0,0,0,0,0,0,0,0
2002,130203,5,1,0,0,0,0,0,0,0,0,0,0
2002,130203,6,1,0,0,0,0,0,0,0,0,0,0
2002,130203,7,1,0,0,0,0,0,0,0,0,0,0
2002,130203,8,1,0,0,0,0,0,0,0,0,0,0
2002,130203,9,1,0,0,0,0,0,0,0,0,0,0
2002,130203,10,1,0,0,0,0,0,0,0,0,0,0
2002,130203,11,1,0,0,0,0,0,0,0,0,0,0
2002,130203,12,1,0,0,0,0,0,0,0,0,0,0
2002,130203,13,1,0,0,0,0,0,0,0,0,0,0
2002,130203,14,1,0,0,0,0,0,0,0,0,0,0
2002,130203,15,1,0,0,0,0,0,0,0,0,0,0
2002,130203,16,1,0,0,0,0,0,0,0,0,0,0
2002,130203,17,1,0,0,0,0,0,0,0,0,0,0
2002,130203,18,1,0,0,0,0,0,0,0,0,0,0
2002,130203,19,1,0,0,0,0,0,0,0,0,0,0
2002,130203,20,1,0,0,0,0,0,0,0,0,0,0
2002,130203,21,1,0,0,0,0,0,0,0,0,0,0
2002,130203,22,1,0,0,0,0,0,0,0,0,0,0
2002,130203,23,1,0,0,0,0,0,0,0,0,0,0
2002,130203,24,1,0,0,0,0,0,0,0,0,0,0
2002,130203,25,1,0,0,0,0,0,0,0,0,0,0
2002,130203,26,1,0,0,0,0,0,14,0,0,0,0
2002,130203,27,1,0,0,0,0,0,0,0,0,0,0
2002,130203,28,1,0,0,0,0,0,0,0,0,0,0
2002,130203,29,1,0,0,0,0,0,0,0,0,0,0
2002,130203,30,1,0,0,0,0,0,0,0,0,0,0
2002,130203,31,1,0,0,0,0,0,0,0,0,0,0
2002,130203,32,1,0,0,0,0,0,0,0,0,0,0
2002,130203,33,1,0,0,0,0,0,0,0,0,0,0
2002,130203,34,1,0,0,0,0,0,0,0,0,0,0
2002,130203,35,1,0,0,0,0,0,0,0,0,0,0
2002,130203,36,1,0,0,0,0,0,0,0,0,0,0
2002,130203,37,1,0,0,0,0,0,0,0,0,0,0
2002,130203,38,1,16,0,0,0,29,0,0,0,0,0
2002,130203,39,1,0,0,0,0,0,0,0,0,15,0
2002,130203,40,1,0,0,0,0,0,0,0,0,0,0
2002,130203,41,1,0,0,0,0,0,0,0,0,0,0
2002,130204,0,1,28,28,28,28,28,28,28,28,28,28
2002,130204,1,1,0,0,0,0,0,0,0,0,0,0
2002,130205,1,1,6,6,6,6,6,6,6,6,6,6
2002,130205,2,1,0,0,0,0,0,0,0,0,0,0
2002,130206,0,1,14,14,14,14,14,14,14,14,14,14
2002,130206,1,1,0,0,0,0,0,0,0,0,0,0
2002,130207,1,1,0,0,0,0,0,0,0,0,0,0
2002,130208,1,1,0,0,0,0,0,0,0,0,0,0
2002,130209,1,1,0,0,0,0,0,0,0,0,0,0
2002,130209,2,1,0,0,0,0,0,0,0,0,0,0
2002,130210,1,1,0,0,0,0,0,0,0,0,0,0
2002,130210,2,1,0,0,0,0,0,0,0,0,0,0
2002,130211,1,1,0,0,0,0,0,0,0,0,0,0
2002,130211,2,1,0,0,0,0,0,0,0,0,0,0
2002,130212,1,1,30,13,0,25,20,11,27,23,23,20
2002,130213,1,1,0,0,0,0,0,0,0,0,0,0
2002,130213,2,1,0,0,0,0,0,0,0,0,0,0
2002,130214,1,1,0,0,0,0,0,0,0,0,0,0
2002,130215,1,1,16,16,16,16,16,16,16,16,16,16
2002,130215,2,1,0,0,0,0,0,0,0,0,18,0
2002,130216,1,1,0,0,0,0,0,0,0,0,0,0
2002,130216,2,1,0,0,0,0,0,0,0,0,0,0
2002,130216,3,1,0,0,0,0,0,0,0,0,0,0
2002,130217,1,1,0,0,0,0,0,0,0,0,0,0
2002,130217,2,1,0,0,0,0,0,0,0,0,0,0
2002,130218,0,1,0,0,0,0,0,0,0,0,0,0
2002,130218,1,1,10,10,10,10,10,10,10,10,10,10
2002,130219,1,1,2,2,2,2,2,2,2,2,2,2
2002,130220,1,1,0,0,0,0,0,0,0,0,0,0
2002,130220,2,1,0,0,0,0,0,0,0,0,0,0
2002,130221,1,1,0,0,0,0,0,0,0,0,0,0
2002,130222,0,1,0,0,0,0,0,0,0,0,0,0
2002,130222,1,1,0,0,0,0,0,0,0,0,0,0
2002,130223,1,1,11,11,11,11,11,11,11,11,11,11
2002,130224,1,1,34,34,34,34,34,34,34,34,34,34
2002,130225,1,1,0,0,0,0,0,0,0,0,0,0
2002,130225,2,1,0,0,0,0,0,0,0,0,0,0
2002,130226,1,1,0,0,0,0,0,0,0,0,0,0
2002,130227,1,1,0,0,0,0,0,0,0,0,0,0
2002,130227,2,1,0,0,0,0,0,0,0,0,0,0
2002,130228,1,1,17,0,24,0,0,0,0,17,14,0
2002,130229,0,1,0,0,0,0,0,0,0,0,0,0
2002,130229,1,1,0,0,0,0,0,0,0,0,0,0
2002,130230,1,1,0,0,0,0,0,0,0,0,0,0
2002,130231,1,1,0,0,0,0,0,0,0,0,0,0
2002,130232,1,1,0,0,0,0,0,0,0,0,0,0
2002,130232,2,1,0,0,0,0,0,0,0,0,0,0
2002,130233,1,1,0,0,0,0,0,0,0,0,0,0
2002,130233,2,1,0,0,0,0,0,0,0,0,0,0
2002,130234,1,1,0,0,0,0,0,0,0,0,0,0
2002,130234,2,1,0,0,0,0,0,0,0,0,0,0
2002,130234,3,1,0,16,0,0,0,0,0,0,0,0
2002,130235,0,1,0,0,0,0,0,0,0,0,0,0
2002,130235,1,1,12,12,12,12,12,12,12,12,12,12
2002,130236,1,1,0,0,0,0,0,0,0,0,0,0
2002,130236,2,1,0,0,0,0,0,0,0,0,0,0
2002,130237,1,1,0,0,0,0,0,0,0,0,0,0
2002,130237,2,1,0,0,0,0,0,0,0,0,0,0
2002,130238,1,1,4,4,4,4,4,4,4,4,4,4
2002,130238,2,1,21,0,0,0,10,0,21,0,13,21
2002,130239,1,1,0,0,0,0,0,0,0,0,0,0
2002,130240,1,1,27,27,27,27,27,27,27,27,27,27
2002,130241,1,1,0,0,0,0,0,0,0,0,0,0
2002,130242,1,1,0,0,0,0,0,0,0,0,0,0
2002,130242,2,1,0,0,0,0,0,0,0,0,0,0
2002,130243,1,1,0,0,0,0,0,0,0,0,0,0
2002,130243,2,1,0,0,0,0,0,0,0,0,0,0
2002,130244,1,1,0,0,0,0,0,0,0,0,0,0
2002,130244,2,1,0,0,0,0,0,0,0,0,0,0
2002,130244,3,1,0,0,0,0,0,0,0,0,0,0
2002,130245,1,1,0,0,0,0,0,0,0,0,0,0
2002,130246,1,1,0,0,0,0,0,0,0,0,0,0
2002,130247,1,1,0,0,0,0,0,0,0,0,0,0
2002,130247,2,1,0,0,0,0,0,0,0,0,0,0
2002,130248,1,1,0,0,0,0,0,0,0,0,0,0
2002,130248,2,1,0,0,0,0,0,0,0,0,0,0
2002,130249,1,1,0,0,0,0,0,0,0,0,0,0
2002,130249,2,1,0,0,0,0,0,0,0,0,0,0
2002,130250,1,1,0,0,0,0,0,0,0,0,0,0
2002,130251,1,1,24,10,18,22,10,26,22,28,21,0
2002,130252,1,1,0,0,0,0,0,0,0,0,0,0
2002,130253,1,1,0,0,10,0,0,0,0,0,0,0
2002,130253,2,1,0,0,0,0,0,0,0,0,0,0
2002,130253,3,1,0,0,0,0,10,0,0,0,0,0
2002,130253,4,1,0,0,0,0,0,0,14,0,0,0
2002,130253,5,1,0,0,0,0,0,0,0,0,0,3
2002,130253,6,1,0,0,24,0,0,10,0,0,0,0
2002,130253,7,1,8,0,0,0,0,0,0,0,0,0
2002,130253,8,1,0,0,0,0,0,0,0,0,0,0
2002,130254,1,1,0,0,0,0,0,0,0,0,0,0
2002,130254,2,1,0,0,0,0,0,0,0,0,0,0
2002,130255,0,1,0,0,0,0,0,0,0,0,0,0
2002,130255,1,1,0,18,0,5,0,0,0,0,19,0
2002,130256,1,1,0,0,0,0,0,0,0,11,0,0
2002,130256,2,1,0,0,0,0,0,15,0,0,0,0
2002,130257,1,1,16,16,16,16,16,16,16,16,16,16
2002,130258,1,1,0,0,0,0,0,0,0,0,0,0
2002,130259,1,1,0,0,0,0,0,0,0,0,0,0
2002,130260,1,1,0,0,0,0,0,0,0,0,0,0
2002,130260,2,1,0,0,0,0,0,0,0,0,0,0
2002,130261,1,1,0,0,0,0,0,0,0,0,0,0
2002,130262,1,1,26,26,26,26,26,26,26,26,26,26
2002,130263,1,1,0,0,0,0,0,0,0,0,0,0
2002,130263,2,1,0,0,0,0,0,0,0,0,0,0
2002,130264,1,1,0,0,0,7,0,17,0,0,0,0
2002,130264,2,1,3,3,3,3,3,3,3,3,3,3
2002,130264,3,1,0,0,0,0,10,0,0,0,0,0
2002,130265,1,1,0,0,0,0,0,0,0,0,0,0
2002,130265,2,1,0,0,0,0,0,0,0,0,0,0
2002,130266,0,1,0,0,0,0,0,0,0,0,0,0
2002,130266,1,1,0,0,0,0,0,0,0,0,0,0
2002,130267,0,1,23,23,23,23,23,23,23,23,23,23
2002,130267,1,1,0,0,0,0,0,0,0,0,0,0
2002,130268,1,1,0,0,0,0,0,0,0,0,0,0
2002,130268,2,1,0,0,0,0,0,0,0,0,0,0
2002,130269,0,1,17,0,33,0,0,9,0,16,0,45
2002,130269,1,1,15,15,15,15,15,15,15,15,15,15
2002,130270,1,1,0,0,0,0,0,0,0,0,0,0
2002,130270,2,1,0,0,0,0,0,0,0,0,0,0
2002,130270,3,1,0,0,0,0,0,0,0,0,0,0
2002,130271,1,1,0,0,0,0,0,0,0,0,0,0
2002,130271,2,1,25,25,25,25,25,25,25,25,25,25
2002,130272,1,1,0,0,0,0,0,0,0,0,0,0
2002,130272,2,1,0,0,0,0,0,0,0,0,0,0
2002,130273,1,1,0,0,0,0,0,0,0,0,0,0
2002,130273,2,1,0,0,0,0,0,0,0,0,0,0
2002,130274,1,1,0,0,0,0,12,0,0,22,0,0
2002,130274,2,1,0,0,0,0,0,0,0,0,0,0
2002,130275,1,1,0,0,12,16,13,0,0,0,0,0
2002,130276,1,1,0,0,0,0,0,0,0,0,0,0
2002,130277,1,1,0,0,0,0,24,0,17,14,0,0
2002,130278,1,1,0,0,0,0,0,0,0,0,0,0
2002,130278,2,1,0,0,0,0,0,0,0,0,0,0
2002,130279,0,1,28,28,28,28,28,28,28,28,28,28
2002,130279,1,1,0,0,0,0,0,0,0,0,0,0
2002,130280,1,1,0,0,0,0,0,0,0,0,0,0
2002,130281,0,1,0,0,0,0,0,0,0,0,0,0
2002,130281,1,1,0,0,0,0,0,0,0,0,0,0
2002,130282,0,1,37,37,37,37,37,37,37,37,37,37
2002,130282,1,1,0,0,0,0,0,0,0,0,0,0
2002,130283,1,1,0,0,0,0,0,0,0,0,0,0
2002,130283,2,1,0,0,0,0,0,0,0,0,0,0
2002,130283,3,1,0,0,0,0,0,0,0,0,0,0
2002,130284,1,1,0,0,0,0,0,0,0,0,0,0
2002,130285,1,1,0,0,0,0,0,0,0,0,0,0
2002,130286,0,1,0,0,0,0,0,13,0,0,0,0
2002,130286,1,1,0,0,0,0,0,0,0,0,0,0
2002,130287,1,1,0,0,0,0,0,0,0,0,0,0
2002,130287,2,1,0,0,0,0,0,0,0,0,0,0
2002,130288,1,1,0,0,0,0,0,0,0,0,12,0
2002,130288,2,1,0,0,0,0,0,0,0,0,16,0
2002,130289,1,1,0,0,0,0,0,0,0,0,0,0
2002,130289,2,1,0,0,0,0,0,0,0,0,0,0
2002,130289,3,1,0,0,0,0,0,0,0,0,0,0
2002,130290,0,1,0,0,0,0,0,0,0,0,0,9
2002,130290,1,1,0,0,0,0,0,0,0,0,0,0
2002,130291,1,1,0,0,0,0,0,0,0,0,0,0
2002,130291,2,1,0,0,0,0,0,0,0,0,0,0
2002,130292,1,1,0,0,0,0,0,0,0,0,0,0
2002,130292,2,1,0,0,0,0,0,0,0,0,0,0
2002,130292,3,1,0,0,0,0,0,0,0,0,0,0
2002,130293,0,1,0,0,0,0,0,0,0,0,0,0
2002,130293,0,2,0,0,0,21,0,0,0,18,0,0
2002,130293,1,1,0,0,0,0,0,0,0,0,0,0
2002,130294,1,1,26,26,26,26,26,26,26,26,26,26
2002,130294,2,1,0,0,0,0,0,0,0,0,0,0
2002,130295,1,1,0,0,0,0,0,0,0,0,0,0
2002,130295,2,1,0,0,0,0,0,0,0,0,0,0
2002,130296,1,1,0,0,0,0,0,0,0,0,33,15
2002,130297,1,1,24,24,24,24,24,24,24,24,24,24
2002,130297,2,1,0,0,0,0,0,0,0,0,0,0
2002,130297,3,1,0,0,0,0,0,0,0,0,0,0
2002,130298,1,1,0,0,15,0,22,0,0,0,0,0
2002,130298,2,1,0,0,0,0,0,0,0,0,0,0
2002,130299,1,1,0,0,0,0,0,0,0,0,0,0
2002,130300,0,1,19,19,19,19,19,19,19,19,19,19
2002,130300,0,2,0,0,9,0,19,0,0,29,0,24
2002,130300,1,1,0,0,0,0,0,0,0,0,0,0
2002,130301,1,1,0,0,0,0,0,0,0,0,0,0
2002,130301,2,1,0,0,0,0,0,0,0,0,0,0
2002,130302,1,1,0,0,0,23,0,0,0,0,0,0
2002,130303,1,1,0,0,0,0,0,0,0,0,0,0
2002,130303,2,1,0,0,0,0,0,0,0,0,40,0
2002,130304,1,1,0,0,0,0,0,0,0,0,0,0
2002,130304,2,1,0,0,0,0,0,0,0,0,0,0
2002,130304,3,1,0,0,0,0,0,0,0,0,0,0
2002,130305,1,1,19,19,19,19,19,19,19,19,19,19
2002,130306,1,1,0,0,0,0,0,0,0,0,0,0
2002,130306,2,1,0,0,0,0,0,0,0,0,0,0
2002,130307,1,1,0,0,0,0,0,0,0,0,0,0
2002,130307,2,1,0,0,0,0,0,0,0,0,0,0
2002,130308,1,1,0,0,0,0,0,0,0,0,0,0
2002,130309,1,1,0,0,0,0,0,0,0,0,0,0
2002,130310,1,1,6,6,6,6,6,6,6,6,6,6
2002,130311,0,1,0,0,0,0,5,8,0,0,7,0
2002,130311,1,1,0,0,0,0,0,0,0,0,0,0
2002,130312,1,1,0,0,0,0,0,0,0,0,0,0
2002,130313,1,1,0,0,0,0,0,0,0,0,0,0
2002,130313,2,1,0,0,0,0,0,0,0,0,0,0
2002,130314,1,1,32,0,27,0,0,14,0,0,26,42
2002,130315,1,1,0,0,0,0,0,0,0,0,0,0
2002,130316,1,1,0,0,0,0,0,0,0,0,0,0
2002,130316,2,1,0,0,0,0,0,0,0,0,0,0
2002,130317,0,1,0,0,0,0,0,0,0,0,0,0
2002,130317,1,1,0,0,0,0,0,0,0,0,0,0
2002,130318,1,1,0,0,0,0,0,0,0,0,0,0
2002,130319,1,1,0,0,0,0,0,0,0,0,0,0
2002,130320,1,1,0,0,0,0,0,0,0,0,0,0
2002,130320,2,1,0,0,0,0,0,0,0,0,0,0
2002,130321,1,1,20,20,20,20,20,20,20,20,20,20
2002,130322,1,1,0,21,0,0,0,0,0,0,0,0
2002,130322,2,1,0,0,0,0,0,0,0,0,0,0
2002,130322,3,1,0,0,0,0,0,0,0,0,0,0
2002,130323,1,1,0,0,0,0,0,0,0,0,0,0
2002,130323,2,1,0,0,0,0,0,0,0,0,0,0
2002,130324,1,1,0,0,0,0,0,0,0,0,0,0
2002,130324,2,1,0,0,0,0,0,0,0,0,0,0
2002,130325,1,1,14,33,29,12,18,8,27,31,13,10
2002,130325,2,1,0,0,0,0,0,0,0,0,0,0
2002,130326,1,1,0,0,19,0,20,0,0,0,0,0
2002,130326,2,1,0,0,0,0,0,0,0,0,0,0
2002,130327,1,1,0,0,0,0,0,0,0,0,0,0
2002,130327,2,1,0,0,0,0,0,0,0,0,0,0
2002,130328,1,1,19,19,19,19,19,19,19,19,19,19
2002,130329,1,1,0,0,0,0,0,0,0,0,0,0
2002,130329,2,1,0,0,0,0,0,0,0,0,0,0
2002,130330,1,1,16,16,16,16,16,16,16,16,16,16
2002,130331,1,1,0,15,18,14,0,0,25,22,17,5
2002,130331,2,1,0,0,0,0,0,0,0,0,0,0
2002,130332,1,1,0,0,0,0,0,0,0,0,0,0
2002,130332,2,1,0,0,0,0,0,0,0,0,0,0
2002,130333,1,1,0,0,0,0,0,0,0,0,0,0
2002,130334,1,1,0,0,0,0,0,0,0,0,0,0
2002,130335,0,1,0,0,0,0,0,0,0,0,0,0
2002,130335,1,1,0,0,0,0,0,0,0,0,0,0
2002,130335,2,1,0,0,0,0,0,0,25,0,0,19
2002,130335,3,1,0,0,0,0,0,0,0,0,0,0
2002,130335,4,1,0,0,0,0,0,0,0,0,0,0
2002,130335,5,1,0,0,0,0,0,0,0,0,0,0
2002,130336,1,1,0,0,0,0,0,0,0,0,0,0
2002,130336,2,1,0,0,0,0,0,0,0,0,0,0
2002,130337,1,1,0,0,0,0,0,0,0,0,0,0
2002,130338,1,1,0,0,0,0,0,0,0,0,0,0
2002,130339,1,1,0,0,0,0,0,0,0,0,0,0
2002,130340,1,1,0,0,0,0,0,0,0,0,0,0
2002,130341,1,1,0,0,0,0,0,0,0,0,0,0
2002,130341,2,1,0,0,0,0,0,0,0,0,0,0
2002,130342,1,1,0,0,0,0,0,0,0,0,0,0
2002,130343,1,1,20,20,20,20,20,20,20,20,20,20
2002,130343,2,1,0,0,0,0,0,0,0,0,0,0
2002,130344,1,1,20,20,20,20,20,20,20,20,20,20
2002,130344,2,1,0,0,0,0,0,0,0,0,0,0
2002,130344,3,1,0,0,0,0,0,0,0,0,0,0
2002,130344,4,1,0,0,0,0,0,0,0,0,0,0
2002,130345,1,1,0,0,0,0,0,0,0,0,0,0
2002,130345,2,1,0,0,0,0,0,0,0,0,0,0
2002,130346,1,1,0,0,0,0,0,0,0,0,0,0
2002,130347,1,1,0,0,0,0,0,0,0,0,0,0
2002,130347,2,1,0,0,0,0,0,0,0,0,0,0
2002,130348,0,1,0,0,0,0,0,0,0,0,0,0
2002,130348,1,1,0,0,0,0,0,0,0,25,5,0
2002,130349,1,1,26,26,26,26,26,26,26,26,26,26
2002,130349,2,1,0,0,0,0,0,0,0,0,0,0
2002,130349,3,1,0,0,0,0,0,0,0,0,0,0
2002,130350,1,1,29,0,13,14,0,10,20,0,19,12
2002,130351,1,1,19,19,19,19,19,19,19,19,19,19
2002,130352,1,1,0,0,0,0,0,0,0,0,0,0
2002,130353,0,1,0,0,0,0,0,0,0,0,0,0
2002,130353,1,1,0,0,0,0,0,0,0,0,0,0
2002,130354,1,1,11,11,11,11,11,11,11,11,11,11
2002,130355,1,1,2,2,2,2,2,2,2,2,2,2
2002,130356,1,1,0,0,0,0,0,0,0,0,0,0
2002,130356,2,1,0,0,0,0,0,0,0,0,0,0
2002,130356,3,1,0,0,0,0,0,0,0,0,0,0
2002,130357,1,1,0,0,0,0,0,0,0,0,0,0
2002,130358,1,1,20,34,7,14,16,0,27,0,10,18
2002,130359,1,1,16,16,16,16,16,16,16,16,16,16
2002,130360,1,1,0,0,0,0,0,0,0,0,0,0
2002,130360,2,1,0,0,0,0,0,0,0,0,0,0
2002,130361,1,1,0,0,0,0,0,0,0,0,0,0
2002,130361,2,1,0,0,0,0,0,0,0,0,0,0
2002,130361,3,1,0,0,0,0,0,0,0,0,0,0
2002,130362,1,1,0,0,0,0,0,0,0,0,0,0
2002,130363,1,1,0,0,0,0,0,0,0,0,0,0
2002,130364,1,1,0,0,0,0,0,0,0,0,0,0
2002,130364,2,1,0,0,0,0,0,0,0,0,0,0
2002,130365,1,1,0,0,0,0,0,0,0,0,0,0
2002,130365,2,1,0,0,0,0,0,0,0,0,0,0
2002,130366,1,1,18,18,18,18,18,18,18,18,18,18
2002,130367,1,1,5,5,5,5,5,5,5,5,5,5