YEAR,ST_CASE,veh_no,per_no,P1,P2,P3,P4,P5,P6,P7,P8,P9,P10
2002,130367,2,1,0,0,0,0,0,0,0,0,0,0
2002,130368,1,1,0,0,0,0,0,0,0,0,0,0
2002,130368,2,1,0,0,0,0,0,0,0,0,0,0
2002,130368,3,1,6,27,0,0,10,0,0,11,0,18
2002,130369,0,1,23,23,23,23,23,23,23,23,23,23
2002,130369,1,1,0,0,0,0,0,0,0,0,0,0
2002,130370,1,1,0,0,0,0,0,19,0,0,0,0
2002,130371,1,1,0,0,0,0,0,0,0,0,0,0
2002,130372,1,1,0,22,15,0,0,20,17,0,9,0
2002,130373,1,1,0,0,0,0,0,0,0,0,0,0
2002,130373,2,1,0,0,0,0,0,0,0,0,0,0
2002,130374,1,1,14,14,14,14,14,14,14,14,14,14
2002,130374,2,1,0,0,0,8,0,0,10,0,0,15
2002,130375,1,1,4,4,4,4,4,4,4,4,4,4
2002,130375,2,1,0,0,0,0,0,0,0,0,0,0
2002,130376,1,1,0,0,18,11,13,0,10,21,12,0
2002,130377,1,1,0,0,0,0,0,0,0,0,0,0
2002,130377,2,1,0,0,0,0,0,0,0,0,0,0
2002,130377,3,1,0,0,0,0,0,0,0,0,0,0
2002,130378,0,1,0,0,0,0,0,0,0,0,0,0
2002,130378,1,1,0,0,0,0,0,0,0,0,0,0
2002,130378,3,1,0,29,0,0,0,0,0,0,0,0
2002,130378,4,1,0,0,0,0,0,0,0,0,0,0
2002,130379,1,1,0,0,0,0,0,0,0,0,0,0
2002,130379,2,1,0,0,0,0,0,0,0,0,0,0
2002,130380,1,1,0,0,0,0,0,0,0,0,0,0
2002,130380,2,1,0,0,0,0,0,0,0,0,0,0
2002,130381,1,1,28,28,28,28,28,28,28,28,28,28
2002,130382,1,1,13,13,13,13,13,13,13,13,13,13
2002,130383,1,1,23,23,23,23,23,23,23,23,23,23
2002,130384,1,1,22,22,22,22,22,22,22,22,22,22
2002,130385,1,1,0,0,0,0,0,0,0,0,0,0
2002,130385,2,1,0,0,0,0,0,0,0,0,0,0
2002,130385,3,1,0,0,0,0,0,0,0,0,0,0
2002,130386,1,1,0,0,0,0,0,0,0,0,0,0
2002,130387,1,1,0,0,0,0,0,0,0,0,0,0
2002,130388,1,1,0,0,0,0,0,0,0,0,0,0
2002,130388,2,1,0,0,21,0,0,0,0,21,0,0
2002,130388,3,1,0,0,0,0,0,0,0,0,0,0
2002,130389,1,1,0,0,0,0,0,0,0,0,0,0
2002,130390,1,1,0,0,0,0,0,0,0,0,0,0
2002,130390,2,1,0,0,0,0,0,0,0,0,0,0
2002,130391,1,1,0,0,0,0,0,0,0,0,0,0
2002,130391,2,1,0,0,0,0,0,11,0,0,16,0
2002,130391,3,1,0,0,0,0,0,0,0,0,0,0
2002,130392,1,1,0,0,0,0,0,0,0,0,0,0
2002,130392,2,1,0,0,0,0,0,0,0,0,0,0
2002,130393,1,1,16,16,16,16,16,16,16,16,16,16
2002,130394,1,1,0,0,0,0,0,0,0,0,0,0
2002,130395,1,1,0,0,0,0,0,0,0,0,0,0
2002,130395,2,1,0,0,0,0,0,0,0,0,0,0
2002,130395,3,1,0,0,0,0,0,0,0,0,0,0
2002,130396,1,1,20,20,20,20,20,20,20,20,20,20
2002,130397,1,1,0,0,0,0,0,0,0,0,0,0
2002,130398,1,1,26,0,0,0,0,0,0,0,28,0
2002,130398,2,1,0,18,0,13,0,0,13,20,0,0
2002,130399,1,1,0,0,0,0,23,0,0,0,0,0
2002,130400,1,1,0,0,0,0,0,0,0,0,12,9
2002,130401,0,1,0,0,0,0,0,0,0,0,0,0
2002,130401,0,2,0,0,23,37,22,7,29,0,24,20
2002,130401,1,1,0,0,0,0,0,0,0,0,0,0
2002,130401,2,1,16,16,16,16,16,16,16,16,16,16
2002,130402,1,1,21,0,0,0,0,28,0,0,22,0
2002,130403,1,1,0,0,0,0,0,0,0,0,0,0
2002,130403,2,1,0,0,0,0,0,0,0,0,0,0
2002,130404,1,1,0,0,0,0,0,0,0,0,0,0
2002,130404,2,1,0,0,0,0,0,0,0,0,0,0
2002,130405,1,1,0,0,0,0,0,0,0,0,0,0
2002,130405,2,1,0,0,0,0,0,0,0,0,0,0
2002,130405,3,1,0,0,0,0,0,0,0,0,0,0
2002,130406,1,1,2,2,2,2,2,2,2,2,2,2
2002,130406,2,1,0,0,0,0,0,0,0,0,0,0
2002,130407,1,1,0,0,0,0,0,0,0,0,0,0
2002,130407,2,1,10,0,0,17,11,12,3,0,0,7
2002,130408,1,1,0,0,0,0,0,0,0,0,0,0
2002,130408,2,1,0,0,0,0,0,0,0,0,0,0
2002,130409,1,1,0,0,0,0,0,0,0,0,0,0
2002,130409,2,1,0,0,0,0,0,0,0,0,0,0
2002,130410,1,1,19,9,8,31,8,8,17,35,27,0
2002,130411,1,1,0,0,0,0,0,0,0,0,0,0
2002,130411,2,1,0,0,0,0,0,0,0,0,0,0
2002,130411,3,1,0,0,0,0,0,0,0,0,0,0
2002,130411,4,1,0,0,0,0,0,0,0,0,0,0
2002,130411,5,1,0,0,0,0,0,0,0,0,0,0
2002,130412,1,1,9,9,9,9,9,9,9,9,9,9
2002,130413,0,1,24,0,14,31,37,0,22,0,21,28
2002,130413,1,1,0,0,0,0,0,0,0,0,0,0
2002,130414,1,1,0,13,0,0,0,0,0,0,0,0
2002,130415,1,1,17,17,17,17,17,17,17,17,17,17
2002,130415,2,1,0,0,0,10,0,0,0,0,0,0
2002,130416,1,1,0,0,0,0,0,0,0,0,0,0
2002,130417,1,1,29,0,0,11,0,0,0,0,0,0
2002,130418,1,1,0,0,0,0,0,0,0,0,0,0
2002,130419,1,1,0,0,0,0,0,0,0,0,0,0
2002,130420,1,1,27,27,27,27,27,27,27,27,27,27
2002,130421,1,1,11,11,11,11,11,11,11,11,11,11
2002,130422,1,1,0,0,0,0,0,0,0,0,0,0
2002,130422,2,1,0,0,0,0,0,0,0,0,0,0
2002,130423,1,1,0,0,0,0,0,0,0,0,0,0
2002,130424,0,1,21,21,21,21,21,21,21,21,21,21
2002,130424,1,1,0,0,0,0,0,0,0,0,0,0
2002,130425,1,1,0,0,0,0,0,0,0,0,0,0
2002,130425,2,1,0,0,0,0,0,0,0,0,0,0
2002,130426,1,1,0,0,0,0,0,0,0,0,0,0
2002,130427,1,1,9,9,9,9,9,9,9,9,9,9
2002,130428,1,1,0,0,0,0,0,0,0,0,0,0
2002,130429,1,1,6,6,6,6,6,6,6,6,6,6
2002,130430,1,1,26,26,26,26,26,26,26,26,26,26
2002,130431,1,1,0,0,0,0,0,0,0,0,0,0
2002,130431,2,1,0,0,0,0,0,0,0,0,0,0
2002,130431,3,1,0,18,0,0,0,0,0,0,10,0
2002,130432,1,1,0,0,0,0,0,0,0,0,0,0
2002,130432,2,1,0,0,0,0,0,0,0,0,0,0
2002,130432,3,1,0,0,0,0,0,0,0,0,0,0
2002,130433,1,1,0,0,0,0,0,0,0,0,0,0
2002,130434,1,1,23,23,23,23,23,23,23,23,23,23
2002,130434,2,1,0,0,0,0,0,0,0,0,0,0
2002,130435,1,1,0,0,0,0,0,0,0,0,0,0
2002,130435,2,1,0,0,0,0,0,0,0,0,0,0
2002,130436,1,1,0,0,0,0,0,0,0,0,0,0
2002,130437,1,1,0,0,0,0,0,0,0,0,0,0
2002,130437,2,1,0,0,0,0,0,0,0,0,0,0
2002,130437,3,1,0,0,0,0,0,0,0,0,0,0
2002,130438,1,1,0,0,0,0,0,0,0,0,0,0
2002,130438,2,1,0,0,0,0,0,0,0,0,0,0
2002,130439,1,1,0,0,0,0,0,0,0,0,0,0
2002,130439,2,1,0,0,0,0,0,0,0,0,0,0
2002,130440,1,1,0,12,12,0,27,17,4,0,28,16
2002,130441,1,1,19,19,19,19,19,19,19,19,19,19
2002,130441,2,1,0,0,0,0,0,0,0,0,0,0
2002,130442,1,1,0,0,0,0,0,0,0,0,0,0
2002,130442,2,1,0,0,0,0,0,0,0,0,0,0
2002,130443,1,1,18,18,18,18,18,18,18,18,18,18
2002,130444,1,1,0,0,0,0,0,0,0,0,0,0
2002,130445,1,1,19,19,19,19,19,19,19,19,19,19
2002,130446,1,1,0,0,0,0,0,0,0,0,0,0
2002,130447,1,1,0,0,0,0,0,0,0,0,0,0
2002,130447,2,1,0,0,0,0,0,0,0,0,0,0
2002,130447,3,1,0,0,0,0,0,0,0,0,0,0
2002,130448,1,1,0,0,0,0,0,0,0,0,0,0
2002,130448,2,1,0,0,0,0,0,0,0,0,0,0
2002,130449,1,1,0,0,0,0,0,0,0,0,0,0
2002,130449,2,1,0,0,0,0,0,0,0,0,0,0
2002,130450,1,1,19,0,0,0,0,0,0,6,0,0
2002,130451,1,1,23,23,23,23,23,23,23,23,23,23
2002,130452,1,1,0,0,0,0,0,0,0,0,0,0
2002,130452,2,1,0,0,0,0,0,0,0,0,0,0
2002,130453,1,1,0,0,0,0,0,0,0,0,0,0
2002,130454,1,1,0,0,0,0,0,0,0,0,0,0
2002,130455,1,1,0,0,0,0,0,0,0,0,0,0
2002,130455,2,1,0,22,11,0,0,25,20,0,0,0
2002,130456,1,1,14,26,0,0,14,0,0,0,0,10
2002,130456,2,1,0,0,0,0,0,0,0,0,0,11
2002,130456,3,1,8,0,0,0,0,0,0,0,0,0
2002,130457,1,1,23,23,23,23,23,23,23,23,23,23
2002,130458,1,1,0,0,0,0,0,0,0,0,0,0
2002,130458,2,1,0,0,0,0,0,0,0,0,0,0
2002,130459,1,1,0,0,0,0,0,0,0,0,0,0
2002,130460,1,1,3,3,3,3,3,3,3,3,3,3
2002,130461,1,1,2,2,2,2,2,2,2,2,2,2
2002,130462,1,1,0,0,0,0,0,0,0,0,0,0
2002,130463,1,1,18,18,18,18,18,18,18,18,18,18
2002,130464,1,1,0,0,0,0,0,0,0,0,0,0
2002,130464,2,1,0,0,0,0,0,0,0,0,0,0
2002,130465,1,1,0,0,0,0,0,0,0,0,0,0
2002,130465,2,1,0,0,0,0,0,0,0,0,0,0
2002,130466,1,1,0,0,0,0,0,0,0,0,0,0
2002,130466,2,1,0,0,0,0,0,0,0,0,0,0
2002,130467,1,1,0,0,0,0,0,0,0,0,0,0
2002,130467,2,1,0,0,0,0,0,0,0,0,0,0
2002,130468,1,1,0,0,0,0,0,0,0,0,0,0
2002,130468,2,1,0,0,0,0,0,0,0,0,0,0
2002,130469,1,1,0,0,0,0,0,0,0,0,0,0
2002,130469,2,1,0,0,0,0,0,0,0,0,0,0
2002,130470,1,1,0,0,0,0,0,0,0,0,0,0
2002,130470,2,1,0,0,0,0,0,0,0,0,0,0
2002,130471,0,1,36,36,36,36,36,36,36,36,36,36
2002,130471,1,1,0,0,0,0,0,0,0,0,0,0
2002,130472,1,1,0,0,0,0,0,0,0,0,0,0
2002,130472,2,1,2,2,2,2,2,2,2,2,2,2
2002,130473,1,1,0,0,0,8,0,10,0,0,0,0
2002,130473,2,1,0,0,0,0,0,0,0,0,0,0
2002,130474,1,1,0,0,0,0,0,0,0,0,0,0
2002,130475,0,1,15,15,15,15,15,15,15,15,15,15
2002,130475,0,2,0,0,15,0,0,0,15,9,20,6
2002,130475,1,1,0,12,16,0,0,3,0,0,0,33
2002,130476,1,1,11,19,23,8,0,11,17,9,13,17
2002,130477,0,1,0,0,0,0,0,0,0,0,0,0
2002,130477,0,2,0,0,0,17,20,0,0,14,0,0
2002,130477,1,1,0,14,0,0,0,0,9,15,0,5
2002,130478,0,1,24,24,24,24,24,24,24,24,24,24
2002,130478,1,1,0,0,0,0,0,0,0,0,0,0
2002,130479,1,1,0,20,0,0,6,0,0,0,0,0
2002,130480,1,1,0,0,0,0,0,0,0,0,0,0
2002,130480,2,1,0,0,0,0,0,0,0,0,0,0
2002,130481,1,1,0,0,0,0,0,0,0,0,0,0
2002,130482,1,1,0,0,0,0,0,0,0,0,0,0
2002,130482,2,1,0,0,0,0,0,0,0,0,0,0
2002,130483,1,1,0,0,0,0,0,0,0,0,0,0
2002,130483,2,1,0,0,0,0,0,0,0,0,0,0
2002,130484,1,1,0,0,0,0,0,0,0,0,0,0
2002,130485,1,1,0,0,0,0,0,0,0,0,0,0
2002,130486,1,1,3,3,3,3,3,3,3,3,3,3
2002,130487,0,1,0,0,0,0,0,0,0,0,0,0
2002,130487,0,2,0,0,0,0,0,0,0,0,0,0
2002,130487,1,1,0,0,0,0,0,0,0,0,0,0
2002,130488,1,1,0,0,0,0,0,0,0,0,0,0
2002,130489,1,1,0,0,0,0,0,0,0,0,0,0
2002,130490,1,1,10,10,10,10,10,10,10,10,10,10
2002,130491,1,1,0,0,0,0,0,0,0,0,0,0
2002,130491,2,1,0,25,7,18,0,9,15,2,28,6
2002,130492,1,1,27,27,27,27,27,27,27,27,27,27
2002,130493,1,1,0,0,0,0,0,0,0,0,0,0
2002,130493,2,1,0,0,0,0,0,0,0,0,0,0
2002,130494,1,1,2,2,2,2,2,2,2,2,2,2
2002,130494,2,1,0,0,0,0,22,0,0,0,0,0
2002,130496,1,1,0,0,0,0,0,0,0,0,0,0
2002,130497,1,1,0,0,0,0,0,0,0,0,0,0
2002,130497,2,1,0,0,0,0,0,0,0,11,0,0
2002,130498,1,1,0,0,0,0,0,0,0,0,0,0
2002,130499,1,1,0,0,0,0,0,0,0,0,0,0
2002,130499,2,1,0,0,0,0,0,0,0,0,0,0
2002,130500,1,1,8,8,8,8,8,8,8,8,8,8
2002,130500,2,1,0,0,0,0,0,0,0,0,0,0
2002,130501,1,1,0,0,0,0,0,0,0,0,0,0
2002,130501,2,1,0,0,0,0,0,0,0,0,0,0
2002,130502,1,1,0,0,0,0,0,0,0,0,0,0
2002,130502,2,1,0,0,0,0,0,0,0,0,0,0
2002,130502,3,1,0,0,0,0,0,0,0,0,0,0
2002,130503,1,1,15,15,15,15,15,15,15,15,15,15
2002,130504,1,1,0,0,0,0,0,0,0,0,0,0
2002,130504,2,1,0,0,0,0,0,0,0,0,0,0
2002,130505,1,1,14,14,14,14,14,14,14,14,14,14
2002,130506,1,1,0,0,0,0,0,0,0,0,0,0
2002,130506,2,1,0,0,0,0,0,0,0,0,0,0
2002,130508,0,1,24,0,0,0,5,0,0,0,0,0
2002,130508,1,1,0,0,0,0,0,0,0,0,0,0
2002,130509,0,1,0,0,0,0,0,0,0,0,0,0
2002,130509,1,1,0,0,0,0,0,0,0,0,0,0
2002,130510,0,1,0,0,0,0,0,0,0,0,0,0
2002,130510,1,1,0,0,0,0,0,0,0,0,0,0
2002,130511,1,1,24,0,21,8,15,24,0,0,34,8
2002,130512,1,1,17,17,17,17,17,17,17,17,17,17
2002,130513,0,1,5,5,5,5,5,5,5,5,5,5
2002,130513,1,1,0,13,0,0,0,0,0,0,0,0
2002,130513,2,1,0,0,0,0,0,0,0,0,0,0
2002,130514,1,1,0,0,0,0,0,0,0,0,0,0
2002,130515,1,1,0,0,0,0,0,0,0,0,0,0
2002,130515,2,1,0,0,0,0,0,0,0,0,0,0
2002,130516,1,1,22,22,22,22,22,22,22,22,22,22
2002,130517,1,1,0,0,0,0,0,0,0,0,0,0
2002,130518,1,1,16,16,16,16,16,16,16,16,16,16
2002,130519,0,1,33,33,33,33,33,33,33,33,33,33
2002,130519,1,1,0,0,0,0,0,0,0,0,0,0
2002,130520,1,1,0,0,0,8,0,0,0,0,15,0
2002,130520,2,1,0,16,0,0,0,0,0,0,0,0
2002,130521,1,1,0,0,0,0,0,0,0,0,0,0
2002,130521,2,1,0,0,0,0,0,0,0,0,0,0
2002,130522,1,1,0,0,17,0,0,0,0,0,0,0
2002,130523,1,1,19,19,19,19,19,19,19,19,19,19
2002,130524,1,1,0,0,0,0,0,0,0,0,0,0
2002,130524,2,1,0,7,0,0,0,0,0,0,0,0
2002,130525,0,1,0,21,0,0,0,15,0,23,0,10
2002,130525,1,1,1,1,1,1,1,1,1,1,1,1
2002,130525,2,1,0,0,0,0,0,0,0,0,0,0
2002,130526,1,1,3,0,23,13,28,0,13,0,0,7
2002,130527,1,1,0,0,18,0,0,0,0,0,0,0
2002,130528,1,1,10,5,0,0,0,0,0,0,0,0
2002,130529,1,1,0,0,0,0,0,0,0,0,0,0
2002,130529,2,1,0,0,0,0,0,0,0,0,0,0
2002,130530,1,1,12,16,6,0,22,14,31,6,7,14
2002,130530,2,1,0,0,0,0,0,0,0,0,0,0
2002,130531,1,1,0,0,0,0,0,0,0,0,0,0
2002,130532,1,1,0,0,0,0,0,0,0,0,0,0
2002,130533,1,1,0,0,0,0,0,0,0,0,0,0
2002,130533,2,1,0,0,0,0,0,0,0,0,0,0
2002,130534,1,1,0,0,0,0,0,0,0,0,0,0
2002,130534,2,1,0,0,0,0,0,0,0,0,0,0
2002,130535,1,1,0,0,0,0,0,0,0,0,0,0
2002,130536,1,1,0,0,0,0,0,0,0,0,0,0
2002,130537,1,1,21,21,21,21,21,21,21,21,21,21
2002,130538,1,1,0,0,0,0,0,0,0,0,0,0
2002,130538,2,1,0,0,0,0,0,0,0,0,0,0
2002,130539,1,1,0,0,0,0,0,0,0,0,0,0
2002,130539,2,1,0,0,0,0,0,0,0,0,0,0
2002,130540,1,1,0,0,0,0,0,0,0,0,0,0
2002,130540,2,1,0,0,0,0,0,0,0,0,0,0
2002,130541,1,1,19,19,19,19,19,19,19,19,19,19
2002,130542,1,1,0,0,0,0,0,0,0,0,0,0
2002,130542,2,1,0,0,0,0,0,0,0,0,0,0
2002,130543,1,1,0,0,0,0,0,0,0,0,0,0
2002,130544,1,1,0,0,0,0,0,0,0,0,0,0
2002,130544,2,1,0,0,0,0,0,0,0,0,0,0
2002,130545,1,1,16,16,16,16,16,16,16,16,16,16
2002,130545,2,1,0,0,0,0,0,0,0,0,0,0
2002,130546,1,1,23,23,23,23,23,23,23,23,23,23
2002,130547,1,1,0,0,0,0,0,0,0,0,0,0
2002,130547,2,1,0,0,0,0,0,0,0,0,0,0
2002,130547,3,1,0,0,0,0,0,0,0,0,0,23
2002,130548,1,1,23,27,0,0,0,22,0,0,0,0
2002,130549,0,1,0,0,0,0,0,0,0,0,0,0
2002,130549,1,1,0,0,0,0,0,0,0,0,0,0
2002,130550,1,1,31,14,0,10,0,0,0,0,0,0
2002,130550,2,1,0,0,0,0,0,0,26,0,5,0
2002,130551,1,1,23,23,23,23,23,23,23,23,23,23
2002,130552,1,1,15,14,25,6,16,11,21,0,14,24
2002,130553,1,1,14,14,14,14,14,14,14,14,14,14
2002,130553,2,1,6,6,6,6,6,6,6,6,6,6
2002,130554,0,1,0,0,0,0,0,0,0,0,0,0
2002,130554,1,1,0,3,0,0,0,0,0,0,0,0
2002,130555,1,1,13,13,13,13,13,13,13,13,13,13
2002,130556,1,1,0,0,0,0,0,0,0,0,0,0
2002,130558,1,1,0,0,0,0,10,13,16,3,4,0
2002,130559,0,1,0,0,0,0,0,16,11,5,0,0
2002,130559,0,2,0,0,0,0,0,0,0,0,0,0
2002,130559,0,3,0,0,0,0,0,0,0,0,0,0
2002,130559,1,1,17,24,18,0,7,4,21,16,0,29
2002,130560,1,1,0,0,0,0,0,0,0,0,0,0
2002,130561,0,1,22,0,0,7,0,10,32,0,20,0
2002,130561,1,1,0,0,0,0,0,0,0,0,0,0
2002,130562,1,1,0,0,0,0,0,0,0,0,0,0
2002,130563,1,1,0,0,0,0,0,0,0,0,0,0
2002,130563,2,1,0,0,0,0,0,0,16,0,0,0
2002,130564,1,1,0,0,0,0,0,0,0,0,0,0
2002,130565,1,1,25,19,0,11,14,0,0,0,0,0
2002,130566,1,1,0,0,0,0,0,0,0,0,0,0
2002,130566,2,1,0,0,0,0,0,0,0,0,0,0
2002,130566,3,1,0,0,0,0,0,0,0,0,0,0
2002,130567,1,1,0,0,0,0,0,0,0,0,0,0
2002,130567,2,1,0,0,0,0,0,0,0,0,0,0
2002,130568,1,1,9,9,9,9,9,9,9,9,9,9
2002,130569,0,1,0,0,0,0,0,0,0,0,0,0
2002,130569,1,1,0,0,0,0,0,0,0,0,0,0
2002,130570,1,1,0,0,0,0,0,0,0,0,0,0
2002,130570,2,1,0,0,0,0,0,0,0,0,0,0
2002,130571,1,1,0,0,0,0,0,0,0,0,0,0
2002,130572,1,1,0,0,0,0,0,0,0,0,0,0
2002,130572,2,1,0,0,0,0,0,0,0,0,0,0
2002,130573,1,1,0,0,0,0,0,0,0,0,0,0
2002,130574,1,1,0,0,0,0,0,0,0,0,0,0
2002,130575,0,1,0,0,0,0,0,0,0,0,0,0
2002,130575,1,1,15,15,15,15,15,15,15,15,15,15
2002,130576,1,1,13,13,13,13,13,13,13,13,13,13
2002,130576,2,1,0,0,5,0,0,25,11,16,0,0
2002,130577,1,1,0,0,0,0,0,0,0,0,0,0
2002,130577,2,1,0,0,0,0,0,0,0,0,0,0
2002,130578,1,1,0,0,0,0,0,0,0,0,0,0
2002,130579,1,1,0,0,0,22,0,7,0,0,17,36
2002,130580,1,1,0,0,0,0,0,0,0,0,0,0
2002,130581,1,1,0,0,0,0,0,0,0,0,0,0
2002,130582,1,1,0,0,0,0,0,0,0,0,0,0
2002,130583,1,1,0,0,0,0,0,0,0,0,0,0
2002,130583,2,1,0,0,0,0,0,0,0,0,0,0
2002,130583,3,1,0,0,0,0,0,0,0,0,0,0
2002,130584,1,1,0,0,0,0,0,0,0,0,0,0
2002,130584,2,1,0,0,0,0,0,0,0,0,0,0
2002,130585,1,1,20,20,20,20,20,20,20,20,20,20
2002,130586,0,1,0,0,0,0,0,0,0,0,0,0
2002,130586,1,1,0,0,0,0,0,0,0,0,0,0
2002,130587,1,1,0,0,0,0,0,0,0,0,0,0
2002,130588,1,1,0,0,0,0,0,0,0,0,0,0
2002,130588,2,1,0,0,0,0,0,0,0,0,0,0
2002,130589,1,1,7,7,7,7,7,7,7,7,7,7
2002,130590,1,1,13,13,13,13,13,13,13,13,13,13
2002,130591,1,1,0,0,0,0,0,0,0,0,0,0
2002,130592,1,1,0,0,0,0,0,0,0,0,0,0
2002,130592,2,1,0,0,0,0,0,0,0,0,0,0
2002,130593,1,1,0,0,0,0,0,0,0,0,0,0
2002,130593,2,1,6,0,0,18,0,0,0,22,0,0
2002,130594,1,1,0,0,0,0,0,0,0,0,0,0
2002,130594,2,1,0,0,0,0,0,0,0,0,0,0
2002,130594,3,1,0,0,11,0,0,0,0,0,11,0
2002,130595,0,1,21,19,37,0,0,0,21,9,46,8
2002,130595,1,1,0,0,0,0,0,0,0,0,0,0
2002,130596,1,1,0,0,0,0,0,0,0,0,0,0
2002,130596,2,1,0,0,0,0,0,0,0,0,0,0
2002,130597,1,1,0,0,0,7,0,0,0,0,0,0
2002,130598,1,1,0,0,0,0,0,0,0,0,0,0
2002,130598,2,1,0,0,0,0,0,0,0,0,0,0
2002,130599,1,1,0,0,0,0,0,0,0,0,0,0
2002,130599,2,1,0,0,0,0,0,0,0,0,0,0
2002,130600,1,1,0,0,0,0,0,0,0,0,0,0
2002,130601,1,1,20,20,20,20,20,20,20,20,20,20
2002,130602,0,1,0,0,0,0,0,0,0,0,0,0
2002,130602,1,1,0,0,0,0,0,0,0,0,0,0
2002,130603,1,1,0,0,0,0,0,0,0,0,0,0
2002,130603,2,1,0,0,0,0,0,0,0,0,0,0
2002,130604,1,1,0,0,0,0,0,0,0,0,0,0
2002,130604,2,1,0,0,0,0,0,0,0,0,0,0
2002,130605,1,1,0,0,0,0,0,0,0,0,0,0
2002,130606,1,1,0,0,0,0,0,0,0,0,0,0
2002,130607,1,1,0,0,0,0,0,0,0,0,0,0
2002,130607,2,1,0,0,0,0,0,0,0,0,0,0
2002,130607,3,1,0,0,0,0,0,0,0,0,0,0
2002,130608,1,1,0,0,0,0,0,0,0,0,0,0
2002,130608,2,1,0,0,0,0,0,0,0,0,0,0
2002,130609,1,1,6,6,6,6,6,6,6,6,6,6
2002,130610,1,1,0,0,0,0,0,0,0,0,0,0
2002,130611,1,1,0,0,0,0,0,0,0,0,0,0
2002,130611,2,1,0,0,0,0,0,0,0,0,0,0
2002,130612,1,1,0,0,0,0,0,0,0,0,0,0
2002,130612,2,1,0,0,0,0,0,0,0,0,0,0
2002,130613,1,1,0,0,0,0,0,0,0,0,0,0
2002,130614,1,1,14,14,14,14,14,14,14,14,14,14
2002,130614,2,1,0,0,0,0,0,0,0,0,0,0
2002,130615,1,1,18,18,18,18,18,18,18,18,18,18
2002,130616,1,1,0,0,0,0,0,0,0,0,0,0
2002,130616,2,1,3,3,3,3,3,3,3,3,3,3
2002,130617,1,1,0,0,16,0,21,15,0,0,0,0
2002,130618,1,1,9,9,9,9,9,9,9,9,9,9
2002,130619,1,1,0,0,0,0,0,0,0,0,0,0
2002,130619,2,1,0,0,0,0,0,0,0,0,0,0
2002,130620,1,1,0,0,0,0,0,17,0,0,0,10
2002,130620,2,1,0,0,0,0,0,0,0,0,0,0
2002,130621,1,1,0,0,0,0,0,0,0,0,0,0
2002,130622,1,1,0,0,0,0,0,0,0,0,0,0
2002,130623,1,1,0,0,0,0,0,0,0,0,0,0
2002,130624,1,1,0,0,0,0,0,0,0,0,0,0
2002,130625,1,1,0,0,0,0,0,0,0,0,0,0
2002,130625,2,1,0,0,0,0,0,0,0,0,0,0
2002,130626,1,1,14,14,14,14,14,14,14,14,14,14
2002,130627,0,1,17,17,17,17,17,17,17,17,17,17
2002,130627,1,1,0,0,0,0,0,0,0,0,0,0
2002,130628,1,1,0,0,0,0,0,0,0,0,0,0
2002,130628,2,1,0,0,0,0,0,0,0,0,0,0
2002,130629,1,1,0,0,0,0,20,0,0,0,0,0
2002,130629,2,1,0,0,0,0,0,0,0,0,0,0
2002,130630,1,1,0,0,0,0,0,0,0,0,0,0
2002,130630,2,1,0,0,0,0,0,0,0,0,0,0
2002,130630,3,1,0,0,0,0,0,0,0,0,0,0
2002,130631,0,1,0,20,18,11,31,38,0,31,28,35
2002,130631,1,1,0,0,0,0,0,0,0,0,0,0
2002,130633,1,1,0,0,26,22,0,0,0,0,0,0
2002,130634,1,1,20,18,12,23,39,22,0,24,38,23
2002,130635,1,1,0,0,19,0,12,25,28,26,0,11
2002,130636,1,1,0,0,0,0,0,0,0,0,0,0
2002,130637,1,1,21,8,26,17,21,7,19,10,22,18
2002,130638,1,1,0,0,0,0,0,0,0,0,0,0
2002,130639,1,1,0,0,0,0,0,0,0,0,0,0
2002,130640,1,1,26,6,12,0,10,13,0,14,16,0
2002,130640,2,1,0,0,0,0,0,0,0,0,0,0
2002,130641,1,1,0,0,0,0,0,0,0,0,0,0
2002,130641,2,1,0,0,0,0,0,0,0,0,0,0
2002,130642,0,1,0,0,10,0,0,19,0,0,12,0
2002,130642,1,1,0,0,0,0,0,0,0,0,0,0
2002,130643,1,1,12,12,12,12,12,12,12,12,12,12
2002,130643,2,1,0,0,0,0,0,0,0,0,0,0
2002,130644,0,1,0,0,0,0,0,0,0,0,0,0
2002,130644,1,1,5,5,5,5,5,5,5,5,5,5
2002,130645,1,1,0,0,0,0,0,0,0,0,0,0
2002,130646,1,1,24,0,0,0,0,0,0,8,0,31
2002,130647,1,1,0,0,0,0,0,0,0,0,0,0
2002,130648,1,1,0,0,0,0,0,0,0,0,0,0
2002,130649,1,1,0,0,0,0,0,0,0,0,0,0
2002,130649,2,1,0,0,0,0,0,0,0,0,0,0
2002,130650,1,1,0,0,0,0,0,0,0,0,0,0
2002,130651,1,1,0,0,0,0,0,0,0,0,0,0
2002,130652,1,1,14,14,14,14,14,14,14,14,14,14
2002,130653,1,1,27,27,27,27,27,27,27,27,27,27
2002,130653,2,1,0,0,0,0,0,0,0,0,0,0
2002,130654,1,1,0,0,0,0,0,0,0,0,0,0
2002,130654,2,1,0,0,0,0,0,0,0,0,0,0
2002,130655,1,1,0,0,0,0,0,0,0,0,0,0
2002,130656,1,1,0,0,0,0,0,0,0,0,0,0
2002,130657,1,1,0,0,0,0,0,0,0,0,0,0
2002,130657,2,1,0,0,0,0,0,0,0,0,0,0
2002,130658,1,1,0,0,0,0,0,0,0,0,0,0