YEAR,ST_CASE,veh_no,per_no,P1,P2,P3,P4,P5,P6,P7,P8,P9,P10
2002,130659,0,1,0,0,16,0,0,33,16,20,19,7
2002,130659,0,2,0,0,0,0,0,0,0,0,0,0
2002,130659,1,1,0,0,0,0,0,0,0,0,0,0
2002,130660,1,1,0,0,0,0,0,0,0,0,0,0
2002,130660,2,1,0,0,0,0,0,0,0,0,0,0
2002,130660,3,1,0,0,0,0,0,0,0,0,0,0
2002,130660,4,1,0,0,0,0,0,0,0,0,0,0
2002,130661,1,1,5,5,5,5,5,5,5,5,5,5
2002,130662,1,1,12,28,26,25,23,19,41,0,13,24
2002,130663,1,1,0,0,0,0,0,0,0,0,0,0
2002,130663,2,1,0,0,0,0,0,0,0,0,0,0
2002,130664,1,1,18,18,18,18,18,18,18,18,18,18
2002,130665,1,1,31,31,31,31,31,31,31,31,31,31
2002,130666,1,1,0,0,0,0,0,0,0,0,0,0
2002,130666,2,1,30,30,30,30,30,30,30,30,30,30
2002,130667,1,1,34,34,34,34,34,34,34,34,34,34
2002,130668,1,1,12,12,12,12,12,12,12,12,12,12
2002,130669,0,1,0,0,0,16,16,0,0,0,0,0
2002,130669,1,1,17,17,17,17,17,17,17,17,17,17
2002,130670,1,1,0,0,0,0,0,0,0,0,0,0
2002,130671,1,1,0,0,0,0,0,0,0,0,0,0
2002,130671,2,1,0,0,0,0,0,0,0,0,0,0
2002,130672,0,1,0,0,0,0,0,0,0,0,0,0
2002,130672,1,1,0,0,0,0,0,0,0,22,0,12
2002,130673,1,1,0,0,0,0,0,0,0,0,0,0
2002,130675,0,1,0,0,0,0,0,0,0,0,0,0
2002,130675,1,1,0,0,0,0,0,0,0,0,0,0
2002,130676,1,1,0,0,0,0,0,0,0,0,0,0
2002,130677,1,1,0,0,0,0,0,0,0,0,0,0
2002,130677,2,1,0,0,0,0,0,0,0,0,0,0
2002,130678,0,1,0,0,0,0,0,0,0,0,0,0
2002,130678,1,1,0,0,0,0,0,0,0,0,0,0
2002,130679,1,1,0,0,0,0,0,0,0,0,0,0
2002,130679,2,1,0,0,0,0,0,0,0,0,0,0
2002,130680,1,1,0,0,0,0,0,0,0,0,0,0
2002,130680,2,1,0,0,0,0,0,0,0,0,0,0
2002,130681,1,1,14,14,14,14,14,14,14,14,14,14
2002,130681,2,1,0,0,0,0,0,0,0,0,0,0
2002,130682,0,1,0,0,0,0,0,0,0,0,0,0
2002,130682,0,2,28,11,0,0,0,0,25,19,20,21
2002,130682,1,1,0,0,0,0,0,0,0,0,0,0
2002,130683,1,1,13,13,13,13,13,13,13,13,13,13
2002,130683,2,1,0,0,0,0,0,0,0,0,0,0
2002,130684,1,1,15,15,15,15,15,15,15,15,15,15
2002,130685,1,1,0,0,0,0,0,0,0,0,0,0
2002,130686,0,1,18,19,28,20,28,36,0,20,25,2
2002,130686,1,1,0,8,0,0,10,0,0,0,0,0
2002,130687,1,2,10,24,12,15,10,6,0,20,0,0
2002,130688,0,1,0,0,0,0,0,0,0,0,0,0
2002,130688,0,2,0,6,0,0,0,0,0,0,0,0
2002,130688,0,3,0,0,0,0,0,0,0,0,0,0
2002,130688,0,4,0,0,0,12,0,0,0,0,0,0
2002,130688,0,5,0,0,20,0,0,0,0,0,12,0
2002,130688,1,1,0,0,0,0,0,0,0,0,0,0
2002,130689,1,1,0,0,0,0,0,0,0,0,0,0
2002,130689,2,1,0,0,0,0,0,0,0,0,0,0
2002,130690,1,1,3,3,3,3,3,3,3,3,3,3
2002,130691,1,1,0,0,0,0,0,0,0,0,0,0
2002,130691,2,1,0,0,0,0,0,0,0,0,0,0
2002,130692,1,1,0,0,0,0,0,0,0,0,0,0
2002,130692,2,1,0,0,0,0,0,0,0,0,0,0
2002,130693,1,1,0,0,0,0,0,0,0,0,0,0
2002,130693,2,1,20,20,20,20,20,20,20,20,20,20
2002,130694,1,1,0,9,14,0,0,0,0,0,27,0
2002,130694,2,1,0,0,0,0,0,0,0,0,0,0
2002,130695,0,1,0,0,0,0,0,0,0,0,0,0
2002,130695,0,2,0,0,0,0,0,0,14,0,0,4
2002,130695,1,1,0,0,0,0,0,0,0,0,0,0
2002,130695,2,1,0,0,0,0,0,0,0,0,0,0
2002,130696,1,1,28,24,18,18,11,11,13,29,15,6
2002,130697,1,1,0,0,0,0,0,0,0,0,0,0
2002,130697,2,1,0,0,0,0,0,0,0,0,0,0
2002,130698,1,1,22,22,22,22,22,22,22,22,22,22
2002,130698,2,1,0,0,0,0,0,0,0,0,0,0
2002,130698,3,1,0,0,0,0,0,0,0,0,0,0
2002,130699,1,1,0,0,0,25,0,0,15,0,0,0
2002,130700,1,1,0,0,0,0,0,0,0,0,0,0
2002,130700,2,1,0,0,0,0,0,0,0,0,0,0
2002,130700,3,1,0,0,0,0,0,0,0,0,0,0
2002,130701,1,1,0,0,0,0,0,0,0,0,0,0
2002,130702,0,1,0,0,0,0,0,0,0,0,0,0
2002,130702,1,1,0,0,0,0,0,0,0,0,0,0
2002,130702,2,1,0,0,0,0,0,0,0,0,0,0
2002,130703,1,1,0,0,0,0,0,0,0,0,0,0
2002,130703,2,1,0,0,0,0,0,0,0,0,0,0
2002,130704,1,1,0,0,0,0,0,0,0,0,0,0
2002,130705,1,1,0,0,0,0,0,0,0,0,0,0
2002,130706,0,1,0,0,0,0,0,0,0,0,0,0
2002,130706,1,1,0,0,0,0,0,0,0,0,0,0
2002,130707,1,1,0,0,0,0,0,0,0,17,0,0
2002,130708,1,1,0,0,0,0,0,0,0,0,0,0
2002,130708,2,1,0,0,0,0,0,0,0,0,0,0
2002,130709,1,1,28,28,28,28,28,28,28,28,28,28
2002,130709,2,1,0,0,0,0,0,0,0,0,0,0
2002,130710,1,1,0,0,0,0,0,0,0,0,0,0
2002,130711,0,1,0,12,0,0,13,0,2,0,0,0
2002,130711,1,1,0,0,0,0,0,0,0,0,0,0
2002,130712,1,1,0,0,0,0,0,0,0,19,0,0
2002,130713,1,1,0,0,0,0,0,0,0,0,0,0
2002,130713,2,1,0,0,0,0,0,0,0,0,0,0
2002,130714,1,1,0,0,0,0,0,0,0,0,0,0
2002,130714,2,1,0,0,0,0,0,0,0,0,0,0
2002,130715,1,1,0,0,0,0,0,0,0,0,0,0
2002,130715,2,1,0,0,0,0,0,0,0,0,0,0
2002,130716,0,1,16,0,10,24,27,0,10,22,12,0
2002,130716,1,1,0,0,0,0,0,0,0,0,0,0
2002,130717,1,1,9,9,9,9,9,9,9,9,9,9
2002,130718,1,1,9,9,9,9,9,9,9,9,9,9
2002,130719,1,1,0,0,0,0,0,0,0,0,0,0
2002,130719,2,1,0,0,0,0,0,0,0,0,0,0
2002,130720,1,1,9,9,9,9,9,9,9,9,9,9
2002,130721,1,1,14,14,27,23,19,27,20,21,22,25
2002,130722,1,1,0,0,0,0,0,0,0,0,0,0
2002,130723,1,1,0,0,0,0,0,0,0,0,0,0
2002,130724,1,1,0,0,0,0,0,0,0,0,0,0
2002,130725,1,1,0,0,0,0,0,0,0,0,0,0
2002,130726,1,1,0,0,0,0,0,0,0,0,0,0
2002,130727,1,1,0,0,0,0,0,0,0,0,0,0
2002,130728,1,1,0,0,0,0,0,0,0,0,0,0
2002,130728,2,1,0,0,0,0,0,0,0,0,0,0
2002,130729,1,1,0,0,0,0,0,0,0,0,0,0
2002,130729,2,1,8,8,8,8,8,8,8,8,8,8
2002,130730,1,1,0,0,0,0,0,0,0,0,0,0
2002,130730,2,1,0,0,0,0,0,0,0,0,0,0
2002,130731,1,1,20,0,14,0,0,0,21,28,0,0
2002,130732,1,1,0,0,0,0,0,0,0,0,0,0
2002,130733,1,1,0,0,0,0,0,0,0,0,0,0
2002,130733,2,1,0,0,0,0,0,0,0,0,0,0
2002,130733,3,1,0,0,0,0,0,0,0,0,0,0
2002,130734,1,1,24,14,28,16,16,8,15,23,11,0
2002,130735,1,1,9,0,0,0,0,0,0,0,0,3
2002,130736,1,1,0,0,0,0,0,3,0,0,0,0
2002,130737,1,1,0,0,0,0,0,0,0,0,0,0
2002,130737,2,1,0,0,0,0,0,0,0,0,0,0
2002,130738,0,1,0,0,0,0,0,0,0,0,0,0
2002,130738,1,1,0,0,0,0,0,0,0,0,0,0
2002,130739,1,1,0,0,0,0,0,0,0,0,0,0
2002,130739,2,1,0,0,0,0,0,0,0,0,0,0
2002,130739,3,1,0,0,0,0,0,0,0,0,0,0
2002,130740,1,1,0,0,0,0,0,0,0,25,0,0
2002,130740,2,1,0,0,0,0,0,0,0,0,0,0
2002,130741,1,1,0,0,0,0,0,0,0,0,0,0
2002,130741,2,1,7,0,0,0,0,0,0,0,0,0
2002,130742,1,1,17,17,17,17,17,17,17,17,17,17
2002,130742,2,1,0,0,0,0,0,0,0,0,0,0
2002,130743,1,1,0,0,0,0,0,0,0,0,0,0
2002,130743,2,1,0,0,0,0,0,0,0,0,0,0
2002,130744,1,1,5,5,5,5,5,5,5,5,5,5
2002,130745,1,1,0,0,0,0,0,0,0,0,0,0
2002,130746,1,1,0,0,0,0,0,0,0,0,0,0
2002,130746,2,1,22,22,22,22,22,22,22,22,22,22
2002,130747,1,1,0,0,0,0,0,0,0,0,0,0
2002,130748,1,1,0,0,0,0,0,0,0,0,0,0
2002,130748,2,1,0,0,0,0,0,0,0,0,0,0
2002,130749,1,1,0,0,0,0,0,0,0,0,0,0
2002,130749,2,1,0,0,0,0,0,0,0,0,0,0
2002,130750,1,1,0,0,0,0,0,0,0,0,0,0
2002,130750,2,1,0,0,0,0,0,0,0,0,0,0
2002,130750,3,1,0,0,0,0,0,0,0,0,0,0
2002,130751,1,1,0,5,0,15,10,20,16,20,7,0
2002,130752,1,1,18,18,18,18,18,18,18,18,18,18
2002,130752,2,1,15,22,0,0,0,21,0,10,0,0
2002,130753,1,1,34,34,34,34,34,34,34,34,34,34
2002,130754,1,1,19,19,19,19,19,19,19,19,19,19
2002,130755,1,1,15,15,15,15,15,15,15,15,15,15
2002,130756,1,1,0,0,0,0,0,0,0,0,0,0
2002,130756,2,1,0,0,0,0,0,0,0,0,0,0
2002,130756,3,1,0,0,0,0,0,0,0,0,0,0
2002,130757,1,1,0,0,0,0,0,0,0,0,0,0
2002,130757,2,1,0,0,0,0,0,0,0,0,0,0
2002,130757,3,1,0,0,0,0,0,0,0,0,0,0
2002,130758,1,1,0,0,0,0,0,0,0,0,0,0
2002,130758,2,1,0,0,0,0,0,0,0,0,0,0
2002,130759,1,1,12,0,18,19,0,19,16,23,0,0
2002,130760,1,1,33,33,33,33,33,33,33,33,33,33
2002,130761,1,1,14,14,14,14,14,14,14,14,14,14
2002,130761,2,1,0,0,0,0,0,0,0,0,0,0
2002,130762,1,1,4,4,4,4,4,4,4,4,4,4
2002,130762,2,1,0,0,0,0,0,0,0,0,0,0
2002,130763,1,1,12,17,23,0,11,3,19,22,17,18
2002,130764,1,1,0,0,0,0,0,0,0,0,0,0
2002,130765,1,1,7,7,7,7,7,7,7,7,7,7
2002,130766,1,1,0,0,3,0,0,0,0,0,16,0
2002,130766,2,1,0,0,0,0,0,0,0,0,0,0
2002,130766,3,1,0,0,0,0,0,0,0,0,0,0
2002,130767,1,1,16,16,16,16,16,16,16,16,16,16
2002,130768,1,1,25,25,25,25,25,25,25,25,25,25
2002,130769,0,1,0,0,0,0,0,0,0,0,0,0
2002,130769,1,1,0,0,0,0,0,0,0,0,0,0
2002,130770,1,1,0,0,0,0,0,0,0,0,0,0
2002,130770,2,1,0,0,0,0,0,0,0,0,0,0
2002,130771,1,1,24,0,0,0,0,0,0,0,0,0
2002,130771,2,1,0,0,0,0,0,0,0,0,0,0
2002,130771,3,1,0,0,0,0,0,0,0,0,0,0
2002,130772,1,1,25,25,25,25,25,25,25,25,25,25
2002,130773,0,1,6,6,6,6,6,6,6,6,6,6
2002,130773,1,1,4,4,4,4,4,4,4,4,4,4
2002,130774,1,1,0,10,0,0,0,0,17,17,34,24
2002,130774,2,1,0,0,0,0,0,0,0,0,0,0
2002,130775,1,1,14,14,14,14,14,14,14,14,14,14
2002,130775,2,1,0,0,0,0,0,0,0,0,0,0
2002,130776,1,1,0,0,0,0,0,0,0,11,0,0
2002,130777,1,1,16,16,16,16,16,16,16,16,16,16
2002,130778,1,1,22,22,22,22,22,22,22,22,22,22
2002,130779,1,1,0,0,0,0,0,0,0,0,0,0
2002,130780,1,1,27,27,27,27,27,27,27,27,27,27
2002,130781,1,1,14,16,16,19,0,17,10,20,11,28
2002,130782,1,1,22,22,22,22,22,22,22,22,22,22
2002,130782,2,1,0,0,0,0,0,0,0,0,0,0
2002,130783,1,1,40,40,40,40,40,40,40,40,40,40
2002,130784,1,1,0,0,0,0,0,0,0,0,0,0
2002,130784,2,1,5,5,5,5,5,5,5,5,5,5
2002,130785,0,1,26,26,26,26,26,26,26,26,26,26
2002,130785,1,1,0,0,0,0,0,0,0,0,0,0
2002,130786,1,1,0,0,0,0,0,0,0,0,0,0
2002,130786,2,1,0,10,0,0,0,0,0,13,11,0
2002,130787,1,1,0,0,0,0,0,0,0,0,0,0
2002,130787,2,1,0,0,0,0,0,0,0,0,0,0
2002,130788,1,1,0,0,0,0,0,0,0,0,0,0
2002,130788,2,1,0,0,0,0,0,0,0,0,0,0
2002,130789,1,1,0,0,0,0,0,0,0,0,0,0
2002,130789,2,1,0,0,0,0,0,0,0,0,0,0
2002,130790,1,1,0,0,0,0,0,0,0,0,0,0
2002,130790,2,1,0,0,0,0,0,0,0,0,0,0
2002,130791,0,1,0,0,0,0,0,0,0,0,0,0
2002,130791,1,1,0,0,0,0,0,0,0,0,0,0
2002,130791,2,1,0,0,0,0,0,0,0,0,0,0
2002,130792,1,1,0,0,0,0,0,0,0,0,0,0
2002,130792,2,1,0,0,0,0,0,0,0,0,0,0
2002,130793,1,1,0,27,0,0,0,0,0,0,0,0
2002,130793,2,1,0,0,0,0,0,0,0,0,0,0
2002,130794,1,1,24,24,24,24,24,24,24,24,24,24
2002,130794,2,1,0,0,0,0,0,0,0,0,0,0
2002,130795,0,1,24,24,24,24,24,24,24,24,24,24
2002,130795,1,1,0,0,0,0,0,0,0,0,0,0
2002,130796,1,1,0,0,0,0,0,0,0,0,0,0
2002,130796,2,1,0,0,0,0,0,0,0,0,0,0
2002,130797,1,1,0,0,0,0,0,0,0,0,0,0
2002,130798,1,1,0,0,0,0,0,0,0,0,0,0
2002,130799,1,1,0,0,0,0,0,0,0,0,0,0
2002,130799,2,1,0,0,0,0,0,0,0,0,0,0
2002,130800,1,1,0,0,0,0,0,0,0,0,0,0
2002,130801,1,1,0,0,0,0,0,0,0,0,0,0
2002,130801,2,1,11,0,0,14,14,0,0,0,9,0
2002,130802,1,1,0,0,0,0,0,0,0,0,0,0
2002,130803,1,1,0,0,0,0,0,0,0,0,0,0
2002,130803,2,1,5,5,5,5,5,5,5,5,5,5
2002,130804,1,1,7,7,7,7,7,7,7,7,7,7
2002,130805,1,1,5,19,27,15,24,20,8,24,21,0
2002,130806,1,1,0,0,0,0,0,0,0,0,0,0
2002,130807,0,1,0,0,0,0,0,0,0,0,0,0
2002,130807,1,1,0,0,0,0,0,0,0,0,0,0
2002,130807,2,1,0,0,0,0,0,0,0,0,0,0
2002,130807,3,1,0,0,0,0,0,0,0,0,0,0
2002,130808,1,1,0,0,0,0,0,0,0,0,0,0
2002,130808,2,1,0,0,0,0,0,0,0,0,0,0
2002,130808,3,1,0,0,0,0,0,0,0,0,0,0
2002,130809,1,1,0,0,0,0,0,0,0,0,0,0
2002,130810,1,1,0,0,0,0,0,0,0,0,0,0
2002,130810,2,1,0,0,0,0,0,0,0,0,0,0
2002,130811,0,1,0,0,0,0,0,0,0,0,0,0
2002,130811,1,1,0,0,0,0,0,0,0,0,0,0
2002,130812,1,1,26,0,14,16,7,28,10,22,8,24
2002,130813,1,1,0,0,0,0,0,0,0,0,0,0
2002,130813,2,1,0,0,0,0,0,0,0,0,0,0
2002,130814,1,1,8,0,0,19,4,0,0,11,13,0
2002,130814,2,1,0,28,0,0,0,0,0,0,0,6
2002,130815,0,1,35,43,29,11,0,29,0,22,15,26
2002,130815,1,1,0,0,0,0,0,0,0,0,0,0
2002,130816,1,1,0,0,0,0,0,0,0,0,0,0
2002,130816,2,1,0,0,0,0,0,0,0,0,0,0
2002,130816,3,1,0,0,0,0,0,0,0,0,0,0
2002,130817,1,1,0,0,0,0,0,0,0,0,0,0
2002,130818,1,1,0,0,0,17,0,0,0,19,0,0
2002,130819,1,1,0,0,0,0,0,0,0,0,0,0
2002,130819,2,1,19,0,16,3,0,19,21,28,0,22
2002,130820,1,1,0,0,0,0,0,0,0,0,0,0
2002,130820,2,1,7,7,7,7,7,7,7,7,7,7
2002,130821,1,1,0,0,0,0,0,0,0,0,0,0
2002,130821,2,1,0,0,0,0,0,0,0,0,0,0
2002,130822,1,1,0,0,17,8,0,0,0,0,0,0
2002,130823,0,1,0,0,0,0,0,0,0,0,0,0
2002,130823,1,1,0,0,0,0,0,0,0,0,0,0
2002,130824,1,1,10,10,10,10,10,10,10,10,10,10
2002,130825,1,1,0,14,0,14,19,0,17,0,34,22
2002,130826,1,1,7,7,7,7,7,7,7,7,7,7
2002,130827,1,1,18,18,18,18,18,18,18,18,18,18
2002,130827,2,1,0,0,0,0,0,0,0,0,0,0
2002,130828,0,1,37,0,28,31,37,10,16,22,14,23
2002,130828,1,1,12,10,14,0,0,12,0,0,16,6
2002,130829,1,1,0,0,0,0,0,0,0,0,0,0
2002,130830,1,1,0,0,0,0,0,0,0,0,0,0
2002,130831,0,1,30,30,30,30,30,30,30,30,30,30
2002,130831,1,1,0,0,0,0,0,0,0,0,0,0
2002,130832,1,1,0,0,0,0,0,0,0,0,0,0
2002,130832,2,1,0,0,0,0,0,0,0,0,0,0
2002,130833,1,1,18,18,18,18,18,18,18,18,18,18
2002,130833,2,1,0,0,0,0,0,0,0,0,0,0
2002,130833,3,1,5,5,5,5,5,5,5,5,5,5
2002,130834,1,1,22,22,22,22,22,22,22,22,22,22
2002,130834,2,1,0,0,0,0,0,0,0,0,0,0
2002,130835,1,1,0,0,0,0,0,0,0,0,0,0
2002,130836,1,1,6,0,0,0,0,0,0,0,0,0
2002,130836,2,1,0,0,0,0,0,0,0,0,0,0
2002,130837,1,1,0,0,0,0,0,0,0,0,0,0
2002,130838,1,1,0,0,0,0,0,0,0,0,0,0
2002,130839,0,1,15,15,15,15,15,15,15,15,15,15
2002,130839,1,1,0,0,0,0,0,0,0,0,0,0
2002,130840,1,1,0,0,0,0,0,0,0,0,0,0
2002,130840,2,1,0,0,0,0,9,0,0,0,0,0
2002,130840,3,1,0,0,0,0,0,0,0,0,0,0
2002,130840,4,1,0,0,0,0,0,0,0,0,0,0
2002,130841,1,1,0,0,0,0,0,0,0,0,0,0
2002,130842,0,1,0,0,0,0,0,0,0,0,0,0
2002,130842,1,1,0,0,0,0,0,0,0,0,0,0
2002,130843,1,1,0,22,10,8,30,21,5,13,29,19
2002,130844,1,1,0,0,0,0,0,0,0,0,0,0
2002,130845,0,1,0,0,0,0,0,0,0,0,0,0
2002,130845,1,1,0,0,0,0,0,0,0,0,0,0
2002,130846,1,1,13,23,15,29,33,11,33,14,13,21
2002,130847,1,1,0,0,0,0,0,0,0,0,0,0
2002,130847,2,1,0,0,0,0,0,0,0,0,0,0
2002,130848,1,1,0,0,0,0,0,0,0,0,0,0
2002,130849,1,1,8,8,8,8,8,8,8,8,8,8
2002,130850,1,1,15,0,22,11,21,20,20,18,21,0
2002,130851,1,1,0,0,0,0,0,0,0,0,0,0
2002,130851,2,1,0,0,0,0,0,0,0,0,0,0
2002,130851,3,1,0,0,0,0,0,0,0,0,0,0
2002,130852,1,1,15,15,15,15,15,15,15,15,15,15
2002,130852,2,1,0,0,0,0,0,0,0,0,0,0
2002,130854,1,1,0,0,0,13,0,0,5,14,0,0
2002,130854,2,1,0,0,0,0,0,0,0,0,0,0
2002,130854,3,1,17,0,0,0,0,0,0,0,0,0
2002,130855,0,1,13,13,13,13,13,13,13,13,13,13
2002,130855,1,1,6,0,0,0,0,0,0,0,0,0
2002,130856,1,1,12,12,12,12,12,12,12,12,12,12
2002,130857,1,1,10,10,10,10,10,10,10,10,10,10
2002,130858,1,1,0,0,0,0,0,0,0,0,0,0
2002,130859,1,1,10,10,10,10,10,10,10,10,10,10
2002,130860,1,1,13,13,13,13,13,13,13,13,13,13
2002,130860,2,1,0,0,0,0,0,0,0,0,0,0
2002,130861,1,1,11,39,5,19,11,0,18,10,0,0
2002,130862,1,1,0,0,0,0,0,0,0,0,0,0
2002,130862,2,1,0,0,0,0,0,0,0,0,0,0
2002,130863,0,1,16,6,0,25,0,12,0,28,16,33
2002,130863,1,1,0,0,0,0,0,0,0,0,0,0
2002,130864,1,1,7,0,0,0,0,0,0,0,0,0
2002,130864,2,1,0,0,0,10,0,0,0,0,0,0
2002,130865,1,1,6,6,6,6,6,6,6,6,6,6
2002,130866,1,1,0,0,0,0,0,0,0,0,0,0
2002,130867,1,1,0,0,0,0,0,0,0,0,0,0
2002,130867,2,1,0,0,0,0,0,0,0,0,0,0
2002,130868,1,1,0,0,0,0,0,0,0,0,0,0
2002,130868,2,1,0,0,0,0,0,0,0,0,0,0
2002,130869,1,1,0,0,0,0,0,0,0,0,0,0
2002,130869,2,1,0,0,0,0,0,0,0,0,0,0
2002,130869,3,1,0,0,0,0,0,0,0,0,0,0
2002,130870,0,1,0,0,0,0,0,0,0,0,0,0
2002,130870,1,1,0,0,0,0,0,0,0,0,0,0
2002,130871,0,1,2,2,2,2,2,2,2,2,2,2
2002,130871,0,2,15,24,18,18,26,23,0,36,0,24
2002,130871,1,1,0,0,0,0,0,0,0,0,0,0
2002,130872,1,1,0,0,0,0,0,0,0,0,0,0
2002,130872,2,1,0,0,0,0,0,0,0,0,0,0
2002,130872,3,1,0,0,0,0,0,0,0,0,0,0
2002,130873,1,1,0,0,0,0,0,0,0,0,0,0
2002,130873,2,1,0,0,0,0,0,0,0,0,0,0
2002,130873,3,1,0,0,0,0,0,0,0,0,0,0
2002,130874,0,1,0,0,0,0,0,0,0,0,0,0
2002,130874,1,1,0,0,0,0,0,0,0,0,0,0
2002,130875,1,1,0,0,0,0,0,0,0,0,0,0
2002,130876,1,1,6,6,6,6,6,6,6,6,6,6
2002,130877,1,1,0,0,0,0,0,0,0,0,0,0
2002,130878,1,1,0,0,0,0,0,0,0,0,0,0
2002,130878,2,1,0,0,0,0,0,0,0,0,0,0
2002,130879,1,1,0,0,0,0,0,0,0,0,0,0
2002,130880,1,1,0,0,0,0,0,0,0,0,0,0
2002,130880,2,1,0,0,0,0,0,0,0,0,0,0
2002,130880,3,1,0,0,0,0,0,0,0,0,0,0
2002,130882,0,1,37,37,37,37,37,37,37,37,37,37
2002,130882,1,1,0,0,0,0,0,0,0,0,0,0
2002,130883,1,1,4,4,4,4,4,4,4,4,4,4
2002,130883,2,1,0,0,0,0,0,0,0,0,0,0
2002,130884,1,1,0,0,0,0,0,0,0,0,0,0
2002,130884,2,1,0,0,0,0,0,0,0,0,0,0
2002,130884,3,1,0,0,0,0,0,0,0,0,0,0
2002,130885,1,1,9,9,9,9,9,9,9,9,9,9
2002,130886,1,1,0,0,0,0,0,0,0,0,0,0
2002,130886,2,1,0,0,0,0,0,0,0,0,0,0
2002,130887,1,1,0,0,0,0,0,0,0,0,0,0
2002,130888,1,1,13,17,11,7,14,28,3,14,0,19
2002,130889,1,1,14,14,14,14,14,14,14,14,14,14
2002,130889,2,1,0,0,13,0,0,18,0,7,0,15
2002,130890,1,1,21,0,29,16,25,12,16,13,13,23
2002,130891,1,1,0,0,0,0,0,0,0,0,0,0
2002,130891,2,1,0,0,0,0,0,0,0,0,0,0
2002,130892,1,1,12,12,12,12,12,12,12,12,12,12
2002,130893,1,1,0,0,0,0,0,0,0,0,0,0
2002,130893,2,1,0,0,0,0,0,0,0,0,0,0
2002,130894,1,1,0,0,0,0,0,0,0,0,0,0
2002,130894,2,1,0,0,0,0,0,0,0,0,0,0
2002,130894,3,1,0,0,0,0,0,0,0,0,0,0
2002,130894,4,1,0,0,0,0,0,0,0,0,0,0
2002,130895,1,1,0,0,0,0,0,0,0,0,0,0
2002,130896,1,1,0,0,0,0,0,0,0,0,0,0
2002,130896,2,1,0,0,0,0,0,0,0,0,0,0
2002,130897,1,1,0,0,0,0,0,0,0,0,0,0
2002,130898,1,1,0,0,0,0,0,0,0,0,0,0
2002,130898,2,1,0,0,0,0,0,0,0,0,0,0
2002,130898,3,1,0,0,0,0,0,0,0,0,0,0
2002,130899,1,1,0,0,0,0,0,0,0,0,0,0
2002,130899,2,1,0,0,0,0,0,0,0,0,0,0
2002,130900,1,1,0,0,0,0,0,0,0,0,0,0
2002,130900,2,1,0,0,0,0,0,0,0,0,0,0
2002,130901,1,1,0,0,0,0,0,0,0,0,0,0
2002,130901,2,1,0,0,0,0,0,0,0,0,0,12
2002,130902,0,1,0,0,0,0,0,0,0,0,0,0
2002,130902,1,1,0,0,0,0,0,0,0,0,0,0
2002,130903,0,1,0,0,0,0,0,0,0,0,0,0
2002,130903,1,1,0,0,0,0,0,0,0,0,0,0
2002,130904,1,1,0,0,0,0,0,0,0,0,0,0
2002,130904,2,1,0,0,0,0,0,0,0,0,0,0
2002,130904,3,1,0,0,0,0,0,0,0,0,0,0
2002,130905,0,1,0,0,0,0,0,0,0,0,0,0
2002,130905,1,1,0,0,0,0,0,0,0,0,0,0
2002,130906,1,1,0,0,0,0,0,0,0,0,0,0
2002,130906,2,1,0,0,0,0,0,0,0,0,0,0
2002,130907,0,1,18,18,18,18,18,18,18,18,18,18
2002,130907,1,1,0,0,0,0,0,0,0,0,0,0
2002,130908,0,1,0,36,0,30,42,0,14,34,16,20
2002,130908,1,1,0,11,0,0,29,0,0,0,0,0
2002,130909,1,1,0,0,0,0,0,0,0,0,0,0
2002,130909,2,1,0,0,0,0,4,0,0,0,0,0
2002,130909,3,1,0,0,0,16,0,0,0,0,0,0
2002,130910,0,1,0,0,0,5,0,0,0,8,0,0
2002,130910,1,1,0,0,0,0,0,0,0,0,0,0
2002,130911,1,1,0,0,0,0,0,0,0,0,0,0
2002,130911,2,1,0,0,0,0,0,0,0,0,0,0
2002,130911,3,1,0,0,0,0,0,0,0,0,0,0
2002,130912,1,1,0,0,0,0,0,0,0,0,0,0
2002,130912,2,1,0,0,0,0,0,0,0,0,0,0
2002,130913,1,1,0,0,0,0,0,0,0,0,0,0
2002,130913,2,1,0,0,0,0,0,0,0,0,0,0
2002,130913,3,1,0,0,0,0,0,0,0,0,0,0
2002,130914,1,1,0,0,0,0,0,0,0,18,0,0
2002,130914,2,1,0,0,0,0,0,0,0,0,0,0
2002,130915,1,1,0,0,0,0,0,0,0,0,0,0
2002,130915,2,1,0,0,0,0,0,0,0,0,0,0
2002,130916,1,1,0,0,0,0,0,0,0,0,0,0
2002,130916,2,1,0,0,0,0,0,0,0,0,0,0
2002,130917,1,1,0,0,14,19,0,11,0,0,24,0
2002,130918,1,1,0,0,0,0,0,13,0,0,0,0
2002,130918,2,1,0,0,0,0,0,0,0,0,0,0
2002,130919,1,1,0,0,0,0,0,0,0,0,0,0
2002,130919,2,1,0,0,0,0,0,0,0,0,0,0
2002,130920,1,1,0,0,6,0,0,0,0,0,0,0
2002,130921,1,1,0,0,0,0,0,0,0,0,0,0
2002,130921,2,1,0,0,0,0,0,0,0,0,0,0
2002,130921,3,1,0,0,0,0,0,0,0,0,0,0
2002,130922,1,1,0,0,0,0,0,0,0,0,0,0
2002,130922,2,1,0,0,0,0,0,0,0,0,0,0
2002,130923,1,1,0,0,0,0,0,0,0,0,0,0
2002,130923,2,1,3,0,13,0,0,0,0,0,10,0
2002,130924,1,1,0,0,0,0,0,0,0,0,0,0
2002,130924,2,1,12,12,12,12,12,12,12,12,12,12
2002,130925,0,1,23,34,20,37,27,0,13,10,0,4
2002,130925,1,1,19,19,19,19,19,19,19,19,19,19