YEAR,ST_CASE,veh_no,per_no,P1,P2,P3,P4,P5,P6,P7,P8,P9,P10
2002,130926,1,1,0,0,0,0,0,0,0,0,0,0
2002,130927,1,1,0,14,17,0,16,20,0,33,11,22
2002,130928,1,1,0,0,0,0,0,0,0,0,0,0
2002,130928,2,1,0,0,0,0,0,0,0,0,0,0
2002,130929,1,1,10,10,10,10,10,10,10,10,10,10
2002,130930,1,1,11,11,11,11,11,11,11,11,11,11
2002,130931,1,1,4,4,4,4,4,4,4,4,4,4
2002,130932,1,1,0,20,0,0,0,0,28,0,34,0
2002,130933,1,1,0,0,0,0,0,0,0,0,0,0
2002,130933,2,1,0,0,0,0,0,0,0,0,0,0
2002,130934,1,1,0,0,0,0,0,0,0,0,0,0
2002,130934,2,1,0,0,0,0,0,18,0,0,0,0
2002,130934,3,1,0,0,0,0,7,0,0,0,0,0
2002,130935,1,1,0,0,0,0,0,0,0,0,0,0
2002,130936,1,1,0,0,0,0,0,0,0,0,0,0
2002,130937,1,1,0,0,0,0,0,0,0,0,0,0
2002,130937,2,1,0,0,0,0,0,0,0,0,0,0
2002,130937,3,1,0,0,0,0,0,0,0,16,0,0
2002,130938,1,1,11,11,11,11,11,11,11,11,11,11
2002,130939,1,1,0,22,12,0,13,0,0,0,0,0
2002,130940,1,1,0,0,0,0,0,0,0,0,0,0
2002,130940,2,1,0,0,0,0,0,0,0,0,0,0
2002,130941,1,1,0,0,0,0,0,0,0,0,0,0
2002,130942,1,1,0,0,0,0,0,0,0,0,0,0
2002,130942,2,1,0,0,0,0,0,0,0,0,0,0
2002,130943,1,1,0,0,0,0,0,0,0,0,0,0
2002,130944,0,1,0,0,0,13,22,16,34,11,25,0
2002,130944,1,1,0,0,0,0,0,0,0,0,0,0
2002,130945,1,1,0,0,0,0,0,0,0,0,0,0
2002,130945,2,1,0,0,0,0,0,0,0,0,0,0
2002,130946,1,1,20,20,20,20,20,20,20,20,20,20
2002,130947,0,1,37,37,37,37,37,37,37,37,37,37
2002,130947,1,1,0,0,0,0,0,0,0,0,0,0
2002,130948,1,1,5,5,5,5,5,5,5,5,5,5
2002,130948,2,1,0,0,0,0,0,0,0,0,0,0
2002,130949,1,1,15,15,15,15,15,15,15,15,15,15
2002,130950,1,1,0,0,0,0,0,0,0,0,0,0
2002,130950,2,1,0,0,0,0,0,0,0,0,0,0
2002,130951,1,1,19,19,19,19,19,19,19,19,19,19
2002,130952,1,1,0,0,0,0,0,0,0,0,0,0
2002,130952,2,1,0,0,0,0,0,0,0,0,0,0
2002,130953,1,1,0,0,13,0,0,0,0,0,0,0
2002,130953,2,1,0,0,0,0,0,8,0,0,0,0
2002,130954,1,1,0,0,0,0,0,0,0,0,0,0
2002,130956,1,1,21,21,21,21,21,21,21,21,21,21
2002,130956,2,1,0,0,0,0,0,0,0,0,0,0
2002,130956,3,1,0,0,0,0,0,0,0,0,0,0
2002,130957,1,1,0,0,0,0,0,0,0,0,0,0
2002,130957,2,1,0,0,0,0,0,0,0,0,0,0
2002,130958,1,1,0,0,0,0,0,0,0,0,0,0
2002,130959,1,1,0,0,0,13,14,18,0,0,18,0
2002,130960,1,1,17,17,17,17,17,17,17,17,17,17
2002,130960,2,1,13,0,0,0,0,0,0,0,0,0
2002,130961,1,1,0,17,0,0,0,0,0,0,18,0
2002,130962,1,1,0,0,0,0,0,0,0,0,0,0
2002,130962,2,1,0,0,0,0,0,0,0,0,0,0
2002,130963,0,1,24,24,24,24,24,24,24,24,24,24
2002,130963,1,1,0,0,0,0,0,0,0,0,0,0
2002,130964,1,1,0,0,0,0,0,0,0,0,0,0
2002,130964,2,1,0,0,0,0,0,0,0,0,0,0
2002,130965,2,1,0,0,0,0,0,0,0,0,0,0
2002,130965,3,1,0,0,0,0,0,0,0,0,0,0
2002,130966,1,1,0,0,0,0,0,0,0,0,0,0
2002,130966,2,1,0,0,0,0,0,0,0,0,0,0
2002,130966,3,1,0,0,0,0,0,0,0,0,0,0
2002,130967,1,1,0,0,0,0,0,0,0,0,0,0
2002,130967,2,1,0,0,0,0,0,0,0,0,0,0
2002,130968,1,1,0,0,0,0,0,0,0,0,0,0
2002,130968,2,1,0,0,0,0,0,0,0,0,0,0
2002,130969,1,1,0,0,0,0,0,0,0,0,0,0
2002,130969,2,1,0,0,0,0,0,0,0,0,0,0
2002,130970,1,1,6,6,6,6,6,6,6,6,6,6
2002,130971,1,1,0,0,0,0,0,0,0,0,0,0
2002,130972,1,1,0,0,0,0,0,0,0,0,0,0
2002,130973,1,1,0,0,0,0,0,0,0,0,0,0
2002,130973,2,1,0,0,0,0,0,0,0,0,0,0
2002,130974,1,1,0,0,0,0,0,0,0,0,0,0
2002,130975,1,1,0,0,0,0,0,0,0,0,0,0
2002,130976,1,1,7,7,7,7,7,7,7,7,7,7
2002,130977,1,1,0,0,0,0,0,0,0,0,0,0
2002,130977,2,1,0,0,0,0,0,0,0,0,0,0
2002,130978,1,1,3,3,3,3,3,3,3,3,3,3
2002,130978,2,1,0,0,0,0,0,0,15,0,0,0
2002,130978,3,1,0,0,0,0,0,0,0,0,0,0
2002,130979,1,1,0,0,0,0,0,0,0,0,0,0
2002,130979,2,1,0,0,0,0,0,0,0,0,0,0
2002,130979,3,1,0,0,0,0,0,0,0,0,0,0
2002,130980,1,1,0,0,0,0,0,0,0,0,0,0
2002,130980,2,1,0,0,0,0,0,0,15,0,0,0
2002,130981,0,1,41,16,16,15,49,23,33,20,35,39
2002,130981,1,1,0,0,0,12,0,0,0,0,0,0
2002,130982,1,1,0,0,0,0,0,0,0,0,0,0
2002,130983,1,1,0,0,0,0,0,0,0,0,0,0
2002,130983,2,1,0,0,0,0,0,0,0,0,0,0
2002,130984,1,1,0,0,0,0,0,0,0,0,0,0
2002,130985,1,1,6,6,6,6,6,6,6,6,6,6
2002,130985,2,1,0,0,0,0,0,0,0,0,0,0
2002,130986,1,1,0,0,0,0,0,0,0,0,0,0
2002,130986,2,1,0,0,0,0,0,0,0,0,0,0
2002,130987,1,1,0,0,0,0,0,0,0,0,0,0
2002,130987,2,1,0,0,0,0,0,0,0,0,0,0
2002,130988,1,1,4,4,4,4,4,4,4,4,4,4
2002,130988,2,1,0,0,0,0,0,0,0,0,0,0
2002,130989,1,1,0,0,0,0,0,0,0,0,0,0
2002,130989,2,1,2,2,2,2,2,2,2,2,2,2
2002,130990,1,1,2,5,11,19,12,0,27,0,0,13
2002,130991,0,1,11,26,24,26,0,24,22,22,10,35
2002,130991,1,1,0,0,0,0,0,0,0,0,0,0
2002,130992,1,1,23,23,23,23,23,23,23,23,23,23
2002,130993,1,1,13,0,0,47,10,29,0,23,23,33
2002,130994,1,1,0,0,0,0,0,0,0,0,0,0
2002,130994,2,1,0,0,0,0,0,0,0,0,0,0
2002,130995,1,1,1,1,1,1,1,1,1,1,1,1
2002,130996,1,1,0,0,0,0,0,0,0,0,0,0
2002,130996,2,1,0,0,0,0,0,0,0,0,0,0
2002,130996,3,1,0,0,0,0,0,0,0,0,0,0
2002,130997,1,1,0,0,0,0,0,0,0,0,0,0
2002,130998,1,1,10,0,0,0,16,21,9,15,26,23
2002,130999,1,1,0,0,0,0,0,0,0,0,0,0
2002,131000,1,1,17,17,17,17,17,17,17,17,17,17
2002,131001,1,1,16,11,0,0,0,16,40,14,0,0
2002,131002,1,1,0,14,15,13,18,30,17,13,20,0
2002,131003,0,1,0,0,0,0,0,0,0,0,0,0
2002,131003,1,1,0,0,0,0,0,0,0,0,0,0
2002,131004,1,1,5,5,5,5,5,5,5,5,5,5
2002,131004,2,1,0,0,0,0,0,0,0,0,0,0
2002,131005,1,1,27,27,27,27,27,27,27,27,27,27
2002,131006,1,1,0,0,0,0,0,0,0,0,0,0
2002,131006,2,1,0,0,0,0,0,0,0,0,0,0
2002,131007,1,1,0,0,23,0,0,0,0,0,0,0
2002,131007,2,1,0,0,0,0,0,7,0,0,0,0
2002,131008,1,1,0,0,0,0,0,0,0,0,0,0
2002,131008,2,1,0,0,0,0,0,0,0,0,0,0
2002,131009,1,1,0,0,0,0,0,0,0,0,0,0
2002,131009,2,1,0,0,0,0,0,0,0,0,0,0
2002,131009,3,1,0,0,0,0,0,0,0,0,0,0
2002,131009,4,1,0,0,0,0,0,20,0,0,0,0
2002,131009,5,1,0,0,0,0,0,0,0,0,0,0
2002,131009,6,1,0,0,0,0,0,0,0,0,0,21
2002,131009,7,1,0,0,0,0,0,9,0,0,0,0
2002,131009,8,1,0,0,4,0,0,0,0,0,0,0
2002,131009,9,1,0,0,0,0,0,0,0,0,0,0
2002,131010,0,1,0,0,0,0,0,0,0,0,0,0
2002,131010,0,2,16,28,8,24,0,0,22,7,24,18
2002,131010,2,1,0,0,0,0,0,0,0,0,0,0
2002,131010,3,1,0,0,0,0,0,0,0,0,0,0
2002,131011,1,1,0,0,0,0,0,0,0,0,0,0
2002,131011,2,1,0,0,0,0,0,0,0,0,0,0
2002,131012,1,1,0,0,0,0,0,0,0,0,0,0
2002,131012,2,1,0,0,0,0,0,0,0,0,0,0
2002,131013,1,1,0,0,0,0,0,0,0,0,0,0
2002,131013,2,1,0,0,0,0,0,0,0,0,0,0
2002,131014,1,1,0,0,0,0,0,0,0,0,0,0
2002,131015,1,1,0,0,0,0,0,0,0,0,0,0
2002,131015,2,1,0,0,0,0,0,0,0,0,0,0
2002,131016,0,1,0,0,0,0,0,0,0,0,0,0
2002,131016,1,1,0,0,0,0,0,10,0,0,0,0
2002,131017,1,1,25,25,25,25,25,25,25,25,25,25
2002,131018,1,1,0,0,0,0,0,0,0,0,0,0
2002,131019,1,1,32,10,15,21,22,0,24,24,0,0
2002,131020,1,1,14,14,14,14,14,14,14,14,14,14
2002,131021,1,1,0,0,0,0,0,0,0,0,0,0
2002,131021,2,1,0,0,0,0,0,0,0,0,0,0
2002,131021,3,1,0,0,0,0,0,0,0,0,0,0
2002,131022,1,1,0,0,0,0,0,0,0,0,0,0
2002,131022,2,1,0,0,0,0,0,0,0,0,0,0
2002,131023,1,1,0,0,0,0,0,0,0,0,0,0
2002,131023,2,1,0,0,0,0,0,0,0,0,0,0
2002,131024,1,1,0,9,0,10,0,0,0,0,24,0
2002,131025,1,1,0,0,12,0,0,0,0,26,17,0
2002,131026,1,1,0,22,29,16,0,0,27,15,40,20
2002,131027,1,1,0,0,13,0,20,0,17,8,0,0
2002,131028,1,1,0,0,0,0,0,0,0,0,0,0
2002,131028,2,1,0,0,0,0,0,0,0,0,0,0
2002,131029,1,1,0,0,0,0,0,0,0,0,0,0
2002,131030,1,1,0,0,0,0,0,14,0,0,0,0
2002,131030,2,1,0,0,0,0,0,0,0,0,0,0
2002,131031,1,1,0,0,0,0,0,0,0,0,0,0
2002,131032,1,1,0,0,0,0,0,0,0,0,0,0
2002,131033,1,1,0,0,0,0,0,0,0,0,0,0
2002,131033,2,1,0,0,0,0,0,0,0,0,0,0
2002,131034,1,1,26,19,0,22,13,21,20,0,0,18
2002,131035,1,1,6,6,6,6,6,6,6,6,6,6
2002,131036,1,1,0,0,0,0,0,0,0,0,0,0
2002,131036,2,1,0,0,0,0,0,0,0,0,0,0
2002,131036,3,1,0,0,0,0,0,0,0,0,0,0
2002,131037,1,1,16,0,0,3,13,17,12,8,9,28
2002,131038,1,1,0,0,0,0,0,0,0,0,0,0
2002,131038,2,1,0,0,0,0,0,0,19,0,7,0
2002,131039,1,1,32,0,0,0,0,3,0,0,0,20
2002,131040,1,1,0,0,0,0,20,0,10,0,17,10
2002,131040,2,1,25,0,14,0,0,7,0,16,0,0
2002,131041,1,1,0,0,0,0,0,0,0,0,0,0
2002,131041,2,1,0,0,0,0,0,0,0,0,0,0
2002,131042,1,1,21,21,21,21,21,21,21,21,21,21
2002,131042,2,1,0,0,0,0,0,0,0,0,0,0
2002,131043,1,1,12,17,0,35,0,16,16,27,0,11
2002,131044,1,1,4,4,4,4,4,4,4,4,4,4
2002,131045,1,1,0,0,0,0,0,0,0,0,0,0
2002,131046,1,1,0,0,0,0,0,0,0,0,0,0
2002,131046,2,1,0,0,0,0,0,0,0,0,0,0
2002,131047,1,1,24,0,19,8,0,13,0,0,0,0
2002,131048,1,1,0,0,0,0,0,0,0,0,0,0
2002,131048,2,1,0,0,0,0,0,0,0,0,0,0
2002,131049,1,1,0,0,0,0,0,0,0,0,0,0
2002,131049,2,1,0,0,0,0,0,0,0,0,0,0
2002,131050,1,1,0,0,0,0,4,0,0,0,0,0
2002,131050,2,1,0,0,15,0,0,0,0,0,0,0
2002,131051,1,1,11,11,11,11,11,11,11,11,11,11
2002,131051,2,1,0,0,0,0,0,0,0,0,0,0
2002,131053,1,1,0,0,0,0,0,0,0,0,0,0
2002,131053,2,1,0,0,0,0,0,0,0,0,0,0
2002,131054,1,1,0,0,0,0,0,0,0,0,0,0
2002,131054,2,1,0,0,0,0,0,0,0,0,0,0
2002,131055,1,1,6,6,6,6,6,6,6,6,6,6
2002,131055,2,1,0,0,0,0,0,0,0,0,0,0
2002,131056,0,1,0,0,0,0,0,0,0,0,0,0
2002,131056,1,1,0,0,0,0,0,0,0,0,0,0
2002,131057,1,1,0,0,0,0,0,0,0,0,0,0
2002,131057,2,1,0,0,0,0,0,0,0,0,0,0
2002,131058,1,1,0,0,0,0,0,0,0,0,0,0
2002,131058,2,1,0,0,0,0,0,0,0,0,0,0
2002,131059,1,1,0,0,0,0,0,0,0,0,0,0
2002,131060,1,1,0,0,0,0,0,0,0,0,0,0
2002,131060,2,1,0,0,0,0,0,0,0,0,0,0
2002,131061,1,1,25,25,25,25,25,25,25,25,25,25
2002,131062,1,1,14,14,14,14,14,14,14,14,14,14
2002,131062,2,1,0,0,0,0,0,0,0,0,0,0
2002,131063,0,1,16,18,0,27,41,26,53,32,17,13
2002,131063,1,1,15,15,15,15,15,15,15,15,15,15
2002,131064,1,1,18,10,0,21,29,11,21,29,29,14
2002,131065,1,1,0,0,0,0,0,0,0,0,0,0
2002,131065,2,1,0,0,0,0,0,0,0,0,0,0
2002,131066,1,1,0,0,0,0,0,0,0,0,0,0
2002,131066,2,1,0,0,0,0,0,0,0,0,0,0
2002,131067,1,1,0,0,0,0,0,0,0,0,0,0
2002,131067,2,1,0,0,0,0,0,0,0,0,0,0
2002,131067,3,1,0,0,0,0,0,0,0,0,0,0
2002,131068,1,1,0,0,0,0,0,0,0,0,0,0
2002,131068,2,1,0,0,0,0,0,0,0,0,0,0
2002,131069,1,1,0,0,0,0,0,0,0,0,0,0
2002,131069,2,1,0,0,0,0,0,0,0,0,0,0
2002,131070,1,1,0,0,0,0,18,0,0,0,0,0
2002,131070,2,1,0,0,0,0,0,0,0,0,0,0
2002,131070,3,1,0,0,0,0,0,0,0,0,0,0
2002,131071,1,1,29,13,30,15,0,26,16,20,0,29
2002,131072,1,1,0,0,0,0,0,0,0,0,0,0
2002,131072,2,1,0,0,0,0,0,0,0,0,0,0
2002,131073,0,1,19,19,19,19,19,19,19,19,19,19
2002,131073,1,1,0,0,0,0,0,0,0,0,0,0
2002,131074,0,1,0,0,0,0,0,0,0,0,0,0
2002,131074,1,1,0,0,0,0,0,0,0,0,0,0
2002,131075,0,1,22,0,0,11,15,0,0,0,25,0
2002,131075,1,1,0,0,0,0,5,0,0,0,0,0
2002,131076,1,1,0,0,0,0,0,0,0,0,0,0
2002,131076,2,1,0,0,0,0,0,0,0,0,0,0
2002,131076,3,1,0,0,0,0,0,0,0,0,0,0
2002,131077,1,1,0,0,0,0,0,0,0,0,0,0
2002,131077,2,1,0,0,0,0,0,0,0,0,0,0
2002,131078,1,1,0,0,0,0,0,0,0,0,0,7
2002,131079,1,1,0,16,16,22,0,0,0,0,10,11
2002,131080,1,1,13,13,13,13,13,13,13,13,13,13
2002,131080,2,1,3,3,3,3,3,3,3,3,3,3
2002,131081,0,1,0,0,23,16,0,13,0,0,7,26
2002,131081,1,1,0,0,0,0,0,0,0,0,0,0
2002,131082,1,1,16,0,18,7,0,0,14,24,16,10
2002,131083,1,1,0,0,0,0,0,0,0,0,0,0
2002,131083,2,1,7,0,0,0,0,0,0,0,0,0
2002,131084,0,1,10,10,10,10,10,10,10,10,10,10
2002,131084,1,1,0,0,0,0,0,0,0,0,0,0
2002,131085,1,1,0,0,0,0,0,0,0,0,0,0
2002,131086,1,1,0,16,12,0,29,31,17,0,0,18
2002,131087,0,1,0,0,0,0,0,0,0,0,0,0
2002,131087,1,1,10,10,10,10,10,10,10,10,10,10
2002,131088,1,1,0,0,0,0,0,0,0,0,0,0
2002,131088,2,1,0,0,0,0,0,0,0,0,0,0
2002,131089,1,1,0,0,0,0,0,0,0,0,0,0
2002,131089,2,1,0,0,0,0,0,0,0,0,0,0
2002,131090,0,1,19,14,24,15,0,29,0,6,34,12
2002,131090,1,1,0,0,0,0,19,0,0,0,0,0
2002,131091,1,1,0,0,0,0,0,0,0,0,0,0
2002,131092,0,1,18,0,15,16,23,28,0,17,16,0
2002,131092,1,1,10,0,0,0,0,8,0,17,0,0
2002,131093,1,1,12,8,18,27,0,0,22,12,0,17
2002,131093,2,1,0,0,0,7,0,0,0,0,0,0
2002,131094,0,1,0,0,0,0,0,0,0,0,0,0
2002,131094,1,1,0,0,0,0,0,0,0,0,0,0
2002,131095,1,1,8,19,0,0,0,11,0,0,0,0
2002,131095,2,1,0,0,0,0,0,12,0,0,0,0
2002,131095,3,1,0,0,0,0,0,0,0,0,0,0
2002,131096,1,1,0,0,0,0,0,0,0,0,0,0
2002,131097,1,1,0,0,0,0,0,0,0,0,0,0
2002,131097,2,1,0,0,0,0,0,0,0,0,0,0
2002,131098,0,1,24,24,24,24,24,24,24,24,24,24
2002,131098,2,1,0,0,0,0,0,0,0,0,0,0
2002,131098,3,1,0,19,15,0,0,0,15,20,16,12
2002,131099,1,1,0,0,0,0,0,0,0,0,0,0
2002,131099,2,1,0,0,0,0,0,0,0,0,0,0
2002,131100,1,1,0,0,0,0,0,0,0,0,0,0
2002,131100,2,1,0,0,0,0,0,0,0,0,0,0
2002,131101,1,1,0,0,0,0,0,0,0,0,0,0
2002,131101,2,1,0,0,0,0,0,0,0,13,0,0
2002,131102,1,1,0,0,0,0,0,0,0,0,0,0
2002,131102,2,1,0,0,0,0,0,0,0,0,0,0
2002,131102,3,1,0,0,0,0,0,0,0,0,0,0
2002,131102,4,1,0,0,0,0,0,0,0,0,0,0
2002,131102,5,1,0,0,0,0,0,0,0,0,0,0
2002,131103,1,1,0,0,0,0,0,0,0,0,0,0
2002,131104,1,1,0,0,0,0,0,0,0,0,0,0
2002,131105,1,1,0,0,0,0,0,0,0,0,0,0
2002,131105,2,1,0,0,0,0,0,0,0,0,0,0
2002,131106,1,1,0,0,0,0,0,0,0,0,0,0
2002,131106,2,1,0,0,0,0,0,0,0,0,0,0
2002,131107,1,1,19,19,19,19,19,19,19,19,19,19
2002,131107,2,1,0,0,0,0,0,0,0,0,0,0
2002,131108,0,1,23,7,31,0,41,0,11,22,21,25
2002,131108,1,1,0,0,0,0,0,0,0,0,0,0
2002,131109,1,1,0,0,25,21,0,18,0,18,31,0
2002,131109,2,1,12,0,0,3,0,0,0,0,0,0
2002,131110,1,1,0,0,0,0,0,0,0,0,0,0
2002,131110,2,1,0,0,0,0,0,0,0,0,0,0
2002,131111,1,1,0,0,0,0,0,0,0,0,0,0
2002,131112,0,1,0,0,0,0,0,28,0,0,0,0
2002,131112,1,1,0,0,0,0,0,0,0,0,0,0
2002,131113,1,1,0,0,0,0,0,0,0,0,0,0
2002,131113,2,1,0,0,0,0,0,0,0,0,0,0
2002,131114,0,1,0,0,0,0,0,0,0,0,0,0
2002,131114,1,1,20,20,20,20,20,20,20,20,20,20
2002,131115,1,1,24,24,24,24,24,24,24,24,24,24
2002,131115,2,1,0,0,0,0,0,0,0,0,0,0
2002,131116,0,1,0,0,0,0,0,20,6,0,0,0
2002,131116,1,1,0,0,0,0,0,0,0,0,0,0
2002,131117,1,1,3,3,3,3,3,3,3,3,3,3
2002,131118,0,1,0,0,0,0,0,0,0,0,0,0
2002,131118,1,1,0,0,0,0,0,0,0,0,0,0
2002,131119,1,1,23,23,23,23,23,23,23,23,23,23
2002,131119,2,1,0,0,0,0,0,0,0,0,0,0
2002,131120,0,1,0,23,0,0,23,0,21,0,0,0
2002,131120,0,2,0,29,11,0,0,0,7,15,9,11
2002,131120,1,1,0,0,0,0,0,0,0,0,0,0
2002,131120,2,1,0,0,7,0,0,0,0,0,0,0
2002,131121,1,1,0,0,0,0,0,0,0,0,0,0
2002,131121,2,1,16,16,16,16,16,16,16,16,16,16
2002,131122,1,1,10,10,10,10,10,10,10,10,10,10
2002,131122,2,1,0,0,0,0,0,0,0,0,0,0
2002,131123,1,1,0,0,0,0,0,0,0,0,0,0
2002,131123,2,1,0,0,0,0,0,0,0,0,0,0
2002,131124,1,1,0,0,0,0,0,0,0,0,0,0
2002,131125,1,1,0,0,0,0,0,0,0,0,0,0
2002,131126,1,1,0,0,0,0,0,0,0,0,0,0
2002,131127,1,1,0,0,0,0,0,0,0,0,0,0
2002,131128,1,1,0,0,0,0,0,0,0,0,0,0
2002,131129,1,1,0,0,0,0,0,0,0,0,0,0
2002,131129,2,1,0,0,0,0,0,0,0,0,0,0
2002,131130,1,1,0,0,0,0,0,0,0,0,0,0
2002,131130,2,1,0,0,0,0,0,0,0,0,0,0
2002,131130,3,1,0,0,0,0,0,0,0,0,0,0
2002,131131,1,1,22,22,22,22,22,22,22,22,22,22
2002,131131,2,1,0,0,0,0,0,0,0,0,0,0
2002,131132,1,1,0,0,0,0,0,0,0,0,0,0
2002,131132,2,1,0,0,0,0,0,0,0,0,0,0
2002,131133,1,1,2,2,2,2,2,2,2,2,2,2
2002,131134,1,1,7,7,7,7,7,7,7,7,7,7
2002,131135,1,1,0,0,0,0,0,0,0,0,0,0
2002,131135,2,1,0,0,0,0,0,0,0,0,0,0
2002,131136,1,1,0,0,0,0,0,0,0,0,0,0
2002,131137,1,1,0,0,0,0,0,0,0,0,0,0
2002,131137,2,1,0,0,0,0,0,0,0,0,0,0
2002,131138,1,1,0,0,0,0,0,0,0,0,0,0
2002,131138,2,1,0,0,0,0,0,0,0,0,0,0
2002,131139,0,1,6,6,6,6,6,6,6,6,6,6
2002,131139,1,1,0,0,0,0,0,0,0,0,0,0
2002,131140,1,1,11,11,11,11,11,11,11,11,11,11
2002,131141,1,1,30,0,0,19,0,0,23,10,0,0
2002,131141,2,1,16,16,16,16,16,16,16,16,16,16
2002,131142,1,1,0,0,0,0,0,0,0,0,0,0
2002,131143,1,1,0,0,0,0,0,0,0,0,0,0
2002,131143,2,1,0,0,0,0,0,0,0,0,0,0
2002,131144,1,1,0,14,4,0,0,0,9,0,0,0
2002,131144,2,1,0,0,0,0,0,0,0,0,0,0
2002,131145,1,1,0,14,27,0,29,0,29,0,14,21
2002,131146,1,1,0,0,0,0,0,0,0,0,0,0
2002,131146,2,1,0,0,0,0,0,0,0,0,0,0
2002,131147,1,1,0,0,0,0,0,0,0,0,0,0
2002,131147,2,1,0,0,0,0,0,0,0,0,0,0
2002,131148,1,1,0,0,0,0,0,0,0,0,0,0
2002,131149,1,1,0,0,0,0,0,0,0,0,0,0
2002,131149,2,1,13,21,0,0,0,0,0,0,10,0
2002,131149,3,1,0,0,0,0,0,0,0,0,0,0
2002,131150,1,1,28,28,28,28,28,28,28,28,28,28
2002,131150,2,1,0,0,0,0,0,0,0,0,0,0
2002,131151,1,1,0,0,0,0,20,0,0,0,25,0
2002,131152,1,1,0,0,0,0,0,0,0,0,0,0
2002,131152,2,1,0,5,0,0,0,0,0,0,0,0
2002,131152,3,1,0,0,0,0,0,0,0,0,0,0
2002,131153,1,1,0,0,0,0,0,0,0,0,0,0
2002,131153,2,1,0,0,0,0,0,0,0,0,0,0
2002,131154,1,1,8,8,8,8,8,8,8,8,8,8
2002,131155,1,1,13,13,13,13,13,13,13,13,13,13
2002,131156,0,1,30,30,30,30,30,30,30,30,30,30
2002,131156,1,1,0,0,0,0,0,0,0,0,0,0
2002,131157,1,1,9,9,9,9,9,9,9,9,9,9
2002,131158,1,1,0,0,0,0,0,0,0,0,0,0
2002,131158,2,1,0,0,0,0,0,0,0,0,0,0
2002,131159,1,1,7,27,0,10,23,9,0,18,27,0
2002,131160,1,1,0,19,13,13,0,44,26,41,24,0
2002,131161,1,1,20,20,20,20,20,20,20,20,20,20
2002,131162,1,1,0,0,0,0,0,0,0,0,0,0
2002,131162,2,1,0,0,0,0,0,0,0,0,0,0
2002,131163,1,1,0,0,0,0,0,0,0,0,0,0
2002,131163,2,1,0,0,0,0,0,0,0,0,0,0
2002,131164,0,1,36,0,18,0,0,0,0,14,0,0
2002,131164,1,1,11,0,0,0,11,0,0,0,0,0
2002,131165,1,1,30,30,30,30,30,30,30,30,30,30
2002,131165,2,1,0,0,0,0,0,0,0,0,0,0
2002,131166,1,1,0,0,0,0,0,0,0,0,0,0
2002,131167,0,1,0,0,0,0,0,0,0,0,0,0
2002,131167,1,1,0,20,5,9,0,0,17,14,0,0
2002,131168,1,1,25,25,25,25,25,25,25,25,25,25
2002,131169,1,1,0,0,0,0,0,0,0,0,0,0
2002,131170,1,1,0,0,14,0,0,0,0,0,0,0
2002,131171,1,1,0,0,0,0,0,0,0,0,0,0
2002,131172,1,1,0,0,0,0,0,0,0,0,0,0
2002,131173,1,1,0,0,0,0,0,0,0,0,0,0
2002,131173,2,1,0,0,0,0,0,0,0,0,0,0
2002,131174,0,1,24,24,24,24,24,24,24,24,24,24
2002,131174,1,1,0,0,0,0,0,0,0,0,0,0
2002,131175,0,1,0,0,0,0,19,0,0,0,0,0
2002,131175,1,1,0,0,0,0,0,0,0,0,0,0
2002,131176,1,1,0,0,0,0,0,0,0,0,0,0
2002,131176,2,1,0,0,0,0,0,0,0,0,0,0
2002,131177,1,1,22,14,7,10,19,11,11,25,0,21
2002,131178,1,1,4,4,4,4,4,4,4,4,4,4
2002,131179,1,1,11,11,11,11,11,11,11,11,11,11
2002,131179,2,1,0,0,0,0,0,0,0,0,0,0
2002,131180,1,1,28,0,0,30,0,5,30,20,0,0
2002,131180,2,1,0,0,0,0,0,0,0,0,0,0
2002,131181,1,1,0,0,0,0,0,0,0,0,0,0
2002,131182,1,1,0,0,0,0,0,0,0,0,0,0
2002,131182,2,1,25,25,25,25,25,25,25,25,25,25
2002,131183,1,1,0,0,0,0,0,0,0,0,0,0
2002,131184,1,1,0,0,0,0,0,0,0,0,0,0
2002,131185,1,1,0,0,0,0,0,0,0,0,0,0
2002,131186,1,1,0,0,0,0,0,0,0,0,0,0
2002,131186,2,1,0,0,0,0,0,0,0,0,0,0
2002,131187,1,1,0,24,0,0,0,28,11,0,30,23
2002,131188,1,1,0,0,0,0,0,0,0,0,0,0
2002,131188,2,1,0,0,0,0,0,0,0,0,0,0
2002,131189,1,1,24,24,24,24,24,24,24,24,24,24
2002,131190,1,1,0,0,0,0,0,0,0,0,0,0
2002,131190,2,1,0,0,0,0,0,0,0,0,0,0
2002,131191,1,1,0,0,0,0,0,0,0,0,0,0
2002,131191,2,1,0,0,0,0,0,0,0,0,0,0
2002,131192,1,1,0,0,0,0,0,0,0,0,0,0
2002,131193,0,1,0,0,0,0,0,0,0,0,0,0
2002,131193,1,1,0,0,0,0,0,0,0,0,0,0
2002,131194,1,1,0,29,0,0,0,5,0,0,0,0
2002,131194,2,1,6,0,0,0,24,0,0,0,0,0
2002,131195,1,1,13,13,13,13,13,13,13,13,13,13
2002,131196,1,1,0,0,0,0,0,0,0,0,0,0
2002,131197,1,1,21,21,21,21,21,21,21,21,21,21
2002,131198,1,1,0,0,0,0,0,0,0,0,0,0
2002,131199,1,1,0,0,0,0,0,0,0,0,0,0
2002,131199,2,1,14,0,0,0,0,0,0,11,0,7
2002,131200,1,1,0,19,29,0,8,0,17,6,0,0
2002,131201,1,1,0,0,0,0,0,0,0,0,0,0
2002,131201,2,1,0,0,0,0,0,0,0,0,0,0