YEAR,ST_CASE,veh_no,per_no,P1,P2,P3,P4,P5,P6,P7,P8,P9,P10
2002,150107,1,1,13,13,13,13,13,13,13,13,13,13
2002,150108,0,1,0,0,0,0,0,0,0,0,0,0
2002,150108,1,1,0,0,0,0,0,0,0,0,0,0
2002,150109,1,1,12,5,19,16,5,7,10,20,15,12
2002,150110,1,1,11,11,11,11,11,11,11,11,11,11
2002,150110,2,1,0,0,0,0,0,0,0,14,0,0
2002,150111,1,1,0,0,0,0,0,0,0,0,0,0
2002,150111,2,1,0,0,0,0,0,0,0,0,0,0
2002,150112,1,1,0,0,0,0,6,7,7,15,14,14
2002,150113,1,1,20,20,20,20,20,20,20,20,20,20
2002,150113,2,1,0,0,0,0,0,0,0,0,0,0
2002,150114,1,1,0,0,0,0,0,0,0,0,0,0
2002,150114,2,1,0,0,0,0,0,0,0,0,0,0
2002,150114,3,1,0,0,0,0,0,0,0,0,0,0
2002,150115,1,1,5,5,5,5,5,5,5,5,5,5
2002,150116,1,1,0,0,0,0,0,0,0,0,0,0
2002,150116,2,1,0,0,0,0,0,0,0,0,0,0
2002,150117,1,1,0,0,0,0,0,0,0,0,0,0
2002,150117,2,1,0,0,0,0,0,0,0,0,0,0
2002,160001,1,1,0,0,0,0,0,0,0,0,0,0
2002,160001,2,1,0,0,0,0,0,0,0,0,0,0
2002,160002,0,1,0,0,0,0,0,0,0,0,0,0
2002,160002,1,1,0,0,0,0,0,0,0,0,0,0
2002,160003,1,1,0,0,0,0,0,0,0,0,0,0
2002,160004,1,1,0,0,0,0,0,0,0,0,0,22
2002,160004,2,1,0,0,0,0,0,0,0,0,0,0
2002,160005,0,1,0,0,0,0,0,0,0,0,0,0
2002,160005,1,1,0,0,0,0,0,0,0,0,0,0
2002,160006,0,1,0,0,0,0,0,24,16,18,12,0
2002,160006,1,1,26,26,26,26,26,26,26,26,26,26
2002,160007,0,1,0,0,0,0,0,0,0,0,0,0
2002,160007,1,1,0,0,0,0,0,0,0,0,0,0
2002,160008,1,1,0,0,0,0,0,0,0,0,0,0
2002,160009,1,1,0,0,0,0,0,0,0,0,0,0
2002,160009,2,1,0,0,0,0,0,0,0,0,0,0
2002,160010,0,1,0,0,0,0,0,0,0,0,0,0
2002,160010,1,1,0,0,0,0,0,0,0,0,0,0
2002,160011,1,1,3,3,3,3,3,3,3,3,3,3
2002,160011,2,1,0,0,0,0,0,0,0,0,0,0
2002,160012,1,1,0,0,0,0,0,0,0,0,0,0
2002,160012,2,1,0,0,0,0,0,0,0,0,0,0
2002,160013,1,1,0,0,0,0,0,0,0,0,0,0
2002,160013,2,1,0,0,0,0,0,0,0,0,0,0
2002,160014,1,1,26,26,26,26,26,26,26,26,26,26
2002,160015,1,1,0,27,0,0,0,0,0,0,0,0
2002,160016,1,1,0,0,0,0,0,0,0,0,0,0
2002,160016,2,1,0,0,0,0,0,0,0,0,0,0
2002,160016,3,1,0,0,0,0,0,0,0,0,0,0
2002,160017,1,1,16,16,16,16,16,16,16,16,16,16
2002,160017,2,1,0,0,0,0,10,0,0,0,0,0
2002,160018,0,1,0,0,0,0,0,0,0,0,0,0
2002,160018,1,1,0,0,0,0,0,0,0,0,0,0
2002,160019,1,1,0,0,0,0,0,0,0,0,0,0
2002,160019,2,1,0,0,0,0,0,0,0,0,0,0
2002,160020,1,1,22,22,22,22,22,22,22,22,22,22
2002,160021,1,1,0,0,0,0,0,0,0,0,0,0
2002,160021,2,1,0,0,0,0,0,0,0,0,0,0
2002,160022,1,1,1,1,1,1,1,1,1,1,1,1
2002,160022,2,1,0,0,0,0,0,0,0,0,0,0
2002,160023,1,1,0,0,0,0,0,0,0,0,0,0
2002,160024,1,1,0,0,0,0,0,0,0,0,0,0
2002,160024,2,1,0,0,0,0,0,0,0,0,0,0
2002,160025,1,1,0,0,0,0,0,0,0,0,0,0
2002,160026,1,1,0,0,0,0,0,0,0,0,0,0
2002,160027,1,1,0,0,0,0,0,0,0,0,0,0
2002,160027,2,1,0,0,0,0,0,0,0,0,0,0
2002,160028,1,1,18,18,18,18,18,18,18,18,18,18
2002,160029,1,1,0,0,0,0,0,0,0,0,0,0
2002,160030,1,1,0,0,0,0,0,0,0,0,0,0
2002,160031,1,1,18,18,18,18,18,18,18,18,18,18
2002,160032,1,1,0,0,0,0,0,0,0,0,0,0
2002,160032,2,1,0,0,0,0,0,0,0,0,0,0
2002,160033,1,1,0,0,0,0,0,0,0,0,0,0
2002,160033,2,1,0,0,0,0,0,0,0,0,0,0
2002,160034,1,1,0,0,0,0,0,0,0,0,0,0
2002,160034,2,1,0,0,0,0,0,0,0,0,0,0
2002,160035,1,1,27,27,27,27,27,27,27,27,27,27
2002,160036,1,1,14,14,14,14,14,14,14,14,14,14
2002,160037,0,1,5,0,0,0,0,0,0,0,0,8
2002,160038,1,1,33,33,33,33,33,33,33,33,33,33
2002,160038,2,1,0,0,0,0,0,0,0,0,0,0
2002,160039,1,1,4,4,4,4,4,4,4,4,4,4
2002,160040,1,1,1,1,1,1,1,1,1,1,1,1
2002,160041,1,1,0,0,0,0,0,0,0,0,0,0
2002,160042,1,1,0,0,0,0,0,0,0,0,0,0
2002,160042,2,1,0,0,0,0,0,0,0,0,0,0
2002,160042,3,1,0,0,0,0,0,0,0,0,0,0
2002,160043,1,1,20,20,20,20,20,20,20,20,20,20
2002,160044,1,1,0,0,0,0,0,0,0,0,0,0
2002,160045,1,1,27,28,27,15,20,25,16,28,28,19
2002,160046,1,1,0,0,0,0,0,0,0,0,0,0
2002,160046,2,1,0,0,0,0,0,0,0,0,0,0
2002,160047,1,1,0,0,0,0,0,0,0,0,0,0
2002,160047,2,1,0,0,0,0,0,22,0,0,0,11
2002,160048,1,1,28,28,28,28,28,28,28,28,28,28
2002,160049,1,1,26,26,26,26,26,26,26,26,26,26
2002,160050,1,1,0,0,0,0,0,0,0,0,0,0
2002,160050,2,1,0,0,15,0,0,0,0,0,13,0
2002,160051,1,1,0,0,0,0,0,0,0,0,0,0
2002,160052,1,1,6,6,6,6,6,6,6,6,6,6
2002,160053,1,1,0,0,0,9,0,21,27,0,0,25
2002,160054,1,1,0,0,0,0,0,0,0,0,0,0
2002,160054,2,1,0,0,0,0,0,0,0,0,0,0
2002,160054,3,1,0,0,0,0,0,0,0,0,0,0
2002,160055,1,1,0,0,0,0,0,0,0,0,0,0
2002,160056,1,1,0,0,0,0,0,0,0,0,0,0
2002,160056,2,1,0,0,0,0,0,0,0,0,0,0
2002,160057,1,1,3,3,3,3,3,3,3,3,3,3
2002,160057,2,1,0,0,0,0,0,0,0,0,0,0
2002,160058,1,1,11,11,11,11,11,11,11,11,11,11
2002,160059,1,1,0,17,23,0,26,2,0,0,0,27
2002,160059,2,1,0,0,0,0,0,0,0,0,0,0
2002,160060,1,1,9,17,0,10,0,11,0,16,0,10
2002,160061,1,1,19,19,19,19,19,19,19,19,19,19
2002,160062,1,1,0,0,0,0,0,34,0,0,0,0
2002,160063,1,1,0,0,0,0,0,0,0,0,0,0
2002,160064,0,1,0,0,0,0,0,0,0,0,0,0
2002,160064,1,1,7,0,0,0,15,0,0,0,0,12
2002,160065,1,1,11,0,0,0,0,0,14,38,11,11
2002,160066,1,1,0,0,0,0,0,0,0,0,0,0
2002,160066,2,1,0,0,0,0,0,0,0,0,0,0
2002,160067,1,1,24,24,24,24,24,24,24,24,24,24
2002,160068,1,1,0,0,0,0,0,0,0,0,0,0
2002,160068,2,1,0,0,0,0,0,0,0,0,0,0
2002,160069,1,1,23,23,23,23,23,23,23,23,23,23
2002,160069,2,1,0,0,0,0,0,0,0,0,0,0
2002,160070,1,1,0,0,0,16,0,0,0,0,0,0
2002,160071,1,1,0,0,0,0,0,0,0,0,0,0
2002,160072,1,1,0,0,0,0,0,0,0,0,0,0
2002,160072,2,1,1,1,1,1,1,1,1,1,1,1
2002,160073,1,1,22,22,22,22,22,22,22,22,22,22
2002,160074,1,1,21,21,21,21,21,21,21,21,21,21
2002,160075,1,1,0,0,0,0,0,0,0,0,0,0
2002,160075,2,1,0,0,0,0,0,10,0,0,0,0
2002,160075,3,1,0,0,0,0,0,0,0,0,0,0
2002,160076,1,1,22,22,22,22,22,22,22,22,22,22
2002,160077,1,1,0,0,0,0,0,0,0,0,0,0
2002,160077,2,1,0,0,0,0,0,0,0,0,0,0
2002,160077,3,1,0,0,0,0,0,0,0,0,0,0
2002,160078,1,1,25,25,25,25,25,25,25,25,25,25
2002,160079,1,1,0,0,0,0,0,0,0,0,0,0
2002,160079,2,1,0,0,0,0,0,0,8,0,0,0
2002,160080,0,1,0,0,0,0,0,0,12,0,0,0
2002,160080,1,1,0,0,0,0,0,0,0,0,0,0
2002,160081,1,1,14,14,14,14,14,14,14,14,14,14
2002,160082,1,1,0,0,0,0,0,0,0,0,0,0
2002,160082,2,1,0,0,0,0,0,0,0,0,0,0
2002,160083,1,1,0,0,0,0,0,0,0,0,0,0
2002,160083,2,1,0,0,0,0,0,0,0,0,0,0
2002,160084,1,1,0,0,0,0,0,0,0,0,0,0
2002,160085,1,1,0,0,0,0,0,0,0,0,0,0
2002,160085,2,1,0,0,0,0,0,0,0,0,0,0
2002,160086,1,1,0,0,0,0,0,0,0,0,0,0
2002,160086,2,1,0,0,0,0,0,0,0,0,0,0
2002,160087,1,1,0,0,0,0,0,0,0,0,22,0
2002,160088,1,1,0,0,0,0,0,0,0,0,0,0
2002,160089,1,1,0,0,0,0,0,0,0,0,0,0
2002,160089,2,1,0,0,0,0,0,0,0,0,0,0
2002,160090,1,1,1,1,1,1,1,1,1,1,1,1
2002,160091,1,1,21,21,21,21,21,21,21,21,21,21
2002,160092,1,1,0,0,0,0,0,0,0,0,0,0
2002,160093,1,1,0,0,0,0,0,0,0,0,0,0
2002,160093,2,1,0,0,0,0,0,0,0,0,0,16
2002,160093,3,1,0,0,0,0,0,0,0,0,0,0
2002,160094,1,1,14,14,14,14,14,14,14,14,14,14
2002,160095,1,1,0,0,0,0,0,0,0,0,8,0
2002,160095,2,1,0,0,0,0,0,0,0,0,0,0
2002,160095,3,1,0,0,0,0,0,0,0,0,0,0
2002,160096,1,1,0,0,0,0,0,0,0,0,0,0
2002,160096,2,1,0,0,0,0,0,0,0,0,0,0
2002,160097,1,1,0,0,0,0,0,0,0,0,0,0
2002,160097,2,1,0,0,0,0,0,0,0,0,0,0
2002,160098,1,1,0,0,0,0,0,0,0,0,0,0
2002,160099,1,1,0,15,4,23,14,17,12,14,14,15
2002,160100,1,1,0,0,0,0,0,0,11,0,0,0
2002,160100,2,1,0,0,0,0,0,0,0,0,0,0
2002,160101,1,1,0,0,0,0,0,0,0,0,0,0
2002,160101,2,1,0,0,0,0,0,0,0,0,0,0
2002,160102,1,1,0,0,0,0,0,0,0,0,0,0
2002,160103,1,1,0,0,0,0,0,0,0,0,0,0
2002,160103,2,1,0,0,0,0,0,0,0,0,0,0
2002,160104,1,1,0,0,0,0,0,0,0,0,0,0
2002,160105,1,1,0,0,0,0,0,0,0,0,0,0
2002,160105,2,1,0,0,0,0,0,0,0,0,0,0
2002,160106,0,1,0,0,0,0,0,0,0,0,0,0
2002,160106,1,1,1,0,0,0,0,0,9,0,0,0
2002,160107,1,1,0,0,0,0,0,0,0,0,0,0
2002,160107,2,1,0,0,0,0,0,0,0,0,0,0
2002,160108,1,1,0,0,0,0,0,0,0,0,0,0
2002,160108,2,1,0,0,0,0,0,0,0,0,0,0
2002,160109,1,1,0,0,0,0,0,0,0,0,0,0
2002,160110,1,1,0,0,0,0,0,0,0,0,0,0
2002,160111,1,1,0,21,0,0,0,0,3,0,0,0
2002,160112,1,1,0,0,0,0,0,0,0,0,0,0
2002,160112,2,1,0,0,0,0,0,0,0,0,0,0
2002,160113,1,1,0,0,0,0,0,0,0,0,0,0
2002,160113,2,1,0,0,0,0,0,0,0,0,0,0
2002,160114,1,1,0,0,0,0,0,0,25,0,0,0
2002,160115,1,2,31,0,0,0,15,27,22,0,0,0
2002,160116,1,1,0,0,0,0,0,0,0,0,0,0
2002,160117,1,1,0,0,0,0,0,0,0,0,0,0
2002,160117,2,1,0,0,0,0,0,0,0,0,0,0
2002,160117,3,1,0,0,0,0,0,0,0,0,0,0
2002,160118,1,1,9,22,0,0,0,0,11,0,0,0
2002,160119,1,1,0,0,0,0,0,0,0,15,0,0
2002,160119,2,1,0,0,0,0,0,0,0,0,0,0
2002,160120,1,1,0,0,0,0,12,0,0,38,0,0
2002,160120,2,1,0,0,0,0,0,0,0,0,0,0
2002,160121,0,1,22,22,22,22,22,22,22,22,22,22
2002,160121,1,1,0,0,0,0,0,0,0,0,0,0
2002,160122,1,1,0,0,0,0,0,0,0,0,0,0
2002,160122,2,1,0,0,0,0,0,0,0,0,0,0
2002,160123,1,1,0,0,0,0,0,0,0,0,0,0
2002,160123,2,1,0,0,0,0,0,0,0,0,0,0
2002,160124,1,1,0,0,0,0,0,0,0,0,0,0
2002,160124,2,1,0,0,0,0,0,0,0,0,0,0
2002,160125,1,1,0,0,0,0,0,0,0,0,0,0
2002,160126,1,1,19,19,19,19,19,19,19,19,19,19
2002,160127,1,1,0,18,0,0,0,0,0,0,0,14
2002,160127,2,1,0,0,0,0,0,0,0,0,0,0
2002,160128,1,1,0,0,0,0,0,0,0,0,0,0
2002,160129,1,1,0,0,6,0,0,0,0,0,0,0
2002,160130,1,1,24,24,24,24,24,24,24,24,24,24
2002,160131,1,1,0,0,0,0,0,0,0,0,0,0
2002,160132,1,1,0,0,0,0,0,0,0,0,0,0
2002,160132,2,1,0,0,0,0,19,0,0,0,0,0
2002,160133,1,1,0,0,0,0,0,0,0,0,0,0
2002,160134,1,1,0,0,0,0,0,0,0,0,0,0
2002,160135,1,1,0,0,0,0,0,0,0,0,0,0
2002,160135,2,1,7,0,0,0,0,0,0,0,0,0
2002,160136,1,1,0,0,0,0,0,0,0,0,0,0
2002,160136,2,1,8,17,0,0,0,0,0,0,0,0
2002,160137,1,1,0,0,0,0,0,0,0,0,0,0
2002,160137,2,1,0,0,0,0,0,0,0,0,0,0
2002,160138,0,1,19,0,0,26,0,0,0,21,12,0
2002,160138,1,1,0,0,0,0,0,0,0,0,0,0
2002,160139,1,1,0,0,0,0,0,0,0,0,0,0
2002,160140,1,1,0,0,0,0,0,0,0,0,0,0
2002,160141,1,1,24,24,24,24,24,24,24,24,24,24
2002,160142,1,1,0,0,0,0,0,0,0,0,0,0
2002,160143,1,1,0,0,0,0,0,0,0,0,0,0
2002,160144,1,1,0,0,0,0,0,0,0,0,0,0
2002,160145,1,1,0,0,0,0,0,0,0,0,0,0
2002,160145,2,1,0,0,0,0,0,0,0,0,0,0
2002,160146,1,1,0,0,0,0,0,0,0,0,0,0
2002,160146,2,1,0,0,0,0,0,0,0,0,0,0
2002,160147,1,1,0,0,0,0,0,0,0,0,0,0
2002,160147,2,1,0,0,0,0,0,0,0,0,0,0
2002,160147,3,1,0,0,0,0,0,0,0,0,0,0
2002,160148,1,1,18,18,18,18,18,18,18,18,18,18
2002,160148,2,1,2,2,2,2,2,2,2,2,2,2
2002,160149,1,1,0,0,0,0,0,0,0,0,0,0
2002,160150,1,1,0,0,0,0,0,0,0,0,0,0
2002,160151,1,1,0,0,0,0,0,0,0,0,0,0
2002,160151,2,1,0,0,0,0,0,0,0,0,0,0
2002,160151,3,1,0,0,0,0,0,0,0,0,0,0
2002,160152,1,1,0,0,0,0,0,0,0,0,0,0
2002,160153,1,1,26,26,26,26,26,26,26,26,26,26
2002,160154,1,1,0,0,0,0,0,0,0,0,0,0
2002,160154,2,1,0,0,0,0,0,0,0,0,0,0
2002,160155,1,1,14,22,0,13,7,17,13,33,14,10
2002,160156,1,1,0,0,0,0,0,0,0,0,0,0
2002,160156,2,1,0,0,0,0,0,0,0,0,0,0
2002,160157,1,1,0,0,0,0,0,0,0,0,0,0
2002,160157,2,1,0,0,15,0,0,0,0,0,0,0
2002,160158,1,1,17,17,17,17,17,17,17,17,17,17
2002,160159,1,1,0,0,0,0,0,0,0,0,0,0
2002,160159,2,1,0,0,0,0,0,0,0,0,0,0
2002,160160,1,1,5,5,5,5,5,5,5,5,5,5
2002,160163,1,1,18,18,18,18,18,18,18,18,18,18
2002,160163,2,1,3,3,3,3,3,3,3,3,3,3
2002,160164,1,1,27,27,27,27,27,27,27,27,27,27
2002,160165,1,1,0,0,0,0,0,0,0,0,0,0
2002,160165,2,1,0,0,0,0,0,0,0,0,0,0
2002,160166,1,1,0,0,0,0,0,0,0,0,0,0
2002,160167,1,1,4,4,4,4,4,4,4,4,4,4
2002,160168,1,1,0,0,0,0,0,0,0,0,0,0
2002,160168,2,1,0,0,0,0,0,0,0,0,0,0
2002,160169,1,1,0,0,0,0,0,0,0,0,0,0
2002,160169,2,1,0,0,0,0,0,0,0,0,0,0
2002,160170,1,1,0,0,0,0,0,0,0,0,0,0
2002,160170,2,1,0,0,0,0,0,0,0,0,0,0
2002,160171,1,1,30,30,30,30,30,30,30,30,30,30
2002,160171,2,1,0,0,0,0,0,0,0,0,0,9
2002,160172,1,1,0,0,0,0,0,0,0,0,0,0
2002,160173,1,1,0,0,0,0,0,0,0,0,0,0
2002,160174,1,1,0,0,0,0,0,0,0,0,0,0
2002,160175,1,1,0,0,0,0,0,0,0,0,0,0
2002,160175,2,1,0,0,0,0,0,0,0,0,0,0
2002,160176,1,1,0,0,0,0,0,0,0,0,0,0
2002,160176,2,1,0,0,0,0,0,0,0,0,0,0
2002,160177,1,1,0,0,0,0,0,0,0,0,0,0
2002,160178,0,1,42,42,42,42,42,42,42,42,42,42
2002,160178,1,1,0,0,0,0,0,0,0,0,0,0
2002,160179,1,1,23,23,23,23,23,23,23,23,23,23
2002,160180,1,1,0,0,0,0,0,0,0,0,0,0
2002,160181,1,1,2,2,2,2,2,2,2,2,2,2
2002,160181,2,1,0,0,0,0,0,0,0,0,0,0
2002,160182,1,1,0,0,0,0,0,0,0,0,0,0
2002,160183,1,1,14,29,8,29,17,35,20,14,3,13
2002,160184,1,1,0,0,0,0,0,0,0,0,0,0
2002,160184,2,1,0,0,0,0,0,0,0,0,0,0
2002,160185,1,1,0,0,0,0,0,0,0,0,0,0
2002,160185,2,1,0,0,0,0,0,0,0,0,0,0
2002,160186,1,2,0,0,13,28,8,0,0,15,19,0
2002,160187,1,1,0,0,0,0,0,0,0,0,0,0
2002,160187,2,1,0,0,0,0,0,0,0,0,0,0
2002,160188,0,1,13,13,13,13,13,13,13,13,13,13
2002,160188,1,1,0,0,0,0,0,0,0,0,0,0
2002,160189,1,1,13,13,13,13,13,13,13,13,13,13
2002,160189,2,1,19,19,19,19,19,19,19,19,19,19
2002,160190,1,1,0,0,0,0,0,0,0,0,0,0
2002,160190,2,1,0,0,0,0,0,0,0,0,0,0
2002,160191,1,1,24,24,24,24,24,24,24,24,24,24
2002,160192,1,1,0,0,0,0,0,0,0,0,0,0
2002,160192,2,1,0,0,0,0,0,0,0,0,0,0
2002,160193,1,1,0,0,0,0,0,0,0,0,0,0
2002,160193,2,1,0,30,0,0,14,0,0,0,0,0
2002,160194,1,1,0,13,0,0,16,14,0,0,0,0
2002,160195,1,1,0,0,0,0,0,0,0,0,0,0
2002,160195,2,1,0,0,0,0,0,0,0,0,0,0
2002,160196,1,1,2,2,2,2,2,2,2,2,2,2
2002,160196,2,1,0,0,0,0,0,0,0,0,0,0
2002,160196,3,1,0,0,0,0,0,0,0,0,0,0
2002,160197,1,1,0,0,0,0,0,0,0,0,0,0
2002,160197,2,1,0,0,0,0,0,0,0,0,0,0
2002,160197,3,1,17,17,17,17,17,17,17,17,17,17
2002,160198,1,1,25,25,25,25,25,25,25,25,25,25
2002,160199,1,1,0,0,0,0,0,0,0,0,0,0
2002,160199,2,1,0,0,0,0,0,0,0,0,0,0
2002,160200,0,1,19,19,19,19,19,19,19,19,19,19
2002,160200,1,1,0,0,0,0,0,0,0,0,0,0
2002,160201,1,1,3,3,3,3,3,3,3,3,3,3
2002,160201,2,1,0,0,0,0,0,0,0,0,0,0
2002,160202,1,1,18,3,17,12,24,26,17,17,17,20
2002,160203,1,1,0,0,0,0,0,0,0,0,0,0
2002,160203,2,1,0,0,0,0,0,0,0,0,0,0
2002,160204,1,1,16,16,16,16,16,16,16,16,16,16
2002,160205,1,1,0,0,0,0,0,0,0,0,0,0
2002,160205,2,1,0,0,0,0,0,0,0,0,0,0
2002,160206,1,1,0,0,0,0,0,0,0,0,0,0
2002,160206,2,1,0,0,0,0,0,0,0,0,0,0
2002,160207,1,1,0,0,0,0,0,0,0,0,0,0
2002,160208,1,1,20,0,0,0,0,0,0,0,0,0
2002,160208,2,1,0,0,0,0,0,0,0,0,0,15
2002,160209,1,1,0,0,0,0,20,0,0,0,0,0
2002,160209,2,1,0,0,0,0,0,0,0,0,0,0
2002,160210,1,1,22,22,22,22,22,22,22,22,22,22
2002,160211,1,1,25,25,25,25,25,25,25,25,25,25
2002,160212,1,1,14,14,14,14,14,14,14,14,14,14
2002,160213,1,1,18,18,18,18,18,18,18,18,18,18
2002,160213,2,1,0,0,28,0,0,0,0,12,0,0
2002,160213,3,1,0,0,0,0,0,0,0,0,0,0
2002,160214,0,1,20,13,32,49,0,15,22,11,16,16
2002,160214,1,1,30,6,18,10,9,11,13,16,17,12
2002,160215,0,1,2,2,2,2,2,2,2,2,2,2
2002,160215,1,1,0,0,0,0,0,0,0,0,0,0
2002,160215,2,1,0,0,0,0,0,0,0,0,0,0
2002,160216,1,1,0,0,0,0,0,0,0,0,0,0
2002,160217,1,1,0,0,0,0,0,0,0,0,0,0
2002,160217,2,1,0,0,0,0,0,0,0,0,0,0
2002,160218,1,1,0,0,0,0,0,0,0,0,0,0
2002,160219,1,1,0,0,0,0,0,0,0,0,0,0
2002,160219,2,1,0,0,0,0,0,0,0,0,0,0
2002,160219,3,1,0,0,0,0,0,0,0,0,0,0
2002,160219,4,1,0,0,0,0,0,0,0,0,0,0
2002,160219,5,1,0,0,0,0,0,0,0,0,0,0
2002,160220,1,1,0,0,0,0,0,0,0,0,0,0
2002,160221,1,1,0,0,0,0,0,0,0,0,0,0
2002,160221,2,1,0,0,0,0,0,0,0,8,11,0
2002,160222,1,1,0,0,0,0,0,10,0,0,0,0
2002,160223,1,1,0,0,0,0,0,0,0,0,0,0
2002,160224,1,1,0,0,0,0,0,0,0,0,0,0
2002,160224,2,1,0,0,0,0,0,0,0,0,0,0
2002,160225,1,1,12,12,12,12,12,12,12,12,12,12
2002,160226,1,1,0,0,0,0,0,0,0,0,0,0
2002,160226,2,1,0,0,0,0,16,0,0,0,0,0
2002,160227,1,1,5,5,5,5,5,5,5,5,5,5
2002,160227,2,1,0,0,0,0,0,0,0,0,0,0
2002,160228,1,1,0,0,0,0,0,0,0,0,0,0
2002,160229,1,1,0,0,0,0,0,0,0,0,0,0
2002,160229,2,1,0,0,0,0,0,0,0,0,0,0
2002,160229,3,1,0,0,0,17,0,0,0,0,0,0
2002,160230,1,1,0,0,0,0,0,0,0,0,0,0
2002,160230,2,1,0,0,0,0,0,0,0,0,0,0
2002,160231,1,1,30,30,30,30,30,30,30,30,30,30
2002,160232,1,1,0,0,10,0,0,0,0,0,0,0
2002,160232,2,1,0,0,0,0,0,0,0,0,0,0
2002,170001,1,1,21,21,21,21,21,21,21,21,21,21
2002,170002,1,1,0,0,0,0,0,0,0,0,0,0
2002,170003,1,1,20,20,20,20,20,20,20,20,20,20
2002,170004,0,1,0,0,0,0,0,0,0,0,0,0
2002,170004,1,1,12,0,0,8,0,0,0,0,0,0
2002,170005,0,1,22,22,22,22,22,22,22,22,22,22
2002,170005,1,1,0,0,0,0,0,0,0,0,0,0
2002,170006,1,1,0,0,0,0,0,0,0,0,0,0
2002,170007,1,1,24,24,24,24,24,24,24,24,24,24
2002,170007,2,1,16,16,16,16,16,16,16,16,16,16
2002,170008,1,1,10,10,10,10,10,10,10,10,10,10
2002,170008,2,1,0,0,0,0,0,0,0,0,0,0
2002,170009,1,1,8,8,8,8,8,8,8,8,8,8
2002,170010,1,1,8,8,8,8,8,8,8,8,8,8
2002,170011,0,1,0,0,0,0,0,0,0,0,0,0
2002,170011,1,1,0,0,0,0,0,0,0,0,0,0
2002,170012,1,1,0,0,0,0,0,0,0,0,0,0
2002,170013,1,1,19,19,19,19,19,19,19,19,19,19
2002,170014,0,1,0,11,17,0,24,0,9,14,35,0
2002,170014,1,1,0,0,0,0,0,0,0,0,0,0
2002,170015,1,1,22,22,22,22,22,22,22,22,22,22
2002,170016,1,1,0,0,0,0,0,0,0,0,0,0
2002,170017,1,1,27,27,27,27,27,27,27,27,27,27
2002,170017,2,1,0,0,0,30,0,0,0,0,0,0
2002,170018,1,1,0,0,0,0,0,0,0,0,0,0
2002,170018,2,1,0,0,0,0,0,0,0,0,0,23
2002,170019,1,1,15,15,15,15,15,15,15,15,15,15
2002,170019,2,1,0,0,0,0,0,0,0,0,0,0
2002,170020,0,1,23,11,14,16,0,0,17,24,13,23
2002,170020,1,1,0,0,0,7,0,0,0,0,6,0
2002,170021,1,1,0,0,0,0,0,0,0,0,0,0
2002,170022,1,1,26,26,26,26,26,26,26,26,26,26
2002,170023,0,1,0,0,0,0,0,0,0,0,0,0
2002,170023,1,1,0,0,0,0,0,0,0,0,0,0
2002,170024,1,1,0,0,0,0,0,0,0,0,0,0
2002,170025,1,1,0,0,0,0,0,0,0,0,15,0
2002,170025,2,1,0,0,0,0,0,0,0,0,0,0
2002,170025,3,1,0,0,0,0,0,0,0,0,0,0
2002,170026,1,1,0,0,0,0,0,0,0,0,0,0
2002,170027,0,1,0,0,0,0,0,0,0,0,0,0
2002,170027,1,1,0,0,0,0,0,0,0,0,0,0
2002,170028,1,1,0,0,0,0,0,0,0,0,0,0
2002,170028,2,1,0,0,0,0,0,0,0,0,0,0
2002,170029,1,1,26,26,26,26,26,26,26,26,26,26
2002,170030,1,1,14,14,14,14,14,14,14,14,14,14
2002,170030,2,1,0,0,0,0,0,0,0,0,0,0
2002,170031,1,1,0,0,0,0,0,0,0,0,0,0
2002,170031,2,1,0,0,0,0,0,0,0,0,0,0
2002,170032,1,1,0,0,0,0,0,0,0,0,0,0
2002,170032,2,1,0,0,0,0,0,0,0,0,0,0
2002,170033,1,1,0,0,4,0,0,0,0,0,0,0
2002,170034,0,1,0,0,0,0,0,0,0,0,0,0
2002,170034,1,1,0,0,0,0,0,0,0,0,0,0
2002,170035,1,1,0,0,0,0,0,0,0,0,0,0
2002,170035,2,1,0,0,0,0,0,0,0,0,0,0
2002,170036,1,1,0,0,0,0,0,0,0,0,0,0
2002,170036,2,1,0,0,0,0,0,0,0,0,0,0
2002,170037,1,1,22,22,22,22,22,22,22,22,22,22
2002,170038,1,1,0,0,0,0,0,0,0,0,0,0
2002,170039,1,1,0,0,0,0,0,0,21,0,0,0
2002,170039,2,1,0,0,0,0,0,0,0,0,0,0
2002,170040,1,1,20,20,20,20,20,20,20,20,20,20
2002,170041,1,1,23,23,23,23,23,23,23,23,23,23
2002,170042,1,1,4,4,4,4,4,4,4,4,4,4
2002,170042,2,1,22,0,0,0,0,0,0,0,26,17
2002,170043,1,1,0,0,0,0,0,0,0,0,0,0
2002,170044,1,1,8,8,8,8,8,8,8,8,8,8
2002,170044,2,1,0,0,19,10,0,0,0,0,0,0
2002,170045,1,1,23,23,23,23,23,23,23,23,23,23
2002,170046,1,1,16,10,12,14,0,5,9,12,19,9
2002,170047,1,1,22,22,22,22,22,22,22,22,22,22
2002,170048,1,1,0,0,0,0,0,0,0,0,0,0
2002,170049,0,1,0,18,20,0,0,0,0,16,0,0
2002,170049,1,1,0,0,0,0,0,0,0,0,0,0
2002,170050,1,1,0,0,0,0,0,0,0,0,0,0
2002,170050,2,1,0,0,0,0,0,0,0,0,0,0