YEAR,ST_CASE,veh_no,per_no,P1,P2,P3,P4,P5,P6,P7,P8,P9,P10
2002,170051,1,1,0,0,0,0,0,0,0,0,0,0
2002,170052,0,1,0,0,0,0,0,0,0,0,0,0
2002,170052,1,1,0,0,0,0,0,0,0,0,0,0
2002,170053,1,1,0,0,0,0,0,0,0,0,0,0
2002,170053,2,1,0,0,0,0,0,0,0,0,0,0
2002,170054,1,1,0,0,0,0,0,0,0,0,0,0
2002,170054,2,1,0,0,0,0,0,0,0,0,0,0
2002,170055,1,1,0,0,0,0,0,0,0,0,0,0
2002,170055,2,1,0,0,0,0,0,0,0,0,0,0
2002,170056,0,1,0,0,0,0,0,0,0,0,0,0
2002,170056,1,1,0,0,0,0,0,0,0,0,20,0
2002,170057,0,1,0,0,0,0,0,0,0,0,0,0
2002,170057,1,1,0,0,0,0,0,0,0,0,0,0
2002,170058,1,1,0,0,0,0,0,0,0,0,0,0
2002,170059,1,1,0,0,0,0,0,0,0,0,0,0
2002,170060,1,1,0,0,0,0,0,0,0,0,0,0
2002,170060,2,1,0,0,0,0,0,0,0,0,0,0
2002,170061,1,1,0,37,0,0,0,0,0,0,0,0
2002,170062,1,1,0,0,0,0,0,0,0,0,0,0
2002,170062,2,1,0,0,0,0,0,0,0,0,0,0
2002,170063,1,1,6,6,6,6,6,6,6,6,6,6
2002,170063,2,1,0,0,0,0,0,0,0,0,0,0
2002,170064,1,1,0,0,0,0,0,0,0,0,0,0
2002,170064,2,1,0,0,0,0,0,0,0,0,0,0
2002,170065,1,1,0,0,0,0,0,0,0,0,0,0
2002,170066,1,1,0,0,0,0,0,0,0,0,0,0
2002,170066,2,1,0,0,0,14,0,0,0,33,0,0
2002,170067,1,1,0,0,0,0,0,0,0,0,0,0
2002,170067,2,1,4,4,4,4,4,4,4,4,4,4
2002,170068,1,1,0,0,0,0,0,0,0,0,0,0
2002,170068,2,1,0,0,0,0,0,0,0,0,0,0
2002,170069,1,1,0,0,0,0,0,0,0,0,0,0
2002,170069,2,1,0,24,0,0,0,0,0,0,0,0
2002,170070,1,1,26,26,26,26,26,26,26,26,26,26
2002,170071,1,1,0,0,17,0,0,0,0,0,0,0
2002,170072,1,1,0,0,0,0,0,0,0,0,0,0
2002,170072,2,1,0,0,0,0,0,0,0,0,0,2
2002,170073,1,1,22,0,0,0,0,0,0,0,0,0
2002,170074,0,1,0,0,0,0,0,0,0,0,0,0
2002,170074,1,1,0,0,0,0,0,0,0,0,0,0
2002,170075,1,1,23,23,23,23,23,23,23,23,23,23
2002,170076,1,1,19,19,19,19,19,19,19,19,19,19
2002,170077,1,1,0,0,0,0,0,0,0,0,0,0
2002,170078,1,1,22,22,22,22,22,22,22,22,22,22
2002,170079,1,1,0,0,0,0,0,0,0,0,0,0
2002,170079,2,1,0,0,0,0,0,0,0,0,0,0
2002,170080,1,1,18,18,18,18,18,18,18,18,18,18
2002,170080,2,1,0,0,0,0,0,0,0,0,0,19
2002,170081,1,1,0,0,0,0,0,0,0,0,0,0
2002,170081,2,1,0,0,0,0,0,0,0,0,0,0
2002,170081,3,1,0,0,0,0,0,0,0,0,0,0
2002,170082,1,1,15,15,15,15,15,15,15,15,15,15
2002,170083,1,1,0,0,0,0,0,0,0,0,0,0
2002,170083,2,1,0,0,0,0,0,0,0,0,0,0
2002,170084,1,1,0,0,0,0,13,0,4,0,0,3
2002,170085,1,1,0,0,0,0,0,0,0,0,0,0
2002,170085,2,1,0,0,0,0,0,0,0,0,0,0
2002,170085,3,1,0,0,0,0,0,0,0,0,0,0
2002,170086,1,1,22,22,22,22,22,22,22,22,22,22
2002,170086,2,1,0,0,0,0,0,0,0,0,0,0
2002,170087,1,1,28,28,28,28,28,28,28,28,28,28
2002,170087,2,1,5,5,5,5,5,5,5,5,5,5
2002,170088,1,1,0,0,0,0,0,0,0,0,0,0
2002,170089,0,1,25,25,25,25,25,25,25,25,25,25
2002,170089,1,1,0,0,0,0,0,0,0,0,0,0
2002,170090,1,1,0,0,0,0,0,0,0,0,0,0
2002,170090,2,1,0,0,0,16,0,0,0,0,16,0
2002,170091,1,1,12,12,12,12,12,12,12,12,12,12
2002,170092,1,1,0,0,0,0,0,0,0,0,0,0
2002,170092,2,1,0,0,0,0,0,0,0,0,0,0
2002,170093,1,1,19,19,19,19,19,19,19,19,19,19
2002,170094,1,1,22,22,22,22,22,22,22,22,22,22
2002,170095,1,1,14,0,0,0,0,7,0,0,26,26
2002,170096,1,1,1,1,1,1,1,1,1,1,1,1
2002,170097,1,1,24,24,24,24,24,24,24,24,24,24
2002,170098,1,1,0,0,0,0,0,0,0,0,0,0
2002,170098,2,1,0,0,0,0,0,0,0,0,0,0
2002,170098,3,1,0,0,0,0,0,0,0,0,0,0
2002,170099,1,1,15,15,15,15,15,15,15,15,15,15
2002,170100,1,1,5,5,5,5,5,5,5,5,5,5
2002,170100,2,1,0,10,0,0,0,34,31,0,0,0
2002,170100,3,1,0,0,0,0,0,0,0,0,0,0
2002,170101,1,1,0,0,0,0,0,0,0,0,0,0
2002,170102,1,1,0,0,0,0,0,0,0,0,0,0
2002,170102,2,1,2,2,2,2,2,2,2,2,2,2
2002,170103,1,1,0,0,0,0,0,0,0,0,0,0
2002,170103,2,1,0,0,0,0,0,0,0,0,0,0
2002,170104,1,1,0,0,0,0,0,0,0,0,0,0
2002,170104,2,1,0,0,0,0,0,0,0,0,0,0
2002,170105,1,1,21,21,21,21,21,21,21,21,21,21
2002,170105,2,1,0,0,0,0,0,0,0,0,0,0
2002,170106,1,1,5,5,5,5,5,5,5,5,5,5
2002,170106,2,1,0,0,0,0,0,0,0,0,0,0
2002,170107,1,1,19,19,19,19,19,19,19,19,19,19
2002,170107,2,1,0,0,0,0,0,0,0,0,0,0
2002,170108,1,1,22,22,22,22,22,22,22,22,22,22
2002,170109,1,1,0,0,0,0,0,0,0,0,0,0
2002,170109,2,1,0,0,0,0,0,0,0,0,0,0
2002,170110,1,1,0,0,0,0,0,0,0,0,0,0
2002,170110,2,1,0,0,0,0,0,0,0,0,0,11
2002,170110,3,1,0,0,0,0,0,0,0,0,0,0
2002,170111,1,1,17,17,17,17,17,17,17,17,17,17
2002,170112,1,1,13,13,13,13,13,13,13,13,13,13
2002,170112,2,1,0,0,0,0,0,0,0,0,0,0
2002,170113,1,1,0,0,0,0,0,0,0,0,0,0
2002,170113,2,1,0,0,0,0,0,0,0,0,0,0
2002,170114,1,1,0,0,0,0,0,0,0,0,0,0
2002,170114,2,1,0,0,0,0,0,0,0,0,0,0
2002,170115,1,1,0,0,0,0,0,0,0,0,0,0
2002,170115,2,1,0,0,0,0,0,0,0,0,0,0
2002,170115,3,1,10,2,0,0,19,0,4,0,0,0
2002,170115,4,1,11,0,0,0,0,0,0,7,21,0
2002,170116,1,1,16,0,0,0,6,0,0,0,0,8
2002,170117,1,1,0,0,0,0,0,0,0,0,0,0
2002,170117,2,1,0,0,0,0,0,0,0,0,0,0
2002,170118,1,1,12,12,12,12,12,12,12,12,12,12
2002,170118,2,1,1,1,1,1,1,1,1,1,1,1
2002,170119,1,1,0,0,0,0,0,0,0,0,0,0
2002,170119,2,1,0,0,0,0,0,0,0,19,0,0
2002,170120,1,1,21,21,21,21,21,21,21,21,21,21
2002,170120,2,1,4,8,0,0,0,0,7,0,16,0
2002,170121,1,1,25,25,25,25,25,25,25,25,25,25
2002,170122,1,1,11,11,11,11,11,11,11,11,11,11
2002,170123,0,1,19,19,19,19,19,19,19,19,19,19
2002,170123,1,1,0,0,0,0,0,0,0,0,0,0
2002,170124,1,1,25,25,25,25,25,25,25,25,25,25
2002,170124,2,1,0,0,0,0,0,0,0,0,0,0
2002,170125,1,1,0,0,0,0,0,0,0,0,0,0
2002,170125,2,1,0,0,0,0,0,0,0,0,0,0
2002,170125,3,1,0,0,0,0,0,0,0,0,0,0
2002,170126,0,1,15,15,15,15,15,15,15,15,15,15
2002,170126,1,1,10,10,10,10,10,10,10,10,10,10
2002,170127,1,1,1,1,1,1,1,1,1,1,1,1
2002,170128,1,1,32,32,32,32,32,32,32,32,32,32
2002,170129,0,1,0,0,0,0,0,0,8,0,0,33
2002,170129,1,1,0,0,0,0,0,0,0,0,0,0
2002,170130,1,1,0,0,0,0,16,0,0,0,0,26
2002,170131,0,1,0,0,0,0,0,0,0,0,0,0
2002,170131,1,1,11,11,11,11,11,11,11,11,11,11
2002,170132,1,1,0,0,0,0,0,0,0,0,0,0
2002,170132,2,1,0,0,0,0,0,0,0,0,0,0
2002,170133,1,1,29,29,29,29,29,29,29,29,29,29
2002,170134,1,1,0,0,0,0,0,0,0,0,0,0
2002,170135,0,1,25,25,25,25,25,25,25,25,25,25
2002,170135,1,1,0,0,0,0,0,0,0,0,0,0
2002,170136,1,1,0,0,0,0,0,0,0,0,0,0
2002,170136,2,1,0,0,0,0,0,0,0,0,0,0
2002,170137,1,1,17,17,17,17,17,17,17,17,17,17
2002,170138,1,1,26,10,16,4,20,37,17,24,28,15
2002,170138,2,1,2,2,2,2,2,2,2,2,2,2
2002,170139,1,1,0,0,0,0,0,0,0,0,0,0
2002,170139,2,1,0,0,0,0,0,0,0,0,0,0
2002,170140,1,1,0,0,0,0,0,0,0,0,0,0
2002,170141,1,1,0,0,0,0,0,0,0,0,0,0
2002,170141,2,1,0,0,0,0,0,0,0,0,0,0
2002,170142,1,1,0,0,0,0,0,0,0,0,0,0
2002,170143,0,1,32,32,32,32,32,32,32,32,32,32
2002,170143,0,2,0,0,0,0,0,0,0,0,0,0
2002,170143,1,1,4,4,4,4,4,4,4,4,4,4
2002,170144,1,1,0,0,0,0,0,0,0,0,0,0
2002,170144,2,1,1,1,1,1,1,1,1,1,1,1
2002,170144,3,1,0,0,6,0,7,0,0,0,0,0
2002,170144,4,1,0,0,0,0,0,0,0,0,0,0
2002,170145,0,1,0,0,0,0,0,0,0,0,0,0
2002,170145,1,1,0,0,0,0,0,0,0,0,0,0
2002,170146,0,1,25,25,25,25,25,25,25,25,25,25
2002,170146,1,1,0,0,0,0,0,0,0,0,0,0
2002,170147,1,1,4,4,4,4,4,4,4,4,4,4
2002,170147,2,1,0,0,0,0,0,0,0,0,0,0
2002,170147,3,1,0,0,0,0,0,0,0,0,0,0
2002,170148,1,1,0,0,0,0,0,0,0,0,0,0
2002,170148,2,1,0,0,0,0,0,0,0,0,0,0
2002,170148,3,1,0,0,0,0,6,0,0,0,0,0
2002,170149,1,1,0,0,0,0,0,0,0,0,0,0
2002,170151,1,1,23,23,23,23,23,23,23,23,23,23
2002,170152,0,1,0,0,0,0,0,0,0,0,0,0
2002,170152,1,1,0,0,0,0,0,0,0,0,0,0
2002,170153,1,1,5,5,5,5,5,5,5,5,5,5
2002,170153,2,1,0,0,0,0,0,0,0,0,0,0
2002,170154,1,1,0,0,0,0,0,0,0,0,0,0
2002,170154,2,1,29,0,0,0,0,10,0,0,7,10
2002,170155,1,1,0,0,0,0,0,0,0,0,0,0
2002,170156,1,1,0,0,0,0,0,0,0,0,0,0
2002,170157,1,1,0,0,0,0,0,0,0,0,0,0
2002,170157,2,1,0,0,0,0,0,0,0,0,0,0
2002,170157,3,1,0,0,0,0,0,0,0,0,0,0
2002,170158,1,1,4,4,4,4,4,4,4,4,4,4
2002,170159,1,1,25,25,25,25,25,25,25,25,25,25
2002,170160,1,1,25,25,25,25,25,25,25,25,25,25
2002,170160,2,1,0,0,0,0,0,0,0,0,0,0
2002,170160,3,1,0,0,0,0,0,0,0,0,0,0
2002,170161,0,1,0,0,0,0,0,0,0,0,0,0
2002,170161,1,1,16,16,16,16,16,16,16,16,16,16
2002,170162,1,1,0,0,0,0,0,0,0,0,0,0
2002,170163,1,1,0,13,21,21,13,0,21,29,11,11
2002,170163,2,1,0,0,0,0,0,0,0,0,0,0
2002,170164,1,1,8,8,8,8,8,8,8,8,8,8
2002,170164,2,1,0,0,0,0,0,0,0,0,19,0
2002,170165,1,1,0,0,0,0,0,0,0,0,0,0
2002,170165,2,1,0,0,0,0,0,0,0,0,0,0
2002,170166,1,1,0,0,0,0,0,0,0,0,0,0
2002,170166,2,1,0,0,0,0,0,0,0,0,0,0
2002,170166,3,1,0,0,0,0,0,0,0,0,0,0
2002,170167,1,1,0,0,0,0,0,0,0,0,0,0
2002,170168,1,1,0,0,0,0,0,0,0,0,0,0
2002,170168,2,1,0,0,0,0,0,0,0,0,0,0
2002,170169,1,1,0,0,12,0,0,0,0,0,0,0
2002,170169,2,1,0,0,0,0,0,0,0,0,0,0
2002,170169,3,1,0,0,0,0,0,0,0,0,0,0
2002,170170,1,1,0,0,0,0,0,0,0,0,0,0
2002,170170,2,1,0,0,0,0,0,0,0,0,0,0
2002,170171,0,1,0,0,0,0,0,0,0,0,0,0
2002,170171,1,1,0,0,0,0,0,0,0,0,0,0
2002,170172,1,1,0,22,21,0,0,16,26,19,0,0
2002,170172,2,1,0,0,0,0,0,0,0,0,0,0
2002,170173,0,1,18,18,18,18,18,18,18,18,18,18
2002,170173,1,1,0,0,0,17,0,0,0,10,0,20
2002,170174,0,1,0,0,0,0,0,0,0,0,0,0
2002,170174,1,1,0,0,0,0,0,0,0,0,0,0
2002,170175,1,1,0,0,0,0,0,0,0,0,0,0
2002,170175,2,1,0,0,0,0,0,0,0,0,0,0
2002,170176,0,1,0,0,0,0,0,0,0,0,0,0
2002,170176,1,1,0,0,0,0,0,0,0,0,0,0
2002,170177,1,1,0,0,0,0,0,0,0,0,0,0
2002,170178,1,1,19,19,19,19,19,19,19,19,19,19
2002,170179,0,1,0,0,0,0,0,0,0,0,0,0
2002,170179,1,1,0,0,0,0,0,0,0,0,0,0
2002,170180,0,1,1,1,1,1,1,1,1,1,1,1
2002,170180,1,1,0,0,0,0,0,0,0,0,0,0
2002,170181,1,1,0,0,0,0,0,0,0,0,0,0
2002,170181,2,1,0,0,0,0,0,0,0,0,0,0
2002,170181,3,1,0,0,0,0,0,0,0,0,0,0
2002,170182,1,1,0,0,0,0,2,0,0,0,0,0
2002,170183,0,1,0,0,0,0,0,0,0,0,0,0
2002,170183,1,1,0,0,0,0,0,0,0,0,32,0
2002,170183,2,1,0,0,0,0,0,0,0,0,14,0
2002,170183,3,1,0,0,0,0,0,13,0,0,0,0
2002,170184,0,1,0,0,0,0,0,0,0,0,0,0
2002,170184,0,2,0,0,0,0,0,0,0,0,0,0
2002,170184,0,3,0,0,0,0,0,0,0,0,0,0
2002,170184,0,4,0,0,0,0,0,0,0,0,0,0
2002,170184,0,5,0,0,0,0,0,0,0,0,0,0
2002,170184,0,6,0,0,0,0,0,0,0,0,0,0
2002,170184,0,7,6,0,24,18,0,24,0,28,0,33
2002,170184,1,1,0,0,0,0,0,0,0,0,0,0
2002,170185,1,1,0,22,16,11,0,0,12,14,15,20
2002,170185,2,1,0,14,0,3,11,0,0,0,0,0
2002,170186,1,1,18,18,18,18,18,18,18,18,18,18
2002,170187,0,1,0,0,0,0,0,0,0,0,0,0
2002,170187,1,1,0,0,0,0,0,12,0,0,0,0
2002,170188,1,1,19,19,19,19,19,19,19,19,19,19
2002,170189,1,1,0,0,0,7,0,0,0,0,0,0
2002,170189,2,1,0,0,0,0,0,0,0,0,0,0
2002,170190,1,1,0,0,0,0,0,0,0,0,0,0
2002,170190,2,1,0,0,0,0,0,0,0,0,0,0
2002,170191,1,1,0,0,0,0,0,0,0,0,0,0
2002,170191,2,1,0,0,0,0,6,0,0,0,0,0
2002,170192,1,1,25,25,25,25,25,25,25,25,25,25
2002,170193,1,1,19,19,19,19,19,19,19,19,19,19
2002,170194,1,1,0,0,0,0,13,0,0,0,0,0
2002,170194,2,1,0,0,0,0,0,0,0,0,0,0
2002,170195,0,1,15,15,15,15,15,15,15,15,15,15
2002,170195,1,1,0,0,0,0,0,0,0,0,0,0
2002,170196,1,1,22,22,22,22,22,22,22,22,22,22
2002,170197,1,1,0,0,0,0,0,0,0,0,0,0
2002,170197,2,1,0,0,0,0,0,0,0,0,0,0
2002,170198,1,1,0,0,0,0,0,0,0,0,0,0
2002,170199,0,1,0,0,0,0,0,0,0,0,0,0
2002,170199,1,1,0,0,0,10,0,0,0,0,0,0
2002,170200,0,1,0,0,0,0,0,0,0,0,0,0
2002,170200,1,1,0,0,0,0,0,0,0,0,0,0
2002,170201,1,1,0,0,0,0,0,0,0,0,0,0
2002,170201,2,1,0,0,0,0,0,0,0,0,0,0
2002,170202,1,1,0,0,0,0,0,0,0,0,0,0
2002,170203,0,1,21,21,21,21,21,21,21,21,21,21
2002,170203,0,2,0,0,0,0,0,0,0,0,0,0
2002,170203,1,1,0,0,0,0,0,0,0,0,0,0
2002,170204,0,1,0,0,0,0,0,0,0,0,0,0
2002,170204,1,1,0,0,0,0,0,0,0,0,0,0
2002,170205,1,1,0,0,0,0,0,0,0,0,0,0
2002,170206,1,1,16,16,16,16,16,16,16,16,16,16
2002,170207,1,1,0,0,0,0,0,0,0,0,0,0
2002,170207,2,1,0,0,0,0,0,0,0,0,0,0
2002,170208,1,1,13,13,13,13,13,13,13,13,13,13
2002,170209,1,1,16,16,16,16,16,16,16,16,16,16
2002,170209,2,1,0,0,0,0,0,0,0,0,0,0
2002,170210,1,1,14,14,14,14,14,14,14,14,14,14
2002,170211,1,1,0,0,0,0,0,0,0,0,0,0
2002,170211,2,1,0,0,0,0,0,0,0,0,0,0
2002,170212,0,1,0,0,0,0,0,0,0,0,0,0
2002,170212,1,1,0,0,0,0,0,0,12,0,0,0
2002,170213,1,1,0,0,0,0,0,0,0,0,0,0
2002,170214,1,1,25,25,25,25,25,25,25,25,25,25
2002,170215,1,1,0,0,0,0,0,0,0,0,0,0
2002,170215,2,1,12,0,0,0,0,0,0,0,0,0
2002,170217,1,1,22,22,22,22,22,22,22,22,22,22
2002,170217,2,1,0,0,0,0,0,0,0,0,0,0
2002,170218,1,1,6,6,6,6,6,6,6,6,6,6
2002,170219,1,1,0,0,0,0,0,0,0,0,0,0
2002,170220,1,1,0,0,0,0,0,0,0,0,0,0
2002,170220,2,1,0,0,0,0,0,0,0,0,0,0
2002,170221,0,1,0,0,0,0,0,0,0,0,0,0
2002,170221,0,2,19,0,0,0,0,0,0,0,0,0
2002,170221,0,3,0,0,0,0,0,0,0,0,0,0
2002,170221,1,1,0,0,0,0,0,0,0,0,0,0
2002,170222,1,1,0,0,0,0,0,0,0,0,0,0
2002,170222,2,1,0,0,0,0,0,0,0,0,0,0
2002,170222,3,1,0,0,0,0,0,0,0,0,0,0
2002,170223,1,1,27,27,27,27,27,27,27,27,27,27
2002,170224,1,1,0,0,0,0,0,0,0,0,0,0
2002,170224,2,1,0,0,0,0,0,0,0,0,0,0
2002,170224,3,1,0,0,0,0,0,0,0,0,0,0
2002,170225,1,1,13,13,13,13,13,13,13,13,13,13
2002,170225,2,1,2,2,2,2,2,2,2,2,2,2
2002,170226,1,1,0,0,0,0,0,0,0,0,0,0
2002,170226,2,1,0,0,0,0,0,0,0,0,0,0
2002,170226,3,1,0,0,0,0,0,0,0,0,0,15
2002,170227,1,1,0,0,0,0,0,0,0,0,0,0
2002,170227,2,1,0,0,0,7,0,0,0,0,0,0
2002,170228,1,1,0,0,0,0,0,0,0,0,0,0
2002,170229,1,1,7,7,7,7,7,7,7,7,7,7
2002,170230,1,1,0,0,0,0,0,0,0,0,0,0
2002,170230,2,1,0,0,0,0,0,0,0,0,0,0
2002,170231,1,1,10,10,10,10,10,10,10,10,10,10
2002,170232,1,1,8,8,8,8,8,8,8,8,8,8
2002,170233,1,1,0,0,0,0,0,0,0,0,0,0
2002,170233,2,1,0,0,9,0,0,0,0,0,0,0
2002,170234,1,1,0,0,0,0,0,0,0,0,0,0
2002,170234,2,1,0,23,0,0,0,0,20,0,0,0
2002,170235,1,1,19,19,19,19,19,19,19,19,19,19
2002,170236,1,1,17,17,17,17,17,17,17,17,17,17
2002,170236,2,1,0,0,0,0,0,0,0,0,0,0
2002,170237,1,1,24,24,24,24,24,24,24,24,24,24
2002,170238,1,1,0,0,0,0,0,0,0,0,0,0
2002,170238,2,1,22,0,0,0,0,0,18,0,23,0
2002,170238,3,1,0,0,0,0,0,0,0,0,0,0
2002,170239,1,1,12,12,12,12,12,12,12,12,12,12
2002,170240,1,1,19,19,19,19,19,19,19,19,19,19
2002,170241,1,1,11,11,11,11,11,11,11,11,11,11
2002,170242,1,1,18,18,18,18,18,18,18,18,18,18
2002,170243,1,1,0,0,0,0,0,0,0,0,0,0
2002,170244,1,1,0,0,0,0,0,0,0,0,0,0
2002,170244,2,1,0,0,0,0,0,0,0,0,0,0
2002,170245,0,1,23,23,23,23,23,23,23,23,23,23
2002,170245,1,1,0,0,0,16,0,0,0,0,0,0
2002,170246,1,1,0,0,0,0,0,0,0,0,0,0
2002,170246,2,1,0,0,0,0,0,0,0,0,0,0
2002,170246,3,1,0,0,0,0,0,0,0,0,0,0
2002,170247,1,1,0,0,0,0,0,0,0,0,0,0
2002,170247,2,1,0,0,0,0,0,0,0,0,0,0
2002,170248,1,1,14,14,14,14,14,14,14,14,14,14
2002,170248,2,1,0,0,0,0,0,0,0,0,0,0
2002,170249,1,1,0,0,0,0,0,0,0,0,0,0
2002,170249,2,1,0,0,0,0,0,0,0,0,0,0
2002,170250,1,1,10,10,10,10,10,10,10,10,10,10
2002,170251,1,1,0,0,0,0,0,0,0,0,0,0
2002,170252,1,1,0,0,0,0,0,0,0,0,0,0
2002,170253,1,1,0,0,0,0,0,0,0,0,0,0
2002,170253,2,1,0,0,0,0,0,0,0,0,0,0
2002,170253,3,1,3,3,3,3,3,3,3,3,3,3
2002,170253,4,1,0,0,0,0,0,0,0,0,0,0
2002,170254,1,1,0,0,26,0,0,13,0,9,23,0
2002,170255,1,1,0,0,0,0,0,0,0,0,0,0
2002,170255,2,1,0,0,0,0,0,0,0,0,0,0
2002,170256,0,1,28,0,0,29,30,0,22,18,16,15
2002,170256,1,1,0,0,0,0,0,0,0,0,0,0
2002,170257,1,1,14,14,14,14,14,14,14,14,14,14
2002,170258,0,1,0,0,0,0,0,0,0,0,0,0
2002,170258,1,1,0,0,0,0,0,14,0,0,0,0
2002,170259,1,1,14,14,14,14,14,14,14,14,14,14
2002,170260,1,1,13,13,13,13,13,13,13,13,13,13
2002,170261,1,1,12,12,12,12,12,12,12,12,12,12
2002,170262,1,1,0,0,0,0,0,0,0,0,0,0
2002,170262,2,1,0,0,0,0,0,0,0,0,0,0
2002,170263,1,1,4,4,4,4,4,4,4,4,4,4
2002,170264,1,1,6,6,6,6,6,6,6,6,6,6
2002,170265,1,1,3,3,3,3,3,3,3,3,3,3
2002,170266,1,1,22,22,22,22,22,22,22,22,22,22
2002,170267,0,1,0,0,0,0,0,0,0,0,0,0
2002,170267,0,2,0,0,0,0,0,0,0,0,0,0
2002,170267,1,1,13,0,0,0,0,0,0,0,14,17
2002,170267,2,1,0,0,0,0,0,0,0,0,0,0
2002,170267,3,1,0,0,0,0,0,0,0,0,0,0
2002,170268,0,1,20,10,0,0,0,0,0,0,0,0
2002,170268,1,1,0,0,0,0,0,0,12,0,0,0
2002,170269,1,1,37,37,37,37,37,37,37,37,37,37
2002,170269,2,1,0,0,0,0,0,0,0,0,0,0
2002,170269,3,1,0,0,0,0,0,0,0,0,0,0
2002,170270,1,1,0,0,0,0,0,0,0,0,0,0
2002,170270,2,1,0,0,0,0,0,0,0,0,0,0
2002,170270,3,1,0,0,0,0,0,0,0,0,0,0
2002,170270,4,1,0,0,7,5,0,0,0,0,0,0
2002,170271,1,1,16,16,16,16,16,16,16,16,16,16
2002,170272,1,1,0,0,0,0,0,0,0,0,0,0
2002,170273,1,1,0,0,0,0,0,0,0,0,0,0
2002,170274,1,1,0,0,0,0,0,0,0,0,0,0
2002,170275,1,1,0,0,0,0,0,0,0,0,0,0
2002,170276,1,1,0,0,0,0,0,0,0,0,0,0
2002,170277,1,1,27,27,27,27,27,27,27,27,27,27
2002,170278,1,1,0,0,0,3,0,0,0,0,0,0
2002,170278,2,1,0,0,0,0,0,0,0,0,0,0
2002,170278,3,1,0,0,0,0,0,0,0,0,0,0
2002,170278,4,1,0,0,0,0,0,0,0,0,0,0
2002,170279,1,1,0,0,0,0,0,0,0,0,0,0
2002,170279,2,1,32,32,32,32,32,32,32,32,32,32
2002,170280,0,1,10,10,10,10,10,10,10,10,10,10
2002,170280,1,1,0,0,0,0,0,0,0,0,0,0
2002,170281,1,1,0,0,0,0,0,0,0,0,0,0
2002,170282,1,1,9,9,9,9,9,9,9,9,9,9
2002,170284,1,1,14,14,14,14,14,14,14,14,14,14
2002,170286,0,1,16,16,16,16,16,16,16,16,16,16
2002,170286,1,1,5,5,5,5,5,5,5,5,5,5
2002,170286,2,1,0,11,0,0,0,0,0,0,7,0
2002,170287,1,1,0,0,0,0,0,0,0,0,0,0
2002,170288,1,1,25,25,25,25,25,25,25,25,25,25
2002,170288,2,1,0,0,0,0,0,0,0,0,0,0
2002,170289,1,1,0,0,0,0,0,0,0,0,0,0
2002,170289,2,1,0,0,0,0,0,0,0,0,0,0
2002,170290,1,1,0,0,0,0,0,0,0,0,0,0
2002,170290,2,1,0,0,0,0,0,0,0,0,0,0
2002,170291,1,1,0,0,0,0,0,0,0,0,0,0
2002,170292,1,1,0,0,0,0,0,0,16,0,0,10
2002,170293,1,1,18,18,18,18,18,18,18,18,18,18
2002,170294,1,1,32,32,32,32,32,32,32,32,32,32
2002,170295,1,1,0,0,0,0,0,0,0,0,0,0
2002,170296,1,1,0,0,0,0,0,0,0,0,0,0
2002,170296,2,1,0,0,0,0,0,0,0,0,0,0
2002,170297,1,1,0,0,0,0,0,0,0,0,0,0
2002,170297,2,1,0,0,0,0,0,0,0,0,0,0
2002,170298,1,1,2,2,2,2,2,2,2,2,2,2
2002,170298,2,1,0,17,0,0,0,21,0,26,0,0
2002,170299,1,1,0,0,0,0,0,0,0,0,0,0
2002,170299,2,1,0,0,0,0,0,0,0,0,0,0
2002,170300,0,1,0,0,0,0,0,0,0,0,0,0
2002,170300,1,1,0,0,0,0,0,0,0,0,0,0
2002,170301,1,1,0,0,0,0,0,0,0,0,0,0
2002,170301,2,1,0,0,0,0,0,0,0,0,0,0
2002,170302,1,1,0,0,0,0,0,0,0,0,0,0
2002,170302,2,1,0,14,23,0,15,0,0,0,0,0
2002,170302,3,1,0,0,0,0,0,0,34,0,0,0
2002,170303,1,1,0,0,0,0,0,0,0,0,0,0
2002,170303,2,1,0,0,0,0,0,0,0,0,0,0
2002,170304,1,1,21,21,21,21,21,21,21,21,21,21
2002,170304,2,1,0,0,0,0,0,0,0,0,0,0
2002,170305,1,1,0,0,0,0,0,0,0,0,0,0
2002,170305,2,1,3,3,3,3,3,3,3,3,3,3
2002,170306,1,1,22,22,22,22,22,22,22,22,22,22
2002,170307,1,1,15,15,15,15,15,15,15,15,15,15
2002,170307,2,1,0,0,0,0,0,0,0,0,0,0
2002,170308,1,1,1,1,1,1,1,1,1,1,1,1
2002,170308,2,1,0,0,0,0,0,0,0,0,0,0
2002,170309,1,1,0,0,12,0,0,0,0,28,0,0
2002,170309,2,1,0,0,0,0,0,0,0,0,0,0
2002,170310,0,1,34,34,34,34,34,34,34,34,34,34
2002,170310,1,1,0,0,0,0,0,0,0,0,0,0
2002,170311,1,1,0,24,0,0,0,0,0,0,0,0
2002,170311,2,1,0,0,0,0,0,0,0,0,0,0
2002,170312,1,1,25,25,25,25,25,25,25,25,25,25
2002,170313,1,1,0,0,0,0,0,0,0,0,0,0
2002,170314,1,1,20,20,20,20,20,20,20,20,20,20
2002,170315,1,1,20,20,20,20,20,20,20,20,20,20