YEAR,ST_CASE,veh_no,per_no,P1,P2,P3,P4,P5,P6,P7,P8,P9,P10
2002,170316,1,1,0,0,0,0,0,0,0,0,0,0
2002,170317,1,1,0,0,0,0,0,0,0,0,0,0
2002,170318,1,1,15,15,15,15,15,15,15,15,15,15
2002,170319,1,1,0,0,0,0,0,0,0,0,0,0
2002,170319,2,1,0,0,0,0,0,0,0,0,0,0
2002,170320,0,1,0,0,0,0,0,0,0,0,0,0
2002,170320,1,1,0,0,0,0,0,0,0,0,0,0
2002,170321,1,1,0,0,0,0,0,0,0,0,0,0
2002,170322,1,1,22,22,22,22,22,22,22,22,22,22
2002,170323,0,1,0,0,0,0,0,0,0,0,0,0
2002,170323,1,1,35,37,0,26,0,0,0,43,0,0
2002,170324,1,1,0,0,0,0,0,0,0,0,0,0
2002,170324,2,1,0,30,0,0,0,0,0,0,0,0
2002,170324,3,1,0,0,0,0,0,0,0,0,0,0
2002,170325,0,1,23,23,23,23,23,23,23,23,23,23
2002,170325,1,1,0,0,0,0,0,0,0,12,0,0
2002,170325,2,1,25,0,0,0,0,17,0,0,0,0
2002,170326,1,1,0,0,0,0,0,0,0,0,0,0
2002,170326,2,1,9,9,9,9,9,9,9,9,9,9
2002,170327,1,1,27,27,27,27,27,27,27,27,27,27
2002,170328,1,1,0,0,0,0,0,0,0,0,0,0
2002,170328,2,1,0,0,0,0,0,0,0,0,0,0
2002,170329,1,1,17,17,17,17,17,17,17,17,17,17
2002,170330,0,1,16,16,16,16,16,16,16,16,16,16
2002,170330,1,1,0,0,0,0,14,0,0,0,0,0
2002,170330,2,1,0,0,0,0,0,0,0,0,0,0
2002,170330,3,1,0,0,0,0,0,0,0,0,0,0
2002,170331,1,1,20,20,20,20,20,20,20,20,20,20
2002,170332,1,1,0,0,0,0,0,0,0,0,0,0
2002,170332,2,1,0,0,0,0,0,0,0,0,0,0
2002,170333,1,1,0,0,0,0,0,0,0,0,5,0
2002,170333,2,1,0,0,0,0,0,0,0,0,0,0
2002,170333,3,1,0,0,0,0,0,0,3,0,0,0
2002,170334,1,1,0,0,0,0,0,0,0,0,0,0
2002,170334,2,1,0,0,0,0,0,0,0,0,0,0
2002,170335,0,1,0,0,0,0,0,0,0,0,0,0
2002,170335,1,1,0,0,0,0,0,0,0,0,2,0
2002,170335,2,1,0,0,0,0,0,0,0,0,0,0
2002,170336,1,1,0,0,0,0,0,0,0,0,0,0
2002,170336,2,1,0,0,0,0,0,0,0,0,0,0
2002,170337,1,1,25,25,25,25,25,25,25,25,25,25
2002,170338,1,1,0,0,0,0,0,0,0,0,0,0
2002,170338,2,1,0,0,0,0,0,0,0,0,0,0
2002,170339,1,1,0,0,0,0,0,0,0,0,0,0
2002,170339,2,1,0,0,0,0,0,0,0,0,0,0
2002,170340,1,1,0,0,0,0,0,0,0,0,0,0
2002,170340,2,1,0,0,0,0,0,0,0,0,0,0
2002,170342,1,1,8,8,8,8,8,8,8,8,8,8
2002,170343,1,1,0,26,0,0,0,0,0,0,0,0
2002,170343,2,1,0,0,0,0,0,0,0,0,0,0
2002,170344,1,1,13,13,13,13,13,13,13,13,13,13
2002,170344,2,1,21,21,21,21,21,21,21,21,21,21
2002,170345,1,1,0,0,0,0,16,0,0,0,0,0
2002,170345,2,1,0,0,0,0,0,0,0,0,0,0
2002,170346,1,1,13,13,13,13,13,13,13,13,13,13
2002,170347,1,1,0,0,0,0,0,0,0,0,0,0
2002,170347,2,1,0,0,0,0,0,0,0,0,0,0
2002,170348,1,1,19,19,19,19,19,19,19,19,19,19
2002,170348,2,1,0,0,0,0,0,0,0,0,0,0
2002,170349,0,1,0,0,0,0,0,0,0,0,0,0
2002,170349,1,1,0,0,0,0,0,0,0,0,0,0
2002,170349,2,1,0,0,0,0,0,0,0,0,0,0
2002,170350,1,1,0,0,0,0,0,0,0,0,0,0
2002,170350,2,1,10,10,10,10,10,10,10,10,10,10
2002,170351,1,1,22,22,22,22,22,22,22,22,22,22
2002,170351,2,1,0,0,10,0,0,0,0,0,0,0
2002,170351,3,1,0,0,0,0,0,0,0,0,0,0
2002,170351,4,1,0,0,0,0,0,0,9,0,0,0
2002,170352,1,1,0,0,0,0,0,0,0,0,0,0
2002,170353,0,1,0,0,0,0,0,0,0,0,0,0
2002,170353,1,1,0,0,0,0,0,0,0,0,0,0
2002,170354,1,1,0,0,0,0,0,0,0,0,0,0
2002,170355,0,1,0,0,0,0,0,0,0,0,0,0
2002,170355,1,1,0,0,0,0,0,0,0,0,0,0
2002,170356,1,1,0,0,0,0,0,0,0,0,0,0
2002,170356,2,1,0,0,0,0,0,0,0,0,0,0
2002,170357,1,1,21,8,0,0,0,0,0,0,0,0
2002,170358,1,1,26,26,26,26,26,26,26,26,26,26
2002,170359,1,1,23,23,23,23,23,23,23,23,23,23
2002,170360,1,1,17,17,17,17,17,17,17,17,17,17
2002,170361,1,1,0,0,0,0,0,0,0,0,0,0
2002,170361,2,1,0,0,0,0,0,0,0,0,0,0
2002,170362,1,1,0,0,0,0,0,0,0,0,0,0
2002,170362,2,1,0,0,0,0,0,0,0,0,0,0
2002,170363,1,1,9,9,9,9,9,9,9,9,9,9
2002,170364,1,1,0,0,0,0,0,0,0,0,0,0
2002,170364,2,1,0,0,0,0,0,0,0,0,0,0
2002,170365,1,1,6,6,6,6,6,6,6,6,6,6
2002,170365,2,1,0,0,0,0,0,0,22,0,6,0
2002,170366,1,1,0,0,0,0,0,0,0,0,0,0
2002,170366,2,1,0,0,0,0,0,0,0,0,0,0
2002,170367,1,1,0,0,0,0,0,0,0,0,0,0
2002,170367,2,1,0,0,0,0,0,0,0,0,0,0
2002,170368,0,1,0,0,0,0,0,0,0,0,0,0
2002,170368,1,1,0,0,12,0,0,0,0,0,0,0
2002,170369,1,1,0,0,0,0,0,0,0,0,0,0
2002,170369,2,1,0,0,0,0,0,0,0,0,0,0
2002,170370,1,1,0,19,25,17,10,24,21,21,6,42
2002,170371,0,1,0,0,0,0,0,0,0,0,0,0
2002,170371,0,2,23,23,23,23,23,23,23,23,23,23
2002,170371,1,1,0,0,0,0,0,0,0,0,0,0
2002,170372,1,1,36,36,36,36,36,36,36,36,36,36
2002,170373,1,1,0,0,0,0,0,0,0,0,0,0
2002,170373,2,1,0,0,0,0,0,0,0,0,0,0
2002,170374,1,1,0,0,0,0,0,0,0,0,0,0
2002,170374,2,1,0,0,0,0,0,0,0,0,0,0
2002,170375,1,1,0,20,0,0,0,0,0,18,0,0
2002,170375,2,1,0,0,0,0,0,0,17,0,0,0
2002,170376,1,1,0,0,0,0,0,0,0,0,0,0
2002,170376,2,1,0,0,0,0,0,0,10,0,0,0
2002,170377,1,1,12,12,12,12,12,12,12,12,12,12
2002,170378,0,1,0,0,0,0,0,23,33,0,0,10
2002,170378,1,1,0,0,0,0,0,0,0,0,0,0
2002,170379,1,1,29,29,29,29,29,29,29,29,29,29
2002,170379,2,1,0,0,0,0,0,0,0,0,0,0
2002,170380,0,1,0,0,0,0,0,0,0,0,0,0
2002,170380,1,1,0,0,0,0,0,0,0,0,0,0
2002,170381,1,1,23,23,23,23,23,23,23,23,23,23
2002,170382,0,1,26,26,26,26,26,26,26,26,26,26
2002,170382,0,2,7,7,7,7,7,7,7,7,7,7
2002,170382,1,1,0,0,0,0,0,0,0,0,0,0
2002,170383,1,1,20,20,20,20,20,20,20,20,20,20
2002,170383,2,1,0,0,0,0,0,0,0,0,0,0
2002,170384,1,1,17,17,17,17,17,17,17,17,17,17
2002,170385,1,1,0,0,0,0,0,0,0,0,0,0
2002,170385,2,1,0,0,0,0,0,0,6,0,0,0
2002,170386,1,1,12,12,12,12,12,12,12,12,12,12
2002,170387,1,1,0,0,0,0,0,0,0,0,0,0
2002,170387,2,1,0,0,12,0,0,0,0,0,0,0
2002,170387,3,1,0,0,0,0,0,0,0,0,0,0
2002,170388,1,1,0,0,0,0,0,0,0,0,0,0
2002,170389,1,1,0,0,0,0,0,0,0,0,0,0
2002,170389,2,1,0,0,0,0,0,0,0,0,0,0
2002,170390,1,1,0,0,0,0,0,0,0,5,0,0
2002,170390,2,1,0,0,0,0,0,0,0,0,0,0
2002,170390,3,1,0,0,0,0,0,0,0,0,0,0
2002,170391,1,1,18,18,18,18,18,18,18,18,18,18
2002,170391,2,1,0,9,0,0,25,0,0,0,0,0
2002,170392,0,1,0,0,0,0,0,0,0,0,0,0
2002,170392,1,1,0,0,0,0,0,0,0,0,0,0
2002,170393,1,1,0,0,0,0,0,0,0,0,0,0
2002,170393,2,1,0,0,0,0,0,0,0,0,0,13
2002,170394,1,1,0,0,0,0,0,0,0,0,0,0
2002,170395,0,1,21,21,21,21,21,21,21,21,21,21
2002,170395,1,1,0,0,0,0,0,12,0,0,0,0
2002,170396,0,1,0,0,0,0,0,0,17,0,0,17
2002,170396,1,1,0,0,0,0,0,0,0,0,0,0
2002,170397,1,1,9,9,9,9,9,9,9,9,9,9
2002,170398,1,1,0,0,0,0,0,0,0,0,0,0
2002,170398,2,1,3,3,3,3,3,3,3,3,3,3
2002,170399,1,1,0,0,0,0,0,0,0,0,0,0
2002,170399,2,1,0,0,0,0,0,14,9,0,11,0
2002,170400,0,1,19,0,0,20,0,0,0,0,13,7
2002,170400,1,1,33,0,0,29,0,21,0,0,0,0
2002,170401,1,1,10,23,0,0,14,0,0,14,0,0
2002,170402,0,1,0,0,0,0,0,0,0,0,0,0
2002,170402,1,1,0,0,0,0,0,0,0,0,0,0
2002,170403,1,1,0,0,0,0,0,0,0,0,0,0
2002,170404,1,1,0,0,0,0,0,0,0,0,0,0
2002,170405,0,1,0,0,0,0,0,0,0,0,0,0
2002,170405,1,1,0,0,0,0,0,0,0,0,0,5
2002,170406,1,1,15,15,15,15,15,15,15,15,15,15
2002,170406,2,1,0,0,12,0,12,0,11,0,0,0
2002,170407,1,1,0,0,0,0,0,0,0,0,0,0
2002,170407,2,1,0,0,0,0,0,25,0,0,0,0
2002,170407,3,1,0,0,0,0,0,0,0,0,0,0
2002,170408,1,1,28,28,28,28,28,28,28,28,28,28
2002,170408,2,1,0,0,0,0,0,0,0,0,0,0
2002,170409,1,1,11,11,11,11,11,11,11,11,11,11
2002,170409,2,1,0,4,0,0,0,0,12,19,0,0
2002,170410,1,1,28,28,28,28,28,28,28,28,28,28
2002,170411,1,1,0,0,0,0,0,0,0,0,0,0
2002,170411,2,1,0,44,0,0,0,14,29,0,0,0
2002,170412,1,1,0,0,2,0,13,20,13,0,0,0
2002,170413,1,1,0,0,0,0,0,0,0,0,0,0
2002,170414,1,1,0,0,0,0,0,0,0,0,0,0
2002,170414,2,1,0,0,0,0,0,0,0,0,0,0
2002,170415,1,1,0,0,0,0,0,0,0,0,0,0
2002,170415,2,1,0,0,0,0,0,0,0,0,0,0
2002,170416,1,1,16,16,16,16,16,16,16,16,16,16
2002,170417,0,1,0,0,0,0,0,0,0,0,0,0
2002,170417,1,1,23,0,0,11,0,0,0,0,10,15
2002,170418,1,1,15,0,0,0,0,0,0,0,0,0
2002,170418,2,1,0,0,0,0,0,0,0,0,0,0
2002,170419,1,1,27,27,27,27,27,27,27,27,27,27
2002,170420,1,1,18,18,18,18,18,18,18,18,18,18
2002,170421,1,1,3,3,3,3,3,3,3,3,3,3
2002,170422,1,1,0,0,0,0,0,0,0,0,0,0
2002,170422,2,1,0,0,0,0,0,0,0,0,0,0
2002,170423,1,1,18,17,21,12,29,29,8,18,0,14
2002,170423,2,1,0,0,0,0,0,0,0,0,0,0
2002,170424,1,1,16,16,16,16,16,16,16,16,16,16
2002,170425,1,1,19,19,19,19,19,19,19,19,19,19
2002,170425,2,1,0,0,0,0,0,0,0,0,0,0
2002,170426,1,1,0,0,19,9,0,19,20,0,26,0
2002,170427,1,1,0,0,0,0,0,0,0,0,0,0
2002,170427,2,1,0,0,0,0,0,0,0,0,0,0
2002,170428,1,1,0,0,0,0,0,0,0,0,0,0
2002,170428,2,1,0,0,0,0,0,0,0,0,0,0
2002,170429,1,1,0,0,0,0,0,0,0,0,0,0
2002,170429,2,1,0,0,0,0,0,0,0,0,0,0
2002,170430,1,1,56,56,56,56,56,56,56,56,56,56
2002,170431,1,1,0,0,0,0,0,0,0,0,0,0
2002,170431,2,1,0,0,0,0,0,0,0,0,0,0
2002,170432,1,1,14,14,14,14,14,14,14,14,14,14
2002,170432,2,1,0,0,0,0,0,0,0,0,0,0
2002,170433,1,1,0,0,0,0,0,0,0,0,0,0
2002,170433,2,1,0,0,0,0,0,0,0,0,0,0
2002,170434,1,1,0,0,0,0,0,0,0,0,0,0
2002,170434,2,1,0,0,0,0,0,0,0,0,0,0
2002,170434,3,1,0,0,0,0,0,0,0,0,0,0
2002,170434,4,1,0,0,0,0,0,0,0,0,0,0
2002,170435,1,1,0,0,0,0,0,0,0,0,0,0
2002,170435,2,1,0,0,0,0,0,0,0,0,0,0
2002,170436,1,1,21,21,21,21,21,21,21,21,21,21
2002,170437,1,1,0,0,0,0,0,0,0,0,0,0
2002,170438,1,1,14,14,14,14,14,14,14,14,14,14
2002,170438,2,1,15,15,15,15,15,15,15,15,15,15
2002,170439,1,1,9,0,0,1,23,0,0,0,7,0
2002,170440,1,1,11,0,0,0,20,0,0,20,0,13
2002,170441,1,1,0,0,0,0,0,0,0,0,0,0
2002,170441,2,1,0,0,0,0,0,0,0,0,0,0
2002,170441,3,1,0,0,3,13,0,0,0,0,0,0
2002,170442,1,1,15,15,15,15,15,15,15,15,15,15
2002,170442,2,1,0,0,0,16,0,0,0,0,0,0
2002,170443,1,1,12,12,12,12,12,12,12,12,12,12
2002,170444,1,1,16,16,16,16,16,16,16,16,16,16
2002,170445,0,1,0,0,0,0,0,0,0,0,0,0
2002,170445,0,2,22,11,24,11,0,0,0,0,11,0
2002,170445,1,1,11,11,11,11,11,11,11,11,11,11
2002,170445,2,1,0,0,0,0,0,0,0,0,0,0
2002,170446,1,1,15,15,15,15,15,15,15,15,15,15
2002,170447,1,1,0,0,0,0,0,0,0,0,0,0
2002,170449,0,1,0,0,0,0,0,0,0,0,0,0
2002,170449,1,1,0,0,0,0,0,0,0,0,0,0
2002,170450,1,1,0,0,0,0,0,0,0,0,0,0
2002,170451,1,1,0,0,0,0,0,0,0,0,0,0
2002,170451,2,1,0,0,0,0,0,0,0,0,0,0
2002,170452,1,1,0,0,0,8,11,0,0,0,0,0
2002,170453,1,1,0,0,0,0,0,0,0,0,0,0
2002,170453,2,1,0,0,0,0,0,0,0,0,19,0
2002,170454,1,1,0,0,0,0,0,0,0,0,0,0
2002,170454,2,1,0,0,0,0,0,0,0,0,0,0
2002,170455,1,1,0,0,0,0,0,0,0,0,0,0
2002,170455,2,1,0,0,0,0,0,0,0,0,0,0
2002,170456,1,1,9,9,9,9,9,9,9,9,9,9
2002,170456,2,1,2,2,2,2,2,2,2,2,2,2
2002,170457,0,1,0,0,0,0,0,0,0,0,0,0
2002,170457,1,1,0,0,0,43,0,0,0,0,0,0
2002,170458,0,1,0,0,0,0,0,0,0,0,0,0
2002,170458,1,1,0,0,0,0,0,0,0,0,0,0
2002,170459,1,1,0,0,0,0,0,0,9,0,2,0
2002,170459,2,1,0,0,0,0,0,27,0,0,0,0
2002,170460,1,1,0,0,0,0,0,0,0,0,0,0
2002,170460,2,1,0,0,0,0,0,0,0,0,0,0
2002,170461,1,1,1,1,1,1,1,1,1,1,1,1
2002,170462,1,1,8,8,8,8,8,8,8,8,8,8
2002,170463,1,1,0,0,0,0,0,0,0,0,0,0
2002,170463,2,1,0,0,0,0,0,0,0,0,0,0
2002,170464,1,1,0,0,0,0,6,0,0,0,0,0
2002,170465,1,1,0,0,0,0,0,0,0,0,0,0
2002,170465,2,1,0,0,0,0,0,0,0,0,0,0
2002,170466,1,1,0,0,0,0,0,0,0,0,0,0
2002,170466,2,1,0,0,0,0,0,0,0,0,0,8
2002,170467,1,1,18,18,18,18,18,18,18,18,18,18
2002,170467,2,1,0,0,0,0,0,0,0,0,0,0
2002,170468,1,1,0,0,0,0,0,0,0,0,0,0
2002,170468,2,1,16,16,16,16,16,16,16,16,16,16
2002,170469,1,1,34,34,34,34,34,34,34,34,34,34
2002,170470,1,1,0,0,0,0,0,0,0,0,0,0
2002,170470,2,1,0,0,0,0,0,0,0,0,15,0
2002,170471,1,1,0,0,0,0,0,0,0,0,0,0
2002,170471,2,1,0,0,0,0,0,0,0,0,0,0
2002,170472,1,1,0,0,0,0,0,0,0,0,0,0
2002,170473,1,1,0,0,0,0,0,0,0,0,0,0
2002,170473,2,1,0,0,0,0,0,0,0,0,0,0
2002,170474,1,1,0,0,0,0,0,0,0,0,0,0
2002,170474,2,1,0,0,0,0,0,0,0,0,0,0
2002,170475,1,1,0,0,0,0,0,0,0,0,0,0
2002,170475,2,1,0,0,0,0,0,0,0,0,0,0
2002,170476,1,1,0,0,0,0,0,0,11,0,0,0
2002,170476,2,1,0,0,0,0,0,0,0,0,0,0
2002,170477,1,1,3,3,3,3,3,3,3,3,3,3
2002,170477,2,1,0,16,0,0,0,11,0,0,0,0
2002,170478,1,1,0,0,0,0,0,0,0,0,0,0
2002,170479,0,1,0,0,0,0,0,0,0,0,0,0
2002,170479,1,1,10,10,10,10,10,10,10,10,10,10
2002,170480,1,1,0,0,24,0,0,0,0,23,0,7
2002,170480,2,1,3,3,3,3,3,3,3,3,3,3
2002,170481,1,1,17,17,17,17,17,17,17,17,17,17
2002,170482,1,1,4,7,17,17,5,8,13,0,0,7
2002,170483,1,1,0,0,0,0,0,0,0,0,0,0
2002,170483,2,1,0,0,0,0,0,16,0,0,0,0
2002,170484,1,1,0,0,0,0,0,0,0,0,0,0
2002,170485,1,1,20,20,20,20,20,20,20,20,20,20
2002,170485,2,1,9,9,9,9,9,9,9,9,9,9
2002,170486,1,1,14,14,14,14,14,14,14,14,14,14
2002,170486,2,1,0,0,0,0,0,19,0,0,0,0
2002,170487,1,1,16,16,16,16,16,16,16,16,16,16
2002,170488,1,1,0,0,0,0,0,0,0,0,0,0
2002,170489,1,1,0,0,0,0,0,0,0,0,0,0
2002,170490,1,1,0,0,0,0,0,0,0,0,0,0
2002,170491,1,1,0,0,0,0,0,0,0,0,0,0
2002,170491,2,1,0,0,0,0,4,0,0,0,0,0
2002,170492,1,1,0,0,0,0,0,0,0,0,0,0
2002,170493,1,1,0,0,0,0,0,0,0,0,0,0
2002,170493,2,1,0,0,0,0,0,0,0,0,0,0
2002,170494,0,1,0,0,0,0,0,0,0,0,0,0
2002,170494,1,1,0,0,0,0,0,0,0,0,0,0
2002,170495,1,1,0,11,0,0,0,0,0,0,0,0
2002,170495,2,1,0,0,0,0,0,0,0,0,0,0
2002,170496,1,1,0,0,0,0,0,0,0,0,0,0
2002,170496,2,1,0,8,5,0,0,11,0,0,0,0
2002,170497,1,1,0,0,0,0,0,0,0,0,0,0
2002,170497,2,1,0,0,0,0,0,0,0,0,0,0
2002,170498,1,1,0,0,0,0,0,0,0,0,0,0
2002,170498,2,1,0,0,0,0,0,0,0,0,0,0
2002,170499,1,1,26,26,26,26,26,26,26,26,26,26
2002,170500,0,1,20,20,20,20,20,20,20,20,20,20
2002,170500,1,1,0,0,0,0,0,0,0,0,0,0
2002,170501,1,1,0,0,0,0,0,0,0,0,0,0
2002,170501,2,1,0,0,0,0,0,0,0,0,0,0
2002,170502,1,1,21,21,21,21,21,21,21,21,21,21
2002,170503,1,1,18,18,18,18,18,18,18,18,18,18
2002,170503,2,1,0,0,0,0,0,0,0,0,0,0
2002,170504,1,1,19,19,19,19,19,19,19,19,19,19
2002,170504,2,1,0,0,0,0,0,0,0,0,0,0
2002,170504,3,1,0,0,0,0,0,0,0,0,0,0
2002,170505,1,1,0,0,0,0,0,0,0,0,0,0
2002,170505,2,1,0,0,0,0,0,0,0,0,0,0
2002,170506,1,1,0,0,0,0,11,0,0,0,0,0
2002,170507,1,1,3,3,3,3,3,3,3,3,3,3
2002,170507,2,1,0,0,0,0,0,0,0,0,0,0
2002,170508,1,1,0,0,0,0,0,0,0,0,0,0
2002,170509,1,1,22,22,22,22,22,22,22,22,22,22
2002,170510,1,1,0,0,0,0,0,6,0,0,0,0
2002,170510,2,1,0,0,0,0,0,0,0,0,0,0
2002,170511,1,1,3,3,3,3,3,3,3,3,3,3
2002,170511,2,1,0,0,0,0,0,0,0,0,0,0
2002,170512,1,1,0,0,0,0,0,11,0,0,0,0
2002,170512,2,1,0,0,0,0,0,0,0,0,0,0
2002,170513,1,1,0,0,0,0,0,0,0,0,0,0
2002,170513,2,1,0,0,0,0,0,0,0,0,0,0
2002,170513,3,1,0,0,0,0,0,0,0,17,0,0
2002,170514,1,1,0,0,0,0,0,0,0,0,0,0
2002,170515,1,1,9,9,9,9,9,9,9,9,9,9
2002,170515,2,1,4,4,4,4,4,4,4,4,4,4
2002,170516,1,1,0,0,0,0,0,0,0,0,0,0
2002,170516,2,1,0,0,0,0,0,0,0,0,0,0
2002,170517,1,1,14,14,14,14,14,14,14,14,14,14
2002,170518,1,1,0,0,0,0,0,0,0,0,0,0
2002,170518,2,1,0,0,0,0,0,0,0,0,0,0
2002,170518,3,1,0,0,0,0,0,0,0,0,0,0
2002,170518,4,1,0,0,0,0,0,0,0,0,0,0
2002,170518,5,1,0,0,0,0,0,0,0,0,0,0
2002,170519,0,1,0,0,0,0,0,14,0,0,0,0
2002,170519,1,1,0,0,0,0,0,0,0,0,0,0
2002,170520,1,1,10,10,10,10,10,10,10,10,10,10
2002,170521,1,1,0,15,0,0,0,0,0,17,0,0
2002,170521,2,1,0,0,16,0,0,35,0,12,0,0
2002,170522,1,1,0,0,0,0,0,0,0,0,0,0
2002,170522,2,1,0,0,0,0,0,0,0,0,0,0
2002,170523,1,1,0,0,0,0,0,0,0,0,0,0
2002,170523,2,1,0,0,0,0,0,0,0,0,0,0
2002,170524,1,1,20,20,20,20,20,20,20,20,20,20
2002,170524,2,1,0,0,0,0,0,0,0,0,0,0
2002,170525,1,1,25,25,25,25,25,25,25,25,25,25
2002,170525,2,1,0,0,0,0,0,0,0,0,0,0
2002,170526,1,1,0,0,0,0,0,0,0,0,0,0
2002,170527,0,1,0,0,0,20,0,0,0,0,0,0
2002,170527,1,1,0,0,0,0,0,0,0,0,0,14
2002,170528,1,1,16,16,16,16,16,16,16,16,16,16
2002,170529,1,1,0,0,0,0,0,0,0,0,0,0
2002,170529,2,1,0,0,0,0,0,0,0,0,0,0
2002,170530,1,1,21,21,21,21,21,21,21,21,21,21
2002,170530,2,1,0,0,0,0,0,0,0,0,0,0
2002,170531,1,1,0,0,0,0,0,0,0,0,0,0
2002,170532,1,1,0,0,0,0,0,0,0,0,0,0
2002,170533,1,1,0,0,0,0,0,0,0,0,4,0
2002,170534,1,1,14,14,14,14,14,14,14,14,14,14
2002,170535,1,1,0,0,0,0,0,0,0,0,0,0
2002,170535,2,1,0,0,0,0,0,0,0,0,0,0
2002,170535,3,1,0,0,0,0,0,0,0,0,0,0
2002,170536,1,1,5,5,5,5,5,5,5,5,5,5
2002,170537,1,1,0,0,0,0,0,0,0,0,0,0
2002,170537,2,1,0,0,0,0,0,0,0,0,0,0
2002,170538,1,1,16,16,16,16,16,16,16,16,16,16
2002,170539,1,1,4,4,4,4,4,4,4,4,4,4
2002,170540,0,1,0,0,0,0,0,0,0,0,0,0
2002,170540,1,1,0,0,0,0,0,0,0,0,0,0
2002,170541,1,1,0,0,0,0,0,0,0,0,0,0
2002,170541,2,1,0,0,0,0,0,0,0,0,0,0
2002,170542,1,1,0,0,0,0,0,0,0,0,0,0
2002,170543,1,1,0,0,0,0,0,0,0,0,0,0
2002,170544,1,1,15,15,15,15,15,15,15,15,15,15
2002,170545,1,1,0,0,0,0,0,0,0,0,0,0
2002,170546,1,1,23,23,23,23,23,23,23,23,23,23
2002,170546,2,1,18,7,0,0,0,0,19,3,6,12
2002,170547,1,1,9,9,9,9,9,9,9,9,9,9
2002,170548,1,1,0,0,0,0,0,0,0,0,0,0
2002,170549,1,1,18,18,18,18,18,18,18,18,18,18
2002,170550,1,1,0,0,0,0,0,0,0,0,0,0
2002,170551,1,1,0,0,0,0,0,0,0,0,0,0
2002,170551,2,1,0,0,0,0,0,0,0,0,0,0
2002,170552,0,1,0,0,0,0,0,0,0,0,0,0
2002,170552,1,1,0,12,0,17,26,0,0,0,0,0
2002,170553,0,1,0,0,0,0,0,0,0,0,0,10
2002,170553,1,1,0,0,0,0,0,0,0,0,0,0
2002,170554,1,1,0,0,0,0,0,0,0,0,0,0
2002,170555,1,1,0,0,0,0,0,0,0,0,0,0
2002,170556,1,1,0,4,9,0,0,23,0,11,16,16
2002,170557,0,1,0,0,0,0,0,0,0,0,0,0
2002,170557,1,1,0,0,0,0,0,0,0,0,0,0
2002,170558,1,1,0,0,0,0,0,0,0,0,0,0
2002,170559,1,1,0,0,0,0,0,0,0,0,0,0
2002,170559,2,1,0,0,0,0,0,0,0,0,0,0
2002,170559,3,1,0,0,0,0,0,0,0,0,0,0
2002,170560,1,1,0,0,0,0,0,0,0,0,25,0
2002,170560,2,1,0,0,0,0,0,0,0,0,0,0
2002,170561,1,1,16,16,16,16,16,16,16,16,16,16
2002,170562,0,1,6,6,6,6,6,6,6,6,6,6
2002,170562,1,1,9,9,9,9,9,9,9,9,9,9
2002,170563,0,1,0,0,0,0,0,15,16,0,0,0
2002,170563,1,1,0,0,0,0,0,0,0,0,0,12
2002,170564,0,1,0,0,0,0,0,0,0,0,0,0
2002,170564,1,1,0,0,0,0,0,0,0,0,0,0
2002,170565,1,1,0,0,0,0,0,0,0,0,0,0
2002,170565,2,1,0,0,0,0,0,0,0,0,0,0
2002,170566,0,1,0,36,0,0,0,0,0,0,0,0
2002,170566,1,1,0,0,0,0,0,0,0,0,0,0
2002,170567,0,1,0,0,0,0,0,0,0,0,0,0
2002,170567,1,1,0,0,0,9,0,0,0,0,0,0
2002,170568,1,1,9,9,9,9,9,9,9,9,9,9
2002,170568,2,1,0,0,0,0,0,0,0,0,0,0
2002,170568,3,1,0,0,0,0,0,0,0,0,0,0
2002,170569,1,1,0,0,0,0,0,0,0,0,0,0
2002,170569,2,1,0,10,0,0,0,0,0,9,5,0
2002,170570,1,1,0,0,0,0,0,0,8,0,0,0
2002,170570,2,1,0,0,0,9,0,0,0,0,0,0
2002,170571,1,1,14,14,14,14,14,14,14,14,14,14
2002,170572,1,1,0,0,0,0,0,0,0,0,0,0
2002,170572,2,1,0,0,0,0,0,0,0,0,0,0
2002,170572,3,1,0,0,0,0,0,0,0,0,0,0
2002,170573,1,1,14,14,14,14,14,14,14,14,14,14
2002,170573,2,1,0,0,0,0,0,0,0,0,0,0
2002,170574,1,1,19,19,19,19,19,19,19,19,19,19
2002,170574,2,1,0,0,0,0,0,0,0,0,0,0
2002,170575,1,1,0,0,0,0,0,0,0,0,0,0
2002,170576,1,1,0,0,0,0,0,0,0,0,0,0
2002,170577,1,1,0,0,0,0,0,0,0,0,0,0
2002,170577,2,1,0,0,0,0,0,0,0,0,0,0
2002,170578,1,1,0,0,0,0,0,0,0,0,0,0
2002,170578,2,1,0,0,0,0,0,0,0,0,0,0
2002,170579,1,1,30,30,30,30,30,30,30,30,30,30
2002,170580,1,1,0,0,0,0,0,0,0,0,0,0
2002,170580,2,1,0,0,0,0,0,0,0,0,0,0
2002,170581,1,1,0,0,0,0,0,3,0,0,0,0
2002,170582,1,1,14,0,0,0,0,0,0,0,7,3
2002,170582,2,1,0,0,0,0,0,0,0,0,0,0
2002,170582,3,1,0,0,0,0,0,0,0,0,0,0
2002,170583,1,1,0,0,0,0,0,0,0,0,0,0
2002,170584,1,1,0,0,0,0,0,0,0,0,0,0
2002,170585,1,1,4,4,4,4,4,4,4,4,4,4