YEAR,ST_CASE,veh_no,per_no,P1,P2,P3,P4,P5,P6,P7,P8,P9,P10
2002,171138,1,1,0,0,0,0,0,0,0,0,0,0
2002,171139,1,1,0,0,0,0,0,0,0,0,0,0
2002,171139,2,1,0,0,0,0,0,0,0,0,0,0
2002,171139,3,1,0,0,0,20,0,0,0,0,0,0
2002,171140,0,1,0,0,0,0,0,0,0,0,0,0
2002,171140,1,1,0,0,0,0,0,0,0,0,0,0
2002,171141,1,1,22,22,22,22,22,22,22,22,22,22
2002,171142,1,1,25,25,25,25,25,25,25,25,25,25
2002,171142,2,1,0,0,0,0,0,0,0,0,0,0
2002,171143,1,1,5,0,0,0,0,0,0,12,4,8
2002,171143,2,1,30,4,0,9,0,6,7,9,0,19
2002,171143,3,1,0,9,0,0,0,0,0,0,0,0
2002,171144,1,1,0,0,0,0,0,0,0,0,0,0
2002,171144,2,1,0,0,0,0,0,0,0,0,0,0
2002,171145,1,1,23,23,23,23,23,23,23,23,23,23
2002,171146,1,1,29,29,29,29,29,29,29,29,29,29
2002,171147,1,1,0,0,0,10,28,0,0,9,0,0
2002,171148,1,1,0,0,0,0,0,0,0,0,0,0
2002,171149,1,1,8,8,8,8,8,8,8,8,8,8
2002,171150,1,1,0,0,0,0,0,0,0,0,0,0
2002,171150,2,1,0,0,0,0,0,0,0,0,0,0
2002,171151,1,1,0,0,0,0,0,0,0,0,0,0
2002,171151,2,1,0,0,0,0,0,0,0,0,0,0
2002,171152,1,1,0,0,0,0,0,0,0,0,0,0
2002,171152,2,1,22,22,22,22,22,22,22,22,22,22
2002,171152,3,1,27,0,0,0,0,0,0,0,0,0
2002,171153,0,1,0,0,0,0,0,0,0,0,0,0
2002,171153,1,1,0,0,0,0,0,0,0,0,0,0
2002,171154,1,1,0,0,0,0,0,0,0,0,0,0
2002,171154,2,1,13,13,13,13,13,13,13,13,13,13
2002,171154,3,1,0,0,0,0,0,0,0,0,0,0
2002,171154,4,1,0,0,0,0,0,0,0,0,0,0
2002,171155,1,1,26,26,26,26,26,26,26,26,26,26
2002,171156,1,1,0,0,0,0,0,0,0,0,0,0
2002,171156,2,1,0,0,0,0,0,0,6,0,0,0
2002,171157,1,1,19,19,19,19,19,19,19,19,19,19
2002,171158,1,1,24,24,24,24,24,24,24,24,24,24
2002,171159,1,1,19,19,19,19,19,19,19,19,19,19
2002,171159,2,1,0,0,0,0,0,0,0,0,0,0
2002,171160,0,1,18,18,18,18,18,18,18,18,18,18
2002,171160,1,1,0,0,0,0,0,0,0,0,0,0
2002,171161,1,1,0,0,0,0,0,0,9,0,0,0
2002,171161,2,1,0,0,0,0,0,0,0,0,0,0
2002,171162,1,1,0,0,0,0,0,0,0,0,0,0
2002,171162,2,1,22,0,0,12,0,0,0,24,0,0
2002,171162,3,1,0,0,0,0,7,0,0,0,0,0
2002,171163,1,1,25,25,25,25,25,25,25,25,25,25
2002,171164,1,1,0,0,0,0,0,0,0,0,0,0
2002,171164,2,1,0,0,0,0,0,0,0,0,0,0
2002,171165,1,1,0,0,0,0,0,0,0,0,0,0
2002,171165,2,1,0,0,0,14,0,28,0,0,12,0
2002,171165,3,1,11,18,24,0,0,0,0,0,0,0
2002,171165,4,1,0,0,0,0,0,0,0,0,0,0
2002,171166,1,1,0,0,0,0,0,0,0,0,0,0
2002,171167,1,1,0,0,0,0,0,0,0,0,0,0
2002,171168,1,1,0,0,0,11,0,22,4,0,0,0
2002,171168,2,1,0,0,0,0,0,0,0,0,0,0
2002,171169,1,1,0,0,0,0,0,0,0,0,0,0
2002,171169,2,1,0,0,0,0,0,0,0,0,0,0
2002,171169,3,1,0,0,0,6,0,0,0,0,0,0
2002,171169,4,1,0,0,0,0,0,0,0,0,0,0
2002,171169,5,1,0,0,0,0,0,0,0,0,0,0
2002,171170,1,1,4,4,4,4,4,4,4,4,4,4
2002,171171,1,1,0,0,0,0,0,0,0,0,0,0
2002,171171,2,1,0,0,0,0,0,0,0,0,0,0
2002,171171,3,1,0,0,0,0,0,0,0,0,0,0
2002,171171,4,1,0,0,0,0,0,45,0,0,0,18
2002,171171,5,1,0,0,0,0,0,0,0,0,0,0
2002,171172,1,1,29,29,29,29,29,29,29,29,29,29
2002,171173,1,1,0,0,0,0,0,0,0,0,0,23
2002,171173,2,1,0,0,0,0,0,0,0,0,0,0
2002,171174,1,1,15,15,15,15,15,15,15,15,15,15
2002,171174,2,1,0,0,0,0,0,0,0,0,0,0
2002,171175,1,1,0,0,0,0,0,0,0,0,0,0
2002,171175,2,1,0,0,0,0,0,0,0,0,0,0
2002,171176,1,1,0,0,0,0,0,0,0,0,0,0
2002,171176,2,1,0,0,0,0,0,0,0,0,0,0
2002,171177,0,1,0,0,0,0,0,0,0,0,0,0
2002,171177,1,1,0,0,0,0,0,0,0,0,0,0
2002,171178,1,1,18,18,18,18,18,18,18,18,18,18
2002,171178,2,1,0,0,0,0,0,0,0,0,0,0
2002,171179,1,1,23,23,23,23,23,23,23,23,23,23
2002,171179,2,1,0,0,0,0,0,0,0,0,0,0
2002,171180,1,1,14,0,36,36,25,19,14,26,18,16
2002,171181,1,1,0,0,0,0,0,0,0,0,0,0
2002,171181,2,1,0,0,0,0,0,0,0,0,0,0
2002,171182,0,1,0,0,0,0,0,0,0,0,0,0
2002,171182,1,1,0,0,0,0,0,0,0,0,0,0
2002,171183,1,1,0,0,0,0,0,0,0,0,0,0
2002,171183,2,1,0,0,0,0,0,0,0,0,0,0
2002,171183,3,1,0,0,0,0,0,0,0,0,0,0
2002,171184,1,1,0,0,0,0,0,0,0,0,0,0
2002,171184,2,1,0,0,0,0,0,0,0,0,0,0
2002,171184,3,1,0,0,0,0,0,0,0,0,0,0
2002,171185,1,1,24,0,0,0,10,0,26,7,17,0
2002,171185,2,1,0,0,0,0,0,0,0,0,0,0
2002,171186,1,1,24,24,24,24,24,24,24,24,24,24
2002,171187,1,1,0,0,0,0,0,0,0,0,0,0
2002,171188,1,1,0,0,0,0,0,0,0,0,0,0
2002,171188,2,1,0,0,0,0,0,0,0,0,0,0
2002,171189,1,1,0,0,0,0,0,0,0,0,0,0
2002,171189,2,1,0,0,0,0,0,0,0,0,0,0
2002,171190,0,1,11,11,11,11,11,11,11,11,11,11
2002,171190,1,1,0,0,0,0,0,0,0,0,0,0
2002,171190,2,1,13,0,0,0,0,0,0,0,0,0
2002,171190,3,1,0,0,0,0,0,0,0,0,0,0
2002,171190,4,1,0,0,10,0,0,0,0,0,0,0
2002,171190,5,1,0,0,0,0,0,0,0,0,0,0
2002,171190,6,1,0,0,0,0,0,0,0,0,0,0
2002,171191,0,1,15,15,15,15,15,15,15,15,15,15
2002,171191,1,1,0,0,0,0,0,0,0,0,0,0
2002,171192,1,1,0,0,0,0,0,0,0,0,0,0
2002,171192,2,1,0,0,0,0,0,0,0,0,0,0
2002,171193,1,1,8,0,0,19,0,0,0,0,0,0
2002,171194,1,1,5,5,5,5,5,5,5,5,5,5
2002,171195,1,1,0,0,0,0,0,0,0,0,0,0
2002,171196,1,1,10,0,14,13,0,0,11,0,15,0
2002,171197,1,1,0,0,0,0,0,0,0,0,0,0
2002,171197,2,1,0,0,0,0,0,0,17,0,0,0
2002,171198,1,1,11,11,11,11,11,11,11,11,11,11
2002,171199,0,1,0,0,0,0,0,0,0,0,0,0
2002,171199,1,1,0,0,0,0,0,0,0,0,0,0
2002,171200,1,1,0,0,0,0,0,0,0,0,0,0
2002,171200,2,1,0,0,0,0,0,0,0,0,0,0
2002,171201,1,1,0,0,0,0,0,0,0,0,0,0
2002,171201,2,1,0,17,0,0,0,0,0,0,0,0
2002,171202,1,1,29,29,29,29,29,29,29,29,29,29
2002,171203,1,1,0,0,0,6,0,22,0,0,0,0
2002,171204,1,1,0,0,0,0,0,0,0,0,0,0
2002,171204,2,1,0,0,0,0,0,0,0,0,0,0
2002,171205,1,1,21,0,9,0,0,20,9,16,0,0
2002,171205,2,1,0,0,0,0,0,0,0,0,0,0
2002,171206,1,1,23,23,19,44,19,0,19,26,0,0
2002,171207,1,1,0,0,0,0,0,0,0,0,0,0
2002,171207,2,1,0,0,0,0,0,0,0,0,0,0
2002,171208,1,1,0,0,0,0,0,0,0,0,0,0
2002,171208,2,1,0,0,0,0,0,0,0,0,0,0
2002,171209,1,1,1,1,1,1,1,1,1,1,1,1
2002,171210,0,1,2,2,2,2,2,2,2,2,2,2
2002,171210,1,1,0,28,0,0,0,0,0,0,8,0
2002,171211,1,1,25,25,25,25,25,25,25,25,25,25
2002,171212,1,1,0,0,0,0,0,0,0,0,0,0
2002,171213,1,1,29,29,29,29,29,29,29,29,29,29
2002,171214,1,1,17,17,17,17,17,17,17,17,17,17
2002,171215,1,1,13,13,13,13,13,13,13,13,13,13
2002,171216,1,1,25,25,25,25,25,25,25,25,25,25
2002,171216,2,1,0,0,0,0,31,0,0,0,3,0
2002,171216,3,1,0,0,0,0,0,0,0,0,0,0
2002,171217,1,1,11,11,11,11,11,11,11,11,11,11
2002,171218,1,1,20,20,20,20,20,20,20,20,20,20
2002,171219,1,1,0,0,0,0,0,0,0,0,0,0
2002,171220,1,1,0,0,0,0,0,0,0,0,0,0
2002,171221,0,1,20,20,20,20,20,20,20,20,20,20
2002,171221,1,1,0,0,0,0,0,0,0,0,0,0
2002,171222,1,1,0,0,0,0,0,0,0,0,0,0
2002,171223,0,1,0,24,0,10,35,36,0,33,16,14
2002,171223,1,1,8,8,8,8,8,8,8,8,8,8
2002,171224,1,1,20,20,20,20,20,20,20,20,20,20
2002,171225,1,1,0,0,0,0,0,0,0,0,0,0
2002,171226,1,1,0,0,0,0,0,0,0,0,0,0
2002,171226,2,1,0,13,0,0,0,0,0,0,0,0
2002,171227,1,1,9,7,0,0,0,17,32,25,0,11
2002,171228,1,1,0,0,0,0,0,0,0,0,0,0
2002,171229,1,1,26,26,26,26,26,26,26,26,26,26
2002,171230,1,1,12,12,12,12,12,12,12,12,12,12
2002,171231,1,1,0,0,0,0,0,0,0,0,0,0
2002,171231,2,1,0,0,0,0,0,0,0,0,0,0
2002,171232,0,1,0,0,0,0,0,0,0,0,0,0
2002,171232,1,1,0,0,0,19,0,0,0,0,0,0
2002,171233,0,1,0,0,0,0,0,0,0,0,0,0
2002,171233,1,1,10,0,0,0,19,0,0,6,0,0
2002,171235,1,1,0,0,0,0,0,0,0,0,0,13
2002,171235,2,1,28,28,28,28,28,28,28,28,28,28
2002,171236,1,1,0,25,0,0,26,0,0,0,19,21
2002,171237,1,1,19,19,19,19,19,19,19,19,19,19
2002,171238,1,1,3,3,3,3,3,3,3,3,3,3
2002,171238,2,1,0,0,0,0,0,0,0,0,0,0
2002,171239,1,1,0,0,0,0,0,0,0,0,0,0
2002,171239,2,1,0,30,0,0,5,11,15,15,0,12
2002,171240,1,1,0,0,0,0,0,0,0,0,0,0
2002,171240,2,1,0,0,0,0,0,0,0,0,0,0
2002,171241,1,1,0,0,0,0,0,0,0,0,0,0
2002,171242,1,1,16,16,16,16,16,16,16,16,16,16
2002,171243,1,1,0,0,0,0,0,0,0,0,0,0
2002,171243,2,1,0,0,0,0,0,0,0,0,0,0
2002,171244,1,1,21,21,21,21,21,21,21,21,21,21
2002,171245,1,1,0,0,0,0,0,0,0,0,0,0
2002,171245,2,1,0,0,0,0,0,0,0,0,0,19
2002,171246,1,1,18,18,18,18,18,18,18,18,18,18
2002,171247,1,1,0,0,0,12,0,0,14,0,0,0
2002,171248,1,1,0,0,0,0,0,0,0,0,0,0
2002,171248,2,1,13,13,13,13,13,13,13,13,13,13
2002,171249,1,1,0,0,0,0,0,0,0,0,0,0
2002,171249,2,1,0,0,0,0,0,0,0,0,0,0
2002,171250,1,1,11,11,11,11,11,11,11,11,11,11
2002,171251,1,1,0,0,0,21,0,0,0,0,0,0
2002,171251,2,1,0,0,0,0,0,0,0,0,0,0
2002,171251,3,1,0,0,0,0,0,0,0,0,0,0
2002,171252,1,1,0,0,0,0,0,0,0,0,0,0
2002,171253,1,1,26,26,26,26,26,26,26,26,26,26
2002,171253,2,1,0,0,0,0,0,0,0,0,0,0
2002,171253,3,1,0,0,0,0,0,0,0,0,0,0
2002,171254,1,1,20,20,20,20,20,20,20,20,20,20
2002,171255,1,1,0,0,0,0,0,0,0,0,0,0
2002,171256,1,1,17,17,17,17,17,17,17,17,17,17
2002,171256,2,1,0,6,0,0,14,0,0,0,0,0
2002,171256,3,1,0,0,5,0,0,0,0,0,0,0
2002,171257,0,1,0,0,0,0,0,0,0,0,0,0
2002,171257,1,1,0,0,0,0,0,0,0,0,0,0
2002,171258,1,1,8,8,8,8,8,8,8,8,8,8
2002,171259,1,1,3,3,3,3,3,3,3,3,3,3
2002,171260,1,1,28,28,28,28,28,28,28,28,28,28
2002,171260,2,1,6,6,6,6,6,6,6,6,6,6
2002,171261,1,1,20,20,20,20,20,20,20,20,20,20
2002,171262,1,1,0,0,0,0,0,0,0,0,0,0
2002,171262,2,1,0,0,16,0,0,0,0,0,0,0
2002,171262,3,1,17,15,0,4,0,8,7,19,13,10
2002,171263,1,1,24,24,24,24,24,24,24,24,24,24
2002,171264,1,1,16,16,16,16,16,16,16,16,16,16
2002,171265,1,1,29,29,29,29,29,29,29,29,29,29
2002,171266,1,1,17,17,17,17,17,17,17,17,17,17
2002,171267,1,1,0,0,0,0,0,0,0,0,0,0
2002,171268,1,1,0,0,0,0,0,0,0,0,0,0
2002,171269,1,1,17,17,17,17,17,17,17,17,17,17
2002,171269,2,1,0,0,0,0,0,0,0,0,0,0
2002,171270,0,1,6,0,0,6,0,12,7,0,0,0
2002,171270,0,2,0,8,0,19,25,0,11,19,26,11
2002,171270,1,1,9,0,15,0,0,0,15,12,0,0
2002,171271,1,1,0,0,0,0,0,0,0,0,0,0
2002,171271,2,1,0,0,0,0,0,0,0,0,0,0
2002,171272,0,1,0,0,0,0,0,0,0,0,0,0
2002,171272,1,1,0,0,0,0,0,0,0,0,0,0
2002,171273,1,1,0,0,0,0,0,0,0,0,0,0
2002,171273,2,1,0,0,0,0,0,0,0,0,0,0
2002,171273,3,1,0,0,0,0,0,0,0,0,0,0
2002,171274,1,1,0,0,0,0,0,0,0,0,0,0
2002,171275,1,1,0,0,0,0,0,7,0,0,0,0
2002,171275,2,1,0,0,0,0,0,0,0,0,0,0
2002,171275,3,1,0,0,0,0,0,0,0,0,0,0
2002,171276,1,1,0,0,0,0,0,0,0,0,15,0
2002,171276,2,1,0,0,0,0,0,0,0,0,0,0
2002,171277,0,1,10,0,18,34,33,15,0,12,27,9
2002,171277,0,2,0,0,0,0,0,0,0,0,0,0
2002,171277,1,1,0,0,0,0,0,0,0,0,0,0
2002,171278,1,1,0,0,0,0,0,0,0,0,0,0
2002,171278,2,1,0,0,0,0,7,0,0,0,0,0
2002,171279,1,1,0,0,0,0,0,0,0,0,0,0
2002,171280,0,1,0,0,0,0,0,0,0,0,0,0
2002,171280,1,1,0,0,0,0,0,0,0,0,0,0
2002,171281,0,1,27,0,0,0,0,0,0,0,31,0
2002,171281,1,1,0,0,0,17,0,0,0,0,18,0
2002,171282,1,1,0,0,0,0,6,0,0,0,0,0
2002,171282,2,1,0,0,10,0,0,0,0,0,0,0
2002,171283,0,1,28,28,28,28,28,28,28,28,28,28
2002,171283,1,1,0,0,0,0,0,0,0,0,0,0
2002,171284,1,1,0,0,0,0,0,0,0,0,0,0
2002,171284,2,1,0,0,0,0,0,0,0,0,0,0
2002,171284,3,1,0,0,0,0,0,0,0,0,0,0
2002,171285,0,1,3,3,3,3,3,3,3,3,3,3
2002,171285,1,1,0,0,27,0,0,0,0,0,23,0
2002,180001,1,1,20,20,20,20,20,20,20,20,20,20
2002,180002,1,1,0,0,0,0,0,0,0,0,0,0
2002,180003,1,1,0,0,0,0,0,0,0,0,0,0
2002,180003,2,1,0,0,0,0,0,0,0,0,0,0
2002,180004,1,1,19,19,19,19,19,19,19,19,19,19
2002,180005,1,1,28,28,28,28,28,28,28,28,28,28
2002,180005,2,1,0,0,0,0,0,0,0,0,0,0
2002,180006,0,1,0,0,0,25,0,0,0,0,0,0
2002,180006,1,1,0,0,0,0,0,0,0,0,0,0
2002,180007,1,1,15,15,15,15,15,15,15,15,15,15
2002,180008,0,1,0,0,0,0,0,0,0,0,0,0
2002,180008,1,1,0,0,0,0,0,0,0,0,0,0
2002,180009,1,1,0,0,0,0,0,0,0,22,0,0
2002,180010,1,1,0,0,0,0,0,0,0,0,0,0
2002,180010,2,1,0,0,0,0,0,0,0,0,0,0
2002,180011,1,1,0,0,0,0,0,0,0,0,0,0
2002,180011,2,1,0,0,0,0,0,0,0,0,0,0
2002,180012,1,1,23,23,23,23,23,23,23,23,23,23
2002,180012,2,1,0,0,0,0,0,0,0,0,0,0
2002,180013,1,1,14,14,14,14,14,14,14,14,14,14
2002,180014,1,1,0,0,0,0,0,0,0,0,0,0
2002,180014,2,1,0,0,0,0,0,0,0,0,0,0
2002,180015,1,1,17,17,17,17,17,17,17,17,17,17
2002,180015,2,1,0,0,0,0,0,0,0,0,0,0
2002,180016,1,1,0,0,0,0,0,0,0,0,0,0
2002,180017,1,1,0,0,0,0,0,0,0,0,0,0
2002,180017,2,1,0,0,0,0,0,0,0,0,0,0
2002,180018,0,1,0,0,0,0,0,0,0,0,0,0
2002,180018,1,1,0,0,0,0,0,0,0,0,0,0
2002,180019,1,1,0,0,0,0,0,0,0,0,0,0
2002,180019,2,1,0,0,0,0,0,0,0,0,0,0
2002,180020,1,1,0,0,0,0,0,0,0,0,0,0
2002,180020,2,1,0,0,0,0,0,0,0,0,0,0
2002,180021,1,1,0,0,0,0,0,0,0,0,0,0
2002,180022,1,1,29,29,29,29,29,29,29,29,29,29
2002,180022,2,1,2,2,2,2,2,2,2,2,2,2
2002,180023,1,1,0,0,0,0,0,0,9,0,0,0
2002,180024,1,1,0,0,0,0,0,0,0,0,0,0
2002,180024,2,1,0,0,0,0,0,0,0,0,0,0
2002,180025,1,1,8,8,8,8,8,8,8,8,8,8
2002,180026,1,1,0,0,0,0,0,0,0,0,0,0
2002,180026,2,1,0,0,0,0,0,0,0,0,0,0
2002,180027,1,1,19,19,19,19,19,19,19,19,19,19
2002,180027,2,1,0,0,0,0,0,0,0,0,0,0
2002,180028,1,1,0,0,0,0,0,0,0,0,0,0
2002,180029,1,1,0,0,0,0,0,0,0,0,0,0
2002,180029,2,1,0,0,29,0,0,0,0,0,0,0
2002,180030,1,1,0,10,0,0,0,27,0,0,0,19
2002,180030,2,1,0,0,0,0,0,0,0,0,0,0
2002,180031,1,1,21,21,21,21,21,21,21,21,21,21
2002,180032,1,1,0,0,0,0,0,0,0,0,0,0
2002,180032,2,1,0,0,0,0,0,0,0,0,0,0
2002,180033,1,1,0,0,0,0,0,0,0,0,0,0
2002,180033,2,1,0,0,0,0,0,0,0,0,0,0
2002,180034,1,1,0,0,0,0,0,0,0,0,0,0
2002,180035,1,1,0,0,0,0,0,0,0,0,0,0
2002,180035,2,1,0,0,0,0,0,0,0,0,0,0
2002,180036,1,1,13,13,13,13,13,13,13,13,13,13
2002,180036,2,1,0,0,0,0,0,0,0,0,0,0
2002,180037,0,1,0,0,0,0,0,0,0,0,0,0
2002,180037,1,1,0,0,0,0,0,0,0,0,0,0
2002,180038,1,1,18,18,18,18,18,18,18,18,18,18
2002,180039,1,1,0,0,0,0,0,0,0,0,0,0
2002,180039,2,1,0,0,0,0,0,0,0,0,0,0
2002,180040,0,1,0,0,0,0,0,0,0,0,0,0
2002,180040,1,1,0,0,0,0,0,0,0,0,0,0
2002,180041,1,1,0,14,19,0,0,0,0,0,0,0
2002,180042,1,1,0,0,0,0,0,0,0,0,0,0
2002,180043,1,1,26,26,26,26,26,26,26,26,26,26
2002,180044,0,1,0,17,0,0,0,0,0,0,0,0
2002,180044,1,1,0,0,0,0,0,0,0,0,0,0
2002,180045,1,1,10,10,10,10,10,10,10,10,10,10
2002,180046,1,1,0,0,0,0,0,0,0,0,0,0
2002,180046,2,1,0,0,0,0,0,0,0,0,0,0
2002,180047,1,1,0,0,0,0,0,0,0,0,0,0
2002,180047,2,1,0,0,0,0,0,0,0,0,0,0
2002,180048,1,1,0,0,0,0,0,0,0,0,0,0
2002,180048,2,1,0,0,0,0,0,0,0,0,0,0
2002,180049,1,1,0,0,0,0,0,0,0,0,0,0
2002,180050,1,1,0,0,0,0,0,0,0,0,0,0
2002,180050,2,1,0,0,0,0,0,0,0,0,0,0
2002,180050,3,1,0,0,0,0,0,0,0,0,0,0
2002,180050,4,1,0,0,0,0,0,0,0,0,0,0
2002,180050,5,1,0,0,0,0,0,0,0,0,0,0
2002,180051,1,1,0,0,0,0,0,0,0,0,0,0
2002,180051,2,1,0,0,0,0,0,0,0,0,0,0
2002,180052,1,1,0,0,0,0,0,0,0,0,0,0
2002,180052,2,1,0,0,0,0,0,0,0,0,0,0
2002,180053,1,1,0,0,27,0,0,0,0,0,0,0
2002,180054,1,1,22,22,22,22,22,22,22,22,22,22
2002,180054,2,1,0,0,0,0,0,0,0,0,0,0
2002,180055,1,1,0,0,0,0,0,0,0,0,0,0
2002,180056,1,1,0,0,0,0,0,0,0,0,0,0
2002,180057,1,1,0,0,0,0,0,0,24,27,13,20
2002,180058,1,1,0,0,22,0,0,0,0,0,0,0
2002,180058,2,1,0,0,0,0,0,0,16,0,12,0
2002,180059,1,1,0,0,0,0,0,0,0,0,0,0
2002,180060,1,1,0,0,0,0,0,0,0,0,0,0
2002,180060,2,1,0,0,0,0,0,0,0,0,0,0
2002,180061,1,1,0,0,0,0,0,0,0,0,0,0
2002,180061,2,1,16,27,21,12,22,8,0,0,0,40
2002,180062,1,1,10,10,10,10,10,10,10,10,10,10
2002,180063,1,1,0,0,0,0,0,0,0,0,0,0
2002,180063,2,1,0,0,0,0,0,0,0,0,0,0
2002,180064,1,1,18,18,18,18,18,18,18,18,18,18
2002,180065,1,1,11,12,2,17,0,0,0,0,20,7
2002,180066,1,1,0,0,0,10,0,0,0,0,0,0
2002,180068,0,1,0,0,0,0,0,0,0,0,0,0
2002,180068,1,1,0,0,0,0,0,0,0,0,0,0
2002,180068,2,1,0,0,0,0,0,0,0,0,0,0
2002,180069,1,1,0,0,0,0,0,0,0,0,0,0
2002,180069,2,1,0,0,0,0,0,0,0,0,0,0
2002,180070,1,1,0,0,0,0,0,0,0,0,0,0
2002,180071,1,1,0,0,0,0,0,0,0,0,0,0
2002,180071,2,1,0,0,0,0,0,0,0,0,0,0
2002,180072,1,1,0,12,0,0,0,0,19,0,0,0
2002,180073,1,1,0,0,0,0,5,0,0,0,0,0
2002,180073,2,1,0,0,0,0,0,0,0,0,0,0
2002,180074,1,1,0,0,0,0,0,0,0,0,0,0
2002,180074,2,1,0,0,0,0,0,0,0,0,0,0
2002,180075,1,1,0,0,0,0,0,0,0,0,0,0
2002,180076,1,1,0,0,0,0,0,0,0,0,0,0
2002,180077,1,1,0,0,0,0,0,0,0,0,0,0
2002,180078,1,1,0,0,0,0,0,0,0,0,0,0
2002,180079,1,1,0,15,0,0,0,0,0,0,0,0
2002,180080,1,1,15,0,0,0,0,16,23,0,0,0
2002,180081,1,1,0,0,0,0,0,0,0,0,0,0
2002,180081,2,1,0,0,0,0,0,0,0,0,0,0
2002,180082,1,1,0,0,0,0,0,0,0,0,0,0
2002,180082,2,1,0,0,0,0,0,0,0,0,0,0
2002,180082,3,1,0,0,0,0,0,0,0,0,0,0
2002,180083,1,1,23,23,23,23,23,23,23,23,23,23
2002,180084,1,1,0,0,0,0,0,0,0,0,0,0
2002,180085,0,1,3,3,3,3,3,3,3,3,3,3
2002,180085,1,1,0,0,0,0,0,0,0,0,0,0
2002,180086,1,1,19,19,19,19,19,19,19,19,19,19
2002,180087,1,1,0,0,0,0,0,0,0,0,0,0
2002,180087,2,1,0,0,0,0,0,0,0,0,0,0
2002,180088,1,1,14,14,14,14,14,14,14,14,14,14
2002,180089,1,1,0,0,0,0,0,0,0,0,0,0
2002,180089,2,1,0,0,0,0,0,0,0,0,0,0
2002,180089,3,1,0,0,0,0,0,0,0,0,0,0
2002,180090,1,1,16,16,16,16,16,16,16,16,16,16
2002,180091,1,1,0,0,0,0,0,0,0,0,0,0
2002,180091,2,1,0,0,0,0,0,0,0,0,0,0
2002,180092,1,1,0,0,0,0,0,0,0,0,0,0
2002,180092,2,1,0,0,0,0,0,0,0,0,0,0
2002,180093,1,1,0,0,0,0,0,0,0,0,0,0
2002,180094,1,1,19,0,0,0,0,0,0,0,0,0
2002,180095,1,1,0,0,0,0,0,0,0,0,0,0
2002,180095,2,1,0,0,0,0,0,0,0,0,0,0
2002,180096,1,1,0,0,0,0,7,0,0,0,0,0
2002,180096,2,1,0,0,0,0,0,0,0,0,0,0
2002,180096,3,1,0,0,0,0,0,0,0,0,0,0
2002,180097,1,1,0,0,0,0,0,0,0,0,0,0
2002,180097,2,1,0,0,0,0,0,0,0,0,0,0
2002,180098,1,1,0,0,0,0,0,0,0,0,0,0
2002,180099,1,1,0,0,0,0,0,0,0,0,0,0
2002,180099,2,1,0,0,0,0,0,0,0,0,0,0
2002,180099,3,1,0,0,0,0,0,0,0,0,0,0
2002,180100,1,1,14,14,14,14,14,14,14,14,14,14
2002,180100,2,1,0,0,14,0,0,0,7,0,0,0
2002,180101,1,1,15,15,15,15,15,15,15,15,15,15
2002,180102,1,1,0,0,0,0,0,0,0,0,0,0
2002,180102,2,1,0,0,0,0,0,0,0,0,0,0
2002,180103,1,1,0,0,0,0,0,0,0,0,0,0
2002,180103,2,1,0,0,0,0,0,0,0,0,0,0
2002,180104,1,1,0,0,0,0,0,0,0,0,0,0
2002,180105,1,1,0,0,0,0,0,0,0,0,0,0
2002,180106,1,1,0,0,0,0,0,0,0,0,0,0
2002,180107,0,1,0,0,0,0,0,0,0,0,0,0
2002,180107,1,1,0,0,0,0,0,0,0,0,0,0
2002,180108,0,1,0,0,0,0,0,26,0,0,0,0
2002,180108,1,1,0,0,0,0,0,0,0,0,0,0
2002,180109,1,1,0,0,0,0,0,0,0,0,0,0
2002,180109,2,1,0,0,0,0,0,0,0,0,0,0
2002,180110,1,1,19,19,19,19,19,19,19,19,19,19
2002,180110,2,1,0,0,0,0,0,0,0,0,0,0
2002,180111,1,1,0,0,0,0,0,0,0,0,0,0
2002,180112,1,1,0,0,0,0,0,0,0,0,0,0
2002,180112,2,1,0,0,0,0,0,0,0,0,0,0
2002,180113,1,1,0,24,0,0,12,0,0,0,0,13
2002,180113,2,1,0,0,0,0,0,0,0,0,0,0
2002,180114,1,1,38,38,38,38,38,38,38,38,38,38
2002,180115,1,1,0,0,0,0,0,0,0,0,0,0
2002,180115,2,1,0,0,0,0,0,0,0,0,0,0
2002,180116,1,1,0,0,0,0,0,0,0,0,0,0
2002,180116,2,1,0,0,0,0,0,0,0,0,0,0
2002,180116,3,1,0,0,0,0,0,0,0,0,0,0
2002,180116,4,1,0,0,0,0,0,0,0,0,0,0
2002,180116,5,1,0,0,0,0,0,0,0,0,0,0
2002,180117,1,1,0,0,0,0,0,0,0,0,0,0
2002,180118,1,1,0,0,0,0,0,0,0,0,0,0
2002,180119,1,1,27,27,27,27,27,27,27,27,27,27
2002,180120,1,1,7,0,0,0,14,20,0,0,16,0
2002,180121,1,1,0,0,0,0,0,0,0,0,0,0
2002,180121,2,1,0,0,0,0,0,0,0,0,0,0
2002,180122,1,1,0,0,0,0,20,0,0,0,0,13
2002,180122,2,1,0,0,0,0,0,0,0,0,0,0
2002,180122,3,1,0,0,0,0,0,0,0,26,0,0
2002,180123,1,1,28,28,28,28,28,28,28,28,28,28
2002,180124,1,1,18,18,18,18,18,18,18,18,18,18
2002,180125,1,1,0,0,0,0,0,0,0,0,0,0