YEAR,ST_CASE,veh_no,per_no,P1,P2,P3,P4,P5,P6,P7,P8,P9,P10
2002,180125,2,1,0,0,0,0,0,0,0,0,0,0
2002,180126,1,1,1,1,1,1,1,1,1,1,1,1
2002,180127,1,1,0,0,0,0,0,0,0,0,0,0
2002,180128,1,1,0,0,0,0,0,0,0,0,0,0
2002,180128,2,1,0,0,0,0,0,0,0,0,0,0
2002,180129,1,1,0,0,0,0,0,0,0,0,0,0
2002,180129,2,1,0,0,0,0,0,0,0,0,0,0
2002,180129,3,1,0,0,0,0,0,0,0,0,0,0
2002,180129,4,1,0,0,0,0,0,0,0,0,0,0
2002,180130,1,1,16,16,16,16,16,16,16,16,16,16
2002,180131,1,1,6,6,6,6,6,6,6,6,6,6
2002,180132,1,1,0,0,14,0,0,0,0,0,0,0
2002,180133,1,1,0,0,0,0,0,0,0,0,0,0
2002,180133,2,1,0,0,0,0,0,0,0,0,0,0
2002,180134,1,1,0,0,0,0,0,0,0,0,0,0
2002,180134,2,1,0,0,0,0,0,0,0,0,0,0
2002,180135,1,1,0,0,0,0,0,0,0,0,0,0
2002,180136,1,1,0,0,0,0,0,0,0,0,0,0
2002,180136,2,1,0,0,0,0,0,0,0,0,0,0
2002,180137,1,1,0,0,0,0,0,0,0,0,0,0
2002,180137,2,1,0,0,0,0,0,0,0,0,0,0
2002,180137,3,1,0,0,0,0,0,0,0,0,0,0
2002,180138,1,1,0,0,0,0,0,0,0,0,0,0
2002,180138,2,1,0,0,0,0,0,0,0,0,0,0
2002,180139,1,1,27,27,27,27,27,27,27,27,27,27
2002,180140,1,1,0,0,0,0,0,0,0,0,0,0
2002,180141,1,1,0,0,0,0,0,0,0,0,0,0
2002,180141,2,1,0,0,0,0,0,0,8,0,0,0
2002,180142,1,1,0,0,0,0,0,0,0,0,0,0
2002,180142,2,1,0,0,0,0,0,0,0,0,0,0
2002,180143,1,1,0,0,0,0,0,0,0,0,0,0
2002,180144,1,1,0,0,0,0,0,0,0,0,0,0
2002,180144,2,1,10,10,10,10,10,10,10,10,10,10
2002,180144,3,1,0,0,0,0,0,0,0,0,0,0
2002,180145,1,1,0,0,0,0,0,0,0,0,0,0
2002,180145,2,1,0,0,0,0,0,0,0,0,0,0
2002,180145,3,1,0,0,0,0,0,0,0,0,0,0
2002,180146,1,1,0,0,0,0,0,0,0,0,0,0
2002,180146,2,1,0,0,0,0,0,0,0,0,0,0
2002,180146,3,1,0,0,0,0,0,0,0,0,0,0
2002,180147,1,1,24,24,24,24,24,24,24,24,24,24
2002,180148,1,1,15,15,15,15,15,15,15,15,15,15
2002,180148,2,1,0,0,0,0,0,0,0,0,0,0
2002,180149,1,1,24,24,24,24,24,24,24,24,24,24
2002,180150,1,1,26,26,26,26,26,26,26,26,26,26
2002,180150,2,1,0,0,0,0,0,0,0,0,0,0
2002,180151,1,1,0,0,0,0,0,0,0,0,0,0
2002,180152,1,1,0,0,0,0,0,0,0,0,0,0
2002,180153,1,1,0,0,0,0,0,0,0,0,0,0
2002,180154,0,1,0,0,0,0,0,0,0,0,0,0
2002,180154,1,1,0,0,0,0,0,0,0,0,0,0
2002,180155,1,1,18,18,18,18,18,18,18,18,18,18
2002,180156,1,1,0,0,0,0,0,0,0,0,0,0
2002,180157,0,1,15,15,15,15,15,15,15,15,15,15
2002,180157,1,1,0,0,0,0,0,0,0,0,0,0
2002,180158,1,1,0,0,0,0,0,0,0,0,0,0
2002,180158,2,1,0,0,0,0,0,0,0,0,0,0
2002,180159,1,1,0,0,0,0,0,0,0,0,0,0
2002,180159,2,1,0,0,0,0,0,0,0,0,0,0
2002,180160,1,1,18,18,18,18,18,18,18,18,18,18
2002,180161,1,1,0,0,0,0,0,0,0,0,0,0
2002,180161,2,1,0,0,0,0,0,0,0,0,0,0
2002,180162,1,1,0,0,0,0,0,0,0,0,0,0
2002,180162,2,1,0,0,0,0,0,0,0,0,0,0
2002,180163,0,1,0,0,0,0,0,0,0,0,0,0
2002,180163,1,1,0,0,0,0,0,0,0,0,0,0
2002,180164,1,1,19,19,19,19,19,19,19,19,19,19
2002,180165,1,1,0,0,0,0,0,0,0,0,0,0
2002,180165,2,1,0,0,0,0,0,0,0,0,0,0
2002,180166,1,1,0,0,0,0,0,0,0,0,0,0
2002,180166,2,1,0,0,0,0,0,0,0,0,0,0
2002,180167,1,1,20,20,20,20,20,20,20,20,20,20
2002,180168,1,1,0,0,0,0,0,0,0,0,0,0
2002,180168,2,1,0,0,0,0,0,0,0,0,0,0
2002,180169,1,1,14,14,14,14,14,14,14,14,14,14
2002,180170,1,1,0,0,0,0,0,0,0,0,0,0
2002,180171,1,1,19,19,19,19,19,19,19,19,19,19
2002,180172,1,1,26,26,26,26,26,26,26,26,26,26
2002,180173,1,1,20,20,20,20,20,20,20,20,20,20
2002,180174,1,1,0,0,0,0,0,0,0,0,0,0
2002,180175,1,1,19,19,19,19,19,19,19,19,19,19
2002,180176,1,1,0,0,0,0,0,0,0,0,0,0
2002,180176,2,1,0,0,0,0,0,0,0,0,0,0
2002,180177,1,1,0,0,0,20,0,0,0,0,0,0
2002,180178,1,1,0,0,0,0,0,0,0,0,0,0
2002,180178,2,1,10,10,10,10,10,10,10,10,10,10
2002,180179,1,1,15,15,15,15,15,15,15,15,15,15
2002,180179,2,1,0,0,0,0,0,0,0,0,0,0
2002,180180,1,1,0,0,0,0,0,0,0,0,0,0
2002,180180,2,1,0,0,0,0,0,0,0,0,0,0
2002,180181,1,1,0,0,0,0,0,0,0,0,0,0
2002,180181,2,1,0,0,0,0,0,0,0,0,0,0
2002,180182,1,1,7,7,7,7,7,7,7,7,7,7
2002,180183,1,1,0,0,0,0,0,0,0,0,0,0
2002,180183,2,1,23,23,23,23,23,23,23,23,23,23
2002,180184,1,1,0,0,17,10,0,0,0,11,8,23
2002,180185,1,1,0,0,0,0,0,0,0,0,0,0
2002,180185,2,1,0,0,0,0,0,0,0,0,0,0
2002,180186,1,1,0,0,0,8,0,0,0,0,0,0
2002,180186,2,1,8,8,8,8,8,8,8,8,8,8
2002,180187,1,1,0,0,0,0,0,0,0,0,0,12
2002,180188,1,1,0,0,0,0,0,0,0,0,0,0
2002,180188,2,1,0,0,0,0,0,0,0,0,0,0
2002,180189,1,1,9,9,9,9,9,9,9,9,9,9
2002,180190,1,1,12,12,12,12,12,12,12,12,12,12
2002,180191,1,1,0,0,0,0,0,0,0,0,0,0
2002,180191,2,1,0,0,0,0,0,0,0,0,0,0
2002,180192,1,1,0,0,0,0,0,0,0,0,0,0
2002,180193,1,1,0,0,0,0,0,0,0,0,0,0
2002,180193,2,1,0,0,0,0,0,0,0,0,0,0
2002,180194,1,1,0,0,0,0,0,0,0,0,0,0
2002,180194,2,1,33,33,33,33,33,33,33,33,33,33
2002,180195,1,1,0,0,0,0,0,0,0,0,0,0
2002,180195,2,1,0,0,0,0,0,0,0,0,0,0
2002,180196,1,1,0,0,0,0,0,0,0,0,0,0
2002,180196,2,1,0,0,0,0,0,0,0,0,0,0
2002,180197,1,1,0,0,0,0,0,0,0,0,0,0
2002,180197,2,1,0,0,0,0,0,0,0,0,0,0
2002,180198,1,1,0,0,0,0,0,0,0,0,0,0
2002,180198,2,1,0,0,0,0,0,0,0,0,0,0
2002,180198,3,1,0,0,0,0,0,0,0,0,0,0
2002,180199,1,1,11,11,11,11,11,11,11,11,11,11
2002,180199,2,1,0,0,0,0,7,0,0,0,0,0
2002,180200,1,1,0,0,0,0,0,0,0,0,0,0
2002,180200,2,1,0,0,0,0,0,0,0,0,0,0
2002,180201,1,1,0,0,0,0,0,0,0,0,0,0
2002,180201,2,1,0,0,0,0,0,0,0,0,0,0
2002,180202,1,1,19,19,19,19,19,19,19,19,19,19
2002,180203,0,1,0,0,0,0,0,0,0,0,0,0
2002,180203,1,1,0,0,0,0,0,0,0,0,0,0
2002,180204,1,1,0,0,0,0,0,0,0,0,0,0
2002,180205,1,1,0,0,18,33,0,23,10,0,29,0
2002,180205,2,1,0,0,0,0,0,6,0,0,0,0
2002,180206,1,1,0,0,0,0,0,0,0,0,0,0
2002,180207,1,1,0,0,0,0,0,0,0,0,0,0
2002,180207,2,1,0,0,0,0,0,0,0,0,0,0
2002,180208,1,1,0,0,0,0,0,0,0,0,0,0
2002,180208,2,1,0,0,0,0,0,0,0,0,0,0
2002,180209,1,1,4,4,4,4,4,4,4,4,4,4
2002,180210,1,1,0,0,0,0,0,0,0,0,10,0
2002,180211,1,1,9,9,9,9,9,9,9,9,9,9
2002,180211,2,1,0,0,0,0,0,0,0,0,0,0
2002,180212,1,1,0,0,0,0,0,0,0,0,6,0
2002,180212,2,1,0,0,0,0,0,0,0,0,0,0
2002,180213,1,1,0,0,0,0,0,0,0,0,0,0
2002,180214,1,1,0,0,0,0,0,0,0,0,0,0
2002,180215,1,1,0,0,0,0,0,0,0,0,0,0
2002,180216,1,1,0,0,0,0,0,0,0,0,0,0
2002,180216,2,1,0,0,0,0,0,0,0,0,0,0
2002,180217,1,1,0,0,15,0,0,6,15,0,0,0
2002,180217,2,1,0,0,0,0,0,0,0,0,0,0
2002,180218,0,1,0,0,0,0,0,0,0,0,0,0
2002,180218,1,1,0,0,0,0,0,0,0,0,0,0
2002,180219,1,1,13,13,13,13,13,13,13,13,13,13
2002,180221,1,1,0,0,0,0,0,0,0,0,0,0
2002,180222,1,1,15,15,15,15,15,15,15,15,15,15
2002,180223,1,1,0,0,0,0,0,0,0,0,0,0
2002,180223,2,1,0,0,0,0,0,0,0,0,0,0
2002,180224,1,1,0,0,0,0,0,0,0,0,0,0
2002,180224,2,1,0,0,0,0,0,0,0,0,0,0
2002,180225,1,1,0,0,0,0,0,0,0,0,0,0
2002,180225,2,1,0,0,0,0,0,0,0,0,0,0
2002,180226,1,1,34,34,34,34,34,34,34,34,34,34
2002,180226,2,1,8,8,8,8,8,8,8,8,8,8
2002,180227,0,1,10,18,0,0,10,0,0,0,21,20
2002,180227,1,1,0,0,0,0,0,0,0,0,0,0
2002,180228,1,1,4,4,4,4,4,4,4,4,4,4
2002,180229,0,1,0,7,8,0,0,0,0,0,31,0
2002,180229,1,1,0,0,0,0,0,0,0,0,0,0
2002,180230,1,1,0,0,0,0,0,0,0,0,0,0
2002,180230,2,1,0,0,0,0,0,0,0,0,0,0
2002,180231,1,1,14,14,14,14,14,14,14,14,14,14
2002,180232,1,1,27,27,27,27,27,27,27,27,27,27
2002,180233,1,1,22,22,22,22,22,22,22,22,22,22
2002,180233,2,1,0,0,0,24,0,12,8,16,0,13
2002,180234,1,1,0,0,0,0,0,0,0,0,0,0
2002,180234,2,1,0,0,0,0,0,0,0,0,0,0
2002,180235,1,1,0,0,0,0,0,0,0,0,0,0
2002,180235,2,1,8,8,8,8,8,8,8,8,8,8
2002,180236,1,1,0,0,0,0,0,0,0,0,0,0
2002,180236,2,1,2,2,2,2,2,2,2,2,2,2
2002,180237,1,1,0,0,0,0,0,0,0,0,0,0
2002,180237,2,1,0,0,0,0,0,0,0,0,0,0
2002,180237,3,1,0,0,0,0,0,0,0,0,5,0
2002,180237,4,1,0,0,0,0,0,0,0,0,0,0
2002,180238,1,1,11,11,11,11,11,11,11,11,11,11
2002,180239,1,1,0,0,0,0,0,0,0,0,0,0
2002,180240,1,1,0,0,0,0,0,0,0,0,0,0
2002,180240,2,1,0,0,0,0,0,0,0,0,0,0
2002,180241,1,1,9,9,9,9,9,9,9,9,9,9
2002,180242,1,1,0,0,0,0,0,0,0,0,0,0
2002,180242,2,1,0,0,0,0,0,0,17,0,0,0
2002,180243,1,1,2,2,2,2,2,2,2,2,2,2
2002,180244,1,1,0,0,0,0,0,0,0,0,0,0
2002,180244,2,1,0,0,0,0,0,0,0,0,0,0
2002,180245,1,1,6,6,6,6,6,6,6,6,6,6
2002,180245,2,1,0,0,0,0,0,0,0,0,0,0
2002,180246,1,1,19,19,19,19,19,19,19,19,19,19
2002,180247,1,1,0,0,0,0,0,0,0,0,0,0
2002,180247,2,1,0,0,0,0,0,0,0,0,0,0
2002,180247,3,1,0,0,0,0,0,0,0,0,0,0
2002,180247,4,1,0,0,0,0,0,0,0,0,10,0
2002,180248,1,1,0,6,0,0,0,0,0,0,0,5
2002,180248,2,1,9,9,9,9,9,9,9,9,9,9
2002,180249,1,1,11,11,11,11,11,11,11,11,11,11
2002,180250,1,1,0,0,0,0,0,0,0,0,0,0
2002,180250,2,1,0,0,0,0,0,0,0,0,0,0
2002,180250,3,1,0,0,0,0,0,0,0,0,0,0
2002,180251,1,1,14,14,14,14,14,14,14,14,14,14
2002,180252,1,1,0,0,0,0,0,0,0,0,0,0
2002,180252,2,1,15,0,0,0,10,0,0,0,31,0
2002,180253,1,1,0,0,0,0,0,0,0,0,0,0
2002,180253,2,1,0,0,0,0,0,0,0,0,0,0
2002,180254,1,1,0,0,0,0,0,0,0,0,0,0
2002,180254,2,1,0,0,0,0,0,0,0,0,0,0
2002,180255,1,1,0,0,0,0,0,0,0,0,0,0
2002,180255,2,1,0,0,0,0,0,0,0,0,0,0
2002,180256,1,1,22,22,22,22,22,22,22,22,22,22
2002,180256,2,1,0,0,0,0,0,0,0,0,0,0
2002,180257,1,1,7,7,7,7,7,7,7,7,7,7
2002,180258,1,1,0,0,0,0,0,0,0,0,0,0
2002,180258,2,1,0,0,0,0,0,0,0,0,0,0
2002,180259,1,1,4,4,4,4,4,4,4,4,4,4
2002,180259,2,1,0,0,0,0,13,0,0,0,0,0
2002,180260,1,1,0,0,0,0,0,0,0,0,0,0
2002,180260,2,1,0,0,0,0,0,0,0,0,0,0
2002,180261,1,1,15,0,0,0,0,0,0,29,4,0
2002,180262,1,1,0,0,0,0,0,0,0,0,0,0
2002,180263,1,1,0,0,0,0,0,0,0,0,0,0
2002,180263,2,1,0,0,0,0,0,0,0,0,0,0
2002,180263,3,1,0,0,0,0,0,0,0,0,0,0
2002,180264,1,1,0,0,0,0,0,0,0,0,0,0
2002,180265,1,1,0,0,0,0,0,0,0,0,0,0
2002,180266,1,1,0,0,0,0,0,0,0,0,0,0
2002,180267,1,1,3,3,3,3,3,3,3,3,3,3
2002,180268,1,1,26,26,26,26,26,26,26,26,26,26
2002,180269,1,1,0,0,0,0,0,0,0,0,0,0
2002,180270,1,1,0,0,0,0,0,0,0,0,0,0
2002,180270,2,1,0,0,0,0,0,0,0,0,0,0
2002,180271,1,1,0,0,0,0,0,0,0,0,0,0
2002,180271,2,1,0,0,0,0,0,0,0,0,0,0
2002,180272,1,1,0,0,0,0,0,0,0,0,0,0
2002,180272,2,1,0,0,0,0,0,0,0,0,0,0
2002,180273,1,1,21,21,21,21,21,21,21,21,21,21
2002,180274,1,1,24,24,24,24,24,24,24,24,24,24
2002,180275,1,1,0,0,6,0,0,0,0,0,0,0
2002,180275,2,1,0,0,0,0,0,0,0,0,0,0
2002,180276,1,1,0,0,0,0,0,0,0,0,0,0
2002,180277,1,1,0,0,0,0,0,0,0,0,0,0
2002,180278,1,1,0,0,0,0,0,0,0,0,0,0
2002,180279,1,1,0,0,0,0,0,0,0,0,0,0
2002,180279,2,1,0,26,0,0,0,9,12,0,0,0
2002,180280,1,1,0,0,0,0,0,0,0,0,0,0
2002,180281,1,1,5,5,5,5,5,5,5,5,5,5
2002,180282,1,1,0,0,0,0,0,0,0,0,0,0
2002,180282,2,1,0,0,0,0,0,0,0,0,0,0
2002,180283,1,1,0,0,0,0,0,0,0,0,0,0
2002,180283,2,1,0,0,0,0,0,0,0,0,0,0
2002,180284,1,1,0,0,0,0,0,0,0,0,0,0
2002,180285,0,1,10,10,10,10,10,10,10,10,10,10
2002,180285,1,1,0,0,0,0,0,0,16,0,0,0
2002,180286,1,1,0,0,0,0,0,0,0,0,0,0
2002,180286,2,1,0,0,0,0,0,0,0,0,0,0
2002,180286,3,1,0,0,0,0,0,0,0,0,0,0
2002,180286,4,1,0,0,0,0,0,0,0,0,0,0
2002,180287,1,1,0,0,0,0,0,0,0,0,0,0
2002,180287,2,1,0,0,0,0,0,0,0,0,0,0
2002,180288,1,1,0,0,14,0,0,4,0,0,0,5
2002,180288,2,1,0,0,0,0,0,0,0,0,0,0
2002,180288,3,1,0,0,0,0,0,0,0,0,0,0
2002,180289,1,1,0,0,0,0,0,0,0,0,0,0
2002,180289,2,1,5,5,5,5,5,5,5,5,5,5
2002,180290,0,1,0,0,0,0,0,0,0,0,0,0
2002,180290,1,1,0,0,0,0,0,0,0,0,0,0
2002,180291,0,1,0,0,0,0,0,0,0,0,0,0
2002,180291,1,1,0,0,0,0,0,0,0,0,0,0
2002,180292,1,1,26,26,26,26,26,26,26,26,26,26
2002,180292,2,1,0,0,0,0,0,0,0,0,0,0
2002,180293,1,1,4,4,4,4,4,4,4,4,4,4
2002,180294,1,1,0,0,0,0,0,0,0,0,0,0
2002,180295,1,1,0,0,0,0,0,0,0,0,0,0
2002,180295,2,1,0,0,0,0,0,0,0,0,0,0
2002,180296,1,1,0,0,0,0,0,0,0,0,0,0
2002,180297,1,1,21,21,21,21,21,21,21,21,21,21
2002,180297,2,1,0,0,0,0,0,0,0,0,0,0
2002,180298,1,1,19,19,19,19,19,19,19,19,19,19
2002,180299,1,1,0,20,0,0,0,0,0,0,0,0
2002,180300,1,1,18,18,18,18,18,18,18,18,18,18
2002,180300,2,1,0,15,0,22,23,0,18,0,0,18
2002,180300,3,1,0,0,0,0,0,0,0,0,0,0
2002,180301,1,1,22,22,22,22,22,22,22,22,22,22
2002,180301,2,1,0,0,0,0,0,0,0,0,0,0
2002,180302,0,1,0,15,13,0,0,0,0,19,36,15
2002,180302,1,1,2,2,2,2,2,2,2,2,2,2
2002,180303,0,1,0,0,0,0,0,0,0,0,0,0
2002,180303,1,1,0,0,5,0,0,0,0,16,0,0
2002,180304,1,1,19,19,19,19,19,19,19,19,19,19
2002,180305,1,1,0,0,0,0,0,0,0,0,0,0
2002,180306,1,1,0,0,0,0,0,0,0,0,0,0
2002,180306,2,1,0,0,0,0,0,0,0,0,0,0
2002,180306,3,1,0,0,0,0,0,0,0,0,0,0
2002,180307,1,1,0,0,0,0,0,0,0,0,0,0
2002,180308,1,1,0,0,0,0,0,0,0,0,0,0
2002,180308,2,1,0,0,0,0,0,0,0,0,0,0
2002,180309,1,1,0,13,10,12,0,25,18,0,0,0
2002,180310,1,1,0,0,0,0,0,0,0,0,0,0
2002,180311,1,1,0,0,0,0,0,0,0,0,0,0
2002,180311,2,1,0,0,0,0,0,0,0,0,0,0
2002,180312,1,1,24,24,24,24,24,24,24,24,24,24
2002,180313,1,1,0,0,0,0,0,0,0,0,0,0
2002,180313,2,1,0,0,0,0,0,0,0,0,0,0
2002,180314,1,1,0,0,0,0,0,0,0,0,0,0
2002,180314,2,1,0,0,0,0,0,0,0,0,0,0
2002,180315,1,1,0,0,0,0,0,0,0,0,0,0
2002,180315,2,1,0,0,0,0,0,0,0,0,0,0
2002,180316,1,1,17,17,17,17,17,17,17,17,17,17
2002,180316,2,1,0,0,6,0,0,0,0,0,0,0
2002,180317,1,1,13,13,13,13,13,13,13,13,13,13
2002,180318,1,1,0,0,0,0,0,0,0,0,0,0
2002,180318,2,1,0,0,0,0,0,0,0,0,0,0
2002,180319,0,1,0,0,0,0,0,0,0,15,8,0
2002,180319,1,1,0,0,0,0,0,0,0,0,0,0
2002,180320,1,1,0,0,0,0,0,0,0,0,0,0
2002,180320,2,1,0,0,0,0,0,0,0,0,0,0
2002,180321,1,1,0,0,0,0,0,0,0,0,0,0
2002,180321,2,1,0,0,0,0,0,0,0,0,0,0
2002,180322,1,1,0,0,0,0,0,0,0,0,0,0
2002,180322,2,1,0,0,0,0,0,0,0,0,0,0
2002,180323,0,1,0,0,0,0,0,0,0,0,0,0
2002,180323,1,1,0,0,0,0,0,0,0,0,0,0
2002,180324,1,1,32,32,32,32,32,32,32,32,32,32
2002,180325,1,1,0,0,0,0,0,0,0,0,0,0
2002,180325,2,1,0,0,0,0,0,0,0,0,0,0
2002,180326,1,1,0,0,0,0,0,0,0,0,0,0
2002,180326,2,1,0,0,0,0,0,0,0,0,0,0
2002,180327,1,1,0,0,0,0,0,0,0,0,0,0
2002,180328,1,1,0,5,0,0,0,0,0,6,0,0
2002,180329,1,1,0,0,0,0,0,0,0,0,0,0
2002,180330,1,1,0,0,0,0,0,0,0,0,0,0
2002,180331,1,1,7,7,7,7,7,7,7,7,7,7
2002,180332,1,1,0,0,0,0,0,0,0,0,0,0
2002,180332,2,1,0,0,0,0,0,0,0,0,0,0
2002,180333,1,1,0,0,0,0,0,0,0,0,0,0
2002,180334,1,1,21,21,21,21,21,21,21,21,21,21
2002,180335,1,1,15,15,15,15,15,15,15,15,15,15
2002,180335,2,1,9,9,9,9,9,9,9,9,9,9
2002,180336,1,1,0,0,0,0,0,0,0,0,0,0
2002,180336,2,1,0,0,0,0,0,0,0,0,0,0
2002,180336,3,1,0,0,0,0,0,0,0,0,0,0
2002,180337,1,1,7,0,0,0,0,0,0,0,0,0
2002,180338,1,1,0,0,0,0,0,0,0,0,0,0
2002,180339,1,1,24,24,24,24,24,24,24,24,24,24
2002,180339,2,1,0,21,0,0,0,0,0,0,0,0
2002,180340,1,1,0,0,0,0,0,0,0,0,0,0
2002,180340,2,1,0,0,0,0,0,0,0,0,0,0
2002,180341,1,1,17,4,15,37,6,39,8,22,32,20
2002,180342,1,1,0,0,0,0,0,0,0,0,0,0
2002,180342,2,1,0,0,0,0,0,0,0,0,0,0
2002,180343,1,1,25,25,25,25,25,25,25,25,25,25
2002,180343,2,1,0,0,0,0,0,0,0,0,0,0
2002,180344,1,1,0,0,0,0,0,0,0,0,0,0
2002,180345,1,1,0,0,0,0,0,0,0,0,0,0
2002,180345,2,1,0,0,0,0,0,0,0,0,0,0
2002,180346,1,1,0,0,0,0,0,0,0,0,0,0
2002,180346,2,1,0,0,0,0,0,0,0,0,0,0
2002,180346,3,1,0,0,0,0,0,0,0,0,0,0
2002,180347,1,1,13,13,13,13,13,13,13,13,13,13
2002,180347,2,1,0,0,0,0,0,0,0,0,0,0
2002,180348,1,1,0,0,12,0,0,0,0,17,0,0
2002,180348,2,1,0,0,0,0,0,0,0,0,0,0
2002,180348,3,1,0,0,0,0,0,0,0,0,11,0
2002,180349,1,1,0,0,0,0,0,0,0,0,0,0
2002,180349,2,1,0,0,0,0,0,0,0,0,0,0
2002,180350,1,1,0,0,0,0,0,0,0,0,0,0
2002,180351,1,1,13,0,0,0,0,0,0,0,0,0
2002,180352,1,1,0,0,0,0,0,0,0,0,0,0
2002,180352,2,1,0,0,0,0,0,0,0,0,0,0
2002,180353,1,1,20,20,20,20,20,20,20,20,20,20
2002,180354,1,1,0,0,0,0,0,0,0,0,0,0
2002,180355,1,1,0,0,0,0,0,0,0,0,0,0
2002,180355,2,1,0,0,0,0,0,0,0,0,0,0
2002,180356,1,1,0,0,0,0,0,0,0,0,0,0
2002,180357,1,1,0,0,0,0,0,0,0,0,0,0
2002,180357,2,1,0,0,0,0,0,0,0,0,0,0
2002,180358,1,1,0,0,0,0,0,0,0,0,0,0
2002,180358,2,1,0,0,0,0,0,0,0,0,0,0
2002,180359,1,1,0,0,0,0,0,0,0,0,0,0
2002,180359,2,1,0,15,0,0,0,0,0,0,0,0
2002,180360,1,1,0,0,0,0,0,0,0,0,0,0
2002,180360,2,1,0,0,0,0,0,0,0,0,0,0
2002,180360,3,1,0,0,0,0,0,0,0,0,0,0
2002,180361,1,1,0,0,0,0,0,0,0,0,0,0
2002,180361,2,1,0,0,0,0,0,0,0,0,0,6
2002,180361,3,1,0,0,0,0,0,0,0,0,0,0
2002,180362,1,1,33,33,33,33,33,33,33,33,33,33
2002,180363,1,1,0,0,0,0,0,0,0,0,0,0
2002,180363,2,1,0,0,0,0,0,0,0,0,0,0
2002,180364,1,1,0,0,0,0,0,0,0,0,0,0
2002,180364,2,1,0,0,0,0,0,0,0,0,0,0
2002,180365,1,1,0,0,0,0,0,0,0,0,3,14
2002,180365,2,1,0,0,19,0,0,5,0,0,0,0
2002,180366,1,1,0,0,0,0,0,0,0,0,0,0
2002,180367,1,1,0,0,0,0,0,0,0,0,0,0
2002,180367,2,1,0,0,0,0,0,0,0,0,0,0
2002,180368,1,1,0,0,0,0,0,0,0,0,0,0
2002,180369,1,1,0,0,0,0,0,0,0,0,0,0
2002,180369,2,1,0,0,0,0,0,0,0,0,0,0
2002,180370,1,1,0,0,0,0,0,0,0,0,0,0
2002,180370,2,1,0,0,0,0,0,0,0,0,0,0
2002,180371,1,1,0,0,0,0,0,0,0,0,0,0
2002,180371,2,1,0,0,0,0,0,0,0,0,0,0
2002,180371,3,1,0,0,0,0,0,0,0,0,0,0
2002,180372,1,1,0,0,0,0,0,0,0,0,0,0
2002,180372,2,1,0,0,0,0,0,0,0,0,0,0
2002,180372,3,1,1,1,1,1,1,1,1,1,1,1
2002,180373,0,1,0,0,0,0,0,0,0,0,0,0
2002,180373,1,1,0,0,0,0,0,0,0,0,0,0
2002,180374,1,1,28,28,28,28,28,28,28,28,28,28
2002,180375,1,1,0,0,0,0,0,0,0,0,0,0
2002,180375,2,1,0,0,0,0,0,0,0,0,0,0
2002,180376,1,1,0,0,0,0,0,0,0,0,0,0
2002,180376,2,1,0,0,0,0,0,0,0,0,0,0
2002,180377,1,1,17,17,17,17,17,17,17,17,17,17
2002,180377,2,1,0,0,0,0,0,0,0,0,0,0
2002,180378,1,1,0,0,0,0,0,0,0,0,0,0
2002,180378,2,1,0,0,0,0,0,0,0,0,0,0
2002,180379,1,1,0,0,0,0,0,0,0,0,0,0
2002,180379,2,1,0,0,0,0,0,0,0,0,0,0
2002,180380,1,1,0,0,0,0,0,0,0,0,0,0
2002,180380,2,1,0,0,0,0,0,0,0,0,0,0
2002,180381,1,1,0,0,0,0,0,0,0,0,0,0
2002,180381,2,1,0,0,0,0,0,0,0,0,0,0
2002,180381,3,1,0,0,0,0,0,0,0,0,0,0
2002,180382,1,1,0,0,8,14,20,0,0,0,0,0
2002,180383,1,1,0,0,0,0,0,0,0,0,0,0
2002,180384,1,1,0,0,0,0,0,0,0,0,0,0
2002,180385,1,1,0,0,0,0,0,0,0,0,0,0
2002,180385,2,1,0,0,0,0,0,0,0,0,0,0
2002,180386,1,1,0,0,0,0,0,0,0,0,0,0
2002,180387,1,1,0,0,0,0,0,0,0,0,0,0
2002,180388,1,1,4,4,4,4,4,4,4,4,4,4
2002,180388,2,1,0,0,0,0,0,0,0,0,0,0
2002,180389,1,1,0,0,0,0,0,0,0,0,0,0
2002,180390,1,1,0,0,0,0,0,0,0,2,0,0
2002,180390,2,1,0,0,0,0,0,0,0,0,0,0
2002,180390,3,1,0,0,0,0,0,0,0,0,0,0
2002,180391,1,1,17,17,17,17,17,17,17,17,17,17
2002,180392,1,1,0,0,0,0,0,0,0,0,0,0
2002,180393,1,1,0,0,0,0,0,0,0,0,0,0
2002,180393,2,1,0,0,0,0,0,0,0,0,0,0
2002,180394,1,1,0,0,0,0,11,0,0,0,0,0
2002,180394,2,1,0,0,0,0,0,0,0,0,0,0
2002,180395,1,1,0,0,0,0,0,0,0,0,0,0
2002,180395,2,1,0,0,0,0,0,0,0,0,0,0
2002,180396,1,1,0,0,0,0,0,0,0,0,0,0
2002,180396,2,1,0,0,0,0,0,0,0,0,0,0
2002,180397,1,1,6,6,6,6,6,6,6,6,6,6
2002,180398,1,1,0,0,0,0,0,0,0,0,0,0
2002,180398,2,1,0,0,0,0,0,0,0,0,0,0
2002,180399,0,1,0,0,0,0,0,0,0,0,0,0
2002,180399,1,1,0,0,0,0,0,0,0,0,0,0
2002,180400,1,1,0,0,0,0,0,0,0,0,0,0
2002,180400,2,1,0,0,0,0,0,0,0,0,0,0
2002,180400,3,1,0,0,0,0,0,0,0,0,0,0
2002,180401,1,1,30,30,30,30,30,30,30,30,30,30
2002,180402,1,1,0,0,0,0,0,0,0,0,0,0
2002,180403,1,1,0,0,0,0,0,0,0,0,0,0
2002,180403,2,1,0,0,0,0,0,0,0,0,0,0
2002,180404,1,1,0,0,0,0,0,0,0,0,0,0