YEAR,ST_CASE,veh_no,per_no,P1,P2,P3,P4,P5,P6,P7,P8,P9,P10
2002,180404,2,1,0,0,0,0,0,0,0,0,0,0
2002,180405,1,1,0,0,0,0,0,0,0,0,0,0
2002,180405,2,1,0,0,0,0,0,0,0,0,0,0
2002,180406,1,1,0,0,0,0,0,0,0,0,0,0
2002,180406,2,1,0,0,0,0,0,0,0,0,0,0
2002,180406,3,1,0,0,0,0,0,0,0,0,0,0
2002,180407,1,1,0,0,0,0,0,0,0,0,0,0
2002,180407,2,1,0,0,0,0,0,0,0,0,0,0
2002,180407,3,1,0,0,0,0,0,0,0,0,0,0
2002,180408,1,1,11,11,11,11,11,11,11,11,11,11
2002,180409,1,1,0,0,0,0,0,0,0,0,0,0
2002,180410,1,1,0,0,0,0,0,0,0,0,0,0
2002,180410,2,1,0,0,0,0,0,0,0,32,0,0
2002,180411,1,1,0,11,0,0,0,0,0,0,0,0
2002,180411,2,1,0,0,0,0,0,0,0,0,0,0
2002,180412,1,1,0,0,0,0,0,0,0,0,0,0
2002,180412,2,1,8,8,8,8,8,8,8,8,8,8
2002,180412,3,1,0,0,0,0,0,0,0,0,0,0
2002,180413,1,1,9,9,9,9,9,9,9,9,9,9
2002,180414,1,1,2,2,2,2,2,2,2,2,2,2
2002,180415,1,2,14,0,15,12,21,27,15,7,19,8
2002,180416,1,1,0,0,0,0,0,0,0,0,0,0
2002,180417,0,1,2,0,0,0,0,0,0,0,0,0
2002,180417,1,1,0,0,0,0,0,0,0,0,0,0
2002,180418,1,1,0,0,0,0,0,0,0,0,0,0
2002,180418,2,1,0,0,0,0,0,0,0,0,0,0
2002,180419,1,1,20,20,20,20,20,20,20,20,20,20
2002,180419,2,1,0,0,0,0,0,0,0,0,0,0
2002,180420,1,1,0,0,0,0,0,0,0,0,0,0
2002,180421,1,1,0,0,0,0,0,0,0,0,0,0
2002,180422,1,1,0,0,0,0,0,0,0,0,0,0
2002,180422,2,1,0,0,0,0,0,0,0,0,0,0
2002,180423,0,1,2,0,0,21,25,0,21,18,0,27
2002,180423,1,1,14,19,17,25,20,28,5,35,0,15
2002,180424,1,1,0,0,0,0,0,0,0,0,0,0
2002,180424,2,1,0,0,0,0,0,0,0,0,0,0
2002,180424,3,1,0,0,0,0,0,0,0,0,0,0
2002,180425,1,1,0,0,0,0,0,0,0,0,0,0
2002,180425,2,1,0,0,0,0,0,0,0,0,0,0
2002,180426,0,1,0,0,0,0,16,0,0,0,0,0
2002,180426,1,1,0,0,0,0,0,0,0,0,0,0
2002,180427,1,1,18,18,18,18,18,18,18,18,18,18
2002,180428,1,1,0,0,0,0,0,0,0,0,0,0
2002,180428,2,1,0,0,0,0,0,0,0,0,0,0
2002,180428,3,1,0,0,0,0,0,0,0,0,0,0
2002,180428,4,1,0,0,0,0,0,0,0,0,0,0
2002,180429,1,1,0,0,0,0,0,0,0,0,0,0
2002,180429,2,1,0,0,0,0,0,0,0,0,0,0
2002,180430,1,1,0,0,0,0,0,0,0,0,0,0
2002,180430,2,1,0,0,0,0,0,0,0,0,0,0
2002,180431,1,1,24,24,24,24,24,24,24,24,24,24
2002,180431,2,1,0,0,0,0,0,0,0,0,0,0
2002,180432,1,1,0,5,0,0,0,0,0,0,0,0
2002,180432,2,1,0,0,0,0,0,0,0,0,0,0
2002,180433,1,1,0,0,0,0,0,0,0,0,0,0
2002,180433,2,1,0,0,0,0,0,0,0,0,0,0
2002,180434,1,1,6,6,6,6,6,6,6,6,6,6
2002,180434,2,1,0,0,0,0,0,0,0,0,0,0
2002,180434,3,1,22,12,0,0,11,3,9,0,0,0
2002,180435,1,1,19,19,19,19,19,19,19,19,19,19
2002,180436,1,1,0,0,0,0,0,0,0,0,0,0
2002,180436,2,1,0,22,0,0,0,0,0,0,0,0
2002,180437,1,1,0,0,0,0,0,0,0,0,0,0
2002,180438,0,1,0,0,0,0,0,0,0,0,0,0
2002,180438,1,1,0,0,0,0,0,0,0,0,0,0
2002,180439,1,1,0,0,0,0,0,0,0,0,0,0
2002,180439,2,1,0,0,7,0,0,0,0,0,0,0
2002,180439,3,1,3,0,0,0,0,0,0,0,0,0
2002,180440,1,1,14,14,14,14,14,14,14,14,14,14
2002,180441,1,1,20,20,20,20,20,20,20,20,20,20
2002,180442,1,1,6,0,0,0,5,0,0,0,0,0
2002,180442,2,1,0,0,0,0,0,0,0,0,0,0
2002,180443,1,1,0,0,0,0,0,0,0,0,0,0
2002,180443,2,1,0,0,0,0,0,0,0,0,0,0
2002,180443,3,1,0,0,0,0,0,0,0,0,0,0
2002,180444,1,1,0,0,0,0,0,0,0,0,0,0
2002,180444,2,1,0,0,0,0,0,0,0,0,0,0
2002,180445,0,1,0,0,0,0,0,0,0,0,0,0
2002,180445,0,2,0,0,0,0,0,0,0,9,0,0
2002,180445,1,1,0,0,0,0,0,0,0,0,0,0
2002,180446,1,1,0,0,0,0,0,0,0,0,0,0
2002,180446,2,1,0,0,0,0,0,0,0,0,0,0
2002,180447,1,1,0,0,0,0,0,0,0,0,0,0
2002,180447,2,1,0,0,0,0,0,0,0,0,0,0
2002,180448,1,1,0,0,0,0,0,0,0,0,0,0
2002,180449,1,1,0,0,0,0,0,0,0,0,0,0
2002,180449,2,1,0,0,0,0,0,0,0,0,0,0
2002,180450,1,1,0,0,0,0,0,0,0,0,0,0
2002,180451,1,1,16,16,16,16,16,16,16,16,16,16
2002,180452,1,1,24,24,24,24,24,24,24,24,24,24
2002,180453,1,1,0,0,0,0,0,0,0,0,0,0
2002,180454,1,1,8,8,8,8,8,8,8,8,8,8
2002,180455,1,1,0,0,0,0,0,12,0,0,0,0
2002,180455,2,1,0,0,0,16,0,0,0,0,7,9
2002,180456,1,1,0,0,0,0,0,0,0,0,0,0
2002,180456,2,1,0,0,0,0,0,0,0,0,0,0
2002,180457,1,1,44,44,44,44,44,44,44,44,44,44
2002,180458,0,1,0,0,0,0,0,0,0,0,0,0
2002,180458,1,1,0,0,0,0,0,0,0,0,0,0
2002,180459,1,1,0,0,0,0,0,0,0,0,0,0
2002,180459,2,1,3,0,0,0,0,0,0,0,0,0
2002,180460,0,1,20,0,0,23,0,20,0,0,0,20
2002,180460,1,1,0,0,0,0,0,0,0,0,0,0
2002,180461,1,1,0,0,0,0,0,0,0,0,0,0
2002,180461,2,1,0,0,0,0,0,0,0,0,0,0
2002,180462,1,1,13,13,13,13,13,13,13,13,13,13
2002,180463,1,1,18,18,18,18,18,18,18,18,18,18
2002,180464,1,1,0,0,0,0,0,0,0,0,0,0
2002,180464,2,1,0,0,0,0,0,0,0,0,0,0
2002,180465,1,1,0,0,0,0,0,0,0,0,0,0
2002,180465,2,1,0,0,0,0,0,0,0,0,0,0
2002,180465,3,1,0,0,0,0,0,0,0,0,0,0
2002,180465,4,1,0,0,0,0,0,0,0,0,0,0
2002,180466,1,1,0,0,0,0,0,0,0,0,0,0
2002,180466,2,1,0,0,0,0,0,0,0,0,0,0
2002,180467,1,1,0,0,0,0,0,0,0,0,0,0
2002,180467,2,1,0,0,0,0,0,0,0,0,0,0
2002,180468,1,1,0,0,0,0,0,0,0,0,0,0
2002,180469,0,1,0,0,0,0,0,0,0,0,0,0
2002,180469,0,2,0,0,0,0,0,0,0,0,0,0
2002,180469,1,1,0,0,0,0,0,0,0,0,0,0
2002,180470,1,1,0,0,0,0,0,0,0,0,0,0
2002,180471,1,1,0,0,0,0,0,0,0,0,0,0
2002,180472,0,1,0,0,0,0,0,0,0,0,0,0
2002,180472,1,1,0,0,0,0,0,0,0,0,0,0
2002,180473,1,1,0,0,0,0,0,0,0,0,0,0
2002,180474,1,1,22,22,22,22,22,22,22,22,22,22
2002,180475,1,1,29,29,29,29,29,29,29,29,29,29
2002,180475,2,1,0,0,0,0,0,0,0,0,0,0
2002,180476,1,1,0,0,0,0,13,0,0,0,0,26
2002,180477,1,1,0,0,0,0,0,0,0,0,0,0
2002,180477,2,1,14,14,14,14,14,14,14,14,14,14
2002,180478,1,1,0,0,0,0,0,0,0,0,0,0
2002,180479,1,1,0,0,0,0,0,0,0,0,0,0
2002,180480,1,1,0,0,0,0,0,0,0,0,0,0
2002,180481,1,1,5,5,5,5,5,5,5,5,5,5
2002,180482,1,1,20,20,20,20,20,20,20,20,20,20
2002,180482,2,1,0,0,0,0,0,0,0,0,0,0
2002,180483,1,1,15,15,15,15,15,15,15,15,15,15
2002,180483,2,1,0,0,0,0,0,0,0,0,0,0
2002,180484,1,1,0,0,0,0,0,0,0,0,0,0
2002,180484,2,1,0,0,0,0,0,0,0,0,0,0
2002,180485,1,1,0,0,0,0,0,0,0,0,0,0
2002,180485,2,1,0,0,0,0,0,0,0,0,0,0
2002,180485,3,1,0,0,0,0,0,0,0,0,0,0
2002,180486,1,1,19,19,19,19,19,19,19,19,19,19
2002,180486,2,1,0,0,0,0,0,0,0,0,0,0
2002,180486,3,1,0,0,0,0,0,0,0,0,0,0
2002,180487,1,1,5,5,5,5,5,5,5,5,5,5
2002,180488,1,1,0,0,0,0,0,0,0,0,0,0
2002,180489,1,1,0,4,0,0,0,0,0,0,0,0
2002,180490,1,1,11,11,11,11,11,11,11,11,11,11
2002,180491,1,1,0,0,0,0,0,0,0,0,0,0
2002,180491,2,1,0,0,0,0,0,0,0,0,0,0
2002,180492,1,1,0,0,0,0,0,0,0,0,0,0
2002,180492,2,1,0,0,0,0,0,0,0,0,0,0
2002,180493,0,1,0,0,0,0,0,0,0,0,0,0
2002,180493,1,1,0,0,0,0,0,0,0,0,0,0
2002,180494,1,1,32,17,7,0,14,0,8,0,17,9
2002,180495,1,1,10,10,10,10,10,10,10,10,10,10
2002,180496,1,1,0,0,0,0,0,0,0,0,0,0
2002,180496,2,1,0,0,0,0,0,0,0,0,0,0
2002,180497,0,1,0,0,0,0,0,0,0,0,0,0
2002,180497,1,1,0,0,0,0,0,0,0,0,0,0
2002,180498,1,1,0,0,0,24,0,27,0,0,0,0
2002,180499,1,1,30,30,30,30,30,30,30,30,30,30
2002,180500,1,1,0,0,0,0,0,0,11,0,0,0
2002,180501,1,1,14,14,14,14,14,14,14,14,14,14
2002,180502,1,1,13,13,13,13,13,13,13,13,13,13
2002,180502,2,1,0,0,0,0,0,0,0,0,0,0
2002,180503,1,1,0,0,0,0,0,0,0,0,0,0
2002,180503,2,1,0,0,9,0,0,0,0,0,0,0
2002,180504,1,1,20,20,20,20,20,20,20,20,20,20
2002,180505,1,1,11,11,11,11,11,11,11,11,11,11
2002,180506,1,1,16,0,0,0,22,4,0,0,0,0
2002,180506,2,1,6,0,0,0,0,0,0,0,0,8
2002,180507,1,1,7,7,7,7,7,7,7,7,7,7
2002,180508,1,1,0,0,0,0,0,0,0,0,0,0
2002,180508,2,1,0,0,0,0,0,0,0,0,0,0
2002,180509,1,1,20,20,20,20,20,20,20,20,20,20
2002,180509,2,1,17,17,17,17,17,17,17,17,17,17
2002,180510,1,1,16,16,16,16,16,16,16,16,16,16
2002,180511,1,1,19,19,19,19,19,19,19,19,19,19
2002,180511,2,1,12,0,0,0,0,0,0,11,0,0
2002,180512,0,1,0,0,0,0,0,0,0,0,0,47
2002,180512,1,1,0,0,0,0,0,0,0,0,0,0
2002,180513,1,1,0,0,0,0,0,0,0,0,0,0
2002,180514,1,1,9,9,9,9,9,9,9,9,9,9
2002,180515,1,1,0,0,0,0,0,12,0,0,0,0
2002,180515,2,1,10,10,10,10,10,10,10,10,10,10
2002,180516,1,1,0,0,0,0,0,0,0,0,0,0
2002,180516,2,1,0,0,0,0,0,0,0,0,0,0
2002,180517,1,1,7,7,7,7,7,7,7,7,7,7
2002,180518,1,1,0,0,0,0,0,0,0,0,0,0
2002,180518,2,1,0,0,0,0,0,0,0,0,0,0
2002,180519,1,1,0,0,0,0,0,0,0,11,0,0
2002,180519,2,1,0,0,0,0,0,0,0,0,0,0
2002,180519,3,1,0,0,20,0,0,0,0,0,0,0
2002,180519,4,1,0,0,0,0,0,0,0,0,0,0
2002,180520,1,1,2,2,2,2,2,2,2,2,2,2
2002,180520,2,1,0,0,0,0,0,0,0,0,0,0
2002,180521,1,1,0,0,0,0,0,0,0,0,0,0
2002,180522,1,1,0,0,0,0,0,0,0,0,0,0
2002,180522,2,1,29,29,29,29,29,29,29,29,29,29
2002,180523,1,1,0,0,0,0,0,0,0,0,0,0
2002,180524,1,1,11,11,11,11,11,11,11,11,11,11
2002,180525,1,1,0,0,12,5,0,0,0,10,6,0
2002,180526,1,1,0,0,0,0,0,0,0,0,0,0
2002,180526,2,1,0,0,0,0,0,0,0,0,0,0
2002,180527,1,1,0,0,0,0,0,0,0,0,0,0
2002,180527,2,1,9,17,9,31,12,12,0,0,17,14
2002,180528,1,1,0,0,0,0,0,0,0,0,0,0
2002,180529,1,1,0,0,0,0,0,0,0,0,0,0
2002,180530,1,1,0,0,0,0,0,0,0,0,0,0
2002,180530,2,1,0,0,0,0,0,0,0,0,0,0
2002,180530,3,1,0,0,0,0,0,0,0,0,0,0
2002,180531,1,1,0,0,0,0,0,0,0,0,0,0
2002,180531,2,1,0,15,0,0,0,0,0,0,0,0
2002,180532,1,1,0,0,0,0,0,0,0,0,0,0
2002,180532,2,1,0,0,0,0,0,0,0,0,0,0
2002,180533,1,1,17,17,17,17,17,17,17,17,17,17
2002,180534,1,1,0,0,0,0,0,0,0,0,0,0
2002,180534,2,1,0,0,0,0,0,0,0,0,0,0
2002,180535,1,1,0,0,0,0,0,0,0,0,0,0
2002,180535,2,1,0,0,0,0,0,0,0,0,0,0
2002,180536,1,1,0,0,0,0,0,0,0,0,0,0
2002,180536,2,1,0,0,0,0,0,0,0,0,0,0
2002,180537,1,1,0,0,0,0,0,0,0,0,0,0
2002,180537,2,1,0,0,0,0,0,0,0,0,0,0
2002,180537,3,1,0,0,0,0,0,0,0,0,0,0
2002,180538,0,1,0,0,0,0,0,0,0,0,0,0
2002,180538,1,1,0,0,0,0,0,0,0,0,0,0
2002,180539,0,1,0,0,0,0,0,0,0,0,0,0
2002,180539,1,1,0,0,0,0,0,0,0,0,0,3
2002,180540,0,1,0,0,0,0,4,0,0,0,0,0
2002,180540,1,1,0,0,0,0,0,0,0,0,0,0
2002,180541,0,1,0,0,27,0,0,0,0,19,0,0
2002,180541,1,1,0,0,0,0,0,0,0,0,0,0
2002,180542,1,1,0,0,0,0,0,0,0,0,0,0
2002,180542,2,1,0,0,0,0,0,0,0,0,0,0
2002,180543,1,1,3,3,3,3,3,3,3,3,3,3
2002,180544,1,1,0,0,0,0,0,0,0,0,0,0
2002,180544,2,1,0,0,0,0,0,0,0,0,0,0
2002,180545,1,1,0,0,0,0,0,0,0,0,0,0
2002,180545,2,1,0,0,0,0,0,0,0,0,0,0
2002,180545,3,1,0,0,0,0,0,0,0,0,0,0
2002,180546,1,1,13,13,13,13,13,13,13,13,13,13
2002,180546,2,1,0,0,0,0,0,0,0,0,0,0
2002,180547,1,1,0,0,0,0,0,0,0,0,0,0
2002,180547,2,1,0,0,0,0,0,0,0,0,0,0
2002,180548,0,1,0,0,0,0,0,0,0,0,0,0
2002,180548,1,1,0,0,0,0,0,0,0,0,0,0
2002,180549,0,1,0,0,0,0,0,0,0,0,0,0
2002,180549,1,1,0,0,0,0,0,0,0,0,0,0
2002,180550,1,1,0,0,0,0,0,0,0,0,0,0
2002,180551,1,1,0,0,0,0,0,0,0,0,0,0
2002,180552,1,1,0,0,0,0,0,0,0,0,0,0
2002,180553,0,1,8,8,8,8,8,8,8,8,8,8
2002,180553,1,1,0,0,0,0,0,0,0,0,0,0
2002,180554,1,1,0,0,0,0,0,0,0,0,0,0
2002,180554,2,1,0,0,0,0,0,0,0,0,0,0
2002,180555,1,1,11,11,11,11,11,11,11,11,11,11
2002,180556,1,1,0,0,0,0,0,0,0,0,0,0
2002,180557,1,1,0,0,0,0,0,0,0,0,0,0
2002,180557,2,1,0,0,0,0,0,0,0,0,0,0
2002,180558,1,1,0,0,0,0,0,0,0,0,0,0
2002,180558,2,1,0,0,0,0,0,0,0,0,0,0
2002,180558,3,1,0,0,0,0,0,0,0,0,0,0
2002,180559,1,1,0,0,0,0,0,0,0,0,0,0
2002,180559,2,1,0,0,0,0,0,0,0,0,0,0
2002,180559,3,1,0,0,0,0,0,0,0,0,0,0
2002,180559,4,1,0,0,0,0,0,0,0,0,0,0
2002,180560,1,1,15,15,15,15,15,15,15,15,15,15
2002,180561,1,1,0,0,0,0,0,0,0,0,0,0
2002,180561,2,1,0,0,0,0,0,0,0,0,0,0
2002,180562,1,1,0,0,0,0,0,0,0,0,0,0
2002,180563,1,1,0,0,0,0,0,0,0,0,0,0
2002,180563,2,1,0,0,0,0,0,0,0,0,0,0
2002,180564,1,1,0,0,0,0,0,0,0,0,0,0
2002,180564,2,1,0,0,0,0,0,0,0,0,0,0
2002,180565,1,1,0,0,0,0,0,0,0,0,0,0
2002,180565,2,1,0,0,0,0,0,0,0,0,0,0
2002,180566,1,1,0,0,0,0,0,0,0,0,0,0
2002,180567,1,1,19,0,29,0,0,0,0,0,33,0
2002,180568,1,1,0,0,0,0,0,0,0,0,0,0
2002,180568,2,1,0,0,0,0,0,0,0,0,0,0
2002,180569,1,1,0,0,0,0,0,0,0,0,0,0
2002,180570,1,1,0,0,0,0,0,0,0,0,0,0
2002,180570,2,1,0,0,0,0,0,0,0,0,0,0
2002,180571,1,1,0,0,0,0,0,0,0,0,0,0
2002,180572,0,1,0,0,9,0,0,0,7,0,0,0
2002,180572,0,2,0,0,0,15,0,0,0,22,0,0
2002,180572,1,1,4,4,4,4,4,4,4,4,4,4
2002,180573,1,1,0,0,0,0,0,0,0,0,0,0
2002,180573,2,1,0,0,0,0,0,0,0,0,0,0
2002,180574,1,1,0,0,0,0,0,0,0,0,0,0
2002,180574,2,1,0,0,0,0,0,0,0,0,0,0
2002,180575,1,1,0,0,0,0,0,0,0,0,0,0
2002,180575,2,1,0,0,0,0,0,0,0,0,0,0
2002,180576,0,1,0,0,0,0,0,0,0,0,0,0
2002,180576,1,1,0,0,0,0,0,0,0,0,0,0
2002,180577,1,1,0,0,0,0,0,0,9,0,14,0
2002,180577,2,1,0,0,0,0,0,0,0,0,0,0
2002,180578,1,1,25,25,25,25,25,25,25,25,25,25
2002,180578,2,1,0,0,0,0,0,0,0,0,0,0
2002,180578,3,1,0,0,0,0,0,0,0,0,0,0
2002,180579,1,1,0,0,0,0,0,11,4,0,23,0
2002,180579,2,1,4,13,23,12,0,0,0,0,0,0
2002,180580,1,1,0,0,0,0,0,0,0,0,0,0
2002,180580,2,1,0,0,0,0,0,0,0,0,0,0
2002,180581,1,1,0,0,0,0,0,0,0,0,0,0
2002,180582,1,1,0,0,0,0,0,0,0,0,0,0
2002,180583,1,1,0,0,0,0,0,0,0,0,0,0
2002,180584,1,1,0,0,0,0,0,0,0,0,0,0
2002,180584,2,1,0,0,0,0,0,0,0,0,0,0
2002,180585,1,1,0,0,0,0,0,0,0,0,0,0
2002,180585,2,1,0,0,0,0,0,0,0,0,0,0
2002,180586,1,1,0,0,0,0,0,0,0,0,0,0
2002,180586,2,1,0,0,0,0,0,0,0,0,0,0
2002,180586,3,1,0,0,0,0,0,0,0,0,0,0
2002,180587,1,1,0,0,0,0,0,0,0,0,0,0
2002,180587,2,1,0,0,10,0,0,0,0,0,0,0
2002,180588,1,1,0,0,0,0,0,0,0,0,0,0
2002,180589,0,1,0,0,0,0,0,0,0,0,0,0
2002,180589,1,1,0,7,0,23,0,14,0,15,0,0
2002,180590,0,1,9,0,0,0,0,0,0,0,0,0
2002,180590,0,2,0,15,0,0,0,0,0,11,0,0
2002,180590,1,1,16,16,16,16,16,16,16,16,16,16
2002,180591,1,1,0,0,0,0,0,0,0,0,0,0
2002,180591,2,1,0,0,0,0,0,0,0,0,0,0
2002,180592,1,1,1,1,1,1,1,1,1,1,1,1
2002,180593,1,1,0,0,0,0,0,0,0,0,0,0
2002,180593,2,1,0,0,0,0,9,0,0,0,0,0
2002,180594,1,1,0,0,0,0,0,0,0,0,0,0
2002,180594,2,1,0,0,0,0,0,0,0,0,0,0
2002,180595,1,1,0,0,0,0,0,0,0,0,0,0
2002,180596,1,1,0,0,0,0,0,0,0,0,0,0
2002,180596,2,1,0,0,0,0,0,0,0,0,0,0
2002,180597,1,1,0,0,0,0,0,0,0,0,0,0
2002,180598,1,1,19,19,19,19,19,19,19,19,19,19
2002,180599,1,1,0,0,0,0,0,0,0,0,0,0
2002,180599,2,1,0,0,0,0,0,0,0,0,0,0
2002,180600,0,1,0,0,0,0,0,0,0,0,0,0
2002,180600,1,1,0,0,0,0,0,0,0,0,0,0
2002,180601,1,1,0,0,0,0,0,0,0,0,0,0
2002,180601,2,1,0,0,0,0,0,0,0,0,0,0
2002,180602,1,1,25,25,25,25,25,25,25,25,25,25
2002,180603,1,1,0,0,0,0,0,0,0,0,0,0
2002,180603,2,1,0,0,0,0,0,0,0,0,0,0
2002,180603,3,1,0,0,0,0,0,0,0,0,0,0
2002,180604,1,1,0,0,0,0,0,0,0,0,0,0
2002,180604,2,1,0,0,0,0,0,0,0,0,0,0
2002,180605,1,1,25,25,25,25,25,25,25,25,25,25
2002,180605,2,1,0,0,6,0,0,0,0,0,0,0
2002,180605,3,1,0,0,0,0,0,0,0,0,0,0
2002,180606,1,1,29,29,29,29,29,29,29,29,29,29
2002,180606,2,1,3,3,3,3,3,3,3,3,3,3
2002,180607,1,1,0,0,0,0,0,0,0,0,0,0
2002,180607,2,1,0,0,0,0,0,0,0,0,0,0
2002,180608,1,1,27,27,27,27,27,27,27,27,27,27
2002,180609,1,1,12,12,12,12,12,12,12,12,12,12
2002,180610,1,1,28,28,28,28,28,28,28,28,28,28
2002,180611,1,1,17,17,17,17,17,17,17,17,17,17
2002,180612,1,1,12,12,12,12,12,12,12,12,12,12
2002,180613,1,1,0,0,0,0,0,0,0,0,0,0
2002,180613,2,1,0,0,0,0,0,0,0,0,0,0
2002,180614,0,1,0,0,0,0,0,0,0,0,0,0
2002,180614,0,2,0,0,0,0,0,0,0,0,0,0
2002,180614,1,1,0,0,0,0,0,0,0,0,0,0
2002,180615,1,1,0,0,0,0,0,0,0,0,0,0
2002,180615,2,1,0,0,0,0,0,0,0,0,0,0
2002,180615,3,1,0,0,0,0,0,0,0,0,0,0
2002,180615,4,1,0,0,0,0,0,0,0,17,0,0
2002,180616,1,1,0,0,0,0,0,0,0,0,0,0
2002,180616,2,1,0,0,0,0,0,0,0,0,0,0
2002,180617,1,1,0,0,0,0,0,0,0,0,0,0
2002,180618,1,1,19,19,19,19,19,19,19,19,19,19
2002,180618,2,1,0,0,0,0,0,0,0,0,0,0
2002,180619,1,1,27,27,27,27,27,27,27,27,27,27
2002,180620,1,1,21,21,21,21,21,21,21,21,21,21
2002,180621,0,1,0,15,0,0,0,0,0,0,0,14
2002,180621,1,1,0,0,0,0,0,0,0,0,0,0
2002,180622,1,1,0,0,0,0,0,0,0,0,0,0
2002,180622,2,1,0,0,0,0,0,0,0,0,0,0
2002,180622,3,1,0,0,0,0,0,0,0,0,0,16
2002,180623,1,1,0,0,0,0,0,0,0,0,0,0
2002,180623,2,1,0,0,0,0,0,0,0,0,0,0
2002,180623,3,1,0,0,0,0,0,0,0,0,0,0
2002,180624,0,1,0,0,0,0,0,0,0,0,0,0
2002,180624,1,1,0,0,0,0,0,0,0,0,0,0
2002,180624,2,1,0,0,0,0,0,0,0,0,0,0
2002,180625,1,1,21,21,21,21,21,21,21,21,21,21
2002,180625,2,1,0,0,0,0,0,0,0,0,0,0
2002,180625,3,1,0,0,14,0,0,0,0,0,0,0
2002,180626,0,1,9,9,9,9,9,9,9,9,9,9
2002,180626,1,1,0,0,0,0,0,0,0,0,0,0
2002,180627,0,1,0,0,0,8,0,0,0,0,0,0
2002,180627,1,1,0,0,0,0,0,0,0,0,0,0
2002,180628,1,1,0,0,0,0,0,0,0,0,0,0
2002,180628,2,1,0,0,0,0,0,0,0,0,0,0
2002,180629,1,1,0,0,0,0,0,0,0,0,0,0
2002,180629,2,1,0,0,0,0,0,0,0,0,0,0
2002,180630,1,1,0,0,0,0,0,0,0,0,0,0
2002,180630,2,1,0,0,0,0,0,0,0,0,0,0
2002,180631,1,1,0,0,0,0,0,0,0,0,0,0
2002,180631,2,1,0,0,0,0,0,0,0,0,0,0
2002,180632,1,1,5,0,21,0,26,10,0,25,0,17
2002,180633,1,1,0,0,0,0,0,0,0,0,0,0
2002,180633,2,1,0,0,0,0,0,0,0,0,0,0
2002,180634,1,1,0,0,0,0,0,0,0,0,0,0
2002,180634,2,1,0,0,8,0,0,0,0,0,0,0
2002,180635,1,1,1,1,1,1,1,1,1,1,1,1
2002,180635,2,1,0,0,0,0,0,0,0,0,0,0
2002,180635,3,1,0,0,0,0,0,0,0,0,0,0
2002,180636,1,1,36,36,36,36,36,36,36,36,36,36
2002,180637,1,1,0,0,0,0,5,0,0,0,0,0
2002,180637,2,1,0,0,0,0,0,0,0,0,0,0
2002,180638,1,1,0,0,0,0,0,0,0,0,0,0
2002,180639,1,1,4,4,4,4,4,4,4,4,4,4
2002,180640,1,1,0,0,0,0,0,0,0,0,0,0
2002,180641,1,1,0,0,0,0,0,0,0,0,0,0
2002,180642,1,1,0,0,0,0,0,0,0,0,0,0
2002,180642,2,1,0,0,0,0,0,0,0,0,0,0
2002,180642,3,1,0,0,0,0,0,0,0,0,0,0
2002,180643,1,1,20,20,20,20,20,20,20,20,20,20
2002,180644,1,1,0,0,0,0,0,0,0,0,0,0
2002,180644,2,1,0,0,0,0,0,0,0,0,0,0
2002,180645,1,1,0,0,0,0,0,0,0,0,0,0
2002,180645,2,1,0,0,0,0,0,0,0,0,0,0
2002,180646,0,1,24,0,12,7,0,0,0,15,0,0
2002,180646,0,2,0,3,23,0,0,0,0,12,0,0
2002,180646,1,1,27,27,27,27,27,27,27,27,27,27
2002,180647,1,1,0,0,0,0,0,0,0,0,0,0
2002,180648,1,1,0,0,0,0,0,0,0,0,0,0
2002,180648,2,1,0,0,0,0,0,0,0,0,0,0
2002,180649,1,1,19,19,19,19,19,19,19,19,19,19
2002,180650,1,1,7,7,7,7,7,7,7,7,7,7
2002,180651,1,1,0,0,0,0,0,0,0,0,0,0
2002,180651,2,1,4,0,0,0,0,0,0,0,0,0
2002,180652,1,1,14,14,14,14,14,14,14,14,14,14
2002,180652,2,1,0,0,0,0,0,0,0,0,0,0
2002,180653,1,1,9,9,9,9,9,9,9,9,9,9
2002,180654,1,1,0,0,0,0,0,0,0,0,0,0
2002,180655,1,1,0,0,0,0,0,0,0,0,0,0
2002,180655,2,1,0,0,0,0,0,0,0,0,0,0
2002,180656,1,1,0,0,0,0,0,0,0,0,0,0
2002,180657,1,1,0,0,0,0,0,0,0,0,0,0
2002,180657,2,1,0,0,0,0,0,0,0,0,0,0
2002,180658,1,1,11,11,11,11,11,11,11,11,11,11
2002,180659,1,1,0,0,0,0,0,0,0,0,0,0
2002,180659,2,1,0,0,0,0,0,0,0,0,0,0
2002,180660,1,1,0,0,0,0,0,0,0,0,0,0
2002,180661,1,1,0,0,0,0,0,0,0,0,0,0
2002,180661,2,1,0,0,0,0,0,0,0,0,0,0
2002,180661,3,1,0,0,0,0,0,0,0,0,0,0
2002,180661,4,1,0,0,0,0,0,0,0,0,0,0
2002,180662,1,1,18,18,18,18,18,18,18,18,18,18
2002,180662,2,1,0,0,0,0,0,0,0,0,0,0
2002,180663,1,1,7,7,7,7,7,7,7,7,7,7
2002,180663,2,1,0,0,11,0,0,0,0,0,0,0
2002,180663,3,1,0,0,0,0,0,0,0,0,0,0
2002,180663,4,1,0,0,0,0,0,0,0,0,0,0
2002,180664,1,1,12,12,12,12,12,12,12,12,12,12
2002,180665,1,1,14,14,14,14,14,14,14,14,14,14
2002,180665,2,1,0,0,0,0,0,0,0,0,0,0
2002,180666,1,1,0,10,29,0,15,0,0,0,0,0
2002,180667,1,1,0,0,0,0,0,0,0,0,0,0
2002,180667,2,1,0,0,0,0,0,0,0,0,0,0
2002,180668,1,1,0,0,0,0,0,0,0,0,0,0