YEAR,ST_CASE,veh_no,per_no,P1,P2,P3,P4,P5,P6,P7,P8,P9,P10
2002,180668,2,1,0,0,0,0,0,0,0,0,0,0
2002,180669,1,1,0,0,0,0,22,0,0,0,0,25
2002,180670,1,1,0,0,0,0,0,0,0,0,0,0
2002,180671,1,1,13,13,13,13,13,13,13,13,13,13
2002,180671,2,1,0,0,0,0,0,0,0,0,0,0
2002,180672,1,1,0,0,0,0,0,0,0,0,0,0
2002,180673,0,1,0,0,0,0,0,0,0,0,0,0
2002,180673,1,1,0,0,0,0,0,0,0,0,0,0
2002,180674,1,1,27,27,27,27,27,27,27,27,27,27
2002,180674,2,1,0,0,0,0,0,0,0,0,0,0
2002,180675,1,1,0,0,0,0,0,0,0,0,0,0
2002,180675,2,1,0,0,0,0,0,0,0,0,0,0
2002,180676,1,1,0,0,0,0,0,0,0,0,0,0
2002,180677,1,1,0,0,0,0,0,0,0,0,0,0
2002,180678,1,1,0,0,15,0,0,0,0,0,14,0
2002,180678,2,1,11,11,11,11,11,11,11,11,11,11
2002,180679,1,1,9,9,9,9,9,9,9,9,9,9
2002,180680,1,1,0,0,0,0,0,0,0,0,0,0
2002,180680,2,1,0,0,0,0,0,0,0,0,0,0
2002,180681,0,1,0,0,0,0,0,0,0,0,0,24
2002,180681,1,1,3,0,0,0,0,0,8,0,0,0
2002,180682,1,1,0,0,0,0,0,0,7,33,18,15
2002,180683,1,1,0,0,0,0,0,0,0,0,0,0
2002,180683,2,1,0,0,0,0,0,0,10,4,0,0
2002,180684,1,1,14,14,14,14,14,14,14,14,14,14
2002,180684,2,1,0,12,0,0,0,0,0,0,0,0
2002,180685,1,1,0,0,0,0,0,0,0,0,0,0
2002,180686,1,1,13,32,17,14,10,10,0,19,27,8
2002,180686,2,1,0,0,0,0,0,0,0,0,0,0
2002,180687,1,1,0,0,0,0,0,0,0,0,0,0
2002,180688,0,1,0,26,0,0,0,0,0,0,0,0
2002,180688,1,1,0,0,0,0,0,0,0,0,0,0
2002,180689,1,1,0,0,0,0,0,0,0,0,0,0
2002,180690,1,1,0,0,0,0,0,0,0,0,0,0
2002,180691,1,1,0,0,0,0,0,0,0,0,0,0
2002,180691,2,1,0,0,0,0,0,0,0,0,0,0
2002,180692,0,1,0,0,0,0,0,0,0,0,0,0
2002,180692,1,1,0,0,0,0,0,0,0,0,0,0
2002,180693,1,1,15,15,15,15,15,15,15,15,15,15
2002,180694,1,1,0,0,0,0,0,0,0,0,0,0
2002,180694,2,1,0,0,17,0,0,0,0,0,0,0
2002,180694,3,1,0,0,0,0,0,0,4,0,0,0
2002,180695,1,1,6,6,6,6,6,6,6,6,6,6
2002,180695,2,1,0,0,0,0,0,0,0,0,0,0
2002,180696,1,1,7,7,7,7,7,7,7,7,7,7
2002,180696,2,1,0,0,0,0,0,0,0,0,0,0
2002,180697,1,1,6,6,6,6,6,6,6,6,6,6
2002,180698,1,1,33,0,0,0,0,0,0,0,0,0
2002,180699,1,1,23,23,23,23,23,23,23,23,23,23
2002,180699,2,1,0,0,0,0,0,0,0,0,0,0
2002,180699,3,1,0,0,0,0,0,0,0,0,0,0
2002,180700,1,1,0,0,0,0,0,0,0,0,0,0
2002,180701,1,1,0,0,0,0,0,0,0,0,0,0
2002,180702,1,1,14,14,14,14,14,14,14,14,14,14
2002,180702,2,1,6,6,6,6,6,6,6,6,6,6
2002,180703,1,1,0,0,0,0,0,0,0,0,0,0
2002,180704,1,1,0,0,0,0,0,0,0,0,0,0
2002,180704,2,1,0,0,0,0,0,0,0,0,0,0
2002,180705,0,1,0,0,44,0,16,0,0,0,0,0
2002,180705,1,1,0,0,0,0,0,0,0,0,0,0
2002,180706,1,1,0,0,0,0,0,0,0,0,0,0
2002,180707,1,1,0,0,0,0,0,0,0,0,0,0
2002,180708,1,1,10,10,10,10,10,10,10,10,10,10
2002,180709,1,1,0,0,0,0,0,0,0,0,0,0
2002,180709,2,1,0,0,0,0,0,0,0,0,0,0
2002,180709,3,1,0,0,0,0,0,0,0,0,0,0
2002,180709,4,1,0,0,0,0,0,0,0,13,0,0
2002,180710,1,1,0,0,0,0,0,0,0,0,22,0
2002,180710,2,1,20,20,20,20,20,20,20,20,20,20
2002,180711,1,1,0,0,0,0,0,0,0,0,0,0
2002,180711,2,1,0,0,0,0,0,0,0,0,0,0
2002,180712,1,1,0,0,0,0,16,0,3,0,3,0
2002,180713,1,1,0,0,0,0,0,0,0,0,0,0
2002,180713,2,1,0,0,0,0,0,0,0,0,0,0
2002,180714,0,1,0,0,0,23,0,0,0,0,0,0
2002,180714,1,1,0,0,0,0,0,0,0,0,0,0
2002,180715,1,1,0,0,0,0,0,0,0,0,0,0
2002,180715,2,1,0,0,0,0,0,0,0,0,0,0
2002,180716,1,1,21,21,21,21,21,21,21,21,21,21
2002,190001,1,1,15,15,15,15,15,15,15,15,15,15
2002,190002,1,1,10,10,10,10,10,10,10,10,10,10
2002,190002,2,1,18,18,18,18,18,18,18,18,18,18
2002,190003,1,1,21,22,0,22,5,13,8,10,21,0
2002,190004,1,1,0,0,0,0,0,0,0,0,0,0
2002,190004,2,1,0,0,0,0,0,0,0,0,0,0
2002,190005,1,1,18,18,18,18,18,18,18,18,18,18
2002,190006,1,1,0,0,0,0,0,0,0,0,0,0
2002,190006,2,1,0,0,0,0,0,0,0,0,0,0
2002,190007,1,1,0,0,0,0,0,0,0,0,0,0
2002,190007,2,1,0,0,0,0,0,0,0,0,0,0
2002,190008,1,1,0,0,0,0,0,0,0,0,0,0
2002,190009,1,1,18,18,18,18,18,18,18,18,18,18
2002,190009,2,1,0,0,0,0,0,0,0,0,0,0
2002,190010,1,1,0,0,0,0,0,0,0,0,0,0
2002,190011,1,1,19,19,19,19,19,19,19,19,19,19
2002,190012,1,1,0,0,0,0,0,0,0,0,0,0
2002,190013,1,1,26,26,26,26,26,26,26,26,26,26
2002,190014,1,1,9,0,0,0,0,0,0,0,0,0
2002,190015,1,1,0,0,0,0,0,0,0,0,0,0
2002,190016,1,1,0,0,0,0,0,0,0,0,0,0
2002,190016,2,1,0,0,0,0,0,0,0,0,0,0
2002,190017,1,1,0,0,0,0,0,0,0,0,0,0
2002,190018,1,1,0,0,0,0,5,0,14,0,0,0
2002,190018,2,1,0,0,0,0,0,0,0,0,0,0
2002,190019,1,1,23,23,23,23,23,23,23,23,23,23
2002,190020,1,1,20,20,20,20,20,20,20,20,20,20
2002,190020,2,1,0,0,0,0,0,0,0,0,0,0
2002,190021,1,1,0,0,0,0,0,0,0,0,0,0
2002,190021,2,1,0,0,0,0,0,0,0,0,0,0
2002,190022,1,1,0,0,0,0,0,0,0,0,0,0
2002,190022,2,1,0,0,0,0,0,0,0,0,0,0
2002,190023,1,1,0,0,0,0,0,0,0,0,0,0
2002,190023,2,1,0,0,0,0,0,0,0,0,0,0
2002,190025,1,1,0,0,0,0,0,0,30,0,0,0
2002,190025,2,1,0,0,0,0,0,0,0,0,0,0
2002,190026,1,1,0,0,0,0,0,0,0,0,0,0
2002,190026,2,1,0,0,0,0,0,0,0,0,0,0
2002,190027,1,1,0,0,5,0,0,0,0,0,0,0
2002,190028,1,1,0,0,19,0,23,0,0,0,0,0
2002,190029,1,1,0,0,0,0,13,0,0,0,0,0
2002,190030,1,1,0,18,0,22,17,0,0,8,26,0
2002,190031,1,1,0,0,0,0,0,0,0,0,0,0
2002,190032,1,1,0,0,0,0,0,0,0,0,0,21
2002,190032,2,1,0,0,0,0,0,0,0,0,0,0
2002,190033,1,1,0,0,0,0,0,0,0,0,0,0
2002,190034,1,1,0,0,0,15,34,6,11,0,0,0
2002,190035,0,1,0,0,0,0,0,0,0,0,0,0
2002,190035,1,1,0,0,0,0,0,0,0,0,0,0
2002,190036,1,1,0,0,0,0,0,0,0,0,0,0
2002,190036,2,1,0,0,0,0,0,0,0,0,0,0
2002,190037,1,1,23,34,26,23,20,21,18,27,29,0
2002,190038,1,1,0,0,0,0,0,0,0,0,0,0
2002,190038,2,1,0,0,0,0,0,0,12,0,0,0
2002,190038,3,1,0,0,0,0,0,0,0,0,0,0
2002,190039,1,1,9,9,9,9,9,9,9,9,9,9
2002,190040,1,1,17,17,17,17,17,17,17,17,17,17
2002,190041,1,1,0,0,0,0,0,0,0,0,0,0
2002,190042,1,1,0,42,0,0,0,0,22,0,8,0
2002,190043,1,1,22,22,22,22,22,22,22,22,22,22
2002,190044,1,1,0,0,0,0,0,0,0,0,5,0
2002,190045,0,1,0,0,0,0,0,0,0,0,0,0
2002,190045,1,1,0,0,0,0,0,0,0,0,0,0
2002,190046,1,1,12,12,12,12,12,12,12,12,12,12
2002,190047,0,1,0,0,0,17,0,16,0,12,0,15
2002,190047,1,1,0,0,0,0,0,0,0,0,0,0
2002,190048,1,1,0,0,0,0,0,0,0,0,0,0
2002,190048,2,1,0,0,0,0,0,0,0,0,0,0
2002,190049,1,1,0,0,0,0,0,0,0,0,0,0
2002,190049,2,1,0,0,0,0,0,0,0,0,11,0
2002,190049,3,1,0,0,0,0,0,0,0,0,0,0
2002,190050,1,1,0,0,0,0,0,0,0,0,0,0
2002,190050,2,1,0,0,0,0,0,0,0,0,0,0
2002,190050,3,1,0,14,0,0,0,0,0,0,0,0
2002,190050,4,1,0,0,0,0,0,0,0,0,0,0
2002,190050,5,1,0,16,0,0,0,0,0,0,8,0
2002,190050,6,1,0,0,0,0,0,0,0,0,0,0
2002,190050,7,1,0,0,0,0,12,0,0,11,0,0
2002,190050,8,1,0,0,0,0,0,0,0,0,0,0
2002,190050,9,1,0,0,0,0,0,0,0,0,0,0
2002,190050,10,1,0,11,0,0,0,0,0,0,0,0
2002,190050,11,1,0,0,0,0,0,0,0,0,0,0
2002,190050,12,1,6,0,0,5,0,0,0,0,0,0
2002,190050,13,1,0,0,0,0,0,0,0,0,0,0
2002,190050,14,1,0,0,0,0,6,0,0,0,0,0
2002,190050,15,1,0,0,0,0,0,0,0,0,0,0
2002,190050,16,1,0,0,0,0,0,0,0,0,0,0
2002,190051,1,1,0,0,0,0,0,0,0,0,0,0
2002,190052,1,1,0,10,15,13,0,0,0,0,0,0
2002,190053,1,1,0,0,0,0,0,0,0,0,0,0
2002,190053,2,1,10,10,10,10,10,10,10,10,10,10
2002,190054,1,1,23,23,23,23,23,23,23,23,23,23
2002,190055,0,1,0,0,0,0,0,20,0,0,0,0
2002,190055,1,1,0,0,0,20,0,0,0,0,0,0
2002,190056,1,1,13,13,13,13,13,13,13,13,13,13
2002,190057,1,1,0,19,0,8,16,0,12,0,0,0
2002,190058,1,1,10,10,10,10,10,10,10,10,10,10
2002,190059,1,1,0,0,0,0,0,0,0,0,0,0
2002,190059,2,1,0,0,0,0,0,0,0,0,0,0
2002,190060,1,1,0,0,0,0,0,0,0,0,0,0
2002,190061,1,1,0,0,0,0,0,0,0,0,0,0
2002,190062,1,1,0,0,0,0,0,0,0,0,0,0
2002,190063,1,1,0,0,0,0,0,0,0,0,0,0
2002,190063,2,1,10,10,10,10,10,10,10,10,10,10
2002,190064,1,1,0,0,0,0,0,0,0,0,0,0
2002,190065,1,1,0,0,0,0,0,0,0,0,0,0
2002,190066,1,1,0,0,0,0,0,0,0,0,0,0
2002,190066,2,1,0,0,0,0,0,0,0,0,0,0
2002,190067,1,1,31,30,3,17,0,21,0,11,14,0
2002,190068,1,1,0,0,0,0,0,0,0,0,0,0
2002,190068,2,1,0,0,0,0,0,0,0,0,0,0
2002,190068,3,1,0,0,0,0,0,0,0,0,0,0
2002,190069,0,1,0,0,0,0,0,0,0,0,0,0
2002,190069,0,2,0,0,0,0,0,0,0,0,0,0
2002,190069,1,1,0,0,0,0,0,0,0,0,0,0
2002,190070,1,1,0,0,0,0,0,0,0,0,0,0
2002,190070,2,1,10,0,0,0,0,0,0,0,0,0
2002,190071,1,1,0,0,0,0,0,0,0,0,0,0
2002,190071,2,1,0,0,0,0,0,0,0,0,0,0
2002,190072,1,1,0,0,0,0,0,0,0,0,0,0
2002,190072,2,1,0,0,0,0,0,0,0,0,0,0
2002,190073,1,1,0,0,0,0,0,0,0,0,0,0
2002,190074,1,1,0,0,0,0,0,0,0,0,0,0
2002,190074,2,1,0,0,0,0,0,0,0,0,0,0
2002,190075,1,1,27,27,27,27,27,27,27,27,27,27
2002,190076,1,1,6,0,0,0,0,0,0,0,9,0
2002,190076,2,1,13,0,0,0,0,0,28,0,0,0
2002,190077,1,1,0,0,0,0,0,0,0,0,0,0
2002,190077,2,1,0,0,0,0,0,0,0,0,0,0
2002,190078,1,1,0,0,0,0,0,0,0,0,0,0
2002,190079,1,1,0,0,0,0,0,0,0,0,0,0
2002,190079,2,1,0,0,0,0,0,0,0,0,0,0
2002,190080,1,1,7,7,7,7,7,7,7,7,7,7
2002,190081,1,1,0,0,0,2,0,0,0,0,0,0
2002,190081,2,1,0,0,0,0,0,0,0,0,0,0
2002,190081,3,1,0,0,0,0,0,0,0,0,0,0
2002,190081,4,1,0,0,0,0,0,0,0,0,0,9
2002,190081,5,1,0,0,0,0,0,0,0,0,0,0
2002,190082,1,1,34,24,11,0,0,24,0,35,21,16
2002,190083,1,1,26,26,26,26,26,26,26,26,26,26
2002,190084,1,1,0,0,0,0,0,0,0,0,0,0
2002,190084,2,1,0,0,0,0,23,0,0,0,0,0
2002,190085,1,1,0,0,0,0,0,0,0,0,0,0
2002,190086,1,1,0,0,0,0,0,0,0,0,0,0
2002,190086,2,1,0,0,0,0,0,0,0,0,0,0
2002,190087,1,1,0,0,0,0,0,0,0,0,0,0
2002,190087,2,1,0,0,0,14,0,0,0,0,0,0
2002,190088,1,1,0,0,0,0,0,0,0,0,0,0
2002,190088,2,1,0,22,0,0,0,0,0,0,0,22
2002,190089,1,1,0,0,0,0,0,0,0,0,0,0
2002,190089,2,1,0,0,0,0,0,0,0,0,0,0
2002,190090,1,1,11,0,18,0,0,24,0,0,0,0
2002,190091,1,1,14,14,14,14,14,14,14,14,14,14
2002,190092,1,1,0,0,24,14,0,0,0,0,0,15
2002,190093,1,1,0,12,13,12,19,16,24,22,12,29
2002,190094,1,1,0,0,0,0,0,0,0,0,0,0
2002,190095,1,1,0,0,0,0,0,0,0,0,0,0
2002,190095,2,1,0,0,0,0,0,0,0,0,0,0
2002,190096,1,1,0,0,0,0,0,0,0,20,0,0
2002,190097,1,1,0,0,0,0,0,0,0,0,0,0
2002,190098,1,1,0,0,0,0,0,0,0,0,0,0
2002,190099,1,1,1,1,1,1,1,1,1,1,1,1
2002,190100,1,1,0,0,0,24,13,0,0,0,0,0
2002,190101,1,1,0,0,0,0,0,14,0,0,0,0
2002,190101,2,1,0,0,0,0,20,0,0,0,0,0
2002,190102,1,1,0,0,0,0,0,0,0,0,0,0
2002,190103,1,1,0,0,0,0,0,0,0,0,0,0
2002,190103,2,1,0,0,0,14,0,0,0,11,0,26
2002,190104,1,1,8,8,8,8,8,8,8,8,8,8
2002,190104,2,1,0,0,0,0,0,0,0,0,0,0
2002,190105,1,1,22,22,22,22,22,22,22,22,22,22
2002,190105,2,1,0,0,0,0,0,0,0,0,0,0
2002,190106,1,1,0,0,0,0,0,0,0,0,0,0
2002,190106,2,1,0,0,0,0,0,0,0,0,0,0
2002,190107,1,1,0,0,0,0,0,0,0,11,0,0
2002,190107,2,1,0,0,0,0,0,0,0,0,0,0
2002,190108,1,1,0,0,0,0,0,0,0,0,0,0
2002,190108,2,1,0,0,0,0,0,0,0,0,0,0
2002,190109,1,1,0,0,0,0,0,0,0,0,0,15
2002,190109,2,1,0,0,0,0,0,0,0,0,0,0
2002,190110,1,1,11,25,8,18,6,22,5,12,20,0
2002,190110,2,1,0,0,0,0,0,0,0,0,0,0
2002,190110,3,1,0,0,0,0,0,0,0,0,0,0
2002,190111,1,1,33,16,45,19,19,0,16,16,18,21
2002,190112,1,1,24,24,24,24,24,24,24,24,24,24
2002,190112,2,1,0,0,0,0,0,0,0,0,0,0
2002,190113,1,1,0,33,0,0,0,0,0,2,9,0
2002,190114,1,1,0,0,0,0,0,0,0,0,0,0
2002,190114,2,1,0,0,0,0,0,0,0,0,0,0
2002,190115,0,1,0,0,0,0,0,0,0,0,0,0
2002,190115,0,2,0,0,0,0,0,0,0,0,0,0
2002,190115,1,1,0,0,0,0,0,0,0,0,0,0
2002,190116,1,1,4,4,4,4,4,4,4,4,4,4
2002,190117,1,1,0,0,0,0,0,0,0,0,0,0
2002,190117,2,1,0,0,0,0,0,0,0,0,0,0
2002,190118,1,1,0,0,0,0,0,0,0,0,0,0
2002,190118,2,1,0,0,0,0,0,0,0,0,0,0
2002,190119,1,1,0,0,0,0,0,0,0,0,0,0
2002,190119,2,1,0,0,0,0,0,0,0,0,0,0
2002,190120,1,1,0,13,0,0,0,0,0,0,0,0
2002,190120,2,1,0,34,0,0,7,0,11,21,14,0
2002,190121,0,1,0,0,43,0,20,0,0,29,0,32
2002,190121,1,1,0,0,0,0,0,0,0,0,0,0
2002,190122,1,1,0,0,5,0,5,0,0,0,0,0
2002,190123,1,1,0,0,0,0,0,0,0,0,0,0
2002,190123,2,1,0,0,0,0,0,0,0,0,0,0
2002,190124,1,1,13,13,13,13,13,13,13,13,13,13
2002,190124,2,1,0,0,0,0,0,15,0,12,0,0
2002,190125,0,1,21,21,21,21,21,21,21,21,21,21
2002,190125,1,1,0,0,0,0,0,0,0,0,0,0
2002,190126,1,1,0,0,0,0,0,0,0,0,0,0
2002,190126,2,1,0,0,0,0,0,0,0,0,0,0
2002,190126,3,1,0,0,0,0,0,0,0,0,0,0
2002,190126,4,1,0,0,0,0,0,0,0,0,0,0
2002,190126,5,1,0,0,0,0,0,0,0,0,0,0
2002,190127,1,1,0,0,0,0,0,0,0,0,0,0
2002,190127,2,1,2,2,2,2,2,2,2,2,2,2
2002,190128,1,1,0,0,0,0,0,0,0,0,0,0
2002,190128,2,1,11,0,0,0,0,15,0,0,0,0
2002,190129,1,1,0,0,0,0,0,0,0,0,0,0
2002,190129,2,1,0,0,0,0,0,0,0,0,0,0
2002,190130,1,1,0,5,30,15,29,0,5,0,0,6
2002,190130,2,1,0,0,9,0,0,0,0,0,0,0
2002,190131,1,1,0,0,0,0,0,0,0,0,0,0
2002,190131,2,1,0,0,0,0,0,8,0,0,0,0
2002,190132,1,1,8,0,0,0,0,0,14,0,0,11
2002,190133,1,1,0,0,0,0,0,0,16,0,0,0
2002,190133,2,1,0,0,0,0,0,0,0,0,0,0
2002,190134,1,1,20,20,20,20,20,20,20,20,20,20
2002,190135,1,1,11,11,11,11,11,11,11,11,11,11
2002,190136,1,1,0,0,0,0,0,0,0,0,0,0
2002,190137,1,1,0,0,0,0,0,0,0,0,0,0
2002,190137,2,1,0,0,0,0,0,0,0,0,0,0
2002,190138,1,1,0,0,0,0,0,0,0,0,0,0
2002,190138,2,1,0,0,0,0,0,0,0,0,0,0
2002,190138,3,1,0,0,0,0,0,0,0,0,0,0
2002,190139,1,1,1,1,1,1,1,1,1,1,1,1
2002,190139,2,1,0,0,0,0,0,0,0,0,0,0
2002,190140,1,1,0,0,0,0,0,0,0,10,0,0
2002,190141,1,1,0,0,22,0,0,0,0,0,0,0
2002,190141,2,1,0,0,0,0,0,0,0,0,0,0
2002,190142,1,1,0,0,0,0,0,0,0,6,0,0
2002,190142,2,1,0,0,0,0,0,0,0,0,0,4
2002,190143,1,1,0,0,0,0,0,0,0,0,0,0
2002,190144,1,1,13,13,13,13,13,13,13,13,13,13
2002,190145,1,1,10,10,10,10,10,10,10,10,10,10
2002,190146,1,1,0,0,0,0,0,0,0,0,0,0
2002,190146,2,1,0,0,0,0,0,0,0,0,0,0
2002,190147,1,1,0,0,0,0,0,0,0,0,0,0
2002,190148,1,1,19,19,19,19,19,19,19,19,19,19
2002,190149,1,1,0,0,0,0,0,0,0,0,0,0
2002,190149,2,1,0,0,0,0,0,0,0,0,0,0
2002,190150,1,1,0,0,0,0,0,0,0,0,0,0
2002,190150,2,1,0,0,0,0,0,22,0,0,0,0
2002,190151,1,1,0,0,0,0,0,0,0,0,0,0
2002,190152,1,1,0,0,0,0,0,0,0,0,2,0
2002,190153,1,1,0,0,0,0,0,0,0,0,0,0
2002,190153,2,1,0,0,0,0,0,0,0,0,0,0
2002,190153,3,1,0,0,0,0,0,0,0,0,0,0
2002,190153,4,1,10,0,0,0,0,0,0,0,0,0
2002,190153,5,1,0,0,0,0,0,0,0,0,8,0
2002,190153,6,1,0,0,0,0,0,0,0,0,0,0
2002,190153,7,1,0,0,0,0,0,0,0,0,0,0
2002,190154,1,1,0,0,5,22,0,0,0,0,0,0
2002,190155,1,1,0,0,0,0,0,0,0,0,0,0
2002,190155,2,1,0,0,0,0,0,0,0,0,0,0
2002,190156,1,1,33,20,14,0,34,18,0,0,12,17
2002,190157,1,1,0,0,0,0,0,0,0,0,0,0
2002,190157,2,1,0,0,0,0,0,0,0,0,0,0
2002,190158,1,1,0,0,0,0,0,0,0,0,0,0
2002,190158,2,1,0,0,0,0,0,0,0,9,0,0
2002,190159,1,1,0,0,0,0,0,0,0,0,0,0
2002,190159,2,1,0,0,0,0,0,0,0,0,0,0
2002,190160,1,1,10,10,10,10,10,10,10,10,10,10
2002,190161,1,1,0,0,0,0,0,0,0,0,0,0
2002,190161,2,1,0,0,0,0,0,0,0,0,0,0
2002,190162,1,1,0,0,0,0,0,0,0,0,0,0
2002,190163,1,1,0,0,0,0,0,0,0,0,0,0
2002,190163,2,1,0,0,0,0,0,0,0,0,0,0
2002,190164,1,1,0,0,0,0,0,0,0,0,0,0
2002,190165,1,1,14,14,14,14,14,14,14,14,14,14
2002,190165,2,1,0,0,0,0,0,0,0,0,0,0
2002,190166,1,1,0,0,0,0,0,0,0,0,0,0
2002,190166,2,1,0,0,0,0,0,0,0,0,0,0
2002,190167,1,1,13,7,0,3,15,21,14,16,12,22
2002,190168,1,1,0,0,0,0,0,0,0,0,0,0
2002,190168,2,1,0,6,0,0,0,0,0,0,0,0
2002,190168,3,1,0,0,0,0,0,0,0,0,0,0
2002,190169,1,1,0,0,0,0,0,0,0,0,0,0
2002,190170,1,1,14,24,0,20,0,8,0,42,16,5
2002,190171,1,1,0,7,0,0,0,0,0,0,0,0
2002,190171,2,1,0,0,0,0,0,0,0,0,0,0
2002,190172,1,1,6,6,6,6,6,6,6,6,6,6
2002,190172,2,1,0,0,0,16,0,0,0,0,0,0
2002,190173,1,1,17,17,17,17,17,17,17,17,17,17
2002,190173,2,1,0,0,0,0,0,0,0,0,0,0
2002,190173,3,1,0,0,0,0,0,0,0,0,0,0
2002,190174,1,1,0,0,0,0,0,0,0,0,0,0
2002,190174,2,1,0,0,0,0,0,0,0,0,0,0
2002,190174,3,1,0,0,0,0,0,0,0,0,0,0
2002,190175,1,1,0,0,0,9,0,0,0,0,0,0
2002,190176,1,1,0,0,0,0,0,0,0,0,0,0
2002,190176,2,1,0,0,0,0,0,0,0,13,0,0
2002,190177,1,1,0,0,0,0,0,0,0,0,0,0
2002,190177,2,1,0,0,0,0,0,0,0,0,0,0
2002,190178,1,1,0,0,0,0,0,0,0,0,0,0
2002,190179,0,1,18,0,26,22,19,0,26,11,0,0
2002,190179,0,2,0,0,0,0,0,0,0,0,0,0
2002,190179,1,1,0,0,0,0,0,0,0,0,0,0
2002,190180,1,1,0,0,0,0,0,0,0,0,5,0
2002,190180,2,1,0,0,0,0,0,0,0,0,0,0
2002,190181,1,1,16,16,16,16,16,16,16,16,16,16
2002,190182,1,1,0,0,0,0,0,0,0,0,0,0
2002,190183,1,1,16,16,16,16,16,16,16,16,16,16
2002,190184,1,1,0,0,0,0,0,0,0,0,0,0
2002,190184,2,1,0,0,0,0,0,0,0,0,0,0
2002,190185,0,1,0,0,32,17,23,0,0,0,0,0
2002,190185,1,1,0,0,0,0,0,0,0,0,0,0
2002,190186,1,1,21,21,21,21,21,21,21,21,21,21
2002,190186,2,1,0,0,0,0,0,0,0,0,0,0
2002,190187,1,1,0,26,0,0,0,10,0,0,0,0
2002,190188,1,1,0,0,0,0,0,0,0,0,0,0
2002,190189,1,1,0,0,0,0,0,0,0,0,0,0
2002,190189,2,1,0,0,0,0,0,0,0,0,0,0
2002,190190,1,1,0,0,0,0,0,0,0,0,0,0
2002,190190,2,1,0,0,0,0,0,0,0,0,0,0
2002,190191,1,1,0,0,0,0,0,0,0,0,0,0
2002,190192,1,1,0,8,0,0,0,15,0,0,0,23
2002,190193,1,1,0,0,0,0,0,0,0,0,0,0
2002,190193,2,1,0,0,0,0,0,0,0,0,0,16
2002,190194,1,1,0,0,0,0,0,0,0,0,0,0
2002,190194,2,1,0,0,0,0,0,0,0,0,0,0
2002,190195,1,1,0,0,0,0,0,0,0,0,0,0
2002,190196,1,1,14,14,14,14,14,14,14,14,14,14
2002,190196,2,1,0,0,0,0,0,0,0,0,0,0
2002,190197,1,1,0,0,0,0,0,0,0,0,0,0
2002,190198,1,1,0,0,0,0,0,0,0,0,0,0
2002,190198,2,1,5,0,0,0,0,0,0,0,0,0
2002,190199,0,1,0,22,0,0,0,0,0,0,0,0
2002,190199,1,1,0,0,0,0,0,0,0,0,0,0
2002,190200,1,1,0,0,0,0,0,0,0,0,0,0
2002,190200,2,1,0,0,0,0,0,0,0,0,0,0
2002,190201,1,1,0,0,0,0,0,7,0,0,0,40
2002,190202,1,1,0,0,0,0,0,0,0,0,0,0
2002,190202,2,1,0,0,0,0,0,0,0,0,0,0
2002,190203,1,1,0,0,0,16,0,0,0,0,0,0
2002,190204,1,1,2,2,2,2,2,2,2,2,2,2
2002,190205,1,1,0,0,0,0,0,0,0,0,0,0
2002,190205,2,1,0,0,0,0,0,0,0,0,0,0
2002,190206,1,1,0,0,0,0,0,0,0,0,0,0
2002,190206,2,1,0,0,0,0,0,0,0,0,0,0
2002,190207,1,1,0,0,0,0,0,0,0,0,0,0
2002,190208,1,1,14,14,14,14,14,14,14,14,14,14
2002,190208,2,1,11,11,11,11,11,11,11,11,11,11
2002,190209,1,1,20,20,20,20,20,20,20,20,20,20
2002,190210,1,1,0,0,0,0,0,0,0,0,0,0
2002,190210,2,1,0,0,0,0,0,0,0,0,0,0
2002,190210,3,1,0,0,0,0,0,0,0,0,0,0
2002,190211,1,1,19,19,19,19,19,19,19,19,19,19
2002,190211,2,1,0,0,0,0,0,0,0,0,0,0
2002,190212,0,1,0,20,0,10,19,0,0,0,0,0
2002,190212,0,2,0,0,0,0,0,0,0,0,0,0
2002,190212,1,1,24,24,24,24,24,24,24,24,24,24
2002,190213,0,1,20,0,0,0,0,0,0,41,0,0
2002,190213,1,1,0,0,0,0,0,0,0,0,0,0
2002,190214,1,1,0,0,13,0,0,0,28,0,0,16
2002,190215,1,1,0,0,0,0,0,0,0,0,0,0
2002,190215,2,1,0,0,0,0,0,0,0,0,0,0
2002,190215,3,1,0,0,0,0,0,0,0,0,0,0
2002,190215,4,1,0,0,0,0,0,0,0,0,0,0
2002,190216,1,1,0,0,0,0,0,0,0,0,0,0
2002,190216,2,1,0,0,0,0,0,0,0,0,0,0
2002,190217,1,1,0,0,0,0,0,0,0,0,0,0
2002,190218,1,1,7,7,7,7,7,7,7,7,7,7
2002,190219,1,1,0,8,0,0,15,0,0,27,0,0
2002,190220,1,1,0,0,0,0,0,0,0,0,0,0
2002,190220,2,1,18,0,0,0,0,0,0,0,23,0
2002,190221,1,1,0,0,0,0,0,0,0,0,0,0
2002,190221,2,1,0,0,0,0,0,0,0,0,0,0
2002,190222,1,1,0,0,0,0,0,0,3,0,0,0
2002,190222,2,1,0,0,0,0,0,0,0,0,0,0
2002,190223,1,1,0,0,0,0,0,0,0,19,0,0
2002,190225,1,1,0,0,0,0,0,0,0,0,0,0
2002,190225,2,1,0,0,0,0,0,0,0,0,0,0
2002,190226,1,1,21,21,21,21,21,21,21,21,21,21
2002,190227,1,1,0,0,0,0,0,0,0,0,0,0
2002,190228,1,1,13,13,13,13,13,13,13,13,13,13
2002,190229,1,1,0,0,0,0,0,0,0,0,0,0
2002,190229,2,1,0,0,0,0,0,0,0,0,0,0