YEAR,ST_CASE,veh_no,per_no,P1,P2,P3,P4,P5,P6,P7,P8,P9,P10
2002,200442,1,1,0,0,0,0,0,11,0,0,0,0
2002,200442,2,1,0,0,0,0,0,0,0,0,0,0
2002,200443,1,1,7,11,8,6,16,17,20,34,15,24
2002,200444,1,1,0,0,0,0,0,0,0,0,0,0
2002,200444,2,1,0,0,0,0,0,0,0,0,0,0
2002,200445,1,1,28,12,9,20,0,19,14,13,5,21
2002,200447,1,1,25,21,20,9,22,25,28,29,24,14
2002,200448,1,1,0,0,0,0,0,0,0,0,0,0
2002,200450,1,1,7,6,10,0,11,0,10,15,0,17
2002,200450,2,1,28,26,19,21,14,12,19,14,13,13
2002,200451,1,1,0,0,0,0,0,0,0,0,0,0
2002,200451,2,1,0,0,0,30,53,0,8,7,8,0
2002,200452,1,1,31,14,15,0,12,20,18,0,16,0
2002,200454,1,1,17,6,4,26,9,26,0,0,24,21
2002,200456,1,1,13,14,10,30,13,14,31,14,5,9
2002,200456,2,1,0,0,17,31,25,0,0,0,20,13
2002,200457,0,1,0,0,0,0,0,0,0,0,0,0
2002,200461,1,1,21,0,21,0,10,0,11,20,0,0
2002,200461,2,1,12,0,0,0,0,0,0,0,0,0
2002,210001,1,1,11,11,11,11,11,11,11,11,11,11
2002,210001,2,1,0,0,0,0,0,0,0,0,0,0
2002,210002,1,1,18,18,18,18,18,18,18,18,18,18
2002,210003,1,1,0,0,0,0,35,0,0,0,9,18
2002,210004,1,1,0,0,0,0,0,0,0,0,0,0
2002,210005,1,1,0,0,0,0,0,0,0,0,0,0
2002,210006,1,1,0,0,0,0,0,0,0,0,0,0
2002,210007,1,1,3,0,0,0,14,0,0,0,0,0
2002,210008,1,1,6,6,6,6,6,6,6,6,6,6
2002,210008,2,1,0,0,0,20,0,0,0,0,0,0
2002,210008,3,1,0,19,0,0,0,0,0,0,0,0
2002,210009,1,1,20,20,20,20,20,20,20,20,20,20
2002,210010,0,1,0,0,0,0,0,0,0,0,0,0
2002,210010,1,1,0,0,0,0,0,0,0,0,0,0
2002,210011,1,1,5,5,5,5,5,5,5,5,5,5
2002,210011,2,1,0,0,0,0,0,0,0,0,0,0
2002,210012,1,1,0,0,0,0,0,0,0,0,0,0
2002,210012,2,1,0,0,0,0,0,0,0,0,0,0
2002,210013,1,1,0,0,0,0,0,0,0,0,0,0
2002,210013,2,1,0,0,0,0,0,0,0,0,0,0
2002,210014,1,1,0,0,0,0,0,0,0,0,0,0
2002,210014,2,1,0,0,0,0,0,0,0,0,0,0
2002,210015,1,1,0,0,0,0,0,0,0,0,0,0
2002,210016,1,1,0,0,0,0,0,0,0,0,0,0
2002,210016,2,1,0,0,0,0,0,0,0,0,0,0
2002,210017,1,1,0,0,22,0,18,0,0,0,0,0
2002,210018,1,1,12,0,0,0,7,0,0,0,0,0
2002,210019,1,1,0,3,0,0,0,0,0,0,0,0
2002,210020,1,1,0,0,0,0,0,0,0,0,0,0
2002,210020,2,1,0,0,0,0,0,0,8,0,0,0
2002,210021,1,1,0,0,0,0,0,0,0,0,0,0
2002,210022,1,1,0,0,0,0,0,0,0,0,0,0
2002,210023,1,1,19,16,23,13,16,16,15,11,13,16
2002,210024,1,1,37,37,37,37,37,37,37,37,37,37
2002,210024,2,1,0,0,0,0,0,0,0,0,0,0
2002,210025,1,1,0,0,0,0,0,0,0,0,9,0
2002,210025,2,1,0,0,0,0,0,0,0,0,0,0
2002,210026,1,1,0,0,0,0,0,0,0,0,0,0
2002,210026,2,1,0,0,0,0,0,0,0,0,0,0
2002,210027,1,1,0,0,0,0,0,0,0,0,23,0
2002,210027,2,1,0,0,0,0,0,0,0,0,0,0
2002,210028,1,1,0,0,0,0,0,0,0,0,0,0
2002,210028,2,1,0,0,0,0,0,0,0,0,0,0
2002,210029,1,1,0,0,0,0,0,0,0,0,9,0
2002,210029,2,1,0,0,0,0,0,0,0,0,0,0
2002,210030,1,1,0,0,0,0,0,0,0,0,0,0
2002,210031,1,1,0,0,0,0,0,0,0,0,0,0
2002,210032,1,1,0,0,0,0,0,0,0,0,0,0
2002,210033,1,1,0,35,11,18,14,20,13,20,28,33
2002,210033,2,1,0,0,0,0,0,0,0,0,0,0
2002,210034,1,1,0,0,0,0,0,0,0,0,0,0
2002,210034,2,1,0,0,0,0,0,0,0,0,0,0
2002,210035,1,1,23,23,23,23,23,23,23,23,23,23
2002,210036,1,1,0,0,0,0,0,0,0,0,0,0
2002,210037,1,1,0,0,0,0,0,0,0,0,0,0
2002,210037,2,1,0,0,0,25,0,0,0,0,0,0
2002,210038,1,1,6,6,6,6,6,6,6,6,6,6
2002,210038,2,1,0,0,0,0,0,0,0,0,0,0
2002,210039,1,1,0,0,0,0,0,0,0,0,0,0
2002,210040,0,1,0,0,0,0,0,0,0,0,0,0
2002,210040,1,1,0,0,0,0,0,0,0,0,0,0
2002,210040,2,1,0,0,0,0,0,0,0,0,0,0
2002,210041,1,1,0,0,0,0,0,0,0,0,0,0
2002,210042,1,1,0,0,0,0,0,0,0,0,0,0
2002,210042,2,1,0,0,0,0,0,0,0,0,0,0
2002,210043,1,1,0,0,0,0,0,0,0,0,0,0
2002,210044,1,1,23,23,23,23,23,23,23,23,23,23
2002,210044,2,1,0,0,0,0,0,7,0,0,0,0
2002,210045,1,1,0,0,0,0,0,0,0,0,0,0
2002,210046,1,1,0,0,0,0,0,0,0,0,0,0
2002,210046,2,1,0,0,0,0,0,0,0,0,0,0
2002,210047,0,1,29,29,29,29,29,29,29,29,29,29
2002,210047,1,1,6,0,0,0,0,0,0,0,0,10
2002,210048,1,1,0,0,0,0,0,0,0,0,0,0
2002,210048,2,1,0,0,0,0,0,0,0,0,0,0
2002,210049,1,1,26,19,0,0,0,0,0,0,0,0
2002,210050,1,1,12,0,0,21,0,22,6,0,9,33
2002,210051,1,1,0,0,0,0,0,16,0,0,0,17
2002,210051,2,1,0,0,0,0,0,0,0,0,0,0
2002,210052,1,1,16,16,16,16,16,16,16,16,16,16
2002,210053,1,1,20,2,9,31,4,7,9,20,22,22
2002,210054,1,1,0,0,0,0,0,0,0,0,0,0
2002,210054,2,1,0,0,0,0,0,0,0,0,0,0
2002,210055,1,1,0,0,0,0,0,0,0,0,0,0
2002,210055,2,1,0,0,0,0,0,0,0,0,0,0
2002,210056,0,1,0,0,0,0,0,0,0,0,0,0
2002,210056,1,1,0,0,0,0,0,0,0,0,0,0
2002,210057,1,1,0,0,0,0,0,0,0,0,0,0
2002,210057,2,1,5,0,0,0,0,0,0,0,0,0
2002,210058,1,1,0,0,0,0,0,0,0,0,0,0
2002,210058,2,1,0,0,0,0,0,0,0,0,0,0
2002,210059,1,1,0,0,0,0,0,0,0,0,0,0
2002,210059,2,1,0,0,0,0,0,0,0,0,0,0
2002,210059,3,1,0,0,0,0,0,0,0,0,0,0
2002,210060,1,1,0,0,0,0,0,0,0,0,0,0
2002,210061,0,1,0,0,0,0,0,0,0,0,0,0
2002,210061,1,1,0,0,0,0,0,0,0,0,0,0
2002,210062,1,1,30,18,18,8,7,24,7,12,30,12
2002,210062,2,1,0,0,0,0,0,0,0,0,0,0
2002,210063,1,1,0,0,0,0,0,0,0,0,0,0
2002,210063,2,1,0,0,21,0,0,0,0,0,0,0
2002,210064,1,1,0,0,0,0,0,0,0,0,0,0
2002,210064,2,1,0,0,0,0,0,0,0,0,0,0
2002,210064,3,1,0,0,0,0,0,0,0,0,0,0
2002,210064,4,1,0,0,0,0,0,0,0,0,0,0
2002,210065,1,1,0,0,0,0,0,0,0,0,0,0
2002,210065,2,1,0,0,0,0,0,0,0,0,0,0
2002,210066,1,1,41,22,0,10,34,0,0,0,0,0
2002,210067,1,1,0,0,0,0,0,0,0,0,0,0
2002,210068,1,1,0,0,0,0,0,0,0,0,0,31
2002,210069,1,1,13,13,13,13,13,13,13,13,13,13
2002,210070,1,1,0,0,0,0,0,0,0,0,0,0
2002,210070,2,1,0,0,0,0,0,0,0,0,0,0
2002,210070,3,1,0,0,0,0,0,0,0,0,0,0
2002,210071,1,1,0,0,0,0,0,0,0,0,0,0
2002,210071,2,1,0,0,0,0,0,0,0,0,0,0
2002,210072,0,1,14,30,0,30,13,0,25,26,17,14
2002,210072,1,1,0,0,0,0,0,0,0,0,0,0
2002,210072,2,1,0,0,0,0,0,0,0,0,0,0
2002,210072,3,1,0,0,0,0,0,0,0,8,0,0
2002,210073,1,1,18,18,18,18,18,18,18,18,18,18
2002,210074,1,1,20,0,0,0,0,0,0,0,0,0
2002,210074,2,1,0,0,0,0,17,0,0,0,0,0
2002,210075,1,1,0,0,0,0,0,0,0,0,0,0
2002,210076,1,1,0,0,0,0,0,0,0,20,0,0
2002,210077,1,1,22,22,22,22,22,22,22,22,22,22
2002,210078,1,1,0,0,0,0,0,0,0,0,0,0
2002,210079,0,1,0,0,0,0,0,0,0,0,0,0
2002,210079,1,1,0,0,0,0,0,0,0,0,0,11
2002,210080,1,1,0,0,0,0,0,0,0,0,0,0
2002,210080,2,1,0,0,0,0,0,0,0,0,0,0
2002,210081,1,1,0,0,0,0,0,0,0,0,0,0
2002,210081,2,1,0,0,0,0,13,0,0,0,0,0
2002,210082,1,1,0,0,0,0,0,0,0,0,0,0
2002,210083,0,1,0,0,0,0,0,0,0,0,0,0
2002,210083,1,1,0,0,0,0,0,0,0,0,0,0
2002,210084,1,1,10,0,17,5,4,14,20,10,2,5
2002,210084,2,1,0,0,0,0,0,0,0,0,0,0
2002,210085,1,1,8,8,8,8,8,8,8,8,8,8
2002,210086,1,1,0,0,0,0,0,0,0,0,0,0
2002,210087,1,1,55,33,39,12,29,17,23,0,19,14
2002,210087,2,1,5,5,5,5,5,5,5,5,5,5
2002,210088,0,1,0,0,0,0,0,0,0,0,0,0
2002,210088,1,1,0,0,0,0,0,0,0,0,0,0
2002,210089,1,1,0,0,0,0,0,0,0,0,0,0
2002,210089,2,1,0,0,0,0,0,0,0,0,0,0
2002,210090,1,1,0,0,0,0,0,0,0,0,0,0
2002,210090,2,1,0,0,0,0,0,0,0,0,0,0
2002,210091,1,1,0,0,0,0,0,0,0,0,0,0
2002,210091,2,1,0,0,0,0,0,13,0,0,0,0
2002,210092,1,1,0,0,0,0,0,0,0,20,0,21
2002,210092,2,1,0,0,0,0,0,0,0,0,0,0
2002,210093,1,1,0,0,0,0,0,0,0,0,0,0
2002,210093,2,1,0,0,0,0,0,0,0,0,0,0
2002,210094,1,1,0,0,0,0,0,0,0,0,0,0
2002,210094,2,1,0,0,0,0,0,0,0,0,0,0
2002,210095,1,1,0,0,0,0,0,0,0,0,0,0
2002,210095,2,1,0,0,0,0,0,0,0,0,0,0
2002,210095,3,1,0,0,0,0,0,0,0,0,0,0
2002,210096,1,1,0,0,0,0,0,0,0,0,0,0
2002,210096,2,1,0,0,0,0,0,0,0,0,0,0
2002,210097,1,1,0,0,0,0,0,0,0,0,0,0
2002,210097,2,1,0,0,0,0,0,0,0,0,0,0
2002,210097,3,1,0,0,0,0,0,0,0,0,0,0
2002,210098,1,1,0,0,0,19,0,14,0,0,0,20
2002,210099,1,1,2,2,2,2,2,2,2,2,2,2
2002,210100,1,1,0,0,0,0,0,0,0,0,0,0
2002,210101,1,1,0,0,0,0,0,0,0,0,0,0
2002,210101,2,1,0,0,0,0,0,0,0,0,0,0
2002,210102,1,1,0,0,0,0,0,0,0,0,0,0
2002,210103,1,1,0,0,0,0,7,0,0,0,0,0
2002,210104,1,1,10,6,14,6,13,14,10,0,8,5
2002,210105,1,1,0,0,0,0,0,0,0,0,0,0
2002,210106,1,1,28,16,38,32,13,7,18,23,33,34
2002,210107,1,1,15,15,15,15,15,15,15,15,15,15
2002,210108,1,1,0,0,0,0,0,0,0,0,0,0
2002,210108,2,1,0,0,0,0,0,0,0,0,0,0
2002,210109,1,1,0,0,0,0,0,0,0,0,0,0
2002,210110,1,1,0,0,0,0,0,0,0,0,0,0
2002,210111,1,1,0,0,0,0,0,0,0,0,0,0
2002,210111,2,1,0,0,0,0,0,0,0,0,0,0
2002,210112,1,1,0,0,0,0,0,0,0,0,0,0
2002,210112,2,1,0,0,0,0,0,0,0,0,0,0
2002,210112,3,1,0,0,0,0,0,0,0,0,24,0
2002,210112,4,1,0,0,0,0,0,0,0,0,0,0
2002,210113,1,1,0,0,0,0,0,0,0,0,16,0
2002,210113,2,1,0,0,0,0,10,0,0,0,0,0
2002,210114,1,1,0,0,0,0,0,19,0,27,0,0
2002,210115,1,1,0,0,0,0,0,0,0,0,0,0
2002,210115,2,1,0,0,0,0,0,0,0,0,0,0
2002,210116,1,1,28,17,12,22,29,6,26,23,28,20
2002,210116,2,1,0,0,0,0,0,0,0,0,0,0
2002,210117,1,1,0,0,0,0,0,0,0,0,0,0
2002,210117,2,1,0,0,0,0,0,0,0,0,0,0
2002,210118,1,1,0,0,0,0,0,0,0,0,0,0
2002,210119,1,1,25,25,25,25,25,25,25,25,25,25
2002,210120,1,1,0,0,0,0,0,0,0,0,0,10
2002,210121,1,1,17,0,0,0,0,14,0,9,0,0
2002,210122,1,1,0,0,0,0,0,0,0,0,26,0
2002,210123,1,1,0,0,0,0,0,0,0,0,0,0
2002,210123,2,1,0,0,0,0,0,0,0,0,0,0
2002,210124,1,1,0,0,0,0,0,0,15,0,0,0
2002,210124,2,1,0,0,0,0,0,0,0,0,0,0
2002,210125,1,1,6,6,6,6,6,6,6,6,6,6
2002,210126,1,1,14,0,0,0,14,0,0,0,0,0
2002,210127,1,1,21,0,0,3,0,0,0,0,0,0
2002,210128,1,1,0,0,0,0,16,0,0,17,0,0
2002,210129,1,1,0,24,0,0,0,0,0,0,0,0
2002,210130,1,1,10,0,0,0,0,0,0,0,0,0
2002,210130,2,1,0,0,0,0,0,0,0,0,0,0
2002,210131,1,1,0,0,0,0,0,0,0,0,0,0
2002,210131,2,1,0,0,0,0,0,0,0,0,0,0
2002,210132,1,1,18,0,0,26,0,0,27,0,0,34
2002,210133,1,1,0,0,0,0,0,0,0,0,0,0
2002,210134,1,1,29,29,29,29,29,29,29,29,29,29
2002,210135,1,1,24,24,24,24,24,24,24,24,24,24
2002,210136,1,1,0,0,0,0,0,0,0,0,0,0
2002,210136,2,1,0,0,0,0,0,0,0,0,0,0
2002,210136,3,1,0,0,0,0,0,0,0,0,0,0
2002,210136,4,1,0,0,0,0,0,0,0,0,0,0
2002,210136,5,1,0,0,0,0,0,0,0,0,0,0
2002,210137,1,1,0,0,0,0,21,0,0,0,15,0
2002,210138,1,1,0,0,0,0,0,0,0,0,0,0
2002,210138,2,1,0,0,0,0,0,0,0,0,0,0
2002,210139,1,1,0,0,0,0,0,0,0,0,0,0
2002,210139,2,1,0,0,0,0,0,0,0,0,0,0
2002,210139,3,1,0,0,0,0,0,0,0,0,0,0
2002,210140,1,1,2,2,2,2,2,2,2,2,2,2
2002,210141,1,1,0,0,0,0,0,0,0,0,0,0
2002,210142,1,1,0,0,0,0,0,0,0,0,0,0
2002,210143,1,1,0,0,0,0,0,0,0,0,0,0
2002,210143,2,1,0,0,0,0,0,0,0,0,0,0
2002,210144,1,1,0,0,0,0,0,0,0,0,0,0
2002,210144,2,1,0,0,0,0,0,0,0,0,0,0
2002,210145,1,1,9,9,9,9,9,9,9,9,9,9
2002,210145,2,1,0,19,0,0,0,0,0,0,0,0
2002,210146,0,1,0,0,0,0,0,0,0,0,14,3
2002,210146,1,1,0,0,0,0,0,0,0,0,0,0
2002,210147,1,1,0,16,0,0,8,0,0,0,0,0
2002,210148,1,1,0,0,0,0,0,0,0,0,0,0
2002,210149,1,1,0,0,0,0,0,0,0,0,0,0
2002,210149,2,1,0,0,0,0,0,0,0,0,0,0
2002,210150,1,1,0,0,7,0,0,0,0,0,0,24
2002,210151,0,1,0,0,0,0,0,0,0,0,0,0
2002,210151,1,1,0,0,0,0,0,16,0,0,0,0
2002,210152,1,1,0,0,0,0,0,0,0,0,0,0
2002,210152,2,1,0,0,0,0,0,0,0,0,0,0
2002,210153,1,1,0,0,0,0,0,0,0,0,0,0
2002,210153,2,1,0,0,0,0,0,0,0,0,0,0
2002,210154,1,1,0,15,0,18,0,9,0,0,0,0
2002,210155,1,1,0,0,0,0,0,0,0,0,0,0
2002,210155,2,1,0,0,0,0,0,0,0,0,0,0
2002,210156,1,1,0,0,0,0,0,0,0,16,0,0
2002,210157,0,1,0,0,0,0,0,0,0,0,0,0
2002,210157,1,1,0,0,0,0,0,0,0,0,0,0
2002,210158,1,1,0,0,0,0,0,0,0,0,0,0
2002,210158,2,1,0,0,0,0,0,0,0,0,9,0
2002,210159,1,1,0,0,0,0,0,0,0,0,0,0
2002,210159,2,1,15,15,15,15,15,15,15,15,15,15
2002,210160,1,1,0,0,0,0,0,0,0,0,0,0
2002,210161,1,1,32,32,32,32,32,32,32,32,32,32
2002,210162,1,1,0,0,0,0,0,0,0,0,0,0
2002,210163,1,1,12,13,0,0,0,0,19,0,17,0
2002,210164,1,1,0,0,0,0,0,0,0,0,0,0
2002,210164,2,1,0,0,0,0,0,0,0,0,0,0
2002,210165,1,1,27,9,19,25,10,31,10,23,17,13
2002,210165,2,1,0,15,0,0,0,6,0,0,22,11
2002,210166,1,1,23,23,23,7,27,17,8,18,19,9
2002,210167,1,1,0,0,0,0,0,0,0,0,0,0
2002,210167,2,1,0,0,0,0,0,0,0,0,0,0
2002,210168,1,1,30,30,30,30,30,30,30,30,30,30
2002,210168,2,1,0,0,0,0,0,0,0,0,0,0
2002,210169,1,1,0,0,0,0,0,0,0,0,0,0
2002,210169,2,1,0,0,0,0,0,0,0,0,0,0
2002,210170,1,1,21,24,15,23,18,30,11,29,25,8
2002,210171,1,1,0,0,0,0,0,21,0,0,0,0
2002,210171,2,1,0,0,0,0,0,0,0,0,0,0
2002,210171,3,1,0,8,0,0,0,0,0,0,0,0
2002,210172,1,1,27,27,27,27,27,27,27,27,27,27
2002,210172,2,1,0,0,0,0,0,0,12,0,0,0
2002,210173,1,1,23,23,23,23,23,23,23,23,23,23
2002,210174,1,1,0,0,0,0,0,0,0,0,0,0
2002,210174,2,1,0,0,0,0,0,0,0,0,0,0
2002,210175,1,1,0,0,0,0,9,0,0,0,0,0
2002,210176,1,1,0,0,0,0,0,0,15,0,0,0
2002,210177,1,1,18,18,18,18,18,18,18,18,18,18
2002,210178,1,1,14,14,14,14,14,14,14,14,14,14
2002,210179,0,1,16,16,16,16,16,16,16,16,16,16
2002,210179,1,1,0,0,0,0,0,0,0,0,0,0
2002,210180,1,1,0,0,0,0,0,0,0,0,0,0
2002,210180,2,1,0,0,0,27,0,0,0,0,0,0
2002,210181,1,1,0,0,0,0,0,0,0,0,0,0
2002,210182,1,1,0,0,0,0,0,0,0,0,0,0
2002,210183,1,1,0,0,0,0,0,0,0,0,0,0
2002,210183,2,1,0,0,0,0,23,0,0,32,0,28
2002,210184,1,1,14,14,14,14,14,14,14,14,14,14
2002,210185,1,1,0,0,0,0,0,0,0,17,0,0
2002,210186,1,1,0,0,0,0,0,0,0,0,0,0
2002,210187,1,1,0,0,0,0,0,0,0,0,0,0
2002,210188,0,1,18,18,18,18,18,18,18,18,18,18
2002,210188,1,1,0,0,0,0,0,0,0,0,11,0
2002,210189,1,1,0,0,0,0,0,0,0,0,0,0
2002,210189,2,1,0,0,0,0,0,0,0,0,0,0
2002,210190,1,1,0,0,0,0,0,0,0,0,0,0
2002,210191,1,1,0,0,0,0,0,0,0,0,0,0
2002,210191,2,1,0,0,0,0,0,0,0,0,0,0
2002,210192,1,1,0,0,0,0,0,0,0,0,0,0
2002,210193,1,1,0,0,0,0,0,0,0,0,0,0
2002,210193,2,1,0,0,0,0,0,0,0,0,0,0
2002,210194,1,1,0,0,0,0,0,0,0,0,0,0
2002,210195,0,1,0,0,0,0,0,0,0,0,0,0
2002,210195,1,1,0,0,0,0,0,0,0,0,0,0
2002,210196,1,1,0,0,0,0,0,0,0,0,0,0
2002,210197,1,1,0,0,0,0,0,0,0,0,0,0
2002,210197,2,1,0,0,0,0,0,0,0,0,0,0
2002,210198,1,1,22,22,22,22,22,22,22,22,22,22
2002,210199,1,1,0,0,15,0,0,0,0,0,0,0
2002,210199,2,1,0,0,0,13,0,0,0,0,0,0
2002,210200,1,1,0,0,0,0,0,0,0,0,0,0
2002,210201,1,1,0,0,0,0,0,0,0,0,0,0
2002,210201,2,1,0,0,0,0,0,0,0,0,0,0
2002,210202,1,1,0,0,0,0,0,0,0,0,0,0
2002,210202,2,1,0,0,0,0,0,0,0,0,0,0
2002,210202,3,1,0,0,0,0,0,0,0,0,0,0
2002,210203,1,1,0,0,0,0,0,0,0,0,0,0
2002,210203,2,1,0,0,0,0,0,0,0,0,0,0
2002,210203,3,1,0,0,0,0,0,0,0,0,0,0
2002,210204,1,1,0,0,0,19,9,0,0,15,14,16
2002,210205,1,1,14,14,14,14,14,14,14,14,14,14
2002,210206,0,1,0,0,0,0,0,0,0,0,0,0
2002,210206,1,1,0,0,0,0,0,0,0,0,0,0
2002,210207,1,1,0,0,0,22,0,0,0,0,0,0
2002,210207,2,1,0,0,0,0,0,0,0,0,0,0
2002,210207,3,1,0,0,0,0,0,0,0,0,0,0
2002,210208,1,1,18,14,20,24,20,4,22,20,33,22
2002,210208,2,1,0,0,0,0,0,0,0,0,0,0
2002,210209,1,1,19,26,15,39,12,38,0,39,24,0
2002,210210,0,1,0,0,0,0,0,0,0,0,0,0
2002,210210,0,2,0,0,0,0,10,0,0,0,0,0
2002,210210,1,1,0,0,0,0,0,0,0,0,0,0
2002,210211,1,1,17,17,17,17,17,17,17,17,17,17
2002,210212,1,1,0,0,0,0,0,0,0,0,0,0
2002,210213,0,1,0,0,0,0,0,0,0,0,0,0
2002,210213,1,1,0,0,0,0,0,0,0,0,0,0
2002,210214,1,1,0,0,0,0,0,0,0,0,0,0
2002,210214,2,1,0,0,0,0,0,0,0,0,0,0
2002,210215,1,1,0,0,0,0,0,0,0,0,0,0
2002,210216,1,1,32,11,18,18,20,22,15,16,24,31
2002,210217,1,1,0,0,0,0,0,0,0,0,0,0
2002,210217,2,1,0,0,0,0,0,0,0,0,0,0
2002,210218,0,1,0,0,0,0,0,0,0,0,0,0
2002,210218,1,1,0,0,0,0,0,0,0,0,0,0
2002,210219,1,1,0,0,0,0,0,0,0,0,0,0
2002,210220,1,1,0,0,0,0,0,0,0,0,0,0
2002,210220,2,1,0,0,0,0,0,0,0,0,0,0
2002,210221,1,1,15,15,15,15,15,15,15,15,15,15
2002,210222,1,1,0,0,0,0,0,0,0,0,0,0
2002,210222,2,1,0,0,0,0,0,0,0,0,0,0
2002,210223,1,1,0,0,0,0,0,0,0,0,0,0
2002,210224,1,1,0,0,0,0,0,0,0,0,0,0
2002,210224,2,1,0,0,0,0,0,0,0,0,0,0
2002,210225,1,1,0,0,0,0,0,0,0,0,0,0
2002,210225,2,1,0,0,0,0,0,0,0,0,0,0
2002,210226,0,1,0,0,0,0,0,0,0,0,0,0
2002,210226,0,2,0,0,0,0,0,0,0,0,20,6
2002,210226,1,1,0,0,0,0,0,0,0,0,0,0
2002,210227,1,1,14,14,14,14,14,14,14,14,14,14
2002,210228,1,1,0,0,0,0,0,0,0,0,0,0
2002,210228,2,1,0,0,0,0,0,0,0,0,0,0
2002,210229,1,1,0,0,0,0,0,0,22,0,0,0
2002,210230,1,1,0,0,0,0,0,0,0,10,0,0
2002,210230,2,1,0,0,0,0,0,0,0,0,0,0
2002,210231,1,1,0,0,0,0,0,0,0,0,0,0
2002,210231,2,1,0,0,0,0,0,0,0,0,0,0
2002,210232,1,1,0,0,0,21,0,0,0,0,0,14
2002,210232,2,1,0,0,0,0,0,0,0,0,0,0
2002,210232,3,1,0,16,18,0,0,0,0,14,10,22
2002,210233,1,1,0,21,0,0,0,25,0,0,0,32
2002,210233,2,1,0,0,0,0,15,0,0,0,0,0
2002,210234,1,1,0,12,7,0,0,0,11,0,0,0
2002,210235,1,1,0,0,0,0,0,0,33,0,0,18
2002,210236,1,1,0,0,0,0,0,0,0,0,0,0
2002,210237,1,1,0,0,0,0,0,0,0,0,0,12
2002,210238,1,1,0,0,0,0,0,0,0,0,0,0
2002,210239,1,1,0,32,19,16,21,0,6,11,16,0
2002,210240,1,1,0,0,0,0,0,0,0,0,0,0
2002,210240,2,1,0,0,0,0,0,0,0,0,0,0
2002,210241,1,1,0,0,0,0,0,0,0,0,0,0
2002,210242,0,1,0,0,0,0,0,44,0,0,10,0
2002,210242,1,1,5,0,0,0,0,0,0,0,9,0
2002,210243,1,1,0,0,0,0,0,0,0,0,0,0
2002,210243,2,1,0,0,0,0,0,0,0,0,0,4
2002,210244,1,1,0,0,0,0,0,0,0,0,0,0
2002,210244,2,1,0,0,0,0,0,0,0,0,0,0
2002,210245,1,1,6,6,6,6,6,6,6,6,6,6
2002,210246,1,1,0,0,0,0,0,0,0,0,0,0
2002,210246,2,1,0,0,0,0,0,0,0,0,0,0
2002,210247,1,1,0,0,0,0,0,0,0,0,0,0
2002,210247,2,1,0,0,0,0,0,0,0,0,0,0
2002,210248,0,1,0,0,0,0,0,0,0,0,0,0
2002,210248,1,1,0,0,0,0,0,0,0,0,0,0
2002,210249,1,1,0,0,0,0,0,0,0,0,0,0
2002,210250,1,1,0,0,0,0,0,0,0,0,0,0
2002,210251,1,1,0,0,0,0,0,0,0,0,0,0
2002,210252,1,1,0,0,0,0,0,0,0,0,0,0
2002,210253,1,1,0,0,0,0,0,0,0,0,0,0
2002,210253,2,1,0,0,0,0,0,0,0,0,0,0
2002,210254,1,1,0,0,11,0,16,0,0,0,13,0
2002,210255,1,1,20,20,20,20,20,20,20,20,20,20
2002,210255,2,1,0,0,0,0,0,0,0,10,0,0
2002,210255,3,1,0,0,0,0,0,0,0,0,0,0
2002,210255,4,1,0,31,0,0,0,0,31,0,0,0
2002,210256,1,1,0,0,0,0,0,0,0,0,0,0
2002,210256,2,1,0,0,0,0,0,0,0,0,0,0
2002,210257,1,1,33,15,0,19,15,2,0,13,18,11
2002,210257,2,1,2,2,2,2,2,2,2,2,2,2
2002,210258,1,1,4,4,4,4,4,4,4,4,4,4
2002,210259,1,1,0,0,0,0,0,0,0,0,0,0
2002,210260,1,1,0,0,0,0,0,0,0,0,0,0
2002,210260,2,1,0,0,0,0,0,0,0,0,0,0
2002,210261,1,1,0,0,0,0,0,17,0,0,0,0
2002,210261,2,1,0,0,0,0,0,0,0,0,0,0
2002,210262,1,1,8,8,8,8,8,8,8,8,8,8
2002,210263,1,1,16,8,0,36,0,0,0,0,0,0
2002,210264,1,1,0,0,0,0,0,0,0,0,0,0
2002,210265,1,1,20,20,20,20,20,20,20,20,20,20
2002,210266,1,1,17,17,17,17,17,17,17,17,17,17
2002,210267,1,1,17,10,15,7,16,12,21,15,12,14
2002,210268,1,1,26,26,26,26,26,26,26,26,26,26
2002,210269,1,1,0,0,0,0,0,0,0,0,0,0
2002,210269,2,1,0,0,0,0,0,0,0,0,0,0
2002,210270,1,1,19,19,19,19,19,19,19,19,19,19
2002,210271,1,1,0,0,0,0,0,0,0,0,0,0
2002,210271,2,1,0,0,0,0,0,0,0,0,0,0
2002,210272,1,1,0,0,0,0,0,0,0,0,0,0
2002,210272,2,1,0,0,0,0,0,0,0,0,0,0
2002,210273,1,1,0,0,0,0,0,0,0,0,0,0
2002,210273,2,1,0,0,13,0,0,0,0,0,0,0
2002,210274,1,1,25,25,25,25,25,25,25,25,25,25
2002,210275,1,1,5,5,5,5,5,5,5,5,5,5
2002,210276,0,1,0,0,0,0,0,0,0,0,0,0
2002,210276,1,1,0,0,0,0,0,0,0,0,0,0
2002,210277,1,1,11,11,11,11,11,11,11,11,11,11
2002,210278,1,1,28,28,28,28,28,28,28,28,28,28
2002,210279,0,1,34,18,20,34,18,0,18,26,0,18
2002,210279,1,1,0,0,0,0,0,0,0,0,0,0
2002,210280,1,1,0,0,0,0,0,0,0,0,0,0
2002,210281,1,1,23,23,23,23,23,23,23,23,23,23
2002,210282,1,1,30,20,20,24,22,12,20,14,23,27