YEAR,ST_CASE,veh_no,per_no,P1,P2,P3,P4,P5,P6,P7,P8,P9,P10
2002,210283,1,1,0,0,0,0,0,0,0,0,0,0
2002,210283,2,1,0,0,0,0,0,0,0,0,0,0
2002,210284,1,1,0,0,0,0,0,0,0,0,0,0
2002,210284,2,1,0,0,0,0,0,8,0,0,0,0
2002,210285,1,1,0,0,0,0,0,0,0,0,0,0
2002,210286,1,1,22,22,22,22,22,22,22,22,22,22
2002,210287,1,1,0,0,0,0,0,0,0,0,0,0
2002,210287,2,1,0,0,0,0,0,0,0,0,0,0
2002,210288,1,1,0,0,0,0,0,0,0,0,0,0
2002,210289,1,1,0,0,0,0,0,0,0,0,0,0
2002,210289,2,1,0,0,0,0,0,0,0,0,0,0
2002,210290,1,1,0,0,0,0,0,0,0,0,0,0
2002,210291,1,1,11,18,0,22,25,28,10,0,8,23
2002,210292,1,1,0,0,0,0,0,0,0,0,0,0
2002,210293,1,1,16,16,16,16,16,16,16,16,16,16
2002,210294,1,1,22,22,22,22,22,22,22,22,22,22
2002,210295,1,1,23,23,23,23,23,23,23,23,23,23
2002,210295,2,1,0,0,0,0,0,0,0,0,0,0
2002,210296,1,1,0,14,0,0,0,0,0,0,0,0
2002,210297,1,1,21,30,37,0,21,15,17,19,18,14
2002,210298,1,1,0,0,0,0,0,0,0,0,0,0
2002,210299,1,1,22,22,22,22,22,22,22,22,22,22
2002,210300,1,1,0,0,0,0,0,0,0,0,0,0
2002,210301,1,1,0,0,0,0,0,0,0,0,0,0
2002,210301,2,1,0,0,0,0,0,0,0,0,0,0
2002,210302,1,1,11,11,11,11,11,11,11,11,11,11
2002,210303,0,1,25,25,25,25,25,25,25,25,25,25
2002,210303,1,1,0,0,0,0,0,0,0,0,0,12
2002,210304,1,1,28,28,28,28,28,28,28,28,28,28
2002,210305,1,1,22,22,22,22,22,22,22,22,22,22
2002,210306,1,1,11,11,11,11,11,11,11,11,11,11
2002,210307,1,1,0,0,0,0,0,0,0,0,0,0
2002,210307,2,1,0,0,0,0,0,0,0,0,0,0
2002,210307,3,1,0,0,0,0,0,0,0,0,0,0
2002,210308,0,1,27,27,27,27,27,27,27,27,27,27
2002,210308,1,1,0,0,0,0,0,0,0,0,0,0
2002,210309,1,1,0,0,0,0,0,0,0,0,0,0
2002,210309,2,1,0,0,0,0,0,0,0,0,0,0
2002,210310,1,1,26,26,26,26,26,26,26,26,26,26
2002,210311,1,1,0,0,0,0,0,0,0,0,0,0
2002,210311,2,1,0,0,0,0,0,0,0,0,0,0
2002,210312,1,1,0,0,0,0,0,0,0,0,0,0
2002,210312,2,1,0,20,0,0,0,0,0,0,0,0
2002,210313,1,1,0,0,0,0,0,0,0,0,0,0
2002,210313,2,1,0,0,0,0,0,0,0,0,0,0
2002,210314,1,1,0,0,0,0,0,0,0,0,0,0
2002,210314,2,1,0,0,0,0,0,0,0,0,0,0
2002,210315,1,1,0,0,0,0,0,0,0,0,0,0
2002,210315,2,1,0,0,0,0,0,0,0,0,0,0
2002,210316,1,1,0,0,0,0,0,0,15,0,0,0
2002,210316,2,1,0,0,0,0,0,0,0,0,0,0
2002,210317,1,1,0,0,0,0,0,0,0,0,0,0
2002,210317,2,1,0,0,0,0,0,0,0,0,0,0
2002,210318,1,1,0,0,0,0,12,0,0,5,0,0
2002,210319,1,1,0,0,0,0,0,0,0,0,0,0
2002,210319,2,1,0,5,0,8,0,0,0,0,0,0
2002,210320,1,1,21,21,21,21,21,21,21,21,21,21
2002,210321,1,1,18,18,18,18,18,18,18,18,18,18
2002,210322,1,1,20,20,20,20,20,20,20,20,20,20
2002,210322,2,1,0,0,0,34,0,0,0,0,0,0
2002,210323,1,1,0,0,0,0,0,0,0,0,0,0
2002,210324,1,1,16,16,16,16,16,16,16,16,16,16
2002,210325,1,1,0,8,0,0,13,0,0,0,0,21
2002,210325,2,1,0,14,8,0,0,0,0,0,4,0
2002,210326,1,1,8,8,8,8,8,8,8,8,8,8
2002,210327,1,1,0,0,0,0,0,0,0,0,0,0
2002,210327,2,1,0,0,0,0,0,0,0,0,0,0
2002,210328,1,1,0,0,0,0,0,0,0,0,0,0
2002,210329,1,1,0,0,0,0,0,0,0,0,0,0
2002,210329,2,1,0,0,0,0,0,0,0,0,0,0
2002,210330,1,1,0,0,0,0,0,0,0,0,0,0
2002,210330,2,1,0,0,0,0,0,0,0,0,0,0
2002,210331,1,1,31,31,31,31,31,31,31,31,31,31
2002,210331,2,1,0,0,0,0,0,0,0,0,0,0
2002,210332,1,1,20,20,20,20,20,20,20,20,20,20
2002,210332,2,1,0,0,0,0,15,0,0,0,0,0
2002,210333,1,1,0,0,0,0,0,0,0,0,0,0
2002,210333,2,1,0,0,0,0,0,0,0,0,0,0
2002,210334,1,1,18,18,18,18,18,18,18,18,18,18
2002,210335,1,1,1,1,1,1,1,1,1,1,1,1
2002,210336,1,1,0,0,0,0,0,0,0,0,0,0
2002,210336,2,1,0,0,0,0,0,0,0,0,0,0
2002,210336,3,1,0,0,0,0,0,0,0,0,0,0
2002,210337,1,1,0,0,0,0,0,0,0,0,0,0
2002,210338,1,1,0,0,0,0,0,0,0,0,0,0
2002,210339,1,1,28,28,28,28,28,28,28,28,28,28
2002,210340,1,1,0,0,0,0,0,0,0,0,0,0
2002,210341,0,1,25,25,25,25,25,25,25,25,25,25
2002,210341,1,1,0,0,0,0,0,0,0,0,0,0
2002,210342,1,1,0,0,0,0,0,0,0,0,0,0
2002,210342,2,1,0,0,0,0,0,0,0,0,0,0
2002,210343,1,1,0,0,0,0,0,0,0,0,0,0
2002,210343,2,1,0,0,0,0,0,0,0,0,0,0
2002,210344,1,1,0,0,0,0,0,0,21,0,6,0
2002,210345,1,1,0,0,0,0,0,0,0,0,0,0
2002,210345,2,1,0,0,0,0,0,0,0,0,0,0
2002,210346,1,1,0,0,0,0,0,0,0,0,0,0
2002,210346,2,1,0,0,0,0,0,0,0,0,0,0
2002,210347,1,1,0,0,0,0,8,0,0,0,0,0
2002,210348,1,1,19,19,19,19,19,19,19,19,19,19
2002,210349,1,1,0,0,0,0,0,0,0,0,0,0
2002,210350,1,1,0,0,0,0,0,0,0,0,0,0
2002,210350,2,1,22,0,0,0,0,0,0,24,0,0
2002,210350,3,1,0,0,0,0,0,0,0,0,0,0
2002,210351,1,1,0,0,0,6,0,0,0,10,0,0
2002,210352,1,1,22,22,22,22,22,22,22,22,22,22
2002,210353,1,1,14,14,14,14,14,14,14,14,14,14
2002,210354,1,1,0,0,0,0,0,0,0,0,0,0
2002,210354,2,1,0,0,0,0,0,0,0,0,0,0
2002,210354,3,1,0,25,0,0,0,0,0,0,0,0
2002,210355,1,1,0,0,0,0,0,0,0,0,0,0
2002,210356,1,1,0,0,0,0,0,0,0,0,0,0
2002,210356,2,1,0,0,0,0,0,0,0,0,0,0
2002,210357,1,1,17,0,0,37,12,13,0,0,0,0
2002,210357,2,1,0,0,0,0,0,0,12,0,0,0
2002,210358,1,1,0,0,0,0,0,0,0,0,0,0
2002,210359,1,1,0,16,19,0,0,0,0,0,0,0
2002,210360,1,1,0,0,0,0,0,0,0,0,0,0
2002,210360,2,1,0,0,0,0,0,0,0,0,0,0
2002,210361,0,1,19,0,32,0,0,0,0,0,0,0
2002,210361,1,1,0,0,0,0,0,0,0,0,0,0
2002,210362,1,1,0,0,0,0,0,0,0,0,0,0
2002,210363,1,1,0,0,4,0,0,0,0,0,0,0
2002,210363,2,1,0,0,0,0,0,0,0,0,0,0
2002,210363,3,1,0,0,0,0,19,0,0,0,15,0
2002,210364,0,1,0,0,0,0,0,0,0,0,20,0
2002,210364,1,1,0,0,0,0,0,0,0,0,0,0
2002,210365,1,1,0,0,0,0,0,0,0,0,0,0
2002,210365,2,1,0,18,0,0,0,0,0,0,0,0
2002,210366,1,1,0,0,0,0,0,0,0,0,0,0
2002,210366,2,1,11,0,0,0,0,0,0,0,0,0
2002,210367,1,1,24,0,0,0,0,0,0,8,0,14
2002,210368,1,1,21,0,0,0,0,0,0,0,0,0
2002,210368,2,1,0,0,0,0,0,0,0,0,0,0
2002,210369,1,1,0,0,0,0,0,0,0,11,0,18
2002,210370,1,1,0,26,0,0,0,0,0,0,0,0
2002,210371,0,1,0,0,0,0,0,0,0,0,0,0
2002,210371,1,1,0,0,0,0,0,0,0,0,0,0
2002,210372,0,1,9,9,9,9,9,9,9,9,9,9
2002,210372,1,1,0,0,0,0,0,0,0,0,0,0
2002,210373,0,1,0,0,0,25,0,0,0,0,7,10
2002,210373,1,1,0,0,0,0,0,0,0,0,0,0
2002,210374,1,1,12,22,7,12,7,17,18,15,3,21
2002,210375,1,1,0,0,0,0,0,0,0,0,0,0
2002,210375,2,1,0,0,0,0,0,0,0,0,0,0
2002,210376,1,1,19,19,19,19,19,19,19,19,19,19
2002,210377,1,1,18,18,18,18,18,18,18,18,18,18
2002,210377,2,1,0,0,0,0,0,0,0,0,0,0
2002,210378,1,1,0,0,0,0,0,0,0,0,0,0
2002,210378,2,1,0,0,0,0,0,0,0,0,0,0
2002,210379,1,1,0,0,0,0,0,0,0,0,0,0
2002,210379,2,1,0,0,0,0,0,0,0,0,0,0
2002,210380,1,1,0,0,0,0,0,0,0,0,0,0
2002,210381,1,1,0,0,0,0,0,0,0,0,26,0
2002,210382,1,1,0,0,0,0,0,0,0,0,0,0
2002,210382,2,1,0,0,0,0,0,0,0,0,0,0
2002,210383,1,1,0,0,0,0,0,0,0,0,0,0
2002,210383,2,1,0,0,0,0,0,0,0,0,0,0
2002,210383,3,1,0,0,0,0,0,0,0,0,0,0
2002,210384,1,1,0,0,0,0,0,0,0,0,0,0
2002,210384,2,1,0,0,0,0,0,0,0,0,0,0
2002,210385,1,1,0,0,0,0,0,0,0,0,0,0
2002,210386,1,1,13,13,13,13,13,13,13,13,13,13
2002,210387,1,1,0,0,0,0,0,0,0,0,0,0
2002,210388,1,1,0,0,0,0,0,0,0,0,0,0
2002,210389,1,1,0,0,15,0,0,0,0,0,12,0
2002,210389,2,1,0,0,0,0,0,0,0,0,0,0
2002,210390,1,1,0,0,13,0,0,0,7,0,0,0
2002,210391,0,1,0,0,0,18,0,0,0,34,0,0
2002,210391,1,1,0,0,0,0,0,0,0,0,0,0
2002,210392,1,1,0,0,0,0,0,0,0,0,0,0
2002,210393,1,1,3,3,3,3,3,3,3,3,3,3
2002,210393,2,1,0,0,0,0,0,0,0,0,0,0
2002,210394,1,1,0,0,0,0,0,0,0,0,0,0
2002,210395,1,1,0,0,0,0,0,0,0,0,0,0
2002,210395,2,1,0,0,0,0,0,0,0,0,0,0
2002,210395,3,1,0,0,0,0,0,0,0,0,0,0
2002,210396,1,1,0,0,0,0,0,0,0,0,0,0
2002,210397,1,1,0,0,0,0,0,0,0,0,0,0
2002,210397,2,1,0,0,0,0,0,0,0,0,0,0
2002,210398,1,1,8,8,8,8,8,8,8,8,8,8
2002,210398,2,1,0,0,0,0,0,0,0,0,0,0
2002,210399,0,1,0,0,0,0,0,0,0,0,0,0
2002,210399,1,1,0,0,0,0,0,0,0,0,0,0
2002,210400,1,1,0,0,0,0,0,0,0,0,0,0
2002,210400,2,1,0,0,0,0,0,0,0,0,0,0
2002,210401,1,1,0,0,0,0,0,0,0,0,0,0
2002,210401,2,1,0,0,0,0,0,0,0,0,0,0
2002,210402,1,1,0,0,0,0,0,0,0,0,0,0
2002,210403,1,1,0,0,0,0,0,0,0,0,0,0
2002,210404,1,1,14,14,14,14,14,14,14,14,14,14
2002,210405,1,1,5,0,0,0,0,0,0,0,0,0
2002,210405,2,1,0,0,0,0,0,0,0,0,0,0
2002,210406,1,1,0,0,0,10,0,0,0,0,0,0
2002,210407,1,1,0,0,0,13,0,0,0,0,0,0
2002,210408,1,1,0,0,0,0,0,0,0,0,0,0
2002,210408,2,1,0,0,0,0,0,0,0,0,0,0
2002,210409,1,1,15,15,15,15,15,15,15,15,15,15
2002,210410,1,1,7,7,7,7,7,7,7,7,7,7
2002,210410,2,1,0,0,0,0,0,0,8,0,0,0
2002,210411,1,1,22,22,22,22,22,22,22,22,22,22
2002,210412,1,1,0,0,0,0,0,0,0,0,0,0
2002,210412,2,1,0,0,0,9,0,0,0,0,0,0
2002,210413,1,1,10,10,10,10,10,10,10,10,10,10
2002,210413,2,1,0,0,0,0,0,0,0,0,0,0
2002,210414,1,1,18,18,18,18,18,18,18,18,18,18
2002,210414,2,1,0,0,0,0,0,0,0,0,0,0
2002,210415,1,1,10,10,10,10,10,10,10,10,10,10
2002,210416,1,1,0,0,0,0,0,0,15,0,0,0
2002,210416,2,1,0,0,0,0,0,0,0,0,0,0
2002,210417,1,1,25,25,25,25,25,25,25,25,25,25
2002,210417,2,1,0,0,0,0,0,0,0,0,0,0
2002,210418,1,1,0,0,0,0,0,0,0,0,0,0
2002,210418,2,1,0,0,0,0,0,0,0,0,0,0
2002,210419,0,1,0,0,0,0,0,0,0,0,0,0
2002,210419,1,1,0,0,0,0,0,0,0,0,0,0
2002,210420,1,1,0,0,0,0,0,0,0,0,0,0
2002,210420,2,1,0,0,0,0,0,0,0,0,0,0
2002,210421,1,1,0,0,0,0,0,0,0,0,0,0
2002,210422,1,1,0,0,0,0,0,0,0,0,0,0
2002,210422,2,1,0,0,0,0,0,0,0,0,0,0
2002,210423,1,1,0,0,0,0,22,0,0,0,7,28
2002,210424,1,1,0,0,0,0,0,0,0,0,0,0
2002,210424,2,1,0,0,0,0,0,0,0,0,0,0
2002,210425,1,1,0,0,0,0,0,0,0,0,0,0
2002,210425,2,1,0,0,0,0,0,0,0,0,0,0
2002,210426,1,1,15,0,10,0,19,0,12,0,0,0
2002,210427,1,1,0,0,0,0,0,0,0,0,0,0
2002,210428,1,1,0,0,0,0,0,0,0,0,0,0
2002,210429,1,1,20,20,20,20,20,20,20,20,20,20
2002,210430,1,1,0,0,0,0,0,0,0,0,0,0
2002,210431,1,1,8,8,8,8,8,8,8,8,8,8
2002,210432,1,1,0,0,0,0,0,0,0,0,0,0
2002,210432,2,1,0,0,0,0,0,0,0,0,0,0
2002,210433,0,1,0,0,0,0,0,0,0,0,0,0
2002,210433,1,1,14,0,20,0,0,0,0,0,0,0
2002,210434,1,1,18,18,18,18,18,18,18,18,18,18
2002,210434,2,1,0,0,0,0,0,0,0,0,0,0
2002,210435,1,1,0,0,0,0,0,0,0,0,0,0
2002,210436,1,1,0,0,0,0,0,0,0,0,0,0
2002,210436,2,1,0,0,0,0,0,0,0,0,0,0
2002,210437,1,1,0,0,0,0,0,0,0,0,0,0
2002,210437,2,1,0,0,0,0,0,0,0,0,0,0
2002,210437,3,1,0,0,0,0,0,0,0,0,0,0
2002,210438,1,1,0,0,0,0,0,0,0,0,0,0
2002,210438,2,1,0,0,0,0,0,0,0,0,0,4
2002,210439,1,1,11,11,11,11,11,11,11,11,11,11
2002,210439,2,1,0,0,0,0,0,0,0,0,0,0
2002,210440,1,1,0,0,0,0,0,0,0,0,0,0
2002,210441,1,1,0,0,0,0,0,0,0,0,0,0
2002,210441,2,1,20,0,0,0,0,0,0,0,0,6
2002,210442,1,1,0,0,0,0,10,0,0,0,0,0
2002,210443,1,1,0,0,0,0,0,0,0,0,0,0
2002,210444,1,1,14,14,14,14,14,14,14,14,14,14
2002,210445,0,1,0,0,33,6,0,0,0,0,0,0
2002,210445,1,1,0,0,0,0,0,0,0,0,0,0
2002,210446,1,1,0,0,0,0,0,0,0,0,0,0
2002,210447,1,1,0,0,0,0,0,0,0,0,0,0
2002,210448,1,1,0,0,0,0,0,0,0,0,0,18
2002,210449,1,1,27,27,27,27,27,27,27,27,27,27
2002,210450,1,1,14,14,14,14,14,14,14,14,14,14
2002,210451,1,1,0,0,29,16,0,15,0,21,8,0
2002,210452,1,1,0,0,0,0,0,0,0,7,0,0
2002,210453,1,1,0,0,0,0,0,0,0,0,0,0
2002,210454,1,1,0,0,0,0,0,0,0,0,0,0
2002,210455,1,1,13,13,13,13,13,13,13,13,13,13
2002,210455,2,1,0,0,0,0,0,0,0,0,0,0
2002,210455,3,1,0,0,0,0,0,0,0,0,0,0
2002,210456,1,1,0,0,0,0,0,0,0,0,0,0
2002,210457,1,1,0,0,0,0,0,0,0,0,0,0
2002,210457,2,1,0,0,0,0,0,0,0,0,0,0
2002,210458,1,1,27,12,18,18,15,7,10,19,3,18
2002,210459,1,1,0,0,0,0,0,0,0,0,0,0
2002,210459,2,1,0,0,0,0,0,0,0,0,0,0
2002,210460,1,1,0,0,0,0,13,0,0,15,0,0
2002,210461,1,1,0,0,0,0,0,0,0,0,0,0
2002,210461,2,1,0,0,0,0,0,0,0,0,0,0
2002,210462,1,1,0,0,0,0,0,0,0,0,0,0
2002,210462,2,1,0,0,0,0,0,0,0,0,0,0
2002,210462,3,1,0,0,0,0,0,0,0,0,0,0
2002,210463,1,1,1,1,1,1,1,1,1,1,1,1
2002,210464,1,1,0,0,0,0,0,0,0,0,0,0
2002,210464,2,1,0,0,0,0,0,0,0,0,0,0
2002,210465,1,1,27,27,27,27,27,27,27,27,27,27
2002,210465,2,1,0,0,0,0,0,0,0,0,0,0
2002,210466,0,1,0,0,0,0,0,0,0,0,0,0
2002,210466,1,1,0,0,0,0,0,0,0,0,0,0
2002,210467,1,1,22,0,0,0,0,0,0,0,0,0
2002,210467,2,1,0,0,11,0,0,0,0,0,0,0
2002,210468,1,1,0,0,0,0,0,0,0,0,0,0
2002,210469,0,1,26,26,26,26,26,26,26,26,26,26
2002,210469,1,1,0,0,0,0,0,0,0,0,0,0
2002,210470,1,1,18,18,18,18,18,18,18,18,18,18
2002,210471,1,1,0,0,0,0,0,0,0,0,0,0
2002,210472,1,1,32,32,32,32,32,32,32,32,32,32
2002,210473,1,1,0,0,11,0,0,0,22,0,0,0
2002,210474,1,1,26,26,26,26,26,26,26,26,26,26
2002,210475,1,1,0,0,0,0,0,0,0,0,0,0
2002,210475,2,1,0,0,0,0,0,0,0,0,0,0
2002,210476,1,1,9,0,0,0,0,0,0,0,0,0
2002,210477,1,1,0,0,0,0,0,0,0,0,0,0
2002,210477,2,1,0,0,0,0,0,0,0,0,0,0
2002,210478,1,1,35,35,35,35,35,35,35,35,35,35
2002,210479,1,1,0,0,0,0,0,0,0,0,0,0
2002,210479,2,1,0,0,0,0,0,0,0,0,0,0
2002,210480,1,1,0,0,0,0,0,0,0,0,0,0
2002,210480,2,1,0,0,0,0,0,0,0,0,0,0
2002,210481,1,1,0,0,0,0,0,0,0,0,0,0
2002,210481,2,1,0,0,0,0,12,0,17,9,0,0
2002,210482,1,1,0,0,0,0,0,0,0,0,0,0
2002,210482,2,1,0,0,0,0,0,0,0,0,0,0
2002,210482,3,1,0,0,0,0,0,0,0,0,0,0
2002,210483,1,1,0,0,0,0,0,0,0,0,0,0
2002,210483,2,1,14,0,0,0,0,0,0,0,0,0
2002,210484,1,1,0,0,0,0,0,0,17,0,0,0
2002,210485,1,1,0,0,0,0,0,0,0,0,0,0
2002,210486,1,1,0,0,0,0,0,0,0,0,0,0
2002,210486,2,1,0,0,0,0,0,0,0,0,0,0
2002,210486,3,1,0,0,0,0,0,0,0,0,0,0
2002,210487,1,1,0,0,0,0,0,0,0,0,0,0
2002,210488,1,1,19,19,19,19,19,19,19,19,19,19
2002,210488,2,1,0,0,0,0,0,0,0,0,0,0
2002,210489,1,1,0,0,0,0,0,0,0,0,0,0
2002,210489,2,1,0,18,0,0,0,0,0,0,0,0
2002,210490,1,1,0,0,0,0,0,0,0,0,0,0
2002,210490,2,1,0,0,0,0,0,8,0,0,0,0
2002,210491,1,1,0,0,0,0,0,0,0,0,0,0
2002,210491,2,1,0,0,0,0,0,0,0,0,0,0
2002,210491,3,1,0,0,0,0,0,0,0,0,0,0
2002,210492,1,1,0,0,0,0,0,0,0,0,0,0
2002,210493,1,1,0,0,0,0,0,0,0,0,0,0
2002,210494,1,1,10,0,0,0,0,0,0,0,0,0
2002,210494,2,1,0,0,0,0,0,0,0,0,0,0
2002,210495,1,1,0,0,0,0,0,0,0,0,0,0
2002,210495,2,1,0,0,0,0,0,0,0,0,0,0
2002,210496,1,1,8,8,8,8,8,8,8,8,8,8
2002,210497,1,1,10,10,10,10,10,10,10,10,10,10
2002,210498,0,1,0,0,0,0,0,0,0,0,0,0
2002,210498,1,1,0,0,0,0,0,0,0,0,0,0
2002,210499,1,1,22,22,22,22,22,22,22,22,22,22
2002,210500,1,1,0,0,0,0,0,0,0,0,0,0
2002,210501,1,1,0,0,0,0,0,0,0,0,0,0
2002,210501,2,1,0,0,0,0,0,0,0,0,0,0
2002,210502,1,1,0,0,0,0,0,0,0,0,0,0
2002,210502,2,1,0,0,0,0,0,0,0,0,18,0
2002,210503,1,1,13,13,13,13,13,13,13,13,13,13
2002,210504,1,1,0,0,0,0,0,0,0,0,0,0
2002,210505,1,1,22,22,22,22,22,22,22,22,22,22
2002,210506,1,1,0,0,0,0,0,0,0,0,0,0
2002,210507,1,1,0,0,0,0,0,0,0,0,0,0
2002,210507,2,1,0,0,0,0,0,0,0,0,0,0
2002,210508,1,1,5,5,5,5,5,5,5,5,5,5
2002,210509,1,1,0,6,13,0,0,13,0,14,0,0
2002,210510,1,1,4,4,4,4,4,4,4,4,4,4
2002,210510,2,1,0,0,0,0,0,0,0,0,0,0
2002,210510,3,1,0,0,0,0,0,0,0,0,0,0
2002,210511,1,1,0,0,0,0,0,0,0,0,0,0
2002,210512,1,1,0,0,0,0,7,0,0,0,0,21
2002,210512,2,1,0,0,0,0,0,0,0,0,0,0
2002,210513,1,1,0,0,0,0,0,0,0,0,0,0
2002,210514,1,1,12,12,12,12,12,12,12,12,12,12
2002,210515,1,1,0,0,0,0,0,0,0,0,0,0
2002,210515,2,1,0,0,0,0,0,0,0,0,0,0
2002,210516,1,1,18,18,18,18,18,18,18,18,18,18
2002,210517,1,1,0,0,0,0,0,0,0,0,0,0
2002,210517,2,1,0,0,0,0,0,0,0,0,0,0
2002,210518,1,1,0,0,0,0,0,0,0,0,0,0
2002,210518,2,1,0,0,0,0,0,0,0,0,0,0
2002,210519,1,1,0,0,0,0,0,0,0,0,0,0
2002,210519,2,1,0,0,0,0,0,0,0,0,0,0
2002,210520,1,1,24,4,18,10,13,4,7,6,16,17
2002,210521,1,1,32,32,32,32,32,32,32,32,32,32
2002,210521,2,1,0,0,0,0,0,0,0,0,0,0
2002,210522,1,1,0,0,0,0,0,0,0,0,0,0
2002,210522,2,1,0,0,0,0,0,0,0,0,0,0
2002,210523,1,1,0,0,0,0,0,0,0,0,0,0
2002,210523,2,1,0,0,0,0,0,0,0,0,0,0
2002,210524,0,1,0,0,0,0,0,0,0,0,0,0
2002,210524,1,1,0,9,0,7,0,0,0,0,0,0
2002,210525,1,1,11,11,11,11,11,11,11,11,11,11
2002,210526,1,1,18,18,18,18,18,18,18,18,18,18
2002,210527,1,1,0,18,0,0,0,0,0,0,0,0
2002,210528,1,1,0,0,0,0,9,0,0,0,0,0
2002,210529,1,1,13,13,13,13,13,13,13,13,13,13
2002,210530,1,1,14,14,14,14,14,14,14,14,14,14
2002,210530,2,1,0,0,0,0,0,0,0,0,0,0
2002,210531,1,1,0,0,0,0,0,0,0,0,0,0
2002,210531,2,1,0,21,0,0,0,0,0,0,0,0
2002,210532,1,1,0,0,0,0,0,0,0,0,0,0
2002,210533,1,1,13,0,0,27,0,0,0,0,0,0
2002,210534,1,1,13,33,16,13,17,20,9,18,13,7
2002,210535,1,1,5,9,8,25,9,11,0,22,0,0
2002,210536,1,1,0,0,0,0,0,0,0,0,0,0
2002,210536,2,1,0,0,0,0,0,0,0,0,0,0
2002,210537,1,1,0,0,0,0,0,0,0,0,0,0
2002,210537,2,1,0,0,0,0,0,0,0,0,0,0
2002,210538,0,1,9,0,15,31,11,0,21,0,0,10
2002,210538,1,1,0,0,0,0,0,0,0,0,0,0
2002,210539,1,1,16,18,0,19,17,16,0,30,0,15
2002,210540,1,1,0,0,0,0,0,0,0,0,0,0
2002,210540,2,1,0,0,0,0,0,0,0,0,0,0
2002,210542,1,1,0,0,0,0,0,0,0,0,0,0
2002,210543,1,1,0,0,0,0,0,0,0,0,0,0
2002,210543,2,1,0,0,0,0,0,0,0,0,0,0
2002,210544,0,1,18,18,18,18,18,18,18,18,18,18
2002,210544,1,1,21,21,21,21,21,21,21,21,21,21
2002,210545,1,1,0,0,0,0,0,0,0,0,0,0
2002,210546,1,1,0,0,0,0,0,0,0,0,0,0
2002,210546,2,1,0,0,0,0,0,0,0,0,0,0
2002,210547,1,1,0,0,0,0,0,0,0,0,0,0
2002,210547,2,1,0,0,0,0,0,0,0,0,0,0
2002,210548,1,1,0,0,0,0,0,0,0,0,0,0
2002,210548,2,1,13,0,0,0,0,0,0,0,0,0
2002,210548,3,1,0,0,0,0,0,0,0,0,0,0
2002,210549,1,1,10,10,10,10,10,10,10,10,10,10
2002,210550,1,1,0,0,0,0,0,0,0,0,0,0
2002,210551,1,1,0,0,0,0,0,0,0,0,0,0
2002,210551,2,1,0,0,0,0,0,0,0,0,0,0
2002,210552,1,1,0,0,0,0,0,0,0,0,0,16
2002,210553,0,1,0,0,0,0,0,0,0,0,0,0
2002,210553,0,2,0,0,0,0,0,0,0,0,0,0
2002,210553,1,1,0,0,0,0,0,0,0,0,0,0
2002,210554,1,1,15,15,15,15,15,15,15,15,15,15
2002,210555,1,1,13,13,13,13,13,13,13,13,13,13
2002,210556,0,1,16,16,16,16,16,16,16,16,16,16
2002,210556,1,1,0,0,0,0,0,0,0,0,0,0
2002,210557,1,1,0,0,0,0,0,0,0,0,0,0
2002,210557,2,1,0,0,0,0,0,0,0,0,0,0
2002,210557,3,1,0,0,0,0,0,0,0,0,0,0
2002,210558,1,1,0,0,0,0,0,0,0,0,0,0
2002,210558,2,1,0,0,0,0,0,0,0,0,0,0
2002,210559,1,1,0,0,0,0,0,0,0,0,0,0
2002,210560,1,1,30,30,30,30,30,30,30,30,30,30
2002,210560,2,1,0,13,0,0,0,0,0,0,0,0
2002,210561,1,1,10,10,10,10,10,10,10,10,10,10
2002,210562,1,1,0,0,0,0,0,0,0,26,0,0
2002,210562,2,1,0,0,0,0,0,0,0,0,0,0
2002,210563,1,1,7,21,0,0,0,10,0,3,0,12
2002,210564,0,1,45,45,45,45,45,45,45,45,45,45
2002,210564,1,1,0,0,0,0,0,0,0,0,0,0
2002,210565,1,1,3,0,0,0,0,0,0,0,0,0
2002,210565,2,1,0,0,0,0,0,0,0,0,0,0
2002,210566,1,1,18,18,18,18,18,18,18,18,18,18
2002,210566,2,1,0,0,0,0,0,0,0,0,0,0
2002,210567,1,1,0,0,0,0,0,0,0,0,0,0
2002,210567,2,1,0,0,0,0,0,0,0,0,0,0
2002,210568,1,1,13,13,13,13,13,13,13,13,13,13
2002,210568,2,1,0,0,0,0,0,29,0,0,0,0
2002,210569,0,1,15,15,15,15,15,15,15,15,15,15
2002,210569,1,1,11,11,11,11,11,11,11,11,11,11
2002,210570,1,1,19,19,19,19,19,19,19,19,19,19
2002,210570,2,1,0,0,0,0,0,25,0,0,0,0
2002,210571,1,1,9,5,24,12,8,19,12,11,20,7
2002,210571,2,1,0,0,0,0,0,0,0,0,0,0
2002,210572,1,1,20,20,20,20,20,20,20,20,20,20
2002,210572,2,1,0,0,0,0,0,0,0,0,0,0
2002,210573,1,1,0,0,0,0,0,0,0,0,0,0
2002,210573,2,1,0,0,0,0,0,0,0,0,0,0
2002,210574,1,1,0,0,0,0,0,0,0,0,0,0
2002,210574,2,1,0,0,0,0,0,0,0,0,0,0
2002,210575,0,1,0,0,0,0,0,0,0,0,0,0
2002,210575,1,1,0,0,0,0,0,0,0,0,0,0
2002,210576,1,1,0,0,0,0,0,0,0,0,0,0