YEAR,ST_CASE,veh_no,per_no,P1,P2,P3,P4,P5,P6,P7,P8,P9,P10
2002,210577,1,1,30,30,30,30,30,30,30,30,30,30
2002,210577,2,1,0,0,0,0,0,0,0,0,0,0
2002,210578,1,1,0,0,0,0,0,0,0,0,0,0
2002,210578,2,1,0,0,0,0,0,0,0,0,0,0
2002,210579,1,1,0,0,0,0,0,0,0,0,0,0
2002,210579,2,1,0,0,0,0,0,0,0,0,0,0
2002,210580,1,1,7,7,7,7,7,7,7,7,7,7
2002,210581,1,1,12,12,12,12,12,12,12,12,12,12
2002,210582,1,1,0,0,0,0,0,0,0,0,0,0
2002,210582,2,1,0,0,0,0,0,0,0,0,0,0
2002,210583,1,1,31,31,31,31,31,31,31,31,31,31
2002,210584,1,1,13,13,13,13,13,13,13,13,13,13
2002,210585,1,1,14,14,14,14,14,14,14,14,14,14
2002,210586,1,1,0,0,0,0,0,0,0,0,0,0
2002,210587,0,1,0,0,0,0,0,0,0,0,0,0
2002,210587,1,1,0,0,0,0,0,0,0,0,0,0
2002,210588,1,1,0,0,0,0,0,0,0,0,0,0
2002,210589,1,1,0,0,0,0,0,0,0,0,0,0
2002,210589,2,1,0,0,0,0,0,0,0,0,0,0
2002,210590,1,1,0,0,0,0,0,0,0,0,0,0
2002,210590,2,1,0,0,0,0,0,0,0,0,0,0
2002,210591,1,1,6,6,6,6,6,6,6,6,6,6
2002,210592,1,1,0,0,0,0,0,0,0,0,0,0
2002,210593,1,1,0,0,0,0,0,0,0,0,0,0
2002,210593,2,1,0,0,0,0,0,0,0,0,0,0
2002,210593,3,1,0,0,0,0,0,0,0,0,0,0
2002,210593,4,1,0,0,0,0,0,0,0,0,0,0
2002,210594,1,1,0,0,0,0,0,0,0,0,0,0
2002,210594,2,1,0,0,0,0,0,0,0,0,0,0
2002,210595,1,1,0,0,0,0,0,0,0,0,0,0
2002,210595,2,1,0,0,0,0,0,0,0,0,0,0
2002,210596,1,1,0,0,27,0,18,0,0,0,0,0
2002,210597,1,1,20,20,20,20,20,20,20,20,20,20
2002,210598,1,1,0,0,0,0,0,0,0,0,0,0
2002,210598,2,1,0,0,0,0,0,0,0,0,0,0
2002,210598,3,1,0,0,0,0,0,0,0,0,0,0
2002,210599,1,1,18,20,25,14,8,19,8,20,7,27
2002,210600,1,1,15,15,15,15,15,15,15,15,15,15
2002,210601,0,1,0,0,0,31,0,0,0,0,0,0
2002,210601,1,1,0,0,0,12,0,0,11,15,10,0
2002,210602,1,1,0,0,0,0,0,0,0,0,0,0
2002,210603,1,1,0,10,0,0,0,0,0,14,22,16
2002,210604,1,1,0,0,0,0,0,0,0,0,0,13
2002,210604,2,1,0,0,0,0,0,0,0,0,0,0
2002,210605,1,1,14,0,13,0,0,20,0,0,0,0
2002,210606,1,1,0,0,0,0,0,0,0,0,0,0
2002,210606,2,1,0,0,0,0,0,0,0,0,0,0
2002,210607,1,1,0,0,0,0,0,0,0,0,0,0
2002,210607,2,1,0,0,0,0,0,0,0,0,0,0
2002,210608,1,1,0,0,0,0,0,0,0,0,0,0
2002,210609,1,1,0,0,0,0,0,0,0,0,0,0
2002,210609,2,1,0,0,0,0,0,0,0,0,0,0
2002,210610,0,1,0,0,0,0,0,0,0,0,0,0
2002,210610,1,1,0,0,0,0,0,0,0,0,0,0
2002,210611,1,1,10,10,10,10,10,10,10,10,10,10
2002,210612,1,1,19,19,19,19,19,19,19,19,19,19
2002,210613,1,1,0,0,0,0,0,0,0,0,0,0
2002,210614,1,1,0,0,0,0,0,0,0,0,0,0
2002,210615,1,1,0,0,0,0,0,0,0,0,0,0
2002,210615,2,1,0,0,0,0,0,0,0,0,0,0
2002,210616,1,1,2,2,2,2,2,2,2,2,2,2
2002,210616,2,1,4,4,4,4,4,4,4,4,4,4
2002,210617,1,1,0,0,0,0,0,0,0,0,0,0
2002,210618,1,1,0,0,0,0,0,0,0,0,0,0
2002,210619,1,1,0,0,0,0,0,0,0,0,0,0
2002,210619,2,1,0,0,0,0,0,0,0,0,0,0
2002,210620,1,1,0,0,0,0,0,0,0,0,0,0
2002,210621,1,1,0,0,0,0,0,0,0,0,0,0
2002,210622,1,1,0,0,0,5,0,0,0,0,7,0
2002,210623,1,1,0,8,0,27,13,15,14,26,16,28
2002,210623,2,1,0,0,0,0,0,0,0,0,0,0
2002,210624,1,1,0,6,0,0,0,0,0,0,0,0
2002,210625,1,1,0,0,0,0,0,0,0,0,0,0
2002,210625,2,1,0,0,0,0,0,0,0,0,0,0
2002,210626,1,1,0,0,0,0,0,0,0,0,0,0
2002,210626,2,1,0,0,0,0,0,0,0,0,0,0
2002,210627,0,1,0,0,0,0,0,0,0,0,0,0
2002,210627,1,1,0,0,0,0,0,0,0,0,0,0
2002,210628,1,1,23,23,23,23,23,23,23,23,23,23
2002,210628,2,1,0,0,0,0,0,0,0,0,0,0
2002,210629,1,1,0,0,0,0,0,0,0,0,0,0
2002,210630,1,1,9,9,9,9,9,9,9,9,9,9
2002,210630,2,1,0,0,0,0,0,0,0,0,0,3
2002,210631,1,1,0,0,0,0,0,0,0,0,0,0
2002,210632,1,1,0,0,0,0,0,0,0,0,0,0
2002,210632,2,1,0,0,0,0,0,0,0,0,0,0
2002,210633,1,1,0,0,0,0,0,0,0,0,16,0
2002,210634,1,1,0,0,33,0,0,0,0,0,0,0
2002,210635,1,1,0,0,0,0,0,0,0,0,0,0
2002,210635,2,1,0,0,0,0,0,0,0,0,0,0
2002,210636,1,1,0,0,0,0,0,0,0,0,0,0
2002,210636,2,1,0,0,0,0,0,0,0,0,0,0
2002,210637,1,1,0,0,0,0,0,0,0,0,0,0
2002,210638,1,1,0,0,0,0,0,0,0,0,0,0
2002,210638,2,1,0,0,0,0,0,0,0,0,0,0
2002,210638,3,1,0,0,0,0,0,0,0,0,0,0
2002,210639,1,1,0,0,0,0,0,0,0,0,0,0
2002,210639,2,1,0,0,0,0,0,0,0,0,0,0
2002,210639,3,1,0,0,0,0,0,0,0,0,0,0
2002,210640,1,1,0,0,0,0,0,0,0,0,0,0
2002,210640,2,1,0,0,0,0,0,0,0,0,0,0
2002,210640,3,1,0,0,0,0,0,0,0,0,0,0
2002,210641,1,1,0,0,0,0,0,0,0,0,0,0
2002,210642,1,1,17,17,17,17,17,17,17,17,17,17
2002,210643,0,1,0,0,0,0,0,0,0,0,0,0
2002,210643,1,1,0,0,0,0,0,0,0,0,18,0
2002,210644,0,1,0,0,0,0,0,0,0,0,0,0
2002,210644,1,1,0,0,0,0,0,0,0,0,0,0
2002,210645,1,1,0,0,0,0,0,0,0,0,0,0
2002,210645,2,1,0,0,0,0,0,0,0,0,0,0
2002,210646,1,1,0,0,17,0,0,0,0,0,13,0
2002,210647,0,1,0,0,0,0,0,0,0,0,0,0
2002,210647,1,1,0,0,0,0,0,0,0,0,0,0
2002,210648,1,1,16,16,16,16,16,16,16,16,16,16
2002,210649,1,1,0,0,0,0,0,0,0,0,0,0
2002,210649,2,1,0,0,0,0,0,0,0,0,0,0
2002,210650,1,1,19,19,19,19,19,19,19,19,19,19
2002,210651,1,1,0,0,0,10,0,18,0,0,0,16
2002,210651,2,1,0,0,0,0,0,0,0,0,0,0
2002,210652,1,1,21,21,21,21,21,21,21,21,21,21
2002,210652,2,1,0,0,0,0,0,26,0,0,0,0
2002,210652,3,1,0,0,0,0,0,0,0,0,0,0
2002,210653,1,1,0,0,0,0,0,0,0,0,0,0
2002,210653,2,1,0,0,0,0,0,0,0,0,0,0
2002,210654,1,1,24,24,24,24,24,24,24,24,24,24
2002,210654,2,1,0,0,0,0,0,0,0,0,0,0
2002,210654,3,1,0,0,0,0,0,0,0,0,0,0
2002,210655,1,1,0,0,0,0,0,0,0,0,0,0
2002,210656,1,1,15,27,17,19,15,28,23,24,15,25
2002,210657,1,1,0,0,0,0,0,0,0,0,0,0
2002,210657,2,1,0,0,0,0,0,0,0,0,0,0
2002,210657,3,1,0,0,0,0,0,0,0,0,0,0
2002,210657,4,1,0,0,0,0,0,0,0,0,0,0
2002,210658,1,1,0,0,0,0,0,0,0,0,0,0
2002,210659,1,1,0,0,0,0,0,0,0,0,0,0
2002,210659,2,1,0,0,0,0,0,0,0,0,0,0
2002,210660,1,1,18,18,18,18,18,18,18,18,18,18
2002,210661,1,1,25,28,0,16,8,24,0,12,12,0
2002,210662,1,1,0,0,0,0,0,0,0,0,0,0
2002,210662,2,1,0,0,0,0,0,0,0,0,0,0
2002,210663,1,1,0,0,0,0,0,0,0,0,0,0
2002,210664,0,1,11,11,11,11,11,11,11,11,11,11
2002,210664,1,1,0,0,16,0,0,0,0,0,13,7
2002,210665,1,1,0,0,20,0,0,0,15,0,0,0
2002,210666,0,1,0,0,0,0,0,0,0,0,0,0
2002,210666,1,1,0,0,0,0,0,0,0,0,0,0
2002,210667,1,1,12,12,12,12,12,12,12,12,12,12
2002,210667,2,1,0,0,0,0,0,0,0,0,0,0
2002,210668,0,1,0,0,0,0,0,0,0,0,0,0
2002,210668,1,1,0,0,0,0,0,0,0,0,0,0
2002,210669,1,1,0,0,0,0,0,0,0,0,0,0
2002,210669,2,1,0,0,0,0,0,0,20,0,0,0
2002,210670,0,1,0,0,0,0,0,0,0,0,0,0
2002,210670,1,1,0,0,0,0,0,0,0,0,0,0
2002,210671,1,1,0,0,0,0,0,0,0,0,0,0
2002,210672,1,1,0,0,0,0,0,0,0,0,0,0
2002,210672,2,1,0,0,0,0,0,0,0,0,0,0
2002,210673,1,1,0,0,0,0,0,0,0,0,0,0
2002,210674,1,1,0,0,0,0,0,0,0,0,0,0
2002,210674,2,1,0,0,0,0,0,0,0,0,0,0
2002,210675,1,1,7,7,7,7,7,7,7,7,7,7
2002,210676,1,1,0,0,0,0,0,0,0,0,0,0
2002,210676,2,1,0,0,0,0,0,0,0,0,0,0
2002,210677,1,1,18,18,18,18,18,18,18,18,18,18
2002,210678,1,1,24,24,24,24,24,24,24,24,24,24
2002,210678,2,1,0,23,0,0,0,0,0,0,0,0
2002,210679,1,1,11,11,11,11,11,11,11,11,11,11
2002,210680,1,1,23,29,24,39,19,34,8,18,18,19
2002,210681,1,1,0,0,0,0,0,0,0,0,0,0
2002,210681,2,1,0,0,0,0,0,0,0,0,0,0
2002,210682,1,1,0,0,0,0,0,0,0,0,0,0
2002,210683,1,1,5,5,5,5,5,5,5,5,5,5
2002,210684,1,1,5,5,5,5,5,5,5,5,5,5
2002,210685,1,1,0,0,0,0,0,0,0,0,0,0
2002,210686,0,1,25,25,25,25,25,25,25,25,25,25
2002,210686,1,1,0,0,0,0,0,0,0,0,0,0
2002,210687,1,1,0,0,0,0,0,0,0,23,0,0
2002,210688,1,1,0,0,0,0,0,0,0,0,0,0
2002,210688,2,1,25,25,25,25,25,25,25,25,25,25
2002,210689,1,1,0,0,0,0,0,0,0,0,0,0
2002,210689,2,1,0,0,0,0,0,0,0,0,0,0
2002,210689,3,1,0,0,0,0,0,0,0,0,0,0
2002,210689,4,1,0,0,0,0,0,0,0,0,0,0
2002,210690,1,1,18,15,6,36,11,14,10,22,13,6
2002,210690,2,1,0,0,0,0,0,0,0,13,0,0
2002,210691,1,1,0,0,0,0,0,0,0,0,0,0
2002,210691,2,1,0,0,0,0,0,0,0,0,0,0
2002,210691,3,1,0,0,0,0,0,0,0,0,0,0
2002,210692,1,1,6,6,6,6,6,6,6,6,6,6
2002,210693,1,1,0,0,0,0,0,0,0,0,0,0
2002,210693,2,1,0,0,0,0,0,0,0,0,0,0
2002,210694,1,1,18,18,18,18,18,18,18,18,18,18
2002,210695,1,1,9,9,9,9,9,9,9,9,9,9
2002,210696,1,1,0,0,0,0,0,0,0,0,0,0
2002,210696,2,1,0,0,0,0,0,0,0,0,0,0
2002,210696,3,1,0,0,0,0,0,0,0,0,0,0
2002,210696,4,1,0,0,0,0,0,0,0,0,0,0
2002,210697,1,1,0,0,0,0,0,0,0,0,0,0
2002,210697,2,1,0,0,0,0,0,0,0,0,0,0
2002,210698,1,1,10,10,10,10,10,10,10,10,10,10
2002,210698,2,1,0,0,0,0,0,0,0,0,0,0
2002,210699,1,1,0,0,0,0,0,0,0,0,0,0
2002,210699,2,1,0,0,0,0,0,0,0,0,0,0
2002,210700,0,1,0,0,0,0,0,0,0,0,0,0
2002,210700,1,1,0,0,0,0,0,0,0,0,0,0
2002,210700,2,1,0,0,0,0,0,0,0,0,0,0
2002,210701,1,1,0,0,0,0,0,0,0,0,0,0
2002,210701,2,1,0,0,0,0,0,0,0,0,0,0
2002,210702,1,1,0,0,0,0,0,0,0,0,0,0
2002,210702,2,1,0,0,0,0,0,0,0,0,0,0
2002,210703,1,1,0,0,0,0,0,0,0,0,0,0
2002,210703,2,1,0,0,0,0,0,0,0,0,0,0
2002,210704,0,1,16,6,25,8,8,41,14,27,20,18
2002,210704,1,1,0,0,0,0,0,0,0,0,0,0
2002,210705,1,1,0,0,0,0,0,0,0,0,0,0
2002,210705,2,1,0,0,0,0,5,0,0,0,0,0
2002,210706,1,1,8,16,7,0,8,0,19,6,28,20
2002,210707,1,1,0,0,0,0,0,0,0,0,0,0
2002,210708,1,1,0,0,0,0,0,0,0,0,0,0
2002,210708,2,1,0,0,0,0,0,0,0,0,0,0
2002,210709,1,1,0,0,0,0,0,0,0,0,0,0
2002,210709,2,1,0,0,0,0,0,0,0,0,0,0
2002,210710,1,1,0,0,0,0,0,0,0,0,0,0
2002,210710,2,1,0,0,0,0,0,0,0,0,0,0
2002,210711,1,1,15,15,15,15,15,15,15,15,15,15
2002,210712,1,1,0,0,0,0,0,0,0,0,0,0
2002,210713,1,1,16,16,16,16,16,16,16,16,16,16
2002,210714,1,1,0,0,0,0,0,0,0,0,0,0
2002,210714,2,1,0,0,0,0,0,0,0,0,0,0
2002,210715,1,1,0,0,0,0,11,0,0,0,0,0
2002,210715,2,1,0,0,0,0,0,0,0,0,0,0
2002,210716,1,1,39,39,39,39,39,39,39,39,39,39
2002,210716,2,1,0,0,0,0,0,0,0,0,0,0
2002,210717,1,1,0,0,0,0,0,0,0,0,0,0
2002,210717,2,1,0,0,0,0,0,0,0,0,0,0
2002,210718,1,1,0,0,0,0,0,0,0,0,0,0
2002,210718,2,1,0,0,0,0,0,0,0,0,0,0
2002,210718,3,1,0,0,0,0,0,0,0,0,0,0
2002,210718,4,1,0,0,0,0,0,0,0,0,0,0
2002,210719,1,1,0,0,0,0,0,0,0,0,0,0
2002,210719,2,1,0,0,0,2,0,0,0,0,0,0
2002,210720,1,1,0,0,0,0,0,0,0,0,0,0
2002,210720,2,1,0,0,0,0,0,0,0,0,0,0
2002,210721,1,1,0,0,0,0,0,0,0,0,0,0
2002,210722,1,1,19,19,19,19,19,19,19,19,19,19
2002,210723,1,1,18,18,18,18,18,18,18,18,18,18
2002,210724,1,1,22,22,22,22,22,22,22,22,22,22
2002,210725,1,1,14,17,14,12,13,19,9,17,20,21
2002,210725,2,1,0,22,12,15,16,0,5,13,19,18
2002,210726,1,1,19,19,19,19,19,19,19,19,19,19
2002,210726,2,1,0,0,0,0,0,0,0,0,0,0
2002,210727,1,1,0,0,0,0,0,0,0,0,0,0
2002,210728,1,1,0,0,0,0,0,0,0,0,0,0
2002,210729,1,1,23,15,26,5,18,0,11,18,0,0
2002,210730,1,1,0,0,0,0,0,0,0,0,0,0
2002,210731,1,1,0,0,0,0,0,0,0,0,0,12
2002,210731,2,1,0,0,0,0,0,0,0,0,0,0
2002,210731,3,1,0,0,0,0,0,0,0,0,0,20
2002,210732,0,1,0,0,0,0,0,0,0,0,0,0
2002,210732,1,1,0,0,0,0,0,0,0,0,0,0
2002,210733,1,1,0,0,0,0,0,0,0,0,0,0
2002,210733,2,1,0,0,0,0,0,0,0,0,0,0
2002,210734,1,1,0,0,0,0,0,0,0,0,0,0
2002,210735,1,1,0,0,0,0,0,0,0,0,0,0
2002,210736,1,1,0,17,0,0,0,0,0,10,0,13
2002,210737,1,1,8,8,8,8,8,8,8,8,8,8
2002,210737,2,1,0,0,0,0,0,0,0,0,0,0
2002,210738,1,1,0,0,0,0,0,0,0,0,0,0
2002,210739,1,1,0,0,0,0,0,0,0,0,0,0
2002,210740,1,1,0,0,0,0,0,0,0,0,0,0
2002,210741,1,1,8,8,8,8,8,8,8,8,8,8
2002,210742,1,1,15,15,15,15,15,15,15,15,15,15
2002,210743,1,1,0,0,0,0,0,0,0,0,0,0
2002,210743,2,1,0,0,0,0,0,0,0,0,0,0
2002,210744,1,1,0,0,0,0,0,0,0,0,0,0
2002,210744,2,1,0,0,0,0,0,0,0,0,0,0
2002,210744,3,1,0,0,0,0,0,0,0,0,0,0
2002,210745,1,1,0,0,0,0,0,0,0,0,0,0
2002,210745,2,1,0,0,0,0,0,0,0,0,0,0
2002,210746,1,1,0,9,11,0,0,0,0,14,0,6
2002,210747,1,1,0,0,0,0,0,0,0,0,0,0
2002,210747,2,1,0,0,0,0,0,0,0,0,0,0
2002,210748,1,1,0,0,0,0,0,0,0,0,0,0
2002,210748,2,1,27,15,17,17,17,7,19,14,16,0
2002,210749,1,1,16,16,16,16,16,16,16,16,16,16
2002,210750,1,1,0,0,0,0,0,0,0,0,0,0
2002,210751,1,1,23,32,11,14,7,12,23,30,16,0
2002,210752,1,1,33,33,33,33,33,33,33,33,33,33
2002,210752,2,1,0,0,0,0,0,0,0,0,0,0
2002,210753,1,1,0,0,0,0,0,0,0,0,0,0
2002,210754,1,1,15,15,15,15,15,15,15,15,15,15
2002,210754,2,1,0,0,0,0,0,0,0,0,0,0
2002,210755,1,1,0,0,0,0,0,0,0,0,0,0
2002,210755,2,1,0,0,0,0,0,0,0,0,0,0
2002,210756,1,1,0,0,0,0,0,0,0,0,0,0
2002,210757,1,1,0,0,0,0,0,0,0,0,0,0
2002,210757,2,1,0,0,0,0,0,0,0,0,0,0
2002,210758,1,1,0,0,0,0,0,0,0,0,0,0
2002,210759,1,1,0,0,0,0,0,0,0,0,0,0
2002,210760,1,1,0,0,0,0,0,0,0,0,0,0
2002,210761,1,1,0,0,0,0,0,0,0,0,0,4
2002,210762,1,1,0,0,0,0,0,0,0,0,0,0
2002,210763,1,1,0,0,0,0,0,0,0,0,0,0
2002,210764,1,1,0,0,0,0,0,0,0,0,10,0
2002,210764,2,1,0,0,0,0,0,0,0,0,0,0
2002,210765,1,1,0,0,0,0,0,0,0,0,0,0
2002,210765,2,1,0,0,0,0,0,0,0,0,0,0
2002,210765,3,1,0,0,0,0,0,0,0,0,0,0
2002,210766,1,1,0,0,0,0,0,0,0,0,0,0
2002,210766,2,1,0,0,0,0,0,0,0,0,0,0
2002,210767,1,1,8,17,10,16,7,15,14,11,5,22
2002,210768,1,1,21,21,21,21,21,21,21,21,21,21
2002,210769,1,1,0,0,0,0,0,0,0,0,0,0
2002,210770,1,1,0,0,0,0,0,0,0,0,0,29
2002,210771,1,1,2,2,2,2,2,2,2,2,2,2
2002,210772,1,1,0,0,0,0,0,0,0,0,0,0
2002,210772,2,1,0,0,0,0,0,0,0,0,0,0
2002,210772,3,1,0,0,0,0,0,0,0,0,0,0
2002,210773,1,1,0,0,0,0,0,0,0,0,0,0
2002,210774,1,1,0,0,0,0,0,0,0,0,0,0
2002,210774,2,1,0,0,0,0,0,0,0,0,0,0
2002,210775,1,1,1,1,1,1,1,1,1,1,1,1
2002,210776,1,1,0,0,0,0,0,0,0,0,0,0
2002,210777,1,1,30,30,30,30,30,30,30,30,30,30
2002,210778,1,1,0,0,0,0,0,0,0,0,0,0
2002,210778,2,1,0,0,0,0,0,0,0,0,0,0
2002,210779,1,1,0,0,0,0,0,0,0,0,0,0
2002,210779,2,1,0,0,0,0,0,0,0,0,0,0
2002,210780,1,1,0,0,0,0,0,0,0,0,0,0
2002,210780,2,1,0,0,0,0,0,0,0,0,0,0
2002,210781,1,1,13,13,13,13,13,13,13,13,13,13
2002,210782,1,1,25,25,25,25,25,25,25,25,25,25
2002,210783,1,1,0,0,0,0,0,0,0,0,0,0
2002,210783,2,1,0,0,0,0,0,0,0,0,0,0
2002,210784,1,1,15,15,15,15,15,15,15,15,15,15
2002,210785,1,1,0,0,0,0,0,0,0,0,0,0
2002,210785,2,1,0,0,0,0,0,0,0,0,0,0
2002,210786,1,1,0,0,0,0,0,0,0,0,0,0
2002,210786,2,1,0,0,0,0,0,0,0,0,0,0
2002,210786,3,1,0,0,0,0,0,0,0,0,0,0
2002,210787,1,1,18,18,18,18,18,18,18,18,18,18
2002,210787,2,1,0,0,0,0,0,0,0,0,0,0
2002,210788,1,1,0,0,0,0,0,0,0,0,0,0
2002,210788,2,1,0,0,0,0,0,5,0,0,0,0
2002,210789,1,1,0,0,0,0,0,0,0,0,0,0
2002,210789,2,1,0,0,0,0,0,0,0,0,0,0
2002,210790,1,1,0,0,0,0,0,0,0,0,0,0
2002,210791,1,1,23,0,10,12,12,31,32,16,8,12
2002,210791,2,1,0,0,0,0,0,0,0,0,0,0
2002,210792,1,1,31,31,31,31,31,31,31,31,31,31
2002,210793,1,1,0,0,0,0,0,0,0,0,0,0
2002,210793,2,1,0,0,0,0,0,0,0,0,0,0
2002,210794,1,1,0,0,0,0,0,0,0,0,0,0
2002,210794,2,1,0,0,0,0,0,0,0,0,0,0
2002,210795,1,1,0,0,0,0,0,0,0,0,0,0
2002,210796,1,1,0,0,0,0,0,0,0,0,0,0
2002,210796,2,1,0,0,0,0,0,0,0,0,0,0
2002,210797,1,1,0,0,0,0,0,0,0,0,0,0
2002,210797,2,1,0,0,0,0,0,0,0,0,0,0
2002,210797,3,1,0,0,0,0,0,0,0,0,0,0
2002,210798,1,1,13,21,31,13,8,5,20,12,15,10
2002,210799,0,1,38,38,38,38,38,38,38,38,38,38
2002,210799,1,1,0,0,0,0,0,0,0,0,0,0
2002,210800,1,1,33,33,33,33,33,33,33,33,33,33
2002,210801,1,1,0,0,0,0,0,0,0,0,0,0
2002,210801,2,1,0,0,0,0,0,0,0,0,0,0
2002,210802,1,1,0,0,0,0,15,0,0,0,0,0
2002,210803,1,1,0,0,0,0,0,0,0,0,0,0
2002,210804,1,1,0,0,0,0,0,0,0,0,0,0
2002,210805,1,1,0,0,0,0,0,8,0,0,15,0
2002,210805,2,1,0,0,0,0,0,0,0,0,0,0
2002,210806,1,1,24,24,24,24,24,24,24,24,24,24
2002,210807,1,1,3,3,3,3,3,3,3,3,3,3
2002,210808,1,1,14,14,14,14,14,14,14,14,14,14
2002,210809,1,1,0,0,0,0,0,0,0,0,0,0
2002,210810,1,1,21,0,25,25,15,0,22,0,21,19
2002,210811,1,1,0,0,0,0,0,0,0,0,0,0
2002,210811,2,1,0,0,0,0,0,0,0,0,0,0
2002,220001,1,1,3,3,3,3,3,3,3,3,3,3
2002,220002,1,1,6,6,6,6,6,6,6,6,6,6
2002,220003,1,1,0,0,0,0,0,0,0,0,0,0
2002,220004,0,1,26,35,0,20,0,23,39,0,15,0
2002,220004,1,1,4,4,4,4,4,4,4,4,4,4
2002,220005,1,1,21,21,21,21,21,21,21,21,21,21
2002,220006,1,1,18,18,18,18,18,18,18,18,18,18
2002,220007,1,1,0,0,0,0,0,0,0,0,0,0
2002,220007,2,1,0,0,0,0,0,0,0,0,0,0
2002,220008,1,1,19,19,19,19,19,19,19,19,19,19
2002,220009,1,1,0,0,0,0,0,0,0,0,0,0
2002,220009,2,1,0,0,0,0,7,0,0,0,0,0
2002,220010,1,1,0,0,0,0,0,0,0,0,0,0
2002,220010,2,1,0,0,0,0,0,0,0,0,0,0
2002,220011,1,1,20,20,20,20,20,20,20,20,20,20
2002,220012,1,1,0,0,0,0,0,0,0,0,0,0
2002,220013,0,1,0,0,0,0,0,0,0,0,0,0
2002,220013,1,1,0,0,0,0,0,0,0,0,0,0
2002,220013,2,1,0,0,0,0,0,0,0,0,0,0
2002,220014,0,1,0,0,0,0,0,0,0,0,0,0
2002,220014,0,2,0,0,6,0,0,0,0,0,0,0
2002,220014,0,3,0,0,0,0,0,0,0,0,0,0
2002,220014,0,4,0,0,0,0,0,0,0,0,0,0
2002,220014,0,5,0,0,0,0,0,0,0,0,0,0
2002,220014,1,1,0,0,0,0,0,0,0,0,0,0
2002,220015,1,1,11,11,11,11,11,11,11,11,11,11
2002,220016,0,1,1,1,1,1,1,1,1,1,1,1
2002,220016,1,1,0,0,0,0,0,0,0,0,0,0
2002,220017,1,1,16,16,16,16,16,16,16,16,16,16
2002,220017,2,1,0,0,0,0,0,0,0,0,0,0
2002,220018,0,1,0,0,0,0,0,0,0,0,0,0
2002,220018,1,1,0,0,0,0,0,0,0,0,0,0
2002,220019,1,1,12,0,0,0,0,0,0,0,0,0
2002,220019,2,1,0,0,0,0,0,0,0,0,0,0
2002,220020,0,1,0,16,0,0,0,0,0,0,0,0
2002,220020,1,1,0,0,0,0,0,0,0,0,0,0
2002,220021,1,1,0,0,0,0,0,0,0,0,0,0
2002,220021,2,1,0,0,0,0,0,0,0,0,0,0
2002,220021,3,1,0,0,0,0,0,0,0,0,0,0
2002,220022,0,1,0,0,0,0,0,0,0,0,0,0
2002,220022,1,1,16,16,13,3,20,10,25,4,8,14
2002,220023,1,1,10,10,10,10,10,10,10,10,10,10
2002,220023,2,1,0,0,0,0,0,0,0,0,0,0
2002,220024,1,1,17,0,0,0,0,0,0,0,0,0
2002,220025,0,1,28,42,16,16,20,29,11,17,20,18
2002,220025,1,1,0,0,0,0,0,0,0,0,0,0
2002,220026,1,1,12,12,12,12,12,12,12,12,12,12
2002,220027,1,1,20,20,20,20,20,20,20,20,20,20
2002,220028,0,1,0,0,0,0,0,0,0,0,0,0
2002,220028,1,1,0,0,0,0,0,0,0,0,0,0
2002,220029,1,1,0,0,0,0,0,0,0,0,0,0
2002,220029,2,1,0,0,0,0,0,0,0,0,0,0
2002,220030,1,1,0,0,0,0,0,0,0,0,0,0
2002,220030,2,1,0,0,0,0,0,0,0,0,0,0
2002,220031,1,1,20,20,20,20,20,20,20,20,20,20
2002,220032,1,1,0,0,0,0,0,0,0,0,0,0
2002,220032,2,1,0,0,0,0,0,0,0,0,0,0
2002,220033,1,1,30,22,29,29,13,25,25,24,20,19
2002,220034,1,1,16,25,18,0,15,0,17,4,0,0
2002,220035,1,1,0,0,0,17,0,0,0,0,0,0
2002,220035,2,1,0,0,0,0,0,0,0,0,0,0
2002,220036,1,1,0,0,0,0,0,0,0,0,0,0
2002,220036,2,1,0,0,0,0,0,0,0,0,0,0
2002,220036,3,1,0,0,0,0,0,0,0,0,0,0
2002,220036,4,1,0,0,0,0,0,0,0,0,0,0
2002,220037,1,1,0,0,14,26,26,0,16,0,0,12
2002,220038,1,1,0,0,0,0,0,0,0,0,0,0
2002,220039,1,1,43,35,23,25,24,15,15,15,18,14
2002,220040,1,1,0,0,0,0,0,0,0,0,0,0
2002,220041,1,1,0,0,0,0,0,0,0,0,0,0
2002,220042,1,1,21,21,21,21,21,21,21,21,21,21
2002,220043,1,1,25,25,25,25,25,25,25,25,25,25
2002,220044,1,1,23,23,23,23,23,23,23,23,23,23
2002,220045,1,1,0,0,0,0,0,0,0,0,0,0
2002,220046,1,1,8,8,8,8,8,8,8,8,8,8
2002,220047,1,1,0,0,0,0,0,0,0,0,0,0
2002,220047,2,1,0,0,0,0,0,0,0,0,0,0
2002,220048,1,1,0,0,0,0,0,0,0,0,0,0
2002,220048,2,1,0,0,0,0,0,0,0,0,0,0
2002,220049,1,1,19,0,12,5,0,20,0,25,7,0
2002,220050,1,1,0,0,0,0,0,0,0,0,0,0
2002,220050,2,1,0,0,0,0,0,0,0,0,0,0
2002,220051,1,1,24,24,24,24,24,24,24,24,24,24
2002,220052,1,1,0,0,0,0,0,0,0,0,0,0
2002,220053,0,1,5,2,22,12,18,22,24,5,8,13
2002,220053,0,2,0,0,12,13,0,0,0,22,21,9
2002,220053,1,1,0,0,13,0,17,18,9,0,0,0