YEAR,ST_CASE,veh_no,per_no,P1,P2,P3,P4,P5,P6,P7,P8,P9,P10
2002,220054,1,1,0,0,0,0,0,0,0,0,0,0
2002,220054,2,1,0,0,0,0,0,0,0,0,0,0
2002,220055,1,1,12,13,11,16,12,17,19,7,21,25
2002,220056,1,1,0,0,0,0,0,0,0,0,0,0
2002,220057,1,1,21,11,7,8,15,9,20,18,9,25
2002,220058,0,1,0,0,0,0,16,0,0,0,0,0
2002,220058,1,1,0,0,0,0,0,0,0,0,0,0
2002,220059,1,1,0,28,21,0,0,0,0,0,21,0
2002,220059,2,1,0,0,0,0,0,0,0,0,0,0
2002,220060,0,1,0,0,0,0,0,0,0,0,0,0
2002,220060,1,1,0,0,0,0,0,0,0,0,0,0
2002,220061,1,1,0,0,0,0,0,0,0,0,0,0
2002,220061,2,1,0,0,0,0,0,0,0,0,0,0
2002,220062,1,1,8,9,12,15,18,19,28,18,8,9
2002,220063,1,1,0,0,0,0,0,0,0,0,0,0
2002,220063,2,1,0,0,0,0,0,0,0,0,0,0
2002,220064,0,1,24,24,24,24,24,24,24,24,24,24
2002,220064,1,1,1,1,1,1,1,1,1,1,1,1
2002,220065,1,1,0,0,0,0,0,0,0,0,0,0
2002,220065,2,1,0,0,0,0,0,0,0,0,0,0
2002,220066,1,1,21,21,21,21,21,21,21,21,21,21
2002,220066,2,1,0,0,0,0,0,0,0,0,0,0
2002,220067,0,1,20,21,18,19,38,4,21,33,39,28
2002,220067,1,1,0,0,0,0,0,0,0,0,0,0
2002,220068,1,1,0,0,0,0,0,0,0,0,0,0
2002,220068,2,1,0,0,0,0,0,0,0,0,0,0
2002,220069,0,1,33,33,33,33,33,33,33,33,33,33
2002,220069,1,1,9,9,9,9,9,9,9,9,9,9
2002,220070,1,1,14,0,0,0,0,0,0,0,0,0
2002,220071,0,1,0,0,0,0,0,0,0,0,0,0
2002,220071,1,1,0,0,0,0,0,0,0,0,0,0
2002,220072,1,1,0,0,0,0,0,0,0,0,0,0
2002,220073,1,1,0,0,0,0,0,0,0,0,0,0
2002,220073,2,1,0,0,0,0,0,0,0,0,0,0
2002,220073,3,1,0,0,0,0,0,0,0,0,0,0
2002,220074,1,1,0,0,0,0,0,0,9,0,0,0
2002,220074,2,1,0,0,0,0,0,0,0,0,0,0
2002,220075,1,1,21,0,0,4,0,0,23,11,10,13
2002,220076,1,1,0,0,0,0,0,0,0,0,0,0
2002,220077,1,1,0,0,0,0,0,0,0,0,0,0
2002,220077,2,1,0,0,0,0,0,0,0,0,0,0
2002,220077,3,1,0,0,0,0,0,0,0,0,0,0
2002,220078,0,1,0,0,0,0,0,0,0,0,0,0
2002,220078,1,1,0,0,0,20,0,9,0,0,0,0
2002,220079,1,1,0,0,0,0,0,0,0,0,0,0
2002,220079,2,1,4,4,4,4,4,4,4,4,4,4
2002,220080,1,1,17,17,17,17,17,17,17,17,17,17
2002,220081,1,1,14,14,14,14,14,14,14,14,14,14
2002,220081,2,1,0,0,0,0,0,0,0,0,0,3
2002,220082,1,1,22,22,22,22,22,22,22,22,22,22
2002,220083,1,1,12,12,12,12,12,12,12,12,12,12
2002,220084,1,1,19,34,25,5,25,13,43,14,18,0
2002,220085,0,1,0,0,0,0,0,0,0,0,0,0
2002,220085,0,2,0,0,0,0,0,0,0,0,0,0
2002,220085,1,1,0,0,0,0,0,0,0,0,0,0
2002,220086,1,1,0,0,0,0,0,0,0,0,0,0
2002,220087,1,1,0,0,0,0,0,0,0,0,0,0
2002,220088,1,1,2,2,2,2,2,2,2,2,2,2
2002,220089,0,1,0,0,0,0,0,0,0,0,0,0
2002,220089,1,1,0,0,0,0,0,0,0,0,0,0
2002,220090,0,1,0,0,0,0,0,0,0,0,0,0
2002,220090,1,1,0,0,0,0,0,0,0,0,0,0
2002,220091,1,1,0,30,0,0,8,24,0,0,0,15
2002,220092,1,1,7,7,7,7,7,7,7,7,7,7
2002,220093,1,1,0,0,0,0,0,0,0,0,0,0
2002,220093,2,1,0,0,0,0,0,0,0,0,0,0
2002,220094,1,1,29,18,0,14,12,19,0,7,7,24
2002,220095,1,1,0,0,0,0,0,0,0,0,0,0
2002,220096,1,1,0,0,0,0,0,0,0,0,0,0
2002,220096,2,1,0,0,0,0,0,0,0,0,0,0
2002,220097,1,1,0,0,0,0,0,0,0,0,0,0
2002,220097,2,1,0,0,0,0,0,0,0,0,0,0
2002,220097,3,1,0,0,0,0,0,0,0,0,0,0
2002,220098,1,1,21,24,21,0,25,18,8,15,16,26
2002,220099,1,1,10,10,10,10,10,10,10,10,10,10
2002,220100,1,1,9,9,9,9,9,9,9,9,9,9
2002,220101,1,1,0,0,0,0,0,0,0,0,0,0
2002,220102,1,1,0,0,0,0,0,0,0,0,0,0
2002,220102,2,1,0,0,0,0,0,0,0,0,0,0
2002,220103,1,1,0,0,0,0,0,0,0,0,0,0
2002,220103,2,1,0,0,0,10,0,0,0,0,0,0
2002,220104,1,1,0,0,0,0,0,0,0,0,0,0
2002,220105,1,1,8,8,8,8,8,8,8,8,8,8
2002,220105,2,1,0,0,0,0,0,0,0,0,0,0
2002,220106,1,1,10,0,6,0,0,25,10,0,43,0
2002,220107,1,1,9,9,9,9,9,9,9,9,9,9
2002,220107,2,1,0,0,0,0,0,0,0,0,0,0
2002,220108,1,1,0,0,0,0,0,0,0,0,0,0
2002,220108,2,1,0,0,0,0,0,0,0,0,0,0
2002,220109,1,1,19,19,19,19,19,19,19,19,19,19
2002,220110,1,1,18,0,24,0,9,24,0,0,13,0
2002,220111,1,1,0,0,0,0,0,0,0,0,0,0
2002,220111,2,1,0,0,0,0,0,0,0,0,0,0
2002,220112,1,1,0,0,0,0,0,0,0,0,0,0
2002,220112,2,1,0,0,0,0,0,0,0,0,0,0
2002,220113,1,1,9,29,28,23,12,18,12,15,20,9
2002,220114,1,1,13,13,13,13,13,13,13,13,13,13
2002,220114,2,1,0,0,0,0,0,0,0,0,0,0
2002,220115,1,1,0,0,0,0,0,0,0,0,0,0
2002,220115,2,1,0,0,0,0,0,0,0,0,0,0
2002,220116,1,1,0,0,0,0,0,0,0,0,0,0
2002,220116,2,1,0,0,0,0,0,0,0,0,0,0
2002,220117,1,1,0,18,9,0,28,0,6,14,23,0
2002,220118,1,1,0,6,6,0,6,17,0,21,0,0
2002,220118,2,1,0,0,0,0,0,0,0,0,0,0
2002,220119,1,1,0,0,0,0,0,0,0,0,0,0
2002,220120,1,1,2,2,2,2,2,2,2,2,2,2
2002,220120,2,1,0,0,0,0,0,0,0,0,0,0
2002,220121,0,1,0,14,0,0,0,0,0,0,0,0
2002,220121,1,1,0,0,0,0,0,0,0,0,0,0
2002,220122,1,1,0,0,0,0,0,0,0,0,0,0
2002,220123,1,1,0,0,0,0,0,0,0,0,0,0
2002,220124,0,1,0,0,0,0,0,18,0,8,4,0
2002,220124,1,1,0,0,0,0,0,0,0,0,0,0
2002,220125,1,1,0,0,0,0,0,0,0,0,0,0
2002,220125,2,1,0,0,0,0,0,0,0,0,0,0
2002,220126,0,1,0,0,0,26,0,0,0,0,0,0
2002,220126,1,1,14,14,14,14,14,14,14,14,14,14
2002,220127,1,1,20,20,20,20,20,20,20,20,20,20
2002,220128,1,1,3,7,14,15,6,9,0,5,14,0
2002,220128,2,1,0,0,0,0,0,0,0,0,0,0
2002,220129,1,1,0,0,0,0,0,0,0,0,0,0
2002,220130,1,1,0,0,0,17,14,8,7,0,12,11
2002,220130,2,1,0,0,0,0,0,0,0,0,0,0
2002,220131,1,1,6,16,5,7,20,8,21,14,13,15
2002,220132,1,1,16,16,16,16,16,16,16,16,16,16
2002,220133,0,1,25,25,25,25,25,25,25,25,25,25
2002,220133,1,1,17,17,17,17,17,17,17,17,17,17
2002,220134,1,1,11,11,11,11,11,11,11,11,11,11
2002,220135,1,1,0,0,0,0,0,0,0,0,0,0
2002,220136,0,1,13,13,26,0,23,17,0,29,0,14
2002,220136,1,1,0,0,0,0,0,0,0,0,0,0
2002,220137,1,1,0,0,0,0,0,0,0,0,0,0
2002,220138,1,1,31,31,31,31,31,31,31,31,31,31
2002,220139,0,1,23,23,23,23,23,23,23,23,23,23
2002,220139,1,1,0,0,0,0,0,0,0,0,0,0
2002,220139,2,1,0,0,0,0,0,0,0,0,0,0
2002,220139,3,1,0,0,0,0,0,0,0,0,0,0
2002,220140,1,1,21,21,21,21,21,21,21,21,21,21
2002,220141,1,1,17,17,17,17,17,17,17,17,17,17
2002,220142,1,1,18,18,18,18,18,18,18,18,18,18
2002,220142,2,1,0,0,0,0,0,0,0,0,0,0
2002,220143,1,1,23,23,23,23,23,23,23,23,23,23
2002,220143,2,1,0,0,0,16,0,0,18,0,0,24
2002,220144,0,1,29,29,29,29,29,29,29,29,29,29
2002,220144,1,1,0,0,0,0,0,0,0,0,0,0
2002,220145,1,1,17,17,17,17,17,17,17,17,17,17
2002,220146,1,1,27,27,27,27,27,27,27,27,27,27
2002,220147,1,1,0,0,0,0,0,0,0,0,0,0
2002,220148,1,1,0,0,0,0,0,0,0,0,0,0
2002,220148,2,1,0,0,0,0,0,0,0,0,0,26
2002,220149,1,1,0,0,0,0,0,0,0,0,0,0
2002,220149,2,1,0,0,0,0,0,0,0,0,0,0
2002,220150,1,1,12,12,12,12,12,12,12,12,12,12
2002,220150,2,1,0,0,0,0,0,0,0,0,0,0
2002,220151,1,1,0,0,0,0,0,0,0,0,0,0
2002,220151,2,1,0,0,0,0,0,0,0,0,0,0
2002,220152,1,1,0,0,0,0,0,0,0,0,0,0
2002,220153,0,1,0,0,0,0,0,0,0,0,0,0
2002,220153,1,1,0,0,0,0,0,0,0,0,0,0
2002,220154,1,1,0,0,0,0,0,0,0,0,0,0
2002,220154,2,1,0,0,0,0,0,0,0,0,0,0
2002,220155,0,1,0,0,0,0,0,0,0,0,0,0
2002,220155,1,1,16,16,16,16,16,16,16,16,16,16
2002,220155,2,1,0,0,0,0,0,0,0,0,0,0
2002,220156,1,1,0,0,0,9,0,0,0,0,0,0
2002,220156,2,1,0,0,0,0,0,0,0,0,0,0
2002,220157,1,1,15,0,13,11,13,18,11,0,19,24
2002,220158,1,1,0,0,0,0,0,0,0,0,0,0
2002,220159,0,1,0,0,0,0,0,0,0,0,0,0
2002,220159,1,1,0,0,0,0,0,0,0,0,17,0
2002,220160,1,1,0,0,0,0,0,0,8,23,16,0
2002,220161,1,1,2,2,2,2,2,2,2,2,2,2
2002,220162,1,1,0,0,0,0,0,0,0,0,0,0
2002,220163,1,1,0,0,0,0,0,0,0,0,0,0
2002,220163,2,1,0,0,0,0,0,0,0,0,0,0
2002,220163,3,1,0,0,0,0,0,0,0,0,0,0
2002,220164,1,1,3,3,3,3,3,3,3,3,3,3
2002,220164,2,1,4,4,4,4,4,4,4,4,4,4
2002,220165,1,1,18,18,18,18,18,18,18,18,18,18
2002,220165,2,1,2,2,2,2,2,2,2,2,2,2
2002,220166,1,1,16,16,16,16,16,16,16,16,16,16
2002,220167,1,1,4,4,4,4,4,4,4,4,4,4
2002,220167,2,1,0,0,0,0,0,0,0,0,0,0
2002,220168,1,1,0,0,0,0,0,0,0,0,0,0
2002,220168,2,1,0,0,0,0,0,0,0,0,0,0
2002,220168,3,1,0,0,0,0,0,0,0,0,0,0
2002,220169,1,1,0,0,8,15,0,0,0,0,0,0
2002,220169,2,1,0,0,0,0,0,0,0,0,0,0
2002,220170,1,1,17,38,5,22,0,10,15,0,0,31
2002,220171,1,1,13,13,13,13,13,13,13,13,13,13
2002,220171,2,1,0,0,0,0,0,0,0,0,0,0
2002,220172,1,1,0,0,0,0,0,0,0,0,0,0
2002,220173,1,1,0,0,0,0,0,0,0,0,0,0
2002,220174,1,1,0,0,0,0,0,0,0,0,0,0
2002,220174,2,1,0,0,0,0,0,0,0,0,0,0
2002,220175,1,1,0,0,0,0,0,0,0,0,0,20
2002,220176,1,1,10,0,0,0,0,0,0,0,0,0
2002,220177,1,1,4,4,4,4,4,4,4,4,4,4
2002,220177,2,1,0,0,0,0,0,0,0,0,0,0
2002,220177,3,1,0,0,0,0,0,0,0,0,0,0
2002,220178,1,1,0,0,9,6,0,19,15,11,26,20
2002,220179,1,1,0,0,0,0,0,0,0,0,0,0
2002,220179,2,1,0,0,0,0,0,0,0,0,0,0
2002,220180,1,1,14,14,14,14,14,14,14,14,14,14
2002,220181,1,1,0,0,0,0,0,0,0,0,0,0
2002,220181,2,1,0,0,0,0,0,0,0,0,0,0
2002,220182,1,1,0,0,0,0,0,0,0,0,0,0
2002,220183,1,1,0,0,0,32,14,20,7,0,0,0
2002,220184,1,1,0,0,0,0,0,0,0,0,0,0
2002,220184,2,1,0,0,0,0,0,0,0,0,0,0
2002,220185,1,1,0,0,0,13,0,0,0,0,0,0
2002,220185,2,1,0,0,0,0,0,0,0,0,0,0
2002,220186,1,1,22,0,24,23,45,0,0,14,30,32
2002,220187,0,1,0,0,0,0,0,0,0,0,0,0
2002,220187,1,1,0,0,0,0,0,0,0,0,0,0
2002,220188,1,1,0,0,0,0,0,0,0,0,0,0
2002,220188,2,1,0,0,0,0,0,0,0,0,0,0
2002,220189,1,1,0,0,0,0,0,0,0,0,0,0
2002,220189,2,1,0,0,0,0,0,0,0,0,0,0
2002,220189,3,1,0,0,0,0,0,0,0,0,0,0
2002,220190,1,1,13,13,13,13,13,13,13,13,13,13
2002,220190,2,1,0,0,0,0,0,0,0,0,11,0
2002,220191,2,1,0,0,0,0,0,0,0,0,0,0
2002,220191,3,1,0,0,0,0,0,0,0,0,0,0
2002,220192,0,1,0,0,0,0,0,0,0,0,0,0
2002,220192,1,1,0,0,0,0,0,0,0,0,0,0
2002,220193,1,1,1,1,1,1,1,1,1,1,1,1
2002,220194,1,1,0,0,0,0,0,0,0,0,0,0
2002,220194,2,1,0,0,0,0,0,0,0,0,0,0
2002,220195,1,1,0,0,0,0,0,0,0,0,0,0
2002,220196,1,1,11,11,11,11,11,11,11,11,11,11
2002,220197,1,1,0,0,0,0,0,0,0,0,0,0
2002,220197,2,1,0,0,0,0,0,0,0,0,0,0
2002,220198,1,1,0,0,0,0,0,0,0,0,0,0
2002,220199,1,1,0,0,0,0,0,0,0,0,0,0
2002,220199,2,1,0,0,0,0,0,0,0,0,0,0
2002,220200,1,1,21,21,21,21,21,21,21,21,21,21
2002,220201,0,1,24,24,24,24,24,24,24,24,24,24
2002,220201,1,1,19,19,19,19,19,19,19,19,19,19
2002,220202,1,1,0,0,0,0,0,0,0,0,0,0
2002,220203,1,1,0,0,0,0,0,0,0,0,0,0
2002,220204,1,1,0,0,0,0,0,0,0,0,0,0
2002,220204,2,1,0,0,0,0,0,0,0,0,0,0
2002,220205,1,1,0,0,0,0,0,0,0,0,0,0
2002,220205,2,1,7,7,7,7,7,7,7,7,7,7
2002,220206,1,1,7,7,7,7,7,7,7,7,7,7
2002,220207,0,1,0,0,0,0,0,0,0,0,0,0
2002,220207,1,1,0,0,0,0,0,0,0,0,0,0
2002,220208,1,1,6,6,6,6,6,6,6,6,6,6
2002,220209,1,1,0,0,0,0,0,0,0,0,0,0
2002,220209,2,1,0,0,0,0,0,0,0,0,0,0
2002,220210,0,1,0,0,0,0,24,9,0,27,0,0
2002,220210,0,2,22,33,16,0,0,0,26,30,0,32
2002,220210,1,1,16,16,16,16,16,16,16,16,16,16
2002,220211,1,1,19,19,19,19,19,19,19,19,19,19
2002,220212,1,1,37,37,37,37,37,37,37,37,37,37
2002,220212,2,1,0,0,0,0,0,0,0,0,0,0
2002,220213,0,1,0,0,23,0,35,27,4,14,16,23
2002,220213,1,1,0,0,33,0,0,0,0,0,25,0
2002,220214,1,1,0,0,0,0,0,0,12,13,0,0
2002,220215,1,1,0,0,0,0,0,0,0,0,0,0
2002,220215,2,1,0,0,0,0,0,0,0,0,0,0
2002,220216,1,1,0,21,34,0,0,0,12,0,0,24
2002,220217,1,1,0,0,0,0,0,0,0,0,0,0
2002,220217,2,1,0,0,0,0,0,0,0,0,0,0
2002,220218,1,1,0,0,0,0,0,0,0,0,0,0
2002,220218,2,1,0,0,0,0,0,0,0,0,0,0
2002,220219,0,1,0,0,0,0,0,0,0,34,17,0
2002,220219,1,1,0,0,0,0,0,0,0,0,0,0
2002,220220,1,1,18,0,0,0,6,0,0,0,0,0
2002,220220,2,1,0,0,0,0,0,0,0,0,0,0
2002,220221,1,1,10,6,0,31,4,21,14,18,0,18
2002,220222,1,1,14,14,14,14,14,14,14,14,14,14
2002,220223,1,1,0,0,0,0,0,0,0,0,0,0
2002,220223,2,1,0,0,0,0,0,0,0,0,0,0
2002,220224,0,1,0,0,0,0,0,0,0,0,0,0
2002,220224,1,1,0,0,0,0,0,0,0,0,0,0
2002,220225,1,1,0,0,0,0,0,0,0,0,0,0
2002,220226,1,1,0,0,0,0,0,0,0,0,0,0
2002,220227,1,1,0,0,0,0,0,0,0,0,0,0
2002,220228,1,1,0,0,0,0,0,0,0,0,0,0
2002,220228,2,1,0,0,0,0,0,0,0,0,0,0
2002,220229,1,1,22,28,17,20,14,13,16,23,10,19
2002,220230,0,1,0,11,0,0,10,8,12,0,0,0
2002,220230,1,1,0,0,0,0,0,0,0,0,0,0
2002,220231,1,1,0,0,0,0,0,0,0,0,0,0
2002,220231,2,1,0,0,0,10,0,0,0,0,0,0
2002,220231,3,1,0,0,0,0,0,0,12,11,4,18
2002,220231,4,1,0,0,0,22,0,0,0,0,0,0
2002,220232,1,1,15,15,15,15,15,15,15,15,15,15
2002,220233,1,1,13,13,13,13,13,13,13,13,13,13
2002,220233,2,1,0,0,0,0,0,0,0,0,0,0
2002,220234,1,1,27,27,27,27,27,27,27,27,27,27
2002,220234,2,1,0,0,0,0,0,0,0,0,0,0
2002,220235,0,1,0,0,0,0,0,0,28,0,0,0
2002,220235,1,1,0,0,0,0,0,0,0,0,0,0
2002,220236,1,1,0,0,0,0,0,0,0,0,0,0
2002,220236,2,1,0,0,0,0,0,0,0,0,0,0
2002,220237,1,1,0,0,0,0,0,0,0,0,0,0
2002,220238,1,1,0,0,0,0,0,0,0,0,0,0
2002,220239,1,1,2,2,2,2,2,2,2,2,2,2
2002,220240,1,1,0,0,0,0,0,0,0,0,0,0
2002,220241,1,1,26,26,26,26,26,26,26,26,26,26
2002,220241,2,1,0,0,0,0,0,0,0,0,0,0
2002,220242,1,1,0,0,0,0,0,0,0,0,0,0
2002,220242,2,1,0,0,0,0,0,0,0,0,0,0
2002,220243,1,1,0,0,0,0,0,0,0,0,0,0
2002,220243,2,1,18,0,0,0,0,0,0,0,0,0
2002,220244,1,1,0,0,7,0,0,6,30,20,0,0
2002,220245,1,1,0,0,0,0,0,0,0,0,0,0
2002,220245,2,1,5,0,0,0,0,0,0,0,0,0
2002,220246,1,1,0,0,0,0,0,0,0,0,0,0
2002,220247,1,1,20,20,20,20,20,20,20,20,20,20
2002,220247,2,1,0,0,0,0,0,0,0,0,0,0
2002,220248,1,1,10,10,10,10,10,10,10,10,10,10
2002,220248,2,1,8,8,8,8,8,8,8,8,8,8
2002,220249,1,1,0,0,0,0,0,0,0,0,0,0
2002,220250,1,1,0,0,0,0,0,0,0,0,0,0
2002,220250,2,1,0,0,0,0,0,0,0,0,0,0
2002,220251,1,1,14,14,14,14,14,14,14,14,14,14
2002,220252,1,1,0,0,0,0,0,0,0,0,0,0
2002,220253,1,1,25,25,25,25,25,25,25,25,25,25
2002,220254,1,1,0,0,0,0,0,0,0,0,13,0
2002,220254,2,1,0,0,0,0,0,0,0,0,0,0
2002,220255,0,1,0,0,0,0,0,0,0,0,0,0
2002,220255,1,1,0,0,0,0,0,0,0,0,0,0
2002,220256,1,1,6,6,6,6,6,6,6,6,6,6
2002,220256,2,1,0,0,0,0,0,0,0,0,0,0
2002,220257,1,1,0,0,0,0,0,0,0,0,0,0
2002,220257,2,1,0,0,0,0,0,0,0,0,0,0
2002,220257,3,1,24,0,0,0,0,0,0,0,0,0
2002,220258,0,1,25,0,0,0,0,37,18,15,0,13
2002,220258,1,1,0,0,0,0,0,0,0,0,0,0
2002,220259,1,1,0,0,0,0,0,0,0,0,0,0
2002,220259,2,1,0,0,0,0,0,0,0,0,0,0
2002,220260,1,1,0,21,0,0,15,0,0,0,0,0
2002,220260,2,1,0,0,0,0,0,0,0,0,0,0
2002,220261,1,1,0,0,0,0,0,0,0,0,0,0
2002,220261,2,1,0,16,0,0,17,13,5,0,0,0
2002,220262,1,1,21,21,21,21,21,21,21,21,21,21
2002,220263,1,1,32,32,32,32,32,32,32,32,32,32
2002,220264,0,1,22,7,8,10,6,28,17,30,22,35
2002,220264,1,1,0,0,0,0,0,0,0,0,0,0
2002,220265,1,1,0,0,0,0,0,5,0,0,0,10
2002,220266,1,1,0,0,0,2,0,20,0,4,0,0
2002,220266,2,1,0,0,0,0,0,0,0,0,0,0
2002,220267,1,1,0,0,0,0,0,0,0,0,0,0
2002,220267,2,1,0,0,0,0,0,0,0,0,0,0
2002,220267,3,1,0,0,0,0,0,0,0,0,0,0
2002,220267,4,1,0,0,0,0,0,0,0,0,0,0
2002,220268,0,1,0,20,19,45,0,0,0,0,0,0
2002,220268,1,1,0,0,0,0,0,0,0,0,0,0
2002,220269,0,1,12,0,0,0,0,18,0,0,0,0
2002,220269,1,1,0,0,0,0,0,0,0,0,0,0
2002,220270,1,1,26,26,26,26,26,26,26,26,26,26
2002,220271,0,1,0,0,0,0,0,0,0,0,0,0
2002,220271,1,1,0,0,0,0,0,0,0,0,0,0
2002,220272,1,1,5,5,5,5,5,5,5,5,5,5
2002,220273,1,1,0,0,0,0,0,0,0,0,0,0
2002,220273,2,1,0,0,0,0,0,0,0,0,0,0
2002,220274,1,1,0,0,0,14,0,0,0,0,0,0
2002,220274,2,1,0,0,0,0,0,0,0,0,0,0
2002,220275,1,1,0,0,0,0,0,0,0,0,0,0
2002,220276,1,1,7,7,7,7,7,7,7,7,7,7
2002,220277,1,1,0,0,0,0,0,0,0,0,0,0
2002,220278,0,1,33,34,28,20,27,25,24,23,16,23
2002,220278,1,1,20,20,20,20,20,20,20,20,20,20
2002,220279,1,1,0,0,0,0,0,0,0,0,0,0
2002,220279,2,1,0,0,0,0,0,0,0,0,0,0
2002,220279,3,1,0,0,0,0,0,0,0,0,0,0
2002,220280,1,1,0,0,0,0,0,0,0,0,0,0
2002,220280,2,1,0,0,0,0,0,0,0,0,0,0
2002,220281,1,1,0,11,18,16,9,24,17,14,0,18
2002,220282,1,1,24,27,14,26,16,19,19,30,25,18
2002,220283,0,1,0,0,0,0,0,0,0,0,0,0
2002,220283,1,1,0,0,0,0,0,0,0,0,0,0
2002,220284,1,1,22,0,0,14,0,0,0,0,10,15
2002,220284,2,1,0,0,0,0,0,16,0,0,0,0
2002,220285,1,1,0,0,0,0,0,0,0,0,0,0
2002,220285,2,1,0,0,0,0,0,0,0,0,0,0
2002,220285,3,1,0,0,0,0,0,0,0,0,0,0
2002,220286,1,1,0,0,0,0,0,0,0,0,0,0
2002,220287,1,1,0,0,0,6,0,17,0,0,15,0
2002,220288,1,1,0,0,0,0,0,0,0,0,0,0
2002,220289,1,1,0,0,0,0,0,0,0,0,0,0
2002,220289,2,1,0,0,0,0,0,0,0,0,0,0
2002,220290,1,1,0,0,0,0,0,0,0,0,0,0
2002,220290,2,1,0,0,0,0,0,0,0,0,0,0
2002,220291,1,1,14,14,14,14,14,14,14,14,14,14
2002,220292,1,1,18,18,18,18,18,18,18,18,18,18
2002,220293,1,1,23,23,23,23,23,23,23,23,23,23
2002,220294,1,1,0,0,0,0,0,0,0,0,0,0
2002,220295,1,1,14,14,14,14,14,14,14,14,14,14
2002,220296,1,1,0,0,0,0,0,0,0,36,0,0
2002,220297,1,1,7,9,15,28,10,24,18,10,14,7
2002,220298,1,1,0,5,16,0,0,10,11,20,0,0
2002,220299,1,1,0,0,0,0,0,0,0,0,0,0
2002,220300,1,1,0,0,0,0,0,0,0,0,0,0
2002,220301,1,1,0,0,0,0,0,0,0,0,0,0
2002,220302,1,1,9,23,10,17,21,23,10,25,32,23
2002,220303,1,1,0,0,0,0,0,0,0,0,0,0
2002,220303,2,1,0,0,0,0,0,0,0,0,0,0
2002,220304,1,1,0,0,0,0,0,0,0,0,0,0
2002,220304,2,1,0,0,0,0,0,0,0,0,0,0
2002,220305,0,1,0,0,0,0,0,0,0,0,0,0
2002,220305,1,1,0,0,0,0,0,0,0,0,0,0
2002,220306,1,1,24,0,0,0,18,20,15,27,0,29
2002,220307,1,1,0,0,0,0,0,0,0,0,0,0
2002,220307,2,1,0,0,0,0,0,0,0,0,0,0
2002,220308,1,1,18,18,18,18,18,18,18,18,18,18
2002,220309,1,1,0,0,0,0,0,0,0,0,0,0
2002,220309,2,1,0,0,0,0,0,0,0,0,0,0
2002,220309,3,1,0,0,0,0,0,0,0,0,0,0
2002,220310,1,1,0,0,0,0,0,0,0,0,0,0
2002,220310,2,1,0,0,0,0,0,0,0,0,0,0
2002,220310,3,1,0,0,0,0,0,0,0,0,0,0
2002,220311,1,1,12,0,0,0,0,0,4,21,0,12
2002,220312,1,1,0,0,0,0,0,0,0,0,0,0
2002,220313,1,1,11,11,11,11,11,11,11,11,11,11
2002,220313,2,1,0,0,0,0,0,0,0,0,0,0
2002,220313,3,1,1,1,1,1,1,1,1,1,1,1
2002,220314,1,1,0,0,0,0,0,0,0,0,0,0
2002,220314,2,1,0,0,0,0,0,0,0,0,0,0
2002,220315,1,1,0,0,0,0,0,0,0,0,0,0
2002,220316,1,1,10,10,10,10,10,10,10,10,10,10
2002,220316,2,1,0,0,0,0,0,0,0,0,0,0
2002,220316,3,1,0,0,0,0,0,0,0,0,0,0
2002,220317,1,1,0,22,21,11,11,13,20,8,20,20
2002,220318,1,1,0,0,0,0,0,0,0,0,0,0
2002,220319,1,1,0,0,0,0,0,0,0,0,0,0
2002,220319,2,1,1,1,1,1,1,1,1,1,1,1
2002,220320,1,1,13,0,4,13,23,8,0,10,22,22
2002,220320,2,1,0,0,0,0,0,0,0,0,0,0
2002,220321,1,1,28,28,28,28,28,28,28,28,28,28
2002,220321,2,1,0,0,0,0,0,0,0,0,0,0
2002,220322,1,1,14,14,14,14,14,14,14,14,14,14
2002,220323,1,1,0,0,0,0,0,0,0,0,0,0
2002,220323,2,1,0,0,0,0,0,0,0,0,0,0
2002,220324,1,1,0,0,0,0,0,0,0,0,0,0
2002,220325,0,1,0,0,0,0,0,0,0,0,0,0
2002,220325,1,1,8,8,8,8,8,8,8,8,8,8
2002,220326,0,1,0,22,19,0,20,0,6,13,0,0
2002,220326,0,2,0,0,31,25,0,0,0,0,17,15
2002,220326,0,3,0,0,0,0,0,0,0,0,0,0
2002,220326,0,4,0,0,0,0,0,0,0,0,0,0
2002,220326,0,5,13,0,0,8,0,0,9,22,0,29
2002,220326,0,6,0,0,27,0,0,0,0,21,0,0
2002,220326,0,7,20,0,0,0,0,23,0,0,0,0
2002,220326,0,8,19,0,0,0,0,0,0,0,0,21
2002,220326,1,1,0,0,0,0,0,0,0,0,0,0
2002,220327,1,1,0,0,0,0,0,0,0,0,0,0
2002,220328,1,1,0,0,0,0,0,0,0,0,0,0
2002,220328,2,1,0,0,0,0,0,0,0,0,0,0
2002,220328,3,1,0,0,0,0,0,0,0,0,0,0
2002,220328,4,1,0,0,0,14,13,0,0,0,0,0
2002,220329,1,1,2,2,2,2,2,2,2,2,2,2
2002,220329,2,1,0,0,0,0,0,0,0,0,0,0
2002,220330,1,1,19,21,19,17,0,23,13,13,13,10
2002,220331,1,1,0,0,0,0,0,0,0,0,0,0
2002,220332,1,1,30,30,30,30,30,30,30,30,30,30
2002,220332,2,1,0,0,0,0,0,0,0,0,0,0