YEAR,ST_CASE,veh_no,per_no,P1,P2,P3,P4,P5,P6,P7,P8,P9,P10
2002,220333,1,1,0,0,0,0,0,0,0,0,0,0
2002,220333,2,1,0,0,0,0,0,0,17,9,16,0
2002,220334,1,1,18,18,18,18,18,18,18,18,18,18
2002,220334,2,1,25,25,25,25,25,25,25,25,25,25
2002,220335,0,1,0,0,0,0,0,0,0,0,0,0
2002,220335,1,1,0,0,0,0,0,0,0,0,0,0
2002,220336,1,1,0,0,0,0,0,0,0,0,0,0
2002,220337,0,1,25,29,31,0,17,20,41,29,14,24
2002,220337,1,1,0,0,0,0,0,0,0,0,0,0
2002,220338,1,1,8,16,20,10,47,0,26,17,21,20
2002,220339,1,1,0,0,0,0,0,0,0,0,0,0
2002,220340,1,1,8,8,8,8,8,8,8,8,8,8
2002,220340,2,1,0,0,10,0,0,0,0,0,0,0
2002,220341,1,1,22,22,22,22,22,22,22,22,22,22
2002,220342,1,1,0,0,0,0,0,0,0,0,0,0
2002,220342,2,1,0,0,0,0,0,0,0,0,0,0
2002,220343,1,1,0,0,0,0,0,0,0,0,0,0
2002,220343,2,1,0,0,0,0,0,0,0,0,0,0
2002,220344,1,1,13,13,13,13,13,13,13,13,13,13
2002,220345,1,1,13,13,13,13,13,13,13,13,13,13
2002,220346,1,1,0,0,0,0,0,0,0,0,0,0
2002,220347,1,1,4,4,4,4,4,4,4,4,4,4
2002,220347,2,1,0,0,0,0,0,0,0,0,0,0
2002,220348,1,1,25,25,25,25,25,25,25,25,25,25
2002,220348,2,1,10,10,10,10,10,10,10,10,10,10
2002,220349,1,1,18,18,18,18,18,18,18,18,18,18
2002,220349,2,1,0,0,0,0,0,0,0,25,0,19
2002,220350,1,1,18,18,18,18,18,18,18,18,18,18
2002,220350,2,1,28,28,28,28,28,28,28,28,28,28
2002,220351,1,1,32,32,32,32,32,32,32,32,32,32
2002,220352,1,1,17,0,22,15,25,4,15,20,17,32
2002,220353,1,1,29,13,0,22,22,0,9,12,22,24
2002,220354,1,1,0,0,0,18,5,0,0,11,0,12
2002,220355,1,1,0,0,0,0,0,0,0,0,0,0
2002,220356,1,1,21,21,21,21,21,21,21,21,21,21
2002,220357,1,1,0,0,0,0,0,0,0,0,0,0
2002,220357,2,1,0,0,0,0,0,0,0,0,0,0
2002,220358,1,1,20,20,20,20,20,20,20,20,20,20
2002,220358,2,1,0,0,0,0,0,0,0,0,0,0
2002,220359,1,1,25,25,25,25,25,25,25,25,25,25
2002,220360,1,1,11,11,11,11,11,11,11,11,11,11
2002,220361,1,1,15,15,15,15,15,15,15,15,15,15
2002,220362,1,1,0,0,0,23,21,0,22,0,0,5
2002,220362,2,1,0,0,0,0,0,0,0,0,0,0
2002,220363,1,1,17,17,17,17,17,17,17,17,17,17
2002,220364,1,1,0,0,0,0,0,0,0,0,0,0
2002,220364,2,1,0,0,0,0,0,0,0,0,0,0
2002,220365,1,1,0,0,0,0,0,0,0,0,0,0
2002,220365,2,1,0,0,0,0,0,0,0,0,0,0
2002,220366,0,1,0,0,0,0,0,0,0,0,0,0
2002,220366,1,1,0,0,0,0,0,0,0,0,0,0
2002,220367,1,1,18,21,19,18,30,24,19,28,11,0
2002,220368,1,1,11,11,11,11,11,11,11,11,11,11
2002,220369,1,1,0,0,0,0,14,0,0,0,13,0
2002,220369,2,1,0,0,0,0,0,0,0,0,0,0
2002,220370,1,1,15,15,15,15,15,15,15,15,15,15
2002,220371,1,1,0,0,0,0,0,0,0,0,0,0
2002,220371,2,1,0,0,0,0,23,0,0,0,0,0
2002,220372,1,1,0,0,0,0,0,0,0,0,0,0
2002,220372,2,1,0,0,0,0,0,0,0,0,0,0
2002,220372,3,1,0,0,0,0,0,0,0,0,0,0
2002,220373,1,1,0,0,0,0,0,0,0,0,0,0
2002,220374,1,1,0,0,0,0,0,0,0,0,0,0
2002,220375,1,1,0,0,0,0,0,0,0,0,0,0
2002,220375,2,1,0,0,0,0,0,0,0,0,0,0
2002,220376,1,1,0,0,0,12,11,0,0,0,16,0
2002,220376,2,1,5,14,28,25,21,17,0,0,19,15
2002,220377,0,1,14,14,14,14,14,14,14,14,14,14
2002,220377,1,1,0,0,0,0,0,0,0,0,0,0
2002,220378,1,1,0,0,0,0,0,0,0,0,0,0
2002,220379,1,1,12,0,0,0,0,16,0,0,0,0
2002,220380,1,1,0,0,0,0,0,0,0,0,0,0
2002,220380,2,1,0,0,0,0,0,0,0,0,0,0
2002,220380,3,1,0,0,0,0,0,0,0,0,0,0
2002,220381,0,1,21,27,46,52,24,15,19,9,29,20
2002,220381,1,1,0,0,0,0,0,0,0,0,0,0
2002,220382,1,1,19,0,0,0,0,0,0,0,0,0
2002,220382,2,1,14,0,0,16,0,4,0,9,0,0
2002,220383,1,1,0,0,0,0,0,0,0,0,0,0
2002,220384,0,1,5,0,23,23,32,17,6,0,30,14
2002,220384,1,1,14,14,14,14,14,14,14,14,14,14
2002,220385,0,1,0,24,24,0,0,33,22,21,28,36
2002,220385,1,1,0,0,0,0,0,0,0,0,0,0
2002,220386,1,1,15,15,15,15,15,15,15,15,15,15
2002,220387,1,1,0,0,0,0,0,0,0,0,0,0
2002,220388,1,1,0,0,0,0,0,0,0,0,0,0
2002,220389,1,1,13,13,13,13,13,13,13,13,13,13
2002,220390,1,1,22,22,22,22,22,22,22,22,22,22
2002,220391,1,1,0,0,20,0,0,0,0,18,0,0
2002,220392,1,1,0,0,0,0,0,0,0,0,0,0
2002,220392,2,1,0,0,0,0,0,0,0,0,0,0
2002,220392,3,1,0,0,0,0,0,0,0,0,0,0
2002,220393,1,1,0,0,0,0,0,0,0,0,0,0
2002,220393,2,1,6,6,6,6,6,6,6,6,6,6
2002,220394,0,1,0,0,0,0,26,0,0,9,0,11
2002,220394,0,2,0,0,0,0,0,0,0,0,0,0
2002,220394,1,1,0,0,0,0,0,0,0,0,0,0
2002,220394,2,1,0,0,0,0,0,0,0,0,0,0
2002,220395,1,1,0,0,10,0,0,0,0,0,0,0
2002,220395,2,1,0,0,0,0,0,0,0,0,0,0
2002,220396,1,1,0,0,0,0,0,0,0,0,0,0
2002,220396,2,1,0,0,0,0,0,12,0,0,0,0
2002,220397,1,1,0,0,0,0,0,0,0,0,0,0
2002,220398,1,1,17,11,18,10,11,20,20,18,11,15
2002,220399,1,1,30,14,22,11,20,15,17,14,0,18
2002,220399,2,1,0,0,0,0,0,0,0,0,0,0
2002,220400,1,1,26,20,35,8,20,25,24,22,17,17
2002,220400,2,1,0,0,0,0,0,0,0,0,0,0
2002,220401,0,1,24,24,24,24,24,24,24,24,24,24
2002,220401,1,1,8,8,8,8,8,8,8,8,8,8
2002,220402,1,1,0,0,0,0,0,0,0,0,0,0
2002,220403,1,1,29,29,29,29,29,29,29,29,29,29
2002,220403,2,1,0,0,0,0,0,0,0,0,0,0
2002,220404,1,1,0,0,0,0,0,0,0,0,0,0
2002,220404,2,1,0,0,0,0,0,0,0,0,0,0
2002,220404,3,1,0,0,0,0,0,0,0,0,0,0
2002,220405,1,1,15,0,37,0,15,18,0,21,0,9
2002,220406,1,1,20,20,20,20,20,20,20,20,20,20
2002,220407,1,1,16,16,16,16,16,16,16,16,16,16
2002,220407,2,1,0,0,0,0,0,0,0,0,0,0
2002,220408,1,1,0,0,0,0,0,0,0,0,0,0
2002,220408,2,1,0,0,0,0,0,0,0,0,0,0
2002,220408,3,1,0,0,0,0,0,0,0,0,0,0
2002,220409,1,1,0,0,0,0,0,0,0,0,0,0
2002,220410,1,1,0,0,0,0,0,0,0,0,0,0
2002,220410,2,1,0,0,0,0,0,0,0,0,0,0
2002,220410,3,1,0,0,0,0,0,0,0,0,0,0
2002,220411,1,1,18,18,18,18,18,18,18,18,18,18
2002,220412,0,1,10,14,13,18,8,20,27,14,15,6
2002,220412,1,1,0,0,0,0,0,0,0,0,0,0
2002,220413,1,1,21,21,21,21,21,21,21,21,21,21
2002,220413,2,1,0,12,0,0,16,0,9,0,0,0
2002,220414,1,1,4,4,4,4,4,4,4,4,4,4
2002,220415,1,1,0,0,14,16,0,0,11,0,0,7
2002,220415,2,1,0,0,0,0,0,0,0,0,0,0
2002,220416,1,1,0,0,0,0,0,0,0,0,0,0
2002,220416,2,1,0,22,0,0,0,0,0,0,0,0
2002,220417,1,1,13,13,13,13,13,13,13,13,13,13
2002,220418,1,1,0,18,0,15,13,12,9,0,0,17
2002,220419,0,1,10,10,10,10,10,10,10,10,10,10
2002,220419,1,1,0,0,0,0,0,0,0,0,0,0
2002,220420,1,1,0,0,0,0,0,0,23,24,0,0
2002,220421,1,1,0,0,0,0,0,0,0,0,0,0
2002,220421,2,1,0,0,27,0,0,0,12,0,0,0
2002,220422,1,1,0,0,0,0,0,0,0,0,0,0
2002,220422,2,1,0,0,0,0,0,0,0,0,0,0
2002,220423,1,1,0,0,0,0,0,0,0,0,0,0
2002,220423,2,1,0,0,0,0,0,0,0,0,0,0
2002,220423,3,1,0,0,0,0,0,0,0,0,0,0
2002,220423,4,1,0,0,0,0,0,0,0,0,0,0
2002,220423,5,1,0,0,0,0,0,0,0,0,0,0
2002,220424,1,1,0,0,0,0,0,0,0,0,0,0
2002,220425,1,1,0,0,0,0,0,0,0,0,0,0
2002,220425,2,1,0,0,0,0,0,0,0,0,0,0
2002,220426,1,1,0,0,0,0,0,0,0,3,0,0
2002,220426,2,1,0,5,0,0,0,0,0,0,0,0
2002,220427,1,1,12,12,12,12,12,12,12,12,12,12
2002,220428,1,1,11,18,14,22,29,21,7,0,17,14
2002,220428,2,1,0,0,0,0,0,0,0,0,0,0
2002,220429,1,1,0,0,0,0,0,0,0,0,0,0
2002,220430,1,1,0,0,0,12,13,0,0,0,0,36
2002,220431,0,1,26,17,22,35,25,0,0,16,33,44
2002,220431,1,1,0,0,0,0,0,0,0,0,0,0
2002,220432,0,1,0,0,0,0,0,31,0,0,5,0
2002,220432,0,2,0,0,0,0,0,22,9,14,4,0
2002,220432,0,3,0,0,0,0,0,0,0,0,0,0
2002,220432,1,1,21,21,21,21,21,21,21,21,21,21
2002,220433,1,1,19,19,19,19,19,19,19,19,19,19
2002,220434,1,1,0,0,0,0,0,0,0,0,0,0
2002,220435,1,1,31,31,31,31,31,31,31,31,31,31
2002,220436,1,1,0,0,0,0,0,0,0,0,0,0
2002,220436,2,1,0,29,0,0,14,0,0,0,0,0
2002,220436,3,1,0,0,0,0,13,0,0,0,0,0
2002,220437,0,1,12,38,16,22,21,25,44,24,16,13
2002,220437,0,2,28,8,29,28,33,43,47,31,25,18
2002,220437,1,1,0,0,0,0,0,0,0,0,0,0
2002,220438,0,1,16,16,16,16,16,16,16,16,16,16
2002,220438,1,1,0,0,0,0,0,0,0,0,0,0
2002,220439,0,1,0,0,0,0,0,0,0,0,0,0
2002,220439,1,1,0,0,0,0,0,0,0,0,0,0
2002,220440,1,1,4,4,4,4,4,4,4,4,4,4
2002,220440,2,1,0,0,0,0,0,0,0,0,0,0
2002,220441,1,1,0,0,7,0,0,0,16,0,0,7
2002,220442,0,1,4,4,4,4,4,4,4,4,4,4
2002,220442,0,2,0,0,0,0,0,9,4,0,15,0
2002,220442,0,3,6,0,13,0,16,0,8,29,10,19
2002,220442,1,1,13,13,13,13,13,13,13,13,13,13
2002,220443,1,1,0,18,0,0,20,0,9,0,0,24
2002,220443,2,1,0,0,0,0,0,0,0,0,0,0
2002,220444,1,1,21,26,8,22,26,16,18,17,14,15
2002,220445,1,1,19,19,19,19,19,19,19,19,19,19
2002,220446,1,1,11,17,16,13,17,7,23,0,29,0
2002,220447,1,1,14,14,14,14,14,14,14,14,14,14
2002,220448,1,1,0,0,30,0,0,0,0,17,17,0
2002,220449,1,1,0,0,0,0,0,0,0,0,0,0
2002,220450,1,1,0,0,0,0,0,0,0,0,0,0
2002,220451,1,1,0,0,0,0,10,0,0,0,0,0
2002,220452,1,1,0,0,0,0,0,0,0,0,0,0
2002,220452,2,1,0,0,0,0,0,0,0,0,0,0
2002,220453,1,1,0,0,14,0,0,0,19,0,0,0
2002,220454,1,1,0,0,0,0,0,0,0,0,0,0
2002,220454,2,1,17,5,15,24,21,12,9,9,0,18
2002,220455,1,1,26,26,26,26,26,26,26,26,26,26
2002,220455,2,1,0,0,0,0,0,0,0,0,0,0
2002,220456,1,1,0,0,0,0,0,0,0,0,0,0
2002,220457,1,1,18,18,18,18,18,18,18,18,18,18
2002,220458,1,1,0,0,0,0,0,0,0,0,0,0
2002,220459,1,1,0,0,0,0,0,0,0,0,0,0
2002,220459,2,1,0,0,0,0,0,0,0,0,0,0
2002,220460,1,1,18,18,18,18,18,18,18,18,18,18
2002,220461,1,1,0,0,0,0,0,0,0,0,0,0
2002,220461,2,1,31,0,0,0,0,0,0,0,0,0
2002,220462,1,1,0,12,0,0,0,0,2,0,3,0
2002,220463,1,1,41,0,0,0,0,17,0,0,0,0
2002,220464,1,1,22,0,11,19,5,13,21,18,12,0
2002,220464,2,1,0,0,0,0,0,0,0,0,0,0
2002,220465,1,1,0,0,0,0,0,0,0,0,0,0
2002,220465,2,1,0,25,0,2,0,0,13,9,0,0
2002,220466,1,1,0,0,0,0,0,0,0,0,0,0
2002,220466,2,1,0,0,0,0,0,0,0,0,0,0
2002,220467,1,1,0,0,0,0,0,0,0,0,0,0
2002,220467,2,1,0,0,0,0,0,0,0,0,0,0
2002,220468,1,1,8,8,8,8,8,8,8,8,8,8
2002,220469,0,1,7,0,0,0,0,0,0,0,0,0
2002,220469,1,1,0,0,0,0,0,0,0,0,0,0
2002,220470,1,1,0,0,0,0,0,0,0,0,0,0
2002,220470,2,1,0,0,0,0,0,0,0,0,0,0
2002,220471,1,1,0,0,0,0,0,0,0,0,18,17
2002,220472,1,1,25,15,19,18,0,0,9,20,9,12
2002,220473,1,1,15,0,30,0,27,26,3,11,24,27
2002,220474,1,1,0,0,0,0,0,12,0,0,0,0
2002,220474,2,1,0,12,0,0,0,0,0,0,0,0
2002,220475,0,1,18,0,0,0,10,40,8,0,45,0
2002,220475,1,1,0,0,0,0,0,0,0,0,0,0
2002,220476,1,1,11,11,11,11,11,11,11,11,11,11
2002,220476,2,1,0,0,0,0,0,0,0,0,0,0
2002,220477,1,1,0,0,0,0,0,0,0,0,0,0
2002,220477,2,1,0,0,0,0,0,0,0,0,0,0
2002,220478,1,1,0,0,18,26,23,0,0,34,0,14
2002,220479,1,1,25,17,21,24,6,22,21,14,20,15
2002,220480,1,1,0,0,0,0,0,0,31,0,0,0
2002,220480,2,1,0,0,0,13,0,0,0,0,0,0
2002,220481,1,1,24,24,24,24,24,24,24,24,24,24
2002,220482,1,1,23,23,23,23,23,23,23,23,23,23
2002,220482,2,1,0,0,0,0,0,0,0,0,0,0
2002,220483,1,1,0,6,0,0,0,0,0,0,0,0
2002,220483,2,1,0,0,0,0,0,0,0,0,0,0
2002,220484,0,1,0,22,0,13,23,0,0,0,0,23
2002,220484,1,1,0,0,0,0,0,0,0,0,0,0
2002,220485,1,1,0,0,0,0,0,15,0,11,0,16
2002,220486,1,1,0,0,0,0,0,0,0,0,0,0
2002,220486,2,1,0,0,0,0,0,0,0,0,0,0
2002,220487,1,1,16,16,16,16,16,16,16,16,16,16
2002,220488,1,1,0,0,16,6,15,16,20,18,0,0
2002,220489,1,1,10,10,10,10,10,10,10,10,10,10
2002,220490,1,1,0,0,0,0,0,0,0,0,0,0
2002,220491,1,1,13,0,0,0,0,0,0,0,0,0
2002,220491,2,1,0,0,0,0,8,0,0,0,0,0
2002,220492,0,1,0,12,17,10,14,35,0,0,25,21
2002,220492,1,1,0,0,0,0,0,0,0,0,0,0
2002,220493,1,1,0,0,0,0,0,0,0,0,0,0
2002,220493,2,1,16,0,0,0,0,0,4,0,0,0
2002,220494,1,1,0,0,0,0,0,0,12,0,0,0
2002,220495,1,1,0,0,0,0,0,0,0,0,0,0
2002,220495,2,1,7,7,7,7,7,7,7,7,7,7
2002,220496,0,1,21,0,0,26,0,0,29,21,28,23
2002,220496,1,1,13,0,0,0,0,0,0,0,0,9
2002,220497,0,1,0,0,0,27,0,22,0,6,10,7
2002,220497,1,1,13,13,13,13,13,13,13,13,13,13
2002,220498,1,1,17,14,14,31,29,20,12,27,39,15
2002,220499,1,1,0,0,9,0,0,0,0,0,0,0
2002,220499,2,1,0,0,0,0,0,0,0,0,0,0
2002,220500,1,1,0,0,0,0,0,0,0,0,0,0
2002,220500,2,1,0,0,0,0,0,0,6,0,0,0
2002,220501,1,1,0,0,0,0,0,0,0,0,0,0
2002,220501,2,1,0,0,0,0,0,0,0,0,0,0
2002,220502,1,1,1,1,1,1,1,1,1,1,1,1
2002,220502,2,1,0,0,0,0,0,0,0,0,0,0
2002,220503,1,1,14,16,0,0,21,29,0,21,0,26
2002,220504,1,1,31,0,21,0,0,12,17,0,0,0
2002,220505,1,1,0,11,0,0,8,29,0,0,11,0
2002,220506,1,1,24,16,20,21,21,27,26,17,15,16
2002,220507,1,1,0,0,0,0,0,0,0,0,0,0
2002,220508,1,1,0,0,0,0,0,0,0,0,0,0
2002,220508,2,1,0,0,0,0,0,0,0,0,0,0
2002,220509,1,1,25,25,25,25,25,25,25,25,25,25
2002,220509,2,1,0,0,0,0,0,0,0,0,0,0
2002,220510,1,1,11,11,11,11,11,11,11,11,11,11
2002,220511,1,1,0,0,0,0,0,0,0,0,0,0
2002,220511,2,1,0,0,0,0,0,0,0,0,0,0
2002,220512,0,1,0,18,48,18,15,0,6,0,0,0
2002,220512,1,1,0,0,0,0,0,0,0,0,0,0
2002,220513,1,1,0,0,0,0,0,0,0,0,0,0
2002,220513,2,1,0,0,0,0,0,0,0,0,0,0
2002,220514,1,1,0,0,0,0,0,0,0,0,0,0
2002,220514,2,1,0,0,0,0,0,0,0,0,0,0
2002,220514,3,1,0,0,0,0,0,0,0,0,0,0
2002,220514,4,1,0,0,0,0,0,0,0,0,0,0
2002,220514,5,1,0,0,0,0,0,0,0,0,0,0
2002,220514,6,1,0,0,0,0,0,0,0,0,0,0
2002,220514,7,1,0,0,0,0,0,0,0,0,0,0
2002,220515,1,1,0,0,0,0,15,0,0,0,0,24
2002,220515,2,1,0,0,0,0,0,0,0,0,0,17
2002,220516,1,1,13,13,13,13,13,13,13,13,13,13
2002,220517,1,1,0,0,0,0,0,0,0,0,0,0
2002,220517,2,1,0,0,0,0,0,0,0,0,0,0
2002,220518,1,1,8,8,8,8,8,8,8,8,8,8
2002,220518,2,1,0,0,0,0,0,0,0,0,0,0
2002,220519,0,1,16,22,10,28,11,21,10,22,22,34
2002,220519,1,1,11,11,11,11,11,11,11,11,11,11
2002,220520,1,1,10,10,10,10,10,10,10,10,10,10
2002,220521,1,1,0,0,24,0,0,0,0,0,0,0
2002,220522,1,1,12,12,12,12,12,12,12,12,12,12
2002,220522,2,1,10,10,10,10,10,10,10,10,10,10
2002,220523,1,1,21,18,27,22,22,7,20,8,15,22
2002,220524,1,1,4,4,4,4,4,4,4,4,4,4
2002,220524,2,1,0,0,0,0,0,0,0,0,0,0
2002,220525,1,1,29,19,18,14,21,20,19,29,26,22
2002,220526,1,1,12,12,12,12,12,12,12,12,12,12
2002,220527,1,1,0,0,0,0,0,0,0,0,0,0
2002,220527,2,1,0,0,0,0,0,0,0,0,0,0
2002,220528,1,1,0,0,0,0,0,0,0,0,0,0
2002,220529,1,1,0,0,0,0,16,0,0,19,0,0
2002,220530,1,1,0,0,0,17,0,0,0,0,0,0
2002,220530,2,1,0,0,0,0,0,0,0,0,0,0
2002,220531,1,1,0,0,0,0,0,0,0,0,0,0
2002,220531,2,1,0,0,0,0,0,0,0,0,0,0
2002,220532,1,1,0,0,0,0,0,0,0,0,0,0
2002,220532,2,1,0,0,0,0,0,0,0,0,0,0
2002,220533,1,1,0,0,0,0,0,0,0,0,0,0
2002,220534,0,1,0,0,0,0,0,0,0,0,0,14
2002,220534,0,2,0,0,23,0,0,0,0,11,12,0
2002,220534,1,1,0,0,9,13,6,15,8,0,0,0
2002,220535,1,1,10,0,0,20,14,31,18,10,22,21
2002,220536,1,1,0,0,0,0,0,0,16,0,10,9
2002,220536,2,1,15,10,0,0,4,0,4,11,13,8
2002,220537,1,1,6,18,0,0,0,7,0,0,0,0
2002,220537,2,1,22,11,18,0,7,9,21,0,8,3
2002,220538,1,1,21,12,12,0,19,14,6,13,12,12
2002,220538,2,1,0,0,0,0,0,0,8,0,0,0
2002,220539,1,1,18,20,35,20,0,14,0,15,14,5
2002,220540,1,1,0,0,0,0,21,0,0,0,15,0
2002,220540,2,1,13,0,0,0,0,0,0,0,0,0
2002,220541,1,1,0,0,0,0,0,0,0,0,0,0
2002,220541,2,1,2,2,2,2,2,2,2,2,2,2
2002,220542,1,1,0,0,0,0,16,0,0,0,0,0
2002,220542,2,1,0,0,0,0,0,0,0,0,0,0
2002,220543,1,1,23,23,23,23,23,23,23,23,23,23
2002,220544,1,1,27,13,19,0,26,12,0,30,17,15
2002,220545,1,1,0,0,0,0,0,0,14,0,6,0
2002,220545,2,1,0,0,0,0,0,0,0,0,0,0
2002,220546,1,1,7,11,18,0,14,0,21,15,18,16
2002,220547,1,1,0,0,0,0,0,0,0,0,0,0
2002,220548,1,1,0,0,0,0,0,0,0,10,0,0
2002,220548,2,1,0,0,0,0,0,0,0,0,0,0
2002,220549,1,1,19,24,27,0,13,0,42,0,24,25
2002,220550,0,1,0,27,0,0,0,0,0,0,8,0
2002,220550,1,1,0,0,0,0,0,0,27,0,0,0
2002,220551,1,1,0,0,0,17,0,24,0,22,0,0
2002,220552,1,1,0,0,7,0,0,0,0,11,0,0
2002,220553,1,1,8,8,8,8,8,8,8,8,8,8
2002,220553,2,1,0,0,0,0,0,0,0,0,0,0
2002,220554,1,1,14,14,14,14,14,14,14,14,14,14
2002,220555,1,1,0,0,0,0,0,0,0,0,0,0
2002,220555,2,1,0,0,0,0,0,0,0,0,0,0
2002,220556,1,1,16,16,16,16,16,16,16,16,16,16
2002,220557,1,1,0,0,0,0,0,11,0,0,0,0
2002,220557,2,1,0,0,0,0,0,12,0,0,0,0
2002,220558,0,1,24,24,24,24,24,24,24,24,24,24
2002,220558,1,1,0,0,0,0,0,0,0,0,0,0
2002,220559,1,1,14,14,14,14,14,14,14,14,14,14
2002,220560,1,1,0,0,0,27,21,0,0,14,13,0
2002,220560,2,1,0,0,0,0,0,0,0,0,0,0
2002,220561,1,1,9,0,0,17,0,0,0,0,18,0
2002,220562,1,1,16,16,16,16,16,16,16,16,16,16
2002,220563,1,1,5,5,5,5,5,5,5,5,5,5
2002,220563,2,1,0,0,0,0,0,0,13,0,0,0
2002,220564,1,1,0,0,0,0,0,0,0,0,0,0
2002,220564,2,1,0,0,18,0,0,17,13,0,17,0
2002,220565,1,1,19,19,19,19,19,19,19,19,19,19
2002,220565,2,1,0,0,0,17,0,7,0,15,30,0
2002,220566,1,1,19,13,0,29,32,21,34,11,5,25
2002,220566,2,1,0,0,0,0,0,0,0,0,0,0
2002,220566,3,1,4,0,0,0,0,0,0,0,0,0
2002,220567,1,1,0,0,0,0,0,0,0,0,0,0
2002,220567,2,1,0,0,0,0,0,0,0,0,0,0
2002,220568,1,1,0,0,0,0,0,0,0,0,0,0
2002,220569,1,1,0,0,0,0,0,0,0,0,0,0
2002,220569,2,1,0,0,0,0,0,0,0,0,0,0
2002,220570,1,1,0,14,17,0,0,15,19,0,15,0
2002,220571,1,1,0,0,5,0,11,0,0,0,0,0
2002,220572,1,1,0,0,0,20,0,0,0,7,12,0
2002,220573,1,1,27,4,15,7,38,12,12,11,8,4
2002,220574,1,1,0,0,0,0,0,0,0,0,0,0
2002,220574,2,1,0,0,0,0,0,0,0,7,17,18
2002,220575,0,1,0,0,0,0,0,0,0,0,0,0
2002,220575,1,1,0,0,0,0,0,0,0,0,0,0
2002,220576,1,1,16,4,0,8,0,16,25,19,26,16
2002,220577,1,1,0,0,0,0,0,0,0,0,0,0
2002,220577,2,1,0,0,0,0,0,0,0,0,0,0
2002,220578,1,1,0,0,0,0,0,0,0,0,0,0
2002,220578,2,1,0,0,0,0,0,0,0,0,0,0
2002,220579,1,1,0,0,0,0,0,0,0,0,0,0
2002,220579,2,1,0,0,0,0,0,0,0,0,0,0
2002,220580,1,1,0,0,0,0,0,8,0,0,0,0
2002,220580,2,1,0,0,0,0,0,0,0,0,0,0
2002,220581,1,1,20,0,0,20,0,0,0,0,0,0
2002,220582,1,1,22,24,17,16,9,11,29,14,13,22
2002,220583,1,1,0,0,0,0,0,0,0,0,0,0
2002,220583,2,1,0,0,0,0,0,0,0,0,0,0
2002,220583,3,1,0,0,0,0,0,0,4,0,0,0
2002,220583,4,1,0,0,0,0,0,0,0,0,0,0
2002,220583,5,1,22,0,0,0,0,0,0,0,0,0
2002,220583,6,1,0,0,0,0,0,0,0,0,0,0
2002,220584,1,1,0,0,0,0,0,0,0,0,0,10
2002,220585,1,1,0,0,0,0,0,0,0,0,0,0
2002,220585,2,1,0,0,0,0,0,0,0,7,0,0
2002,220586,1,1,0,0,0,0,0,0,0,0,0,0
2002,220586,2,1,0,0,0,0,0,0,0,0,0,0
2002,220587,1,1,23,23,23,23,23,23,23,23,23,23
2002,220588,1,1,17,9,23,19,13,11,4,6,21,19
2002,220588,2,1,0,0,0,0,11,0,0,0,16,0
2002,220589,1,1,0,0,0,0,0,0,0,0,0,0
2002,220590,1,1,6,0,0,34,0,8,0,5,9,14
2002,220590,2,1,0,0,0,0,0,0,0,0,0,0
2002,220591,1,1,0,0,0,0,0,0,0,0,0,11
2002,220591,2,1,0,0,0,0,0,0,0,0,0,0
2002,220592,1,1,10,10,10,10,10,10,10,10,10,10
2002,220592,2,1,0,0,0,0,0,0,0,0,0,0
2002,220593,1,1,0,0,0,0,0,15,0,0,0,0
2002,220593,2,1,0,0,0,0,0,0,0,0,0,0
2002,220594,1,1,0,8,0,28,4,9,0,0,0,19
2002,220595,1,1,0,0,0,0,0,0,31,26,0,0
2002,220595,2,1,0,0,0,0,0,0,0,0,0,0
2002,220596,1,1,0,24,6,0,0,6,0,0,15,8
2002,220597,1,1,0,0,0,0,0,0,0,0,0,0
2002,220597,2,1,13,33,20,11,25,22,0,0,0,20
2002,220598,1,1,0,0,0,0,0,0,0,0,0,0
2002,220599,1,3,15,0,6,28,11,8,17,0,0,0
2002,220600,1,1,0,0,0,0,0,0,0,0,0,8
2002,220600,2,1,0,0,0,0,0,0,0,0,0,0
2002,220600,3,1,0,0,0,0,0,0,0,0,0,0
2002,220601,1,1,0,0,0,0,0,0,0,0,0,0
2002,220602,1,1,0,0,0,0,0,0,0,0,0,0
2002,220602,2,1,0,0,11,0,0,0,0,12,0,23
2002,220603,1,1,0,0,0,0,0,5,14,12,0,0
2002,220603,2,1,0,0,0,0,0,0,0,0,0,0
2002,220604,1,1,0,13,0,0,0,0,18,0,0,17
2002,220604,2,1,0,0,0,0,14,0,0,0,0,0
2002,220605,1,1,6,15,24,0,9,18,16,18,18,21
2002,220606,0,1,0,0,0,0,0,0,30,16,21,0
2002,220606,1,1,0,0,0,0,0,0,0,0,0,0
2002,220606,2,1,0,9,0,0,0,0,0,10,0,0
2002,220606,3,1,0,0,0,0,0,0,0,0,0,0