YEAR,ST_CASE,veh_no,per_no,P1,P2,P3,P4,P5,P6,P7,P8,P9,P10
2002,220606,4,1,0,0,0,0,0,0,0,0,0,0
2002,220607,1,1,0,0,0,0,20,18,0,0,10,0
2002,220607,2,1,0,0,0,0,0,0,0,0,0,0
2002,220607,3,1,0,0,0,0,0,0,0,0,0,0
2002,220608,1,1,0,0,0,0,0,0,0,0,0,0
2002,220608,2,1,0,0,0,0,0,0,0,0,0,0
2002,220608,3,1,0,0,0,0,0,0,0,0,0,0
2002,220609,1,1,0,0,0,0,0,0,24,0,0,0
2002,220609,2,1,0,0,0,0,0,0,0,0,0,0
2002,220610,1,1,0,0,14,0,33,14,0,0,0,17
2002,220611,1,1,0,0,0,0,0,0,0,0,0,0
2002,220611,2,1,0,0,0,0,0,0,0,0,0,0
2002,220612,1,1,0,0,0,0,0,0,0,0,0,0
2002,220612,2,1,0,0,13,0,0,0,0,0,0,0
2002,220612,3,1,0,0,0,0,0,0,0,0,0,0
2002,220612,4,1,0,0,0,0,0,0,0,0,0,0
2002,220613,0,1,5,31,22,27,15,20,38,12,39,31
2002,220613,1,1,0,0,0,0,0,0,0,0,0,0
2002,220614,1,1,11,0,18,30,15,11,27,13,8,11
2002,220614,2,1,8,6,0,11,17,4,11,20,12,0
2002,220615,1,1,25,19,14,8,23,19,16,32,7,0
2002,220616,1,1,11,19,23,19,7,7,4,17,18,0
2002,220617,0,1,0,29,0,0,17,0,0,0,22,0
2002,220617,1,1,0,0,0,0,0,0,0,0,0,0
2002,220618,1,1,0,0,0,0,0,0,0,0,0,0
2002,220618,2,1,0,0,0,0,0,0,0,0,0,0
2002,220619,1,1,0,0,0,0,0,0,0,0,0,0
2002,220619,2,1,0,0,0,0,0,0,0,0,0,0
2002,220620,1,1,0,0,0,9,0,0,0,19,0,0
2002,220621,0,1,10,2,25,20,0,13,6,10,33,0
2002,220621,1,1,0,0,0,0,0,0,0,0,0,0
2002,220622,1,1,22,22,22,22,22,22,22,22,22,22
2002,220622,2,1,0,0,0,0,0,0,0,0,0,0
2002,220623,1,1,12,14,20,0,11,7,25,0,12,5
2002,220623,2,1,0,0,0,0,0,0,0,0,0,0
2002,220624,1,1,0,0,0,0,0,0,0,0,0,0
2002,220624,2,1,0,0,0,0,0,0,0,0,0,0
2002,220625,1,1,0,0,0,0,0,0,0,0,0,0
2002,220625,2,1,0,0,0,27,15,0,12,14,17,0
2002,220626,1,1,7,0,0,0,0,0,0,0,0,0
2002,220626,2,1,0,0,0,0,0,0,0,0,0,0
2002,220627,1,1,0,22,0,0,24,18,0,0,0,0
2002,220628,1,1,26,10,10,25,16,14,3,0,22,27
2002,220629,1,1,16,16,16,16,16,16,16,16,16,16
2002,220630,1,1,29,29,29,29,29,29,29,29,29,29
2002,220630,2,1,0,0,0,0,0,0,0,0,0,0
2002,220631,1,1,3,3,3,3,3,3,3,3,3,3
2002,220631,2,1,23,0,0,20,16,25,0,0,31,0
2002,220632,0,1,0,0,0,0,0,0,0,0,0,0
2002,220632,0,2,0,0,0,0,29,0,22,27,0,0
2002,220632,1,1,0,0,0,0,0,0,0,0,0,0
2002,220633,1,1,0,29,12,12,24,0,0,9,0,0
2002,220634,0,1,23,24,19,30,11,0,0,0,21,21
2002,220634,1,1,0,0,0,0,0,0,0,0,0,0
2002,220635,1,1,26,26,26,26,26,26,26,26,26,26
2002,220636,0,1,0,0,0,0,0,0,0,0,9,21
2002,220636,1,1,12,10,16,14,0,14,9,24,9,0
2002,220637,0,1,9,0,0,0,0,0,0,0,0,0
2002,220637,1,1,0,0,0,0,0,0,0,0,0,0
2002,220638,0,1,29,29,29,29,29,29,29,29,29,29
2002,220638,1,1,2,2,2,2,2,2,2,2,2,2
2002,220639,1,1,21,21,21,21,21,21,21,21,21,21
2002,220639,2,1,0,0,0,0,0,0,0,0,0,0
2002,220640,1,1,10,10,10,10,10,10,10,10,10,10
2002,220641,1,1,0,0,0,0,0,0,0,0,0,0
2002,220642,0,1,0,27,0,0,15,0,10,23,34,0
2002,220642,1,1,0,0,0,0,0,0,0,0,0,0
2002,220643,1,1,10,10,10,10,10,10,10,10,10,10
2002,220644,1,1,0,0,0,0,0,0,0,0,0,0
2002,220644,2,1,0,0,0,0,0,0,6,0,0,0
2002,220645,1,1,0,0,0,9,0,12,0,0,0,0
2002,220645,2,1,0,15,0,0,0,0,0,12,0,0
2002,220646,1,1,0,0,0,0,0,0,0,0,0,0
2002,220646,2,1,0,0,0,0,0,0,0,0,0,0
2002,220646,3,1,0,0,0,0,0,0,0,0,0,0
2002,220647,0,1,21,10,26,0,33,17,0,29,0,22
2002,220647,1,1,0,0,0,0,0,0,0,0,0,0
2002,220647,2,1,0,0,0,0,0,0,15,0,0,0
2002,220648,1,1,0,0,0,0,0,0,0,0,0,0
2002,220649,1,1,0,0,0,0,0,0,0,0,13,0
2002,220649,2,1,0,0,0,0,0,0,0,0,0,0
2002,220650,1,1,12,12,10,0,5,9,0,6,7,7
2002,220650,2,1,4,4,4,4,4,4,4,4,4,4
2002,220650,3,1,18,18,19,14,18,12,0,19,14,16
2002,220651,1,1,7,16,22,40,2,12,25,15,27,56
2002,220651,2,1,0,0,0,0,0,0,0,0,0,0
2002,220652,1,1,16,13,7,23,12,25,2,11,19,37
2002,220653,1,1,0,0,0,0,0,0,0,0,0,0
2002,220653,2,1,0,0,0,0,0,0,0,0,0,0
2002,220653,3,1,0,0,0,0,0,0,0,0,0,0
2002,220654,1,1,0,16,0,0,0,8,31,32,0,10
2002,220655,1,1,19,16,28,2,8,12,17,3,20,8
2002,220656,1,1,0,0,0,0,0,0,0,0,0,0
2002,220657,0,1,17,17,30,26,0,13,1,0,12,0
2002,220657,0,2,21,0,26,29,23,0,32,7,31,0
2002,220657,1,1,0,0,0,0,0,0,0,0,0,0
2002,220658,0,1,22,31,30,13,24,27,43,24,23,31
2002,220658,1,1,0,0,0,0,0,0,0,0,0,0
2002,220658,2,1,9,9,9,9,9,9,9,9,9,9
2002,220658,3,1,0,0,0,0,0,0,0,0,0,0
2002,220659,1,1,0,0,0,0,0,0,0,0,0,0
2002,220659,2,1,0,11,0,12,14,24,11,14,0,11
2002,220660,1,1,0,0,0,0,16,0,0,0,0,0
2002,220661,1,1,0,0,0,0,16,0,0,0,0,0
2002,220661,2,1,14,0,20,15,28,25,12,21,9,14
2002,220661,3,1,0,0,0,0,0,0,0,0,0,0
2002,220662,0,1,27,0,0,14,0,0,0,0,0,16
2002,220662,1,1,0,0,0,0,0,0,0,0,0,0
2002,220663,0,1,0,0,0,0,0,0,0,0,0,0
2002,220663,0,2,0,0,0,0,0,0,0,0,0,0
2002,220663,1,1,0,0,0,0,0,0,0,0,0,0
2002,220664,0,1,8,0,0,0,0,0,0,0,0,0
2002,220664,1,1,0,0,0,0,0,0,0,0,0,0
2002,220665,1,1,0,0,0,0,0,0,0,0,0,0
2002,220665,2,1,0,0,0,0,0,0,0,0,0,0
2002,220666,0,1,21,0,0,23,22,0,0,0,17,0
2002,220666,1,1,0,0,0,0,0,0,0,0,0,0
2002,220667,0,1,0,0,0,24,0,0,0,16,0,19
2002,220667,1,1,17,17,17,17,17,17,17,17,17,17
2002,220668,1,1,6,0,19,18,17,0,5,11,19,16
2002,220668,2,1,0,0,0,0,0,0,30,0,0,0
2002,220669,1,1,16,5,3,16,10,0,12,16,19,23
2002,220670,1,1,0,0,0,0,0,0,0,0,0,0
2002,220670,2,1,0,0,0,0,0,0,0,0,0,0
2002,220671,1,1,10,9,0,11,0,2,14,0,24,17
2002,220672,1,1,19,19,19,19,19,19,19,19,19,19
2002,220673,1,1,9,0,0,0,0,0,0,0,0,0
2002,220673,2,1,0,0,0,0,0,0,0,0,0,0
2002,220674,1,1,0,0,0,0,0,0,0,0,0,0
2002,220674,2,1,0,0,0,0,0,0,0,0,0,0
2002,220675,0,1,8,29,0,40,0,31,9,16,25,31
2002,220675,1,1,0,0,20,0,0,0,4,0,0,0
2002,220676,1,1,17,23,18,10,16,28,15,29,8,34
2002,220677,1,1,0,0,0,0,0,0,0,0,0,7
2002,220677,2,1,0,0,0,0,0,0,0,0,0,0
2002,220678,1,1,23,0,0,0,0,0,12,0,0,0
2002,220678,2,1,9,9,9,9,9,9,9,9,9,9
2002,220679,1,1,14,14,14,14,14,14,14,14,14,14
2002,220680,1,1,25,13,16,20,9,17,10,12,19,13
2002,220681,1,1,0,14,0,0,0,26,0,0,11,0
2002,220682,1,1,16,0,0,0,0,0,3,0,0,0
2002,220682,2,1,0,0,0,0,0,0,0,0,0,22
2002,220683,1,1,9,9,9,9,9,9,9,9,9,9
2002,220684,1,1,0,0,0,0,0,0,0,0,0,0
2002,220684,2,1,0,0,0,0,0,0,0,0,0,0
2002,220685,1,1,0,0,21,0,16,0,0,0,0,10
2002,220685,2,1,0,0,0,0,0,0,0,0,0,0
2002,220685,3,1,0,4,0,0,0,0,0,0,0,0
2002,220686,1,1,0,0,0,0,0,3,0,0,0,0
2002,220687,1,1,26,26,26,26,26,26,26,26,26,26
2002,220687,2,1,0,0,0,0,0,20,0,0,0,0
2002,220688,0,1,14,31,15,44,23,20,24,25,23,4
2002,220688,1,1,0,0,0,0,0,0,0,0,0,0
2002,220689,0,1,0,13,25,0,0,0,0,11,0,0
2002,220689,1,1,0,0,0,10,0,0,0,4,10,0
2002,220690,0,1,0,0,24,0,0,16,0,0,0,8
2002,220690,1,1,19,19,19,19,19,19,19,19,19,19
2002,220691,1,1,13,13,13,13,13,13,13,13,13,13
2002,220691,2,1,7,7,7,7,7,7,7,7,7,7
2002,220692,1,1,0,0,0,0,0,0,21,0,23,0
2002,220693,1,1,0,0,0,0,0,0,0,0,0,0
2002,220693,2,1,0,0,0,0,0,0,0,0,0,0
2002,220694,1,1,3,16,21,0,27,0,18,19,15,0
2002,220695,1,1,0,0,0,0,0,0,16,0,0,0
2002,220695,2,1,0,0,0,0,0,0,0,0,0,0
2002,220696,1,1,0,0,0,0,0,0,0,0,0,0
2002,220697,1,1,12,14,23,23,5,6,20,8,10,8
2002,220698,1,1,0,11,0,0,0,0,6,15,0,0
2002,220699,0,1,20,0,38,24,18,25,14,27,25,26
2002,220699,1,1,0,0,0,0,0,0,0,0,0,0
2002,220700,1,1,19,9,21,15,18,11,23,11,8,8
2002,220701,1,1,36,36,36,36,36,36,36,36,36,36
2002,220702,1,1,0,0,0,0,0,0,0,0,0,0
2002,220703,1,1,30,30,30,30,30,30,30,30,30,30
2002,220703,2,1,0,0,0,0,0,0,0,0,0,0
2002,220704,1,1,0,0,0,0,0,0,0,0,0,0
2002,220705,1,1,0,0,15,11,0,0,0,0,0,0
2002,220705,2,1,10,0,0,0,0,18,0,0,0,0
2002,220706,1,1,11,0,0,15,0,0,0,0,0,0
2002,220706,2,1,0,0,0,0,0,73,0,6,0,15
2002,220707,1,1,10,10,10,10,10,10,10,10,10,10
2002,220707,2,1,21,19,27,0,15,0,0,20,28,17
2002,220708,0,1,0,0,0,0,0,0,27,17,0,6
2002,220708,1,1,0,0,2,0,0,0,36,0,20,8
2002,220709,0,1,9,9,9,9,9,9,9,9,9,9
2002,220709,1,1,0,0,0,0,0,0,0,0,0,0
2002,220710,1,1,7,0,13,7,19,17,0,17,0,0
2002,220710,2,1,0,0,0,0,0,0,0,0,0,0
2002,220711,1,1,24,15,22,0,0,0,0,0,0,0
2002,220712,1,1,0,5,0,0,0,0,0,0,0,0
2002,220712,2,1,2,2,2,2,2,2,2,2,2,2
2002,220713,1,1,0,0,0,0,23,0,0,0,0,21
2002,220714,1,1,0,0,0,0,0,0,0,0,0,0
2002,220714,2,1,0,0,0,0,0,0,0,0,0,0
2002,220715,0,1,21,26,33,31,0,22,14,18,29,35
2002,220715,1,1,0,0,0,0,0,0,0,0,0,0
2002,220716,1,1,25,25,25,25,25,25,25,25,25,25
2002,220717,1,1,29,23,0,25,20,0,0,17,18,0
2002,220718,1,1,0,0,22,0,13,0,0,13,0,0
2002,220718,2,1,0,0,0,0,0,0,0,0,0,0
2002,220719,1,1,25,21,0,16,0,18,31,25,31,15
2002,220720,1,1,19,14,22,9,10,25,0,9,15,0
2002,220720,2,1,0,0,0,0,0,0,0,0,0,0
2002,220721,1,1,23,23,23,23,23,23,23,23,23,23
2002,220722,1,1,0,0,0,0,0,0,0,0,0,0
2002,220722,2,1,0,0,0,0,0,0,0,0,0,0
2002,220723,1,1,0,0,21,0,8,22,11,0,16,0
2002,220724,1,1,17,0,37,10,0,0,5,0,0,0
2002,220724,2,1,0,0,0,0,0,0,0,0,0,0
2002,220725,1,1,0,0,0,0,0,0,0,0,0,0
2002,220725,2,1,0,0,0,16,0,0,0,0,0,0
2002,220726,1,1,0,0,25,0,0,0,0,5,0,13
2002,220726,2,1,0,0,0,0,0,0,0,0,0,0
2002,220727,1,1,0,0,0,8,18,0,0,0,0,0
2002,220728,1,1,0,0,13,8,0,0,0,11,17,17
2002,220728,2,1,0,0,0,0,0,0,0,0,0,0
2002,220729,1,1,0,0,0,0,0,0,0,0,0,0
2002,220729,2,1,0,0,0,0,0,0,0,0,0,0
2002,220730,0,1,0,0,0,0,0,0,0,0,0,0
2002,220730,1,1,0,0,0,0,0,0,0,0,0,0
2002,220731,1,1,0,0,0,0,0,0,0,0,0,0
2002,220731,2,1,0,0,0,0,0,0,0,0,0,0
2002,220732,1,1,0,16,20,0,0,0,16,0,0,0
2002,220732,2,1,0,0,0,0,0,0,0,0,0,0
2002,220733,1,1,0,0,0,0,0,0,0,0,0,0
2002,220734,1,1,0,0,0,0,0,0,0,0,0,0
2002,220735,1,1,13,17,16,21,22,17,13,26,33,19
2002,220736,1,1,0,0,7,0,25,0,0,0,0,0
2002,220737,1,1,5,0,8,7,11,20,15,13,0,4
2002,220738,1,1,0,0,0,0,0,0,0,0,0,0
2002,220739,1,1,0,11,0,0,8,0,0,0,0,0
2002,220739,2,1,0,0,0,0,0,0,0,0,0,0
2002,220740,1,1,14,19,18,10,21,24,17,18,7,23
2002,220741,1,1,0,0,0,0,0,0,0,0,0,0
2002,220741,2,1,0,0,0,0,0,0,0,0,0,0
2002,220742,1,1,0,0,0,8,0,0,0,0,0,0
2002,220743,0,1,18,17,16,23,12,34,0,11,0,0
2002,220743,1,1,0,0,0,0,0,0,0,0,0,0
2002,220744,1,1,0,0,0,0,10,0,0,0,21,0
2002,220745,1,1,23,23,23,23,23,23,23,23,23,23
2002,220746,1,1,0,0,0,2,0,0,0,0,0,0
2002,220747,0,1,30,30,30,30,30,30,30,30,30,30
2002,220747,1,1,5,5,5,5,5,5,5,5,5,5
2002,220748,1,1,19,19,19,19,19,19,19,19,19,19
2002,220749,1,1,21,0,18,0,16,0,0,0,0,0
2002,220750,1,1,26,26,26,26,26,26,26,26,26,26
2002,220751,1,1,0,0,0,0,0,0,0,0,0,0
2002,220752,1,1,8,20,17,15,11,33,12,23,20,13
2002,220753,1,1,22,0,0,0,0,18,23,28,14,0
2002,220754,0,1,0,0,0,0,0,0,0,0,0,0
2002,220754,1,1,5,5,5,5,5,5,5,5,5,5
2002,220755,1,1,0,0,0,0,0,0,0,0,0,0
2002,220755,2,1,0,0,0,0,0,0,0,0,0,0
2002,220757,1,1,0,0,0,0,0,0,0,0,0,0
2002,220758,0,1,26,0,0,14,0,0,7,37,25,37
2002,220758,1,1,0,0,0,0,0,0,0,0,0,0
2002,220759,1,1,0,0,0,0,0,0,0,0,0,0
2002,220759,2,1,0,0,0,13,15,7,0,12,0,16
2002,220760,1,1,27,27,27,27,27,27,27,27,27,27
2002,220761,1,1,0,0,0,0,0,0,0,0,0,0
2002,220761,2,1,10,0,0,0,0,0,0,0,20,0
2002,220762,1,1,0,0,0,0,0,0,0,0,0,0
2002,220762,2,1,0,0,0,0,0,0,0,0,0,0
2002,220763,1,1,0,6,0,7,0,13,3,0,7,0
2002,220764,1,1,0,0,0,0,0,12,0,0,0,0
2002,220764,2,1,0,0,0,0,0,0,0,0,0,0
2002,220765,0,1,13,16,20,21,25,36,48,11,17,18
2002,220765,1,1,12,30,17,15,16,8,15,7,13,10
2002,220766,1,1,0,0,0,0,0,0,0,0,0,0
2002,220766,2,1,0,0,0,0,0,0,0,0,0,0
2002,220767,1,1,0,10,0,0,0,0,0,0,0,0
2002,220768,1,1,0,0,26,0,0,0,0,0,0,0
2002,220768,2,1,0,0,0,0,0,0,0,16,0,0
2002,220768,3,1,0,0,0,0,0,0,0,0,0,0
2002,220769,1,1,0,0,0,0,0,0,0,0,0,0
2002,220769,2,1,0,0,0,0,0,0,0,0,0,0
2002,220770,1,1,0,0,0,0,0,0,0,0,0,0
2002,220770,2,1,0,0,0,0,0,0,0,0,0,0
2002,220770,3,1,0,0,0,0,0,0,0,0,0,0
2002,220771,1,1,0,0,0,0,0,0,0,0,0,0
2002,220771,2,1,0,0,0,0,0,0,0,0,0,0
2002,220771,3,1,0,0,0,0,0,0,0,0,0,0
2002,220772,1,1,14,16,5,23,12,10,13,27,15,2
2002,220773,1,1,0,0,0,0,0,0,0,0,0,0
2002,220773,2,1,0,0,0,0,0,29,0,7,0,0
2002,220774,1,1,28,28,28,28,28,28,28,28,28,28
2002,220774,2,1,14,14,14,14,14,14,14,14,14,14
2002,220775,1,1,12,12,12,12,12,12,12,12,12,12
2002,220776,1,1,0,0,0,0,0,0,0,0,0,0
2002,220776,2,1,0,0,0,0,0,0,0,0,0,0
2002,220777,0,1,1,1,1,1,1,1,1,1,1,1
2002,220777,1,1,0,0,0,9,0,0,0,0,17,0
2002,220779,1,1,0,19,0,0,0,20,9,0,12,12
2002,220780,1,1,10,28,6,24,12,25,16,7,17,18
2002,220781,1,1,15,0,0,0,0,10,0,0,0,0
2002,220781,2,1,0,0,0,0,0,0,0,0,0,0
2002,220782,1,1,0,0,10,0,0,0,0,0,0,0
2002,220782,2,1,0,0,0,0,0,0,0,0,0,0
2002,220783,1,1,10,10,10,10,10,10,10,10,10,10
2002,220783,2,1,6,0,5,0,0,12,0,0,0,0
2002,220784,1,1,0,0,0,0,0,16,0,0,0,0
2002,220784,2,1,0,10,11,0,0,4,0,0,0,0
2002,220785,0,1,0,0,0,0,0,0,0,0,0,0
2002,220785,1,1,0,0,0,0,0,0,0,0,0,0
2002,220786,1,1,6,6,6,6,6,6,6,6,6,6
2002,220787,1,1,0,0,0,0,0,0,0,0,0,0
2002,220787,2,1,23,0,0,0,0,0,0,0,0,0
2002,220788,1,1,0,24,0,0,0,0,0,0,0,0
2002,220788,2,1,0,0,0,0,0,0,0,0,0,0
2002,220788,3,1,0,18,0,0,0,0,0,0,0,0
2002,220789,0,1,11,11,11,11,11,11,11,11,11,11
2002,220789,1,1,10,10,10,10,10,10,10,10,10,10
2002,220789,2,1,0,0,0,0,0,0,0,0,0,0
2002,220790,0,1,37,35,4,10,0,0,14,17,25,55
2002,220790,1,1,0,0,0,0,0,0,0,0,0,14
2002,220791,1,1,26,15,15,19,12,7,35,19,0,20
2002,220792,1,1,16,0,25,0,18,0,27,20,10,0
2002,220793,0,1,21,28,0,13,16,24,34,0,0,16
2002,220793,1,1,0,0,0,0,0,0,0,0,0,0
2002,220794,0,1,0,0,0,0,0,0,0,0,0,0
2002,220794,1,1,0,0,17,0,0,0,0,36,0,0
2002,220795,1,1,0,0,0,0,0,0,0,0,0,0
2002,220795,2,1,0,0,0,0,0,0,0,0,0,0
2002,220796,1,1,0,0,0,0,0,0,0,0,0,0
2002,220796,2,1,0,0,0,0,0,0,0,0,0,22
2002,220797,1,1,17,17,17,17,17,17,17,17,17,17
2002,220798,1,1,0,0,0,0,0,0,0,0,0,0
2002,220798,2,1,0,0,0,0,0,0,0,0,0,0
2002,220798,3,1,9,27,0,0,0,0,0,0,0,0
2002,220799,1,1,0,0,0,0,0,0,0,0,0,0
2002,220799,2,1,0,0,0,0,0,0,0,0,0,0
2002,220801,1,1,0,0,0,0,0,0,0,0,0,0
2002,220801,2,1,0,0,0,0,0,0,0,0,0,0
2002,220801,3,1,0,0,0,0,0,0,0,0,0,0
2002,220802,1,1,0,0,0,0,0,0,0,0,0,0
2002,220802,2,1,0,0,0,0,11,0,0,0,0,0
2002,220803,1,1,18,18,18,18,18,18,18,18,18,18
2002,220804,1,1,0,0,0,0,0,0,0,0,0,0
2002,220804,2,1,0,0,0,0,0,0,0,0,0,0
2002,220805,0,1,14,14,14,14,14,14,14,14,14,14
2002,220805,1,1,0,0,0,0,0,0,0,0,0,0
2002,220806,0,1,0,0,0,0,0,0,0,0,0,0
2002,220806,0,2,0,0,0,0,0,0,0,0,0,0
2002,220806,1,1,0,0,0,0,0,0,0,0,0,0
2002,220808,1,1,0,0,0,0,0,0,0,0,0,0
2002,220808,2,1,0,0,0,0,0,0,0,0,0,0
2002,220809,1,1,7,9,20,9,0,13,16,9,15,26
2002,220810,1,1,0,0,18,0,0,0,0,0,0,0
2002,220810,2,1,0,0,0,0,0,0,0,0,21,0
2002,220810,3,1,0,0,0,0,0,0,0,0,0,2
2002,220810,4,1,0,0,0,0,0,0,0,0,0,10
2002,220810,5,1,12,0,0,0,0,0,0,0,7,0
2002,220811,1,1,15,15,15,15,15,15,15,15,15,15
2002,220812,1,1,0,0,0,0,0,0,0,0,9,7
2002,220812,2,1,0,0,0,0,0,21,0,0,0,19
2002,220812,3,1,0,0,0,0,0,0,11,0,0,0
2002,220813,1,1,0,0,0,0,0,0,0,0,0,0
2002,220813,2,1,0,0,0,0,23,0,0,0,0,0
2002,220813,3,1,0,0,0,0,0,0,0,0,0,0
2002,220814,0,1,14,23,0,0,22,0,17,0,35,0
2002,220814,0,2,21,21,11,20,10,0,0,17,5,9
2002,220814,1,1,14,14,14,14,14,14,14,14,14,14
2002,220815,1,1,22,22,22,22,22,22,22,22,22,22
2002,220815,2,1,0,0,0,0,0,0,0,0,0,0
2002,220816,0,1,0,0,0,0,0,0,0,0,0,0
2002,220816,0,2,0,0,0,0,0,0,0,0,0,0
2002,220816,1,1,11,7,36,0,51,18,0,0,11,8
2002,220817,1,1,0,0,28,0,0,0,0,22,0,0
2002,220818,0,1,0,0,0,0,0,0,30,24,0,15
2002,220818,1,1,0,11,10,0,0,0,0,0,0,8
2002,220819,0,1,0,8,0,18,19,17,6,22,31,14
2002,220819,0,2,0,20,8,23,0,0,0,0,0,0
2002,220819,1,1,0,0,0,0,0,0,0,0,0,0
2002,220820,0,1,0,0,0,0,0,9,0,0,0,11
2002,230001,1,1,19,19,19,19,19,19,19,19,19,19
2002,230002,1,1,0,0,0,0,0,0,0,0,0,0
2002,230002,2,1,0,0,0,0,0,0,0,17,11,0
2002,230003,1,1,12,12,12,12,12,12,12,12,12,12
2002,230004,1,1,0,0,0,0,0,0,0,0,0,0
2002,230004,2,1,0,0,0,0,0,0,0,0,0,0
2002,230005,1,1,0,0,0,0,0,0,0,0,0,0
2002,230005,2,1,0,0,0,0,0,0,0,0,0,0
2002,230006,1,1,0,0,0,0,0,0,0,0,0,0
2002,230006,2,1,0,0,0,0,0,0,0,0,0,0
2002,230007,1,1,0,0,0,0,0,0,0,0,0,0
2002,230007,2,1,4,4,4,4,4,4,4,4,4,4
2002,230008,1,1,0,0,0,0,0,0,0,0,0,0
2002,230009,1,1,0,0,0,0,0,0,0,0,0,0
2002,230009,2,1,0,0,0,0,0,0,0,0,0,0
2002,230010,0,1,0,0,0,0,0,0,0,0,0,0
2002,230010,1,1,0,0,0,0,0,0,0,0,0,0
2002,230011,1,1,19,19,19,19,19,19,19,19,19,19
2002,230012,1,1,31,31,31,31,31,31,31,31,31,31
2002,230013,1,1,0,0,0,0,0,0,0,0,0,0
2002,230014,1,1,0,0,0,0,0,0,0,0,0,0
2002,230015,1,1,0,0,0,0,0,0,0,0,0,0
2002,230015,2,1,0,0,0,0,0,0,0,0,0,0
2002,230016,1,1,0,0,0,0,0,0,0,0,0,0
2002,230016,2,1,0,0,0,0,0,0,0,0,0,0
2002,230017,0,1,8,8,8,8,8,8,8,8,8,8
2002,230017,1,1,0,0,0,0,0,0,0,0,0,0
2002,230018,0,1,17,17,17,17,17,17,17,17,17,17
2002,230018,1,1,0,0,0,0,0,0,0,0,0,0
2002,230019,1,1,0,0,0,0,0,0,0,0,0,0
2002,230020,1,1,0,0,0,0,0,0,0,0,0,0
2002,230020,2,1,0,0,0,0,0,0,0,0,0,0
2002,230021,1,1,0,0,0,0,0,0,0,0,0,0
2002,230021,2,1,0,0,0,0,0,0,0,0,0,0
2002,230022,1,1,0,0,0,0,0,0,0,0,0,0
2002,230022,2,1,0,0,0,0,0,0,0,0,0,0
2002,230023,1,1,10,10,10,10,10,10,10,10,10,10
2002,230024,1,1,0,0,0,0,0,0,0,0,0,0
2002,230024,2,1,0,0,0,0,0,0,0,0,0,0
2002,230025,1,1,0,0,0,0,0,0,0,0,0,0
2002,230026,1,1,0,0,0,0,0,0,0,0,0,0
2002,230026,2,1,0,0,0,0,0,0,0,0,0,0
2002,230027,0,1,0,0,16,0,0,0,0,0,0,0
2002,230027,1,1,0,0,0,0,0,0,0,0,0,0
2002,230028,1,1,11,11,11,11,11,11,11,11,11,11
2002,230028,2,1,0,0,0,0,0,0,0,0,0,0
2002,230029,1,1,22,22,22,22,22,22,22,22,22,22
2002,230029,2,1,0,0,0,0,0,0,0,0,0,0
2002,230030,1,1,0,0,0,0,0,0,0,0,0,0
2002,230031,1,1,0,0,0,0,0,0,0,0,0,0
2002,230032,1,1,19,19,19,19,19,19,19,19,19,19
2002,230033,1,1,0,0,0,0,0,0,0,0,0,0
2002,230033,2,1,0,0,0,0,0,0,0,0,0,0
2002,230034,1,1,0,0,0,0,0,0,0,0,0,0
2002,230034,2,1,0,0,0,0,0,0,0,0,0,0
2002,230035,1,1,0,0,0,0,0,0,0,0,0,0
2002,230036,1,1,12,12,12,12,12,12,12,12,12,12
2002,230037,1,1,0,0,0,0,0,0,0,0,0,0
2002,230038,1,1,0,0,0,0,0,0,0,0,0,0
2002,230038,2,1,0,0,0,0,0,0,0,0,0,0
2002,230039,0,1,0,0,0,0,0,0,0,0,0,0
2002,230039,1,1,0,0,0,0,0,0,0,0,0,0
2002,230040,1,1,0,0,0,0,0,0,0,0,0,0
2002,230041,1,1,14,14,14,14,14,14,14,14,14,14
2002,230042,1,1,0,0,0,0,0,16,8,0,0,0
2002,230042,2,1,0,0,0,0,0,0,0,0,0,0
2002,230043,0,1,0,0,0,0,0,0,0,0,0,14
2002,230043,1,1,0,0,0,0,0,0,0,0,0,0
2002,230044,1,1,0,0,0,0,0,0,0,0,0,0
2002,230045,1,1,0,0,0,0,0,0,0,0,0,0
2002,230046,1,1,15,15,15,15,15,15,15,15,15,15
2002,230047,1,1,16,16,16,16,16,16,16,16,16,16
2002,230048,1,1,0,0,0,0,0,0,0,0,0,0
2002,230048,2,1,0,0,0,0,0,0,0,0,0,0
2002,230049,1,1,0,0,0,0,0,0,0,0,0,0
2002,230050,1,1,0,0,0,0,0,0,0,0,0,0
2002,230051,1,1,4,4,4,4,4,4,4,4,4,4
2002,230051,2,1,21,17,3,0,0,0,0,20,0,0
2002,230051,3,1,0,0,0,0,0,0,0,0,0,11
2002,230052,1,1,0,0,0,0,0,0,0,19,0,0
2002,230053,1,1,0,0,0,0,0,0,0,0,0,0
2002,230054,1,1,23,23,23,23,23,23,23,23,23,23
2002,230055,1,1,0,0,0,0,0,0,0,0,0,0
2002,230056,1,1,22,22,22,22,22,22,22,22,22,22