YEAR,ST_CASE,veh_no,per_no,P1,P2,P3,P4,P5,P6,P7,P8,P9,P10
2002,230057,1,1,0,0,0,0,0,0,0,0,0,0
2002,230058,1,1,0,0,0,0,0,0,0,0,0,0
2002,230058,2,1,0,0,0,0,0,0,0,0,0,0
2002,230059,1,1,22,22,22,22,22,22,22,22,22,22
2002,230060,1,1,0,0,0,0,0,0,0,0,0,0
2002,230061,1,1,0,0,0,0,0,0,0,0,0,0
2002,230062,1,1,21,21,21,21,21,21,21,21,21,21
2002,230062,2,1,0,0,0,0,0,0,0,0,0,0
2002,230063,1,1,0,0,0,0,0,0,0,0,0,0
2002,230063,2,1,15,19,0,0,0,0,0,8,0,0
2002,230064,1,1,0,0,0,0,0,0,0,0,0,0
2002,230064,2,1,0,0,0,0,0,0,0,0,0,0
2002,230065,1,1,0,0,0,0,0,0,0,0,0,0
2002,230065,2,1,0,0,0,0,0,0,0,0,0,0
2002,230065,3,1,0,0,0,0,0,0,0,0,0,0
2002,230066,0,1,0,0,0,0,0,0,0,0,0,0
2002,230066,1,1,0,0,0,0,0,0,0,0,0,0
2002,230067,1,1,0,0,0,0,0,0,0,0,0,0
2002,230067,2,1,0,0,0,0,0,0,0,0,0,0
2002,230067,3,1,0,0,0,0,0,0,0,0,0,0
2002,230068,1,1,0,0,0,0,0,0,0,0,0,0
2002,230068,2,1,0,0,0,0,0,0,0,0,0,0
2002,230069,1,1,0,0,0,0,0,0,0,0,0,0
2002,230070,1,1,0,0,0,0,0,0,0,0,0,0
2002,230070,2,1,0,0,0,0,0,0,0,0,0,0
2002,230071,1,1,26,26,26,26,26,26,26,26,26,26
2002,230072,1,1,17,17,17,17,17,17,17,17,17,17
2002,230073,1,1,0,0,0,0,0,0,0,0,0,0
2002,230073,2,1,0,0,0,0,0,0,0,0,0,0
2002,230074,1,1,0,0,0,0,0,0,0,0,0,0
2002,230074,2,1,0,0,0,0,0,0,0,0,0,0
2002,230075,1,1,0,0,0,0,0,0,0,0,0,0
2002,230076,1,1,0,0,0,0,0,0,0,0,0,0
2002,230077,1,1,0,0,0,0,0,0,0,0,0,0
2002,230077,2,1,0,0,0,0,0,0,0,0,0,0
2002,230078,1,1,0,0,0,0,0,0,0,0,0,0
2002,230078,2,1,0,0,0,0,0,0,0,0,0,0
2002,230079,1,1,0,0,0,0,0,0,0,0,0,0
2002,230079,2,1,0,0,0,0,0,0,0,0,0,0
2002,230080,1,1,0,0,0,0,0,0,0,0,0,0
2002,230080,2,1,0,0,0,0,0,0,0,0,0,0
2002,230081,1,1,0,0,0,0,0,0,0,0,0,0
2002,230082,1,1,23,23,23,23,23,23,23,23,23,23
2002,230082,2,1,0,0,0,0,0,0,0,0,0,0
2002,230083,1,1,0,0,0,0,0,0,0,0,0,0
2002,230083,2,1,0,0,0,0,0,0,0,0,0,0
2002,230084,1,1,8,8,8,8,8,8,8,8,8,8
2002,230084,2,1,0,0,0,0,0,0,0,0,0,0
2002,230085,1,1,27,27,27,27,27,27,27,27,27,27
2002,230086,1,1,0,0,0,0,0,0,0,0,0,0
2002,230087,1,1,0,0,0,0,0,0,0,0,0,0
2002,230087,2,1,0,0,0,0,0,0,0,0,0,0
2002,230088,1,1,0,0,0,0,0,0,0,0,0,0
2002,230089,1,1,19,19,19,19,19,19,19,19,19,19
2002,230090,1,1,0,0,0,0,0,0,0,0,0,0
2002,230090,2,1,0,0,0,0,0,0,0,0,0,0
2002,230091,1,1,23,23,23,23,23,23,23,23,23,23
2002,230091,2,1,0,0,0,0,0,0,0,0,0,0
2002,230092,1,1,0,0,0,0,0,0,0,0,0,0
2002,230092,2,1,0,0,0,0,0,0,0,0,0,0
2002,230093,1,1,0,0,0,0,0,0,0,0,0,0
2002,230093,2,1,0,0,0,0,0,0,0,0,0,0
2002,230094,1,1,0,0,0,0,0,0,0,0,0,0
2002,230095,1,1,0,0,0,0,0,0,0,0,0,0
2002,230095,2,1,0,0,0,0,0,0,0,0,0,0
2002,230096,1,1,0,0,0,0,0,0,0,0,0,0
2002,230097,1,1,4,4,4,4,4,4,4,4,4,4
2002,230098,1,1,9,9,9,9,9,9,9,9,9,9
2002,230099,1,1,0,0,0,0,0,0,0,0,0,0
2002,230100,1,1,0,0,0,0,0,0,0,0,0,0
2002,230101,1,1,0,0,0,0,0,0,0,0,0,0
2002,230102,1,1,20,20,20,20,20,20,20,20,20,20
2002,230103,1,1,0,0,0,0,0,0,0,0,0,0
2002,230104,1,1,0,0,0,0,0,0,0,0,0,0
2002,230105,1,1,0,0,0,0,0,0,0,0,0,0
2002,230105,2,1,0,0,0,0,0,0,0,0,0,0
2002,230106,1,1,0,0,0,0,0,0,0,0,0,0
2002,230106,2,1,0,0,0,0,0,0,0,0,0,0
2002,230107,1,1,0,0,0,0,0,0,0,0,0,0
2002,230107,2,1,0,0,0,0,0,0,0,0,0,0
2002,230108,1,1,18,18,18,18,18,18,18,18,18,18
2002,230109,0,1,0,0,0,0,0,0,0,0,0,0
2002,230109,0,2,0,0,0,0,0,0,0,0,0,0
2002,230109,1,1,0,0,0,0,0,0,0,0,0,0
2002,230110,1,1,0,0,0,0,0,0,0,0,0,0
2002,230110,2,1,0,0,0,0,0,0,0,0,0,0
2002,230111,1,1,0,0,0,0,0,0,0,0,0,0
2002,230112,1,1,0,0,0,0,0,0,0,0,0,0
2002,230112,2,1,0,0,0,0,0,0,0,0,0,0
2002,230113,1,1,0,0,0,0,0,0,0,0,0,0
2002,230114,1,1,0,0,0,0,0,0,0,0,0,0
2002,230114,2,1,0,0,0,0,0,0,0,0,0,0
2002,230115,1,1,0,0,0,0,0,0,0,0,0,0
2002,230115,2,1,0,0,0,0,0,0,0,0,0,0
2002,230116,1,1,0,0,0,0,0,0,0,0,0,0
2002,230117,1,1,0,0,0,0,0,0,0,0,0,0
2002,230117,2,1,0,0,0,0,0,0,0,0,0,0
2002,230118,1,1,0,0,0,0,0,0,0,0,0,0
2002,230118,2,1,0,0,0,0,0,0,0,0,0,0
2002,230118,3,1,0,0,0,0,0,0,0,0,0,0
2002,230118,4,1,0,0,0,0,0,0,0,0,0,0
2002,230119,1,1,0,0,0,0,0,0,0,0,0,0
2002,230119,2,1,0,0,0,0,0,0,0,0,0,0
2002,230120,1,1,0,0,0,0,0,0,0,0,0,0
2002,230120,2,1,0,0,25,0,0,0,9,0,25,0
2002,230121,1,1,0,0,0,0,0,0,0,0,0,0
2002,230122,1,1,0,0,0,0,0,0,0,0,0,0
2002,230123,1,1,4,4,4,4,4,4,4,4,4,4
2002,230124,1,1,0,0,0,0,0,0,0,0,0,0
2002,230124,2,1,0,0,0,0,0,0,0,0,0,0
2002,230125,1,1,0,0,0,0,0,0,0,0,0,0
2002,230125,2,1,0,0,0,0,0,0,0,0,0,0
2002,230126,1,1,0,0,0,0,0,0,0,0,0,0
2002,230127,1,1,0,0,0,0,0,0,0,0,0,0
2002,230128,1,1,0,0,0,0,0,0,0,0,0,0
2002,230129,1,1,0,0,0,0,0,0,0,0,0,0
2002,230129,2,1,0,0,0,0,0,0,0,0,0,0
2002,230130,1,1,10,10,10,10,10,10,10,10,10,10
2002,230131,1,1,0,0,0,0,0,0,0,0,0,0
2002,230132,1,1,0,0,0,0,0,0,0,0,0,0
2002,230133,1,1,22,22,22,22,22,22,22,22,22,22
2002,230134,1,1,0,0,0,0,0,0,0,0,0,0
2002,230134,2,1,0,0,0,0,0,0,0,0,0,0
2002,230135,1,1,0,0,0,0,0,0,0,0,0,0
2002,230135,2,1,9,9,9,9,9,9,9,9,9,9
2002,230136,1,1,0,0,0,0,0,0,0,0,0,0
2002,230137,1,1,25,25,25,25,25,25,25,25,25,25
2002,230138,1,1,0,0,0,0,0,0,0,0,0,0
2002,230139,1,1,0,0,0,0,0,0,0,0,0,0
2002,230139,2,1,0,0,0,0,0,0,0,0,0,0
2002,230140,1,1,0,0,0,0,0,0,0,0,0,0
2002,230141,1,1,0,0,0,0,0,0,0,0,0,0
2002,230141,2,1,0,0,0,0,0,0,0,0,0,0
2002,230141,3,1,0,0,0,0,0,0,0,0,0,0
2002,230142,1,1,0,0,0,0,0,0,0,0,0,0
2002,230143,1,1,0,0,0,0,0,0,0,0,0,0
2002,230144,1,1,19,19,19,19,19,19,19,19,19,19
2002,230145,0,1,0,0,0,0,0,0,0,0,0,0
2002,230145,1,1,0,0,0,0,0,0,0,0,0,0
2002,230146,1,1,0,0,0,0,0,0,0,0,0,0
2002,230147,1,1,0,0,0,0,0,0,0,0,0,0
2002,230148,1,1,0,0,0,0,0,0,0,0,0,0
2002,230148,2,1,0,0,0,0,0,0,0,0,0,0
2002,230149,1,1,0,0,0,0,0,0,0,0,0,0
2002,230150,1,1,22,30,0,16,18,0,0,0,19,12
2002,230151,0,1,0,0,0,0,0,0,0,0,0,0
2002,230151,1,1,0,0,0,0,0,0,0,0,0,0
2002,230152,1,1,0,0,0,0,0,0,0,0,0,0
2002,230153,1,1,0,0,0,0,0,0,0,0,0,0
2002,230154,1,1,0,0,0,0,0,0,0,0,0,0
2002,230155,1,1,0,0,0,0,0,0,0,0,0,0
2002,230155,2,1,0,0,0,0,0,0,0,0,0,0
2002,230156,0,1,25,25,25,25,25,25,25,25,25,25
2002,230156,1,1,0,0,0,0,0,0,0,0,0,0
2002,230157,0,1,0,0,0,0,0,0,0,0,0,0
2002,230157,1,1,0,0,0,0,0,0,0,0,0,0
2002,230158,1,1,0,0,0,0,0,0,0,0,0,0
2002,230158,2,1,0,0,0,0,8,0,0,0,0,0
2002,230159,1,1,0,0,0,0,0,0,0,0,0,0
2002,230160,1,1,0,0,0,0,0,0,0,0,0,0
2002,230160,2,1,0,0,0,0,0,0,0,0,0,0
2002,230161,1,1,0,0,0,0,0,0,0,0,0,0
2002,230161,2,1,0,0,0,0,0,0,0,0,0,0
2002,230162,1,1,0,0,0,0,0,0,0,0,0,0
2002,230163,1,1,16,16,16,16,16,16,16,16,16,16
2002,230164,1,1,0,0,0,0,0,0,0,0,0,0
2002,230165,1,1,0,0,0,0,0,0,0,0,0,0
2002,230166,1,1,0,0,0,0,0,0,0,0,0,0
2002,230167,1,1,0,0,0,0,0,0,0,0,0,0
2002,230168,1,1,0,0,0,0,0,0,0,0,0,0
2002,230168,2,1,0,0,0,0,0,0,0,0,0,0
2002,230169,1,1,0,0,0,0,0,0,0,0,0,0
2002,230170,1,1,25,25,25,25,25,25,25,25,25,25
2002,230171,1,1,0,0,0,0,0,0,0,0,0,0
2002,230172,0,1,0,0,0,0,0,0,0,0,0,0
2002,230172,1,1,0,0,0,0,0,0,0,0,0,0
2002,230172,2,1,0,0,0,0,0,0,0,0,0,0
2002,230173,1,1,0,0,0,0,0,0,0,0,0,0
2002,230173,2,1,0,0,0,0,0,0,0,0,0,0
2002,230174,1,1,0,0,0,0,0,0,0,0,0,0
2002,230175,1,1,0,0,0,0,0,0,0,0,0,0
2002,230176,1,1,0,0,0,0,0,0,0,0,0,0
2002,230176,2,1,0,0,0,0,0,0,0,0,0,0
2002,230177,1,1,0,21,19,16,16,9,33,16,19,18
2002,230177,2,1,0,0,0,0,0,0,0,0,0,0
2002,230178,1,1,0,0,0,0,0,0,0,0,0,0
2002,230178,2,1,0,0,0,0,0,0,0,0,0,0
2002,230179,1,1,0,0,0,0,0,0,0,0,0,0
2002,230180,1,1,0,0,0,0,0,0,0,0,0,0
2002,230180,2,1,0,0,0,0,0,0,0,0,0,0
2002,230180,3,1,0,0,20,0,0,0,0,0,0,0
2002,230181,1,1,0,0,0,0,0,0,0,0,0,0
2002,230181,2,1,0,0,0,0,0,0,0,0,0,0
2002,230182,1,1,9,9,9,9,9,9,9,9,9,9
2002,230183,1,1,24,24,24,24,24,24,24,24,24,24
2002,230184,1,1,0,0,0,0,0,0,0,0,0,0
2002,230184,2,1,0,10,20,0,21,0,0,0,0,0
2002,230185,1,1,0,0,0,0,0,0,0,0,0,0
2002,230185,2,1,0,0,0,0,0,0,0,0,0,0
2002,230186,1,1,0,0,0,0,0,0,0,0,0,0
2002,230186,2,1,0,0,0,0,0,0,0,0,0,0
2002,240001,0,1,0,0,0,0,0,0,0,0,0,0
2002,240001,1,1,0,0,0,0,0,0,0,0,0,0
2002,240002,1,1,0,0,0,0,0,0,17,0,0,0
2002,240002,2,1,1,1,1,1,1,1,1,1,1,1
2002,240003,0,1,38,38,38,38,38,38,38,38,38,38
2002,240003,1,1,0,0,0,0,0,9,0,0,0,0
2002,240004,1,1,24,24,24,24,24,24,24,24,24,24
2002,240005,0,1,0,0,0,0,0,0,0,0,0,0
2002,240005,1,1,0,0,0,0,0,0,0,0,0,0
2002,240006,1,1,0,0,0,0,0,0,0,0,0,0
2002,240006,2,1,0,0,0,0,0,0,0,0,0,0
2002,240007,1,1,18,18,18,18,18,18,18,18,18,18
2002,240008,1,1,0,0,0,0,0,0,0,0,0,0
2002,240008,2,1,0,0,0,0,0,0,0,0,0,0
2002,240009,1,1,0,0,0,0,0,0,0,0,0,0
2002,240009,2,1,0,0,0,0,0,0,0,0,0,0
2002,240009,3,1,0,0,0,0,0,0,0,0,0,0
2002,240010,1,1,0,0,0,0,0,0,0,0,0,0
2002,240010,2,1,0,0,0,0,0,0,0,0,0,0
2002,240011,0,1,28,28,28,28,28,28,28,28,28,28
2002,240011,1,1,0,0,0,0,0,0,0,0,0,0
2002,240012,1,1,0,19,19,4,0,0,12,4,12,21
2002,240013,1,1,10,10,10,10,10,10,10,10,10,10
2002,240014,0,1,0,0,0,0,0,0,0,0,0,0
2002,240014,1,1,0,0,0,0,15,0,0,0,0,0
2002,240015,0,1,24,0,23,19,36,0,20,0,0,0
2002,240015,1,1,0,0,0,0,0,0,0,0,0,0
2002,240016,1,1,0,0,0,0,0,0,0,0,0,0
2002,240016,2,1,0,0,0,0,0,0,0,0,0,0
2002,240017,0,1,0,0,0,0,0,0,0,0,0,0
2002,240017,1,1,0,0,0,0,0,0,0,0,0,0
2002,240018,1,1,0,0,0,0,0,0,0,0,0,0
2002,240019,1,1,0,0,0,0,15,0,0,0,18,0
2002,240020,1,1,0,0,0,0,0,0,0,0,0,0
2002,240021,1,1,0,0,0,0,0,0,0,0,0,0
2002,240021,2,1,0,0,0,0,0,0,0,0,0,0
2002,240022,1,1,11,11,11,11,11,11,11,11,11,11
2002,240022,2,1,0,0,0,0,0,0,0,0,0,0
2002,240023,1,1,0,0,0,0,0,0,0,0,0,0
2002,240023,2,1,0,0,0,0,0,0,0,0,0,0
2002,240023,3,1,0,0,0,0,0,0,0,0,0,0
2002,240024,1,1,0,0,0,0,15,0,0,0,5,0
2002,240025,0,1,0,0,0,0,0,0,0,0,0,0
2002,240025,1,1,0,0,0,0,0,0,0,0,0,0
2002,240026,1,1,0,0,0,0,0,0,0,0,0,0
2002,240027,0,1,0,0,0,0,0,0,0,0,0,0
2002,240027,1,1,40,0,5,28,18,27,8,16,11,2
2002,240027,2,2,0,0,0,0,0,0,0,0,0,0
2002,240028,1,1,0,0,0,0,0,0,0,0,0,0
2002,240029,1,1,0,0,0,0,0,0,0,0,0,0
2002,240029,2,1,0,0,0,0,0,0,0,0,0,0
2002,240030,1,1,0,0,0,0,0,0,0,0,0,0
2002,240030,2,1,0,0,0,0,0,0,0,0,0,0
2002,240031,1,1,0,0,0,0,0,11,0,16,11,0
2002,240031,2,1,0,0,0,0,0,0,0,0,0,0
2002,240032,0,1,0,0,0,0,0,0,0,0,0,0
2002,240032,0,2,0,0,0,0,0,0,0,0,0,0
2002,240032,0,3,0,0,0,9,0,0,19,0,0,0
2002,240032,1,1,7,7,7,7,7,7,7,7,7,7
2002,240033,0,1,0,0,0,0,0,0,0,0,0,0
2002,240033,1,1,0,27,0,0,0,0,0,0,0,0
2002,240034,1,1,0,0,0,0,0,0,0,0,0,0
2002,240034,2,1,15,15,15,15,15,15,15,15,15,15
2002,240035,1,1,0,0,0,0,0,0,16,0,0,0
2002,240035,2,1,0,0,17,0,0,0,0,0,3,0
2002,240036,1,1,0,0,0,0,0,0,7,0,0,0
2002,240037,1,1,11,11,11,11,11,11,11,11,11,11
2002,240037,2,1,0,0,0,6,0,0,0,0,0,0
2002,240037,3,1,0,0,0,0,0,0,0,0,0,0
2002,240038,1,1,18,18,18,18,18,18,18,18,18,18
2002,240038,2,1,1,1,1,1,1,1,1,1,1,1
2002,240039,1,1,16,16,16,16,16,16,16,16,16,16
2002,240039,2,1,0,0,0,0,0,0,0,0,0,0
2002,240040,1,1,0,0,0,0,0,0,0,0,0,0
2002,240040,2,1,0,0,0,0,0,0,0,0,0,0
2002,240041,1,1,0,0,0,0,0,0,0,0,0,0
2002,240041,2,1,0,0,0,0,0,0,0,0,0,0
2002,240042,1,1,0,0,0,0,0,0,0,0,0,0
2002,240042,2,1,0,0,0,0,0,0,0,0,0,0
2002,240043,1,1,0,0,0,0,0,0,0,0,0,0
2002,240043,2,1,1,1,1,1,1,1,1,1,1,1
2002,240043,3,1,0,0,0,0,0,0,0,0,0,14
2002,240044,1,1,3,3,3,3,3,3,3,3,3,3
2002,240045,1,1,20,20,20,20,20,20,20,20,20,20
2002,240046,1,1,0,0,0,0,0,0,0,0,0,0
2002,240046,2,1,0,0,0,0,0,0,0,0,0,0
2002,240047,1,1,0,0,0,0,0,0,0,0,0,0
2002,240047,2,1,0,0,0,0,0,0,0,0,0,0
2002,240048,1,1,0,0,0,0,0,0,0,0,0,0
2002,240049,1,1,0,0,0,0,0,0,0,0,0,0
2002,240049,2,1,0,0,0,0,0,0,0,0,0,0
2002,240050,1,1,18,18,18,18,18,18,18,18,18,18
2002,240050,2,1,0,0,0,0,0,0,0,0,0,0
2002,240051,0,1,0,0,0,0,0,0,0,0,0,0
2002,240051,1,1,0,0,0,0,0,0,0,0,0,0
2002,240052,1,1,7,7,7,7,7,7,7,7,7,7
2002,240052,2,1,0,17,0,0,0,0,0,0,0,0
2002,240053,0,1,0,0,0,0,0,0,0,0,0,0
2002,240053,1,1,0,0,0,0,0,0,0,0,0,0
2002,240054,0,1,0,0,0,0,0,0,0,0,0,0
2002,240054,1,1,0,0,0,0,0,0,0,0,0,0
2002,240055,1,1,0,11,0,0,0,0,0,0,0,0
2002,240055,3,1,0,0,0,0,0,0,0,0,0,0
2002,240056,1,1,0,0,0,0,0,0,0,0,0,0
2002,240056,2,1,0,0,0,0,0,0,0,0,0,0
2002,240057,1,1,23,23,23,23,23,23,23,23,23,23
2002,240057,2,1,0,0,0,0,0,0,0,0,0,0
2002,240058,1,1,0,0,0,0,0,0,0,0,0,0
2002,240059,1,1,20,20,20,20,20,20,20,20,20,20
2002,240060,1,1,22,22,22,22,22,22,22,22,22,22
2002,240062,1,1,17,17,17,17,17,17,17,17,17,17
2002,240063,0,1,0,0,0,0,0,0,0,0,0,0
2002,240063,1,1,0,0,0,0,0,0,19,0,0,0
2002,240063,2,1,0,0,0,0,0,0,0,0,0,0
2002,240064,0,1,0,0,0,0,0,0,0,0,0,0
2002,240064,1,1,0,0,0,0,0,0,0,0,0,0
2002,240064,2,1,0,0,9,0,0,0,0,19,0,0
2002,240065,1,1,0,0,0,0,0,0,0,0,0,0
2002,240065,2,1,0,0,0,0,0,0,0,0,0,0
2002,240066,1,1,0,0,0,0,0,0,0,0,0,0
2002,240067,0,1,0,0,0,0,0,0,0,0,0,0
2002,240067,1,1,0,0,0,0,0,0,0,0,0,0
2002,240068,1,1,0,0,0,0,0,0,0,0,0,0
2002,240068,2,1,0,0,0,0,0,0,0,0,0,0
2002,240069,1,1,17,17,17,17,17,17,17,17,17,17
2002,240070,1,1,0,0,0,0,0,0,0,0,0,0
2002,240071,1,1,0,0,0,0,0,8,0,0,0,0
2002,240072,1,1,0,0,0,0,0,0,0,0,0,0
2002,240072,2,1,0,0,0,0,0,0,0,0,0,0
2002,240072,3,1,0,0,0,0,0,0,0,0,0,0
2002,240073,1,1,0,0,0,0,0,0,0,0,0,0
2002,240074,1,1,3,3,3,3,3,3,3,3,3,3
2002,240075,1,1,0,0,0,0,0,0,0,0,0,0
2002,240076,1,1,0,0,0,0,0,0,0,0,0,0
2002,240077,1,1,15,15,15,15,15,15,15,15,15,15
2002,240078,1,1,0,0,0,0,0,0,0,0,0,0
2002,240078,2,1,0,0,0,0,0,0,0,0,0,0
2002,240078,3,1,0,0,0,0,0,0,0,0,0,0
2002,240078,4,1,0,0,0,0,0,0,0,0,0,6
2002,240078,5,1,0,0,0,0,0,0,0,0,0,0
2002,240078,6,1,0,0,0,0,0,0,0,0,0,0
2002,240079,1,1,0,0,0,0,0,0,0,0,0,0
2002,240079,2,1,0,0,0,0,0,0,0,0,0,0
2002,240079,3,1,0,0,0,0,0,0,0,0,0,0
2002,240080,1,1,12,0,0,0,0,0,0,0,0,0
2002,240080,2,1,0,0,0,0,0,0,0,0,0,0
2002,240081,1,1,0,0,0,0,0,0,0,0,0,0
2002,240081,2,1,0,0,0,0,0,0,0,0,0,0
2002,240082,1,1,0,0,0,0,0,0,0,0,0,0
2002,240082,2,2,0,0,0,0,0,0,0,0,0,0
2002,240083,1,1,2,2,2,2,2,2,2,2,2,2
2002,240083,2,1,0,0,0,0,0,0,0,0,0,0
2002,240084,1,1,17,17,17,17,17,17,17,17,17,17
2002,240085,1,1,19,23,18,16,17,18,40,0,31,3
2002,240085,2,1,0,0,0,0,0,0,0,0,0,0
2002,240086,1,1,0,0,0,0,0,0,0,0,0,0
2002,240086,2,1,0,0,0,0,0,0,0,0,0,0
2002,240087,0,1,0,0,0,0,0,0,0,0,0,0
2002,240087,1,1,0,0,0,0,0,0,0,0,0,0
2002,240088,0,1,31,0,30,0,0,0,0,0,0,0
2002,240088,2,1,0,0,0,0,0,0,0,0,0,0
2002,240089,1,1,0,15,0,0,0,0,0,0,0,14
2002,240090,1,1,10,10,10,10,10,10,10,10,10,10
2002,240090,2,1,0,0,0,0,0,0,0,0,0,0
2002,240091,1,1,0,0,0,0,0,0,0,0,0,0
2002,240092,1,1,0,0,0,0,0,0,0,0,0,0
2002,240092,2,1,0,0,0,0,0,0,0,0,0,0
2002,240093,1,1,0,0,0,0,0,0,0,0,0,0
2002,240093,2,1,17,10,12,0,0,13,0,0,0,15
2002,240093,3,1,0,0,0,0,0,0,0,0,0,0
2002,240093,4,1,0,0,0,0,0,0,0,0,0,0
2002,240094,1,1,0,0,0,0,0,0,0,0,0,0
2002,240094,2,1,0,0,0,0,0,0,0,0,0,0
2002,240095,1,1,0,14,0,15,0,0,20,0,0,0
2002,240096,1,1,15,15,15,15,15,15,15,15,15,15
2002,240097,1,1,17,17,17,17,17,17,17,17,17,17
2002,240098,0,1,4,4,4,4,4,4,4,4,4,4
2002,240098,1,1,0,4,0,0,0,0,0,0,0,0
2002,240099,1,1,0,0,0,0,0,0,0,0,0,0
2002,240100,0,1,0,0,0,0,0,0,0,0,0,0
2002,240100,1,1,0,0,0,0,0,0,0,0,0,0
2002,240101,1,1,9,21,20,15,0,6,0,0,0,0
2002,240102,0,1,14,14,14,14,14,14,14,14,14,14
2002,240102,1,1,9,0,9,21,19,17,23,13,10,8
2002,240103,1,1,0,0,0,0,0,0,0,0,0,0
2002,240104,1,1,0,0,7,0,0,0,0,0,0,0
2002,240104,2,1,0,0,0,0,0,0,0,0,0,0
2002,240105,1,1,20,20,20,20,20,20,20,20,20,20
2002,240106,1,1,0,0,0,0,5,14,0,0,0,21
2002,240107,0,1,0,0,0,0,0,0,0,0,0,0
2002,240107,1,1,0,0,0,0,0,0,0,0,0,0
2002,240108,1,1,0,0,0,0,0,0,0,0,0,0
2002,240108,2,1,0,0,0,0,0,0,0,0,0,0
2002,240109,1,1,0,0,0,0,0,0,0,0,0,0
2002,240109,2,1,0,0,0,0,0,0,0,0,0,0
2002,240110,1,1,0,25,0,0,0,10,0,0,2,0
2002,240110,2,1,24,12,20,0,0,0,0,0,0,14
2002,240111,1,1,13,13,13,13,13,13,13,13,13,13
2002,240112,1,1,0,0,0,0,0,0,0,0,0,0
2002,240113,1,1,0,0,0,0,0,0,0,0,0,0
2002,240113,2,1,0,0,0,0,0,0,0,0,0,0
2002,240113,3,1,0,0,0,0,0,0,0,0,0,0
2002,240114,1,1,28,28,28,28,28,28,28,28,28,28
2002,240115,0,1,0,0,0,0,0,0,0,0,0,0
2002,240115,1,1,0,0,0,0,0,0,0,0,0,0
2002,240116,1,1,9,0,0,15,0,0,0,0,0,0
2002,240117,1,1,0,0,0,0,0,0,0,0,0,0
2002,240118,0,1,25,25,25,25,25,25,25,25,25,25
2002,240118,1,1,0,0,15,0,0,0,0,0,0,0
2002,240119,1,1,15,15,15,15,15,15,15,15,15,15
2002,240119,2,1,0,0,0,0,0,0,0,0,0,0
2002,240120,1,1,10,10,10,10,10,10,10,10,10,10
2002,240120,2,1,0,0,0,0,0,2,0,0,0,0
2002,240121,1,1,0,0,0,0,0,0,0,0,0,0
2002,240121,2,1,0,0,0,0,0,0,0,0,0,0
2002,240121,3,1,0,0,0,0,0,0,0,0,0,0
2002,240121,4,1,0,0,0,0,0,0,0,0,0,0
2002,240122,1,1,0,0,0,0,0,0,0,0,0,0
2002,240122,2,1,0,0,0,0,0,0,0,0,0,0
2002,240123,0,1,23,23,23,23,23,23,23,23,23,23
2002,240123,1,1,0,0,0,0,0,0,0,0,0,9
2002,240124,1,1,20,20,20,20,20,20,20,20,20,20
2002,240124,2,1,0,0,0,0,0,0,0,0,0,0
2002,240125,1,1,0,0,0,0,0,0,0,0,0,0
2002,240125,2,1,0,0,0,0,0,0,0,0,0,0
2002,240126,0,1,11,11,11,11,11,11,11,11,11,11
2002,240126,1,1,0,0,0,0,0,0,0,0,0,0
2002,240127,1,1,0,15,0,0,0,0,0,0,22,0
2002,240128,1,1,0,0,0,0,0,0,0,0,0,0
2002,240128,2,1,13,13,13,13,13,13,13,13,13,13
2002,240129,1,1,0,0,0,0,0,0,13,0,0,0
2002,240129,2,1,0,0,0,0,0,0,0,0,0,0
2002,240130,0,1,17,17,17,17,17,17,17,17,17,17
2002,240130,1,1,0,0,0,0,0,0,0,0,0,0
2002,240131,1,1,0,0,2,0,0,0,0,0,0,0
2002,240131,2,1,0,0,0,0,0,0,0,0,0,0
2002,240132,1,1,7,7,7,7,7,7,7,7,7,7
2002,240132,2,1,0,0,0,0,0,0,0,0,0,0
2002,240133,1,1,15,15,15,15,15,15,15,15,15,15
2002,240133,2,1,23,23,23,23,23,23,23,23,23,23
2002,240134,1,1,0,0,0,0,0,0,0,0,0,0
2002,240134,2,1,0,0,0,0,0,0,0,0,0,0
2002,240135,1,1,0,0,0,0,0,0,0,0,0,0
2002,240136,1,1,18,18,18,18,18,18,18,18,18,18
2002,240137,1,1,21,21,21,21,21,21,21,21,21,21
2002,240137,2,1,0,0,0,0,0,0,0,0,0,0
2002,240137,3,1,0,0,0,0,0,0,22,0,0,0
2002,240137,4,1,0,0,0,0,0,0,0,0,0,0
2002,240137,5,1,0,0,0,0,0,0,0,0,0,0
2002,240138,1,1,5,5,5,5,5,5,5,5,5,5
2002,240138,2,1,0,0,0,0,0,0,0,0,0,0
2002,240139,1,1,18,0,0,0,0,0,0,0,0,0
2002,240140,1,1,0,0,0,0,0,0,0,0,0,0
2002,240140,2,1,0,0,0,0,0,0,0,0,0,0
2002,240140,3,1,0,0,0,0,0,0,0,0,0,0
2002,240141,1,1,0,0,0,0,0,0,0,0,0,0
2002,240141,2,1,0,0,0,0,0,0,0,0,0,0
2002,240141,3,1,0,0,0,0,0,0,0,0,0,0
2002,240142,1,1,0,0,0,0,0,0,0,0,0,0
2002,240142,2,1,0,0,0,0,0,0,0,0,0,0
2002,240143,1,1,0,0,0,0,0,0,0,0,0,0
2002,240144,0,1,40,0,21,0,0,0,0,0,0,24
2002,240144,1,1,0,0,0,0,0,0,0,0,0,0
2002,240145,0,1,22,0,0,34,25,0,0,7,20,18
2002,240145,1,1,0,0,0,0,0,0,0,0,0,0
2002,240146,0,1,13,13,13,13,13,13,13,13,13,13
2002,240146,1,1,0,0,0,0,0,0,0,0,0,0
2002,240147,1,1,14,14,14,14,14,14,14,14,14,14