YEAR,ST_CASE,veh_no,per_no,P1,P2,P3,P4,P5,P6,P7,P8,P9,P10
2002,240148,1,1,21,21,21,21,21,21,21,21,21,21
2002,240149,1,1,20,13,28,18,0,30,0,23,0,0
2002,240149,2,1,0,0,0,0,0,0,0,0,0,0
2002,240149,3,1,0,0,0,0,0,16,0,9,0,0
2002,240150,1,1,12,12,12,12,12,12,12,12,12,12
2002,240150,2,1,10,0,0,0,0,0,18,0,0,0
2002,240151,1,1,0,0,0,0,0,0,0,0,15,0
2002,240152,1,1,0,0,0,0,0,0,0,0,0,0
2002,240153,1,1,14,14,14,14,14,14,14,14,14,14
2002,240154,1,1,0,0,0,0,0,0,0,0,0,0
2002,240154,2,1,0,0,0,0,0,0,0,0,0,0
2002,240155,1,1,0,0,0,0,25,0,12,12,0,0
2002,240155,2,1,0,0,0,0,0,0,0,0,0,0
2002,240156,1,1,18,0,0,0,0,7,22,0,0,27
2002,240157,0,1,0,0,0,0,0,0,0,0,0,0
2002,240157,1,1,0,0,0,0,0,0,0,0,0,0
2002,240158,1,1,15,15,15,15,15,15,15,15,15,15
2002,240159,1,1,31,31,31,31,31,31,31,31,31,31
2002,240159,2,1,17,0,0,0,0,0,0,0,0,0
2002,240160,1,1,0,6,0,0,0,0,0,0,0,0
2002,240160,2,1,0,0,0,0,0,0,0,0,0,0
2002,240161,1,1,0,0,0,0,0,0,0,0,0,0
2002,240161,2,1,0,0,0,0,0,0,0,0,0,0
2002,240162,1,1,0,0,0,0,0,0,0,0,0,0
2002,240163,1,1,18,18,18,18,18,18,18,18,18,18
2002,240164,1,1,19,19,19,19,19,19,19,19,19,19
2002,240165,1,1,0,0,0,0,0,0,20,0,0,7
2002,240166,0,1,0,0,0,0,0,0,0,0,0,0
2002,240166,1,1,0,0,0,0,0,0,0,0,0,0
2002,240167,1,1,9,9,9,9,9,9,9,9,9,9
2002,240168,1,1,0,0,0,0,0,0,0,0,0,0
2002,240169,1,1,0,0,0,0,0,0,0,0,0,0
2002,240169,2,1,0,0,0,0,0,0,0,0,0,0
2002,240170,1,1,0,0,0,0,0,0,0,0,0,0
2002,240170,2,1,0,0,0,0,0,0,0,0,0,0
2002,240171,0,1,23,23,23,23,23,23,23,23,23,23
2002,240171,1,1,0,0,0,0,0,0,0,0,0,0
2002,240172,1,1,0,0,0,0,0,0,0,0,8,0
2002,240172,2,1,0,0,0,0,0,14,37,21,0,0
2002,240173,0,1,0,11,0,0,0,0,0,0,0,0
2002,240173,1,1,0,0,0,0,0,0,0,0,0,0
2002,240174,0,1,0,0,0,0,0,0,0,0,0,0
2002,240174,1,1,0,0,0,10,0,0,0,0,0,0
2002,240175,1,1,0,0,0,0,0,0,0,0,0,0
2002,240175,2,1,0,0,0,0,0,0,0,0,0,0
2002,240176,1,1,0,0,11,9,0,0,0,0,0,0
2002,240176,2,1,0,0,0,0,0,0,0,0,0,0
2002,240177,1,1,0,0,0,0,0,0,0,0,0,0
2002,240178,1,1,0,0,0,0,0,0,0,0,0,0
2002,240179,1,1,15,15,15,15,15,15,15,15,15,15
2002,240180,1,1,26,26,26,26,26,26,26,26,26,26
2002,240181,1,1,10,10,10,10,10,10,10,10,10,10
2002,240182,1,1,20,20,20,20,20,20,20,20,20,20
2002,240183,1,1,7,7,7,7,7,7,7,7,7,7
2002,240184,1,1,24,24,24,24,24,24,24,24,24,24
2002,240185,1,1,0,0,0,0,0,0,0,0,0,0
2002,240186,1,1,0,0,0,0,13,0,0,0,0,0
2002,240187,1,1,21,21,21,21,21,21,21,21,21,21
2002,240188,1,1,0,0,0,0,0,0,0,0,0,0
2002,240188,2,1,0,0,0,0,0,0,0,0,0,0
2002,240188,3,1,0,0,0,0,0,0,0,0,0,0
2002,240189,1,1,21,21,21,21,21,21,21,21,21,21
2002,240189,2,1,10,0,0,0,0,0,0,0,0,0
2002,240190,1,1,24,24,24,24,24,24,24,24,24,24
2002,240190,2,1,24,24,24,24,24,24,24,24,24,24
2002,240191,1,1,0,0,0,0,0,0,0,0,0,0
2002,240192,1,1,0,0,0,0,0,0,19,0,0,0
2002,240192,2,1,0,0,0,0,0,0,0,0,0,0
2002,240193,1,1,0,0,0,0,0,0,0,0,0,0
2002,240193,2,1,0,0,0,0,0,0,0,0,0,0
2002,240193,3,1,0,0,0,0,0,0,0,0,0,0
2002,240194,1,1,0,0,0,0,0,0,0,0,0,0
2002,240194,2,1,7,7,7,7,7,7,7,7,7,7
2002,240195,1,1,3,3,3,3,3,3,3,3,3,3
2002,240196,1,1,0,0,0,0,0,0,0,0,0,0
2002,240196,2,1,0,0,0,0,0,0,0,0,0,0
2002,240197,0,1,16,16,16,16,16,16,16,16,16,16
2002,240197,1,1,0,0,0,0,0,0,0,0,0,0
2002,240198,1,1,0,0,0,0,0,0,0,0,0,0
2002,240199,1,1,0,0,0,0,0,0,0,0,0,0
2002,240200,1,1,0,0,0,0,0,0,0,0,0,0
2002,240200,2,1,10,10,10,10,10,10,10,10,10,10
2002,240201,1,1,14,14,14,14,14,14,14,14,14,14
2002,240202,1,1,0,0,0,5,0,0,0,0,0,0
2002,240202,2,1,6,6,6,6,6,6,6,6,6,6
2002,240203,1,1,0,0,0,0,0,0,0,0,0,0
2002,240203,2,1,0,0,0,0,0,0,0,0,0,0
2002,240204,1,1,0,0,0,0,0,0,0,0,0,0
2002,240205,1,1,9,9,9,9,9,9,9,9,9,9
2002,240206,1,1,0,0,0,0,0,0,0,0,0,0
2002,240207,1,1,6,6,6,6,6,6,6,6,6,6
2002,240207,2,1,0,0,0,0,0,15,0,0,0,0
2002,240208,1,1,0,0,0,0,0,0,21,0,0,0
2002,240209,1,1,0,0,0,0,0,0,0,0,0,0
2002,240210,1,1,14,14,14,14,14,14,14,14,14,14
2002,240211,1,1,0,0,0,0,0,0,0,0,0,0
2002,240211,2,1,0,0,0,0,0,0,0,0,0,0
2002,240212,1,1,0,0,0,9,12,0,0,0,7,0
2002,240212,2,1,8,8,8,8,8,8,8,8,8,8
2002,240212,3,1,0,0,0,0,0,0,0,0,0,0
2002,240212,4,1,0,0,0,0,0,0,0,0,0,0
2002,240213,1,1,0,0,0,0,0,0,0,0,0,0
2002,240213,2,1,0,0,0,13,0,0,12,0,0,0
2002,240213,3,1,0,0,0,0,0,0,0,0,0,0
2002,240214,1,1,0,0,0,0,0,0,0,0,0,0
2002,240215,1,1,12,12,12,12,12,12,12,12,12,12
2002,240216,0,1,0,0,0,0,0,0,0,0,0,0
2002,240216,1,1,0,0,0,0,0,0,0,0,0,0
2002,240217,1,1,0,0,0,0,5,9,15,12,29,0
2002,240218,1,1,0,0,0,0,0,0,0,0,0,0
2002,240219,1,1,22,22,22,22,22,22,22,22,22,22
2002,240220,1,1,24,24,24,24,24,24,24,24,24,24
2002,240221,1,1,19,19,19,19,19,19,19,19,19,19
2002,240222,1,1,0,0,0,0,0,0,0,0,0,0
2002,240222,2,1,0,0,0,0,0,0,0,0,0,0
2002,240223,1,1,0,0,0,0,0,0,0,0,0,0
2002,240224,1,1,0,0,0,0,0,0,0,0,0,0
2002,240224,2,1,0,0,0,0,0,0,0,0,0,0
2002,240224,3,1,0,0,0,0,0,0,0,0,0,0
2002,240224,4,1,0,0,0,0,11,0,0,0,0,0
2002,240225,1,1,0,0,0,0,0,0,0,0,0,0
2002,240225,2,1,0,0,0,0,0,0,0,0,0,0
2002,240226,1,1,0,0,0,0,0,0,0,0,0,0
2002,240226,2,1,0,0,0,0,0,0,0,0,0,17
2002,240227,1,1,0,0,0,0,0,0,0,0,0,0
2002,240227,2,1,0,0,0,0,0,0,0,0,0,0
2002,240228,1,1,14,14,14,14,14,14,14,14,14,14
2002,240229,1,1,0,0,0,0,0,0,0,0,0,0
2002,240229,2,1,0,0,0,0,0,0,0,0,0,0
2002,240230,1,1,0,0,0,0,0,0,0,0,0,0
2002,240230,2,1,15,15,15,15,15,15,15,15,15,15
2002,240231,1,1,0,0,0,0,0,0,0,0,0,0
2002,240232,1,1,0,0,0,0,8,0,0,0,0,0
2002,240232,2,1,0,0,0,0,0,0,0,0,0,0
2002,240233,1,1,21,21,21,21,21,21,21,21,21,21
2002,240233,2,1,0,0,0,0,0,0,0,0,0,0
2002,240234,1,1,0,0,0,0,0,0,0,0,0,0
2002,240234,2,1,0,0,0,0,0,0,0,0,0,0
2002,240235,1,1,12,12,12,12,12,12,12,12,12,12
2002,240235,2,1,0,0,0,0,0,0,0,0,0,0
2002,240235,3,1,0,0,0,0,0,0,0,0,0,0
2002,240236,1,1,5,5,5,5,5,5,5,5,5,5
2002,240237,1,1,0,0,0,0,0,0,0,0,0,0
2002,240238,1,1,0,0,0,0,0,0,0,0,0,0
2002,240238,2,1,0,0,0,0,0,0,0,0,0,0
2002,240239,1,1,19,19,19,19,19,19,19,19,19,19
2002,240240,0,1,20,20,20,20,20,20,20,20,20,20
2002,240240,1,1,0,4,0,0,0,0,0,0,0,0
2002,240241,1,1,0,0,0,0,0,0,0,4,0,0
2002,240241,2,1,22,22,22,22,22,22,22,22,22,22
2002,240242,1,1,17,17,17,17,17,17,17,17,17,17
2002,240243,1,1,8,8,8,8,8,8,8,8,8,8
2002,240244,1,1,0,0,0,0,0,0,0,0,0,0
2002,240244,2,1,8,8,8,8,8,8,8,8,8,8
2002,240245,1,1,0,0,0,0,0,0,0,0,0,0
2002,240245,2,1,0,15,17,0,11,0,3,7,3,5
2002,240246,1,1,19,19,19,19,19,19,19,19,19,19
2002,240246,2,1,0,0,0,0,0,0,0,11,7,0
2002,240247,1,1,0,0,0,0,25,0,0,0,0,0
2002,240248,1,1,3,3,3,3,3,3,3,3,3,3
2002,240248,2,1,0,0,0,0,0,0,0,0,0,0
2002,240249,1,1,0,0,0,0,0,0,0,0,0,0
2002,240249,2,1,0,0,0,0,0,0,0,0,0,0
2002,240249,3,1,0,0,0,0,0,18,0,8,0,0
2002,240250,1,1,1,1,1,1,1,1,1,1,1,1
2002,240251,1,1,9,9,9,9,9,9,9,9,9,9
2002,240251,2,1,1,1,1,1,1,1,1,1,1,1
2002,240251,3,1,0,0,0,0,0,0,0,30,0,13
2002,240251,4,1,0,0,0,0,0,0,0,0,0,0
2002,240252,1,1,0,0,0,0,0,0,0,0,0,23
2002,240253,1,1,0,0,0,0,0,0,0,0,0,0
2002,240253,2,1,0,0,0,0,0,0,0,0,0,0
2002,240253,3,1,0,0,0,0,0,0,0,0,0,0
2002,240254,1,1,6,6,6,6,6,6,6,6,6,6
2002,240255,0,1,0,0,0,0,0,0,0,0,0,0
2002,240255,1,1,0,0,0,0,0,0,0,0,0,0
2002,240256,1,1,12,12,12,12,12,12,12,12,12,12
2002,240257,0,1,12,12,12,12,12,12,12,12,12,12
2002,240257,1,1,0,0,0,0,0,0,0,0,0,0
2002,240257,2,1,0,0,0,0,0,18,0,0,0,0
2002,240258,1,1,0,0,0,0,0,0,0,0,0,0
2002,240259,1,1,0,0,0,0,0,0,0,0,0,0
2002,240259,2,1,0,0,0,0,0,0,0,0,0,0
2002,240260,1,1,0,0,0,0,0,0,0,0,0,0
2002,240260,2,1,0,0,0,0,0,0,0,0,0,0
2002,240261,1,1,0,0,0,0,0,0,0,0,0,0
2002,240262,1,1,0,0,0,0,0,0,0,0,0,0
2002,240263,1,1,15,15,15,15,15,15,15,15,15,15
2002,240264,1,1,13,0,0,0,0,0,0,0,0,0
2002,240264,2,1,0,0,0,0,0,0,0,0,0,0
2002,240265,1,1,0,0,0,0,0,0,0,0,0,0
2002,240265,2,1,0,0,0,0,0,0,0,0,0,0
2002,240266,1,1,0,0,0,0,0,0,0,0,0,0
2002,240267,1,1,0,0,0,0,0,6,18,0,4,0
2002,240268,1,1,0,0,0,0,0,0,0,0,0,0
2002,240269,1,1,11,11,11,11,11,11,11,11,11,11
2002,240270,1,1,0,0,0,0,0,0,0,0,0,0
2002,240271,1,1,0,8,0,0,0,0,0,0,0,0
2002,240271,2,1,5,0,0,0,0,0,0,0,0,0
2002,240272,1,1,0,0,0,0,0,0,0,0,0,0
2002,240272,2,1,0,0,0,0,0,0,0,0,0,0
2002,240273,1,1,0,0,0,0,0,0,0,0,0,0
2002,240273,2,1,0,0,0,0,0,0,0,0,0,0
2002,240274,1,1,0,0,0,0,0,0,0,0,0,0
2002,240275,1,1,0,0,0,0,0,0,0,0,0,0
2002,240276,1,1,4,4,4,4,4,4,4,4,4,4
2002,240277,1,1,0,0,0,0,0,0,0,0,0,0
2002,240277,2,1,0,0,0,0,0,0,0,0,0,0
2002,240278,1,1,12,12,12,12,12,12,12,12,12,12
2002,240278,2,1,8,8,8,8,8,8,8,8,8,8
2002,240278,3,1,0,0,8,0,0,0,0,0,0,0
2002,240279,1,1,0,0,0,0,0,0,0,0,0,0
2002,240280,1,1,0,0,0,0,0,0,0,0,0,0
2002,240280,2,1,0,0,0,0,0,0,0,0,0,0
2002,240280,3,1,0,0,0,0,0,0,0,0,0,0
2002,240281,0,1,24,24,24,24,24,24,24,24,24,24
2002,240281,1,1,14,14,14,14,14,14,14,14,14,14
2002,240282,1,1,20,20,20,20,20,20,20,20,20,20
2002,240283,0,1,17,17,17,17,17,17,17,17,17,17
2002,240283,1,1,0,0,0,0,0,0,0,0,0,0
2002,240284,1,1,0,0,0,0,0,0,0,0,0,0
2002,240285,1,1,22,0,0,0,18,0,19,0,0,0
2002,240285,2,1,0,0,0,0,0,0,0,0,0,0
2002,240286,1,1,0,0,0,0,0,0,0,0,0,0
2002,240287,1,1,0,0,0,0,0,0,0,0,0,0
2002,240288,1,1,0,0,0,0,0,0,0,0,0,0
2002,240288,2,1,0,0,0,0,0,0,0,0,0,0
2002,240289,1,1,20,20,20,20,20,20,20,20,20,20
2002,240289,2,1,0,0,0,0,0,0,0,0,0,0
2002,240290,1,1,8,8,8,8,8,8,8,8,8,8
2002,240291,0,1,16,16,16,16,16,16,16,16,16,16
2002,240291,1,1,0,0,0,0,0,0,0,0,0,0
2002,240292,1,1,0,0,0,0,0,0,0,0,0,0
2002,240293,1,1,0,0,0,0,0,0,0,0,0,0
2002,240294,0,1,0,0,0,0,0,0,0,0,0,0
2002,240294,1,1,0,0,0,0,0,0,0,0,0,0
2002,240295,1,1,0,0,0,0,0,0,0,0,0,0
2002,240295,2,1,0,0,0,0,0,0,0,0,0,0
2002,240296,1,1,14,14,14,14,14,14,14,14,14,14
2002,240297,1,1,0,0,0,22,0,0,19,0,0,0
2002,240298,0,1,5,5,5,5,5,5,5,5,5,5
2002,240298,1,1,18,18,18,18,18,18,18,18,18,18
2002,240299,1,1,4,4,4,4,4,4,4,4,4,4
2002,240300,1,1,23,0,20,6,0,21,0,0,0,22
2002,240300,2,1,0,0,0,0,0,0,0,0,0,0
2002,240301,1,1,0,0,0,0,0,0,0,0,0,0
2002,240301,2,1,0,0,0,0,0,0,0,0,0,0
2002,240302,1,1,0,0,0,0,0,0,0,0,0,0
2002,240302,2,1,0,0,0,0,0,0,0,0,0,0
2002,240302,3,1,0,0,0,0,0,0,0,10,0,0
2002,240302,4,1,13,0,0,9,0,0,0,0,0,0
2002,240303,1,1,0,0,30,0,0,0,0,0,0,0
2002,240304,1,1,0,0,0,0,0,0,0,0,0,0
2002,240304,2,1,0,0,0,0,0,0,0,0,5,0
2002,240305,1,1,0,0,0,0,0,15,0,0,0,0
2002,240305,2,1,0,0,0,0,0,0,0,0,0,0
2002,240306,1,1,0,0,0,0,0,0,0,0,0,0
2002,240306,2,1,0,0,0,0,0,0,0,0,0,0
2002,240307,1,1,0,0,0,0,0,0,0,0,0,0
2002,240307,2,1,0,0,0,0,0,0,0,0,0,0
2002,240308,1,1,0,0,0,0,0,0,0,0,0,0
2002,240308,2,1,1,1,1,1,1,1,1,1,1,1
2002,240309,1,1,0,0,0,0,0,0,0,0,0,0
2002,240309,2,1,0,0,0,0,0,0,0,0,0,0
2002,240310,1,1,21,21,21,21,21,21,21,21,21,21
2002,240311,1,1,0,0,0,0,0,0,0,0,0,0
2002,240311,2,1,0,0,0,0,0,0,0,0,0,0
2002,240312,1,1,9,9,9,9,9,9,9,9,9,9
2002,240313,0,1,0,0,0,0,0,0,0,0,0,0
2002,240313,1,1,0,0,0,0,0,12,0,0,0,0
2002,240313,2,1,0,0,0,0,0,0,0,0,0,0
2002,240314,1,1,13,13,13,13,13,13,13,13,13,13
2002,240314,2,1,0,0,0,0,0,0,0,0,0,0
2002,240315,1,1,0,0,0,11,16,0,0,0,0,19
2002,240315,2,1,0,0,0,0,0,0,21,0,0,0
2002,240316,1,1,0,0,0,0,0,0,0,0,0,0
2002,240316,2,1,0,0,0,0,0,0,0,0,0,0
2002,240317,1,1,0,0,0,0,0,0,0,0,0,0
2002,240317,2,1,0,0,0,0,0,0,0,0,0,0
2002,240317,3,1,0,0,0,0,0,0,0,0,0,0
2002,240318,1,1,16,16,16,16,16,16,16,16,16,16
2002,240319,1,1,0,0,0,0,0,0,0,0,0,0
2002,240319,2,1,0,0,0,0,0,0,0,0,0,0
2002,240319,3,1,0,0,0,0,0,0,0,0,0,0
2002,240320,1,1,0,0,0,0,0,0,0,0,0,0
2002,240320,2,1,0,0,0,0,0,0,0,0,0,0
2002,240320,3,1,0,0,0,0,0,0,0,0,0,0
2002,240321,1,1,0,0,0,0,0,0,0,0,0,0
2002,240321,2,1,0,0,0,0,0,0,0,0,0,0
2002,240322,1,1,0,8,0,0,27,18,0,0,15,27
2002,240323,1,1,1,1,1,1,1,1,1,1,1,1
2002,240324,0,1,0,0,0,0,0,0,0,0,0,0
2002,240324,1,1,0,0,0,0,0,11,0,0,0,0
2002,240325,1,1,0,0,0,0,0,0,0,0,0,0
2002,240325,2,1,15,15,15,15,15,15,15,15,15,15
2002,240326,0,1,0,0,0,0,0,0,0,0,0,0
2002,240326,1,1,0,0,0,0,0,0,0,0,0,0
2002,240327,1,1,0,23,3,26,15,17,11,12,18,13
2002,240328,0,1,8,8,8,8,8,8,8,8,8,8
2002,240328,1,1,20,20,20,20,20,20,20,20,20,20
2002,240329,1,1,0,0,0,0,0,0,0,0,0,0
2002,240329,2,1,0,0,0,0,0,0,0,0,0,0
2002,240329,3,1,0,0,0,0,0,0,0,0,0,0
2002,240330,1,1,6,6,6,6,6,6,6,6,6,6
2002,240331,1,1,0,0,0,0,0,0,0,0,0,0
2002,240332,0,1,0,0,0,0,0,0,0,0,0,0
2002,240332,1,1,9,0,0,0,0,0,0,0,0,0
2002,240333,1,1,0,0,0,0,0,1,0,0,0,23
2002,240334,1,1,0,0,0,0,0,0,0,0,0,0
2002,240334,2,1,0,0,0,0,0,0,0,0,0,0
2002,240334,3,1,0,0,0,0,0,0,0,0,0,0
2002,240335,1,1,0,0,0,0,0,0,0,0,0,0
2002,240335,2,1,0,0,0,0,0,0,0,0,0,0
2002,240336,1,1,4,4,4,4,4,4,4,4,4,4
2002,240337,1,1,0,0,0,0,0,0,0,0,0,0
2002,240337,2,1,0,0,0,0,0,0,0,0,0,0
2002,240338,1,1,19,19,19,19,19,19,19,19,19,19
2002,240339,1,1,0,0,0,0,0,0,0,0,0,0
2002,240339,2,1,0,0,0,0,0,0,0,0,0,0
2002,240339,3,1,0,0,0,0,0,0,0,0,0,0
2002,240340,1,1,0,0,0,0,0,0,0,0,0,0
2002,240340,2,1,0,0,0,0,0,0,0,0,0,0
2002,240341,1,1,0,0,0,0,0,0,0,0,0,0
2002,240341,2,1,0,0,0,0,0,0,0,0,0,0
2002,240342,1,1,0,0,0,0,0,0,0,0,0,0
2002,240342,2,1,0,0,0,0,0,0,0,0,0,0
2002,240343,1,1,0,0,0,0,0,0,0,0,0,0
2002,240344,1,1,22,22,22,22,22,22,22,22,22,22
2002,240345,1,1,0,0,0,0,0,0,0,0,0,0
2002,240346,1,1,0,0,0,0,0,0,0,0,0,0
2002,240346,2,1,0,0,0,0,0,0,0,0,0,0
2002,240346,3,1,0,0,0,0,0,0,0,0,0,0
2002,240346,4,1,0,0,0,0,0,0,0,0,0,0
2002,240346,5,1,0,0,0,0,0,0,0,0,0,0
2002,240346,6,1,0,0,0,0,0,0,0,0,0,0
2002,240347,1,1,6,6,6,6,6,6,6,6,6,6
2002,240347,2,1,0,0,0,0,0,0,0,0,0,0
2002,240347,3,1,0,0,3,0,0,0,0,0,0,0
2002,240348,0,1,42,42,42,42,42,42,42,42,42,42
2002,240348,1,1,0,0,0,0,0,0,0,0,24,0
2002,240348,2,1,0,0,16,0,15,0,0,32,0,0
2002,240348,3,1,0,0,0,0,0,0,0,0,0,0
2002,240349,1,1,0,0,0,0,0,0,0,0,0,0
2002,240350,1,1,0,0,0,0,0,0,0,0,0,0
2002,240350,2,1,0,0,0,0,0,0,0,0,0,0
2002,240350,3,1,0,0,0,0,10,11,0,13,0,0
2002,240351,1,1,0,0,0,0,0,0,0,0,0,0
2002,240351,2,1,0,0,0,0,0,0,0,0,0,0
2002,240352,0,1,0,0,0,0,0,0,0,0,0,0
2002,240352,1,1,4,4,4,4,4,4,4,4,4,4
2002,240353,1,1,19,19,19,19,19,19,19,19,19,19
2002,240354,1,1,0,0,0,0,0,0,0,0,0,0
2002,240354,2,1,0,0,0,0,0,0,0,0,0,0
2002,240354,3,1,0,0,0,0,0,0,0,0,0,0
2002,240355,1,1,29,29,29,29,29,29,29,29,29,29
2002,240355,2,1,0,0,0,0,0,0,23,0,0,0
2002,240356,1,1,0,0,0,0,0,0,0,0,0,0
2002,240356,2,1,0,0,9,0,0,0,0,0,0,0
2002,240357,1,1,0,0,0,0,0,0,0,0,0,0
2002,240357,2,1,0,0,0,0,0,0,0,0,0,0
2002,240358,0,1,18,18,18,18,18,18,18,18,18,18
2002,240358,1,1,0,0,0,0,0,0,0,0,0,0
2002,240359,1,1,0,0,0,0,0,0,0,0,0,0
2002,240359,2,1,0,0,0,0,0,0,0,0,0,0
2002,240360,1,1,25,12,17,12,5,16,23,15,24,6
2002,240361,1,1,1,1,1,1,1,1,1,1,1,1
2002,240361,2,1,0,0,0,0,0,0,0,0,0,0
2002,240362,1,1,0,0,0,0,0,0,0,0,0,0
2002,240362,2,1,0,0,0,0,0,0,0,0,0,0
2002,240363,0,1,0,0,0,0,0,0,0,0,0,0
2002,240363,1,1,0,0,0,14,0,0,0,0,0,0
2002,240364,1,1,0,0,0,0,0,0,0,0,0,0
2002,240364,2,1,0,0,0,0,0,0,0,0,0,0
2002,240365,1,1,8,8,8,8,8,8,8,8,8,8
2002,240366,1,1,0,0,0,0,0,0,0,0,0,0
2002,240367,1,1,5,5,5,5,5,5,5,5,5,5
2002,240368,1,1,14,14,14,14,14,14,14,14,14,14
2002,240369,1,1,0,0,0,0,0,0,0,0,0,0
2002,240369,2,1,0,0,0,0,0,0,0,0,0,0
2002,240370,1,1,5,5,5,5,5,5,5,5,5,5
2002,240371,1,1,15,0,0,0,0,0,0,0,0,0
2002,240371,2,1,0,0,0,0,0,0,0,0,0,0
2002,240372,1,1,0,0,0,0,0,0,0,0,0,0
2002,240372,2,1,0,0,0,0,0,0,0,0,0,0
2002,240373,0,1,13,13,13,13,13,13,13,13,13,13
2002,240373,1,1,0,0,0,0,0,0,0,0,0,0
2002,240374,1,1,15,0,0,0,14,10,0,13,0,25
2002,240374,2,1,0,0,0,0,0,0,0,0,0,0
2002,240375,0,1,15,15,15,15,15,15,15,15,15,15
2002,240375,1,1,0,0,0,0,0,19,0,0,0,0
2002,240376,1,1,11,11,11,11,11,11,11,11,11,11
2002,240377,1,1,19,19,19,19,19,19,19,19,19,19
2002,240378,1,1,20,20,20,20,20,20,20,20,20,20
2002,240379,1,1,5,5,5,5,5,5,5,5,5,5
2002,240380,1,1,0,0,0,0,0,0,0,0,0,0
2002,240380,2,1,0,0,0,0,0,0,0,0,0,0
2002,240380,3,1,0,0,0,0,0,12,0,0,0,0
2002,240381,1,1,0,0,0,0,0,0,0,0,0,0
2002,240381,2,1,0,0,0,0,0,0,0,0,0,0
2002,240382,1,1,0,0,0,0,0,0,0,0,0,0
2002,240382,2,1,0,0,0,0,0,0,0,0,0,0
2002,240383,1,1,0,0,0,0,0,0,0,0,0,0
2002,240384,1,1,4,4,4,4,4,4,4,4,4,4
2002,240385,1,1,0,0,0,0,0,0,0,0,0,0
2002,240385,2,1,0,0,0,0,0,0,0,0,0,0
2002,240386,1,1,0,0,0,0,0,0,0,0,0,0
2002,240386,2,1,2,2,2,2,2,2,2,2,2,2
2002,240387,1,1,0,0,0,12,14,0,0,0,0,16
2002,240388,1,1,19,19,19,19,19,19,19,19,19,19
2002,240389,0,1,0,0,0,0,0,0,0,0,0,0
2002,240389,1,1,0,0,15,0,0,0,0,0,0,0
2002,240390,1,1,23,23,23,23,23,23,23,23,23,23
2002,240390,2,1,0,0,0,0,0,0,0,0,0,0
2002,240390,3,1,0,0,0,0,0,0,0,0,0,0
2002,240391,1,1,0,7,0,0,0,13,0,15,0,0
2002,240392,1,1,0,0,0,0,0,0,0,0,0,0
2002,240392,2,1,0,0,0,0,0,0,0,0,0,0
2002,240393,1,1,7,7,7,7,7,7,7,7,7,7
2002,240394,1,1,18,18,18,18,18,18,18,18,18,18
2002,240394,2,1,11,11,11,11,11,11,11,11,11,11
2002,240395,1,1,0,0,0,0,0,0,0,0,0,0
2002,240395,2,1,0,0,0,0,0,0,0,0,0,0
2002,240396,1,1,0,0,0,19,0,0,0,0,0,0
2002,240397,1,1,11,11,11,11,11,11,11,11,11,11
2002,240397,2,1,12,7,0,0,8,0,0,11,9,18
2002,240397,3,1,0,5,0,0,0,0,0,0,0,0
2002,240398,1,1,0,0,0,0,0,0,0,0,0,0
2002,240399,1,1,6,6,6,6,6,6,6,6,6,6
2002,240399,2,1,0,0,0,0,0,0,0,0,0,0
2002,240400,1,1,0,0,0,0,0,0,0,0,0,0
2002,240400,2,1,0,0,0,0,0,0,0,0,0,0
2002,240400,3,1,0,0,0,0,0,0,0,0,0,0
2002,240401,1,1,36,36,36,36,36,36,36,36,36,36
2002,240402,1,1,0,0,0,0,0,0,0,0,0,0
2002,240403,1,1,0,0,0,0,0,0,0,0,0,16
2002,240403,2,1,0,0,0,0,0,0,0,0,0,0
2002,240403,3,1,0,0,0,0,0,0,0,0,0,0
2002,240403,4,1,0,0,0,0,0,0,0,0,0,0
2002,240404,1,1,0,0,0,0,0,0,0,0,15,0
2002,240404,2,1,9,9,9,9,9,9,9,9,9,9
2002,240405,0,1,0,0,0,0,0,0,0,0,0,0
2002,240405,1,1,0,0,0,0,0,0,0,0,0,0
2002,240406,1,1,20,20,20,20,20,20,20,20,20,20
2002,240407,0,1,27,27,27,27,27,27,27,27,27,27
2002,240407,1,1,0,0,0,0,0,0,0,0,0,0
2002,240408,0,1,0,0,0,0,0,0,0,0,0,0
2002,240408,1,1,0,0,0,0,0,0,0,0,0,0
2002,240409,1,1,0,0,0,0,0,0,0,0,0,0
2002,240409,2,1,0,0,0,0,0,0,0,0,0,0
2002,240410,1,1,0,0,0,0,0,0,0,0,0,0
2002,240410,2,1,0,0,0,0,0,0,0,0,0,0
2002,240410,3,1,0,0,0,0,0,0,0,0,0,0
2002,240411,1,1,14,14,14,14,14,14,14,14,14,14
2002,240412,0,1,23,23,23,23,23,23,23,23,23,23
2002,240412,1,1,0,0,0,0,0,0,0,0,0,0
2002,240413,1,1,0,0,0,0,0,0,0,0,0,0
2002,240414,1,1,0,0,0,0,0,0,0,0,0,0
2002,240414,2,1,0,0,0,0,0,0,0,0,0,0
2002,240415,1,1,0,0,0,0,0,0,0,0,0,0
2002,240415,2,1,0,0,0,0,0,0,0,0,0,0
2002,240416,1,1,0,0,0,0,0,0,0,0,0,0
2002,240416,2,1,19,6,6,9,11,10,15,10,3,11
2002,240417,0,1,0,12,0,0,0,0,14,0,0,0
2002,240417,1,1,0,0,0,0,0,0,0,0,0,0
2002,240417,2,1,0,0,0,0,0,0,0,0,0,0