YEAR,ST_CASE,veh_no,per_no,P1,P2,P3,P4,P5,P6,P7,P8,P9,P10
2002,250376,2,1,0,16,0,0,0,0,0,0,0,0
2002,250377,1,1,0,0,0,0,0,0,0,0,0,0
2002,250377,2,1,0,12,0,0,0,0,0,0,0,0
2002,250378,1,1,0,0,0,0,0,0,0,0,0,0
2002,250378,2,1,0,14,8,0,0,0,0,0,0,0
2002,250379,1,1,0,0,0,0,0,0,0,9,19,0
2002,250379,2,1,11,0,0,22,0,25,10,0,9,9
2002,250380,1,1,16,35,19,26,15,13,12,11,22,16
2002,250380,2,1,0,0,0,0,0,0,0,7,0,0
2002,250381,0,1,0,0,0,0,12,0,0,0,0,0
2002,250381,1,1,0,0,18,0,16,0,18,13,9,18
2002,250382,1,1,0,0,0,14,5,0,0,0,6,12
2002,250383,1,1,12,12,12,12,12,12,12,12,12,12
2002,250384,0,1,0,0,0,0,0,0,0,0,0,0
2002,250384,1,1,0,0,0,0,0,0,0,0,0,0
2002,250385,0,1,0,0,0,0,0,0,0,0,0,0
2002,250385,1,1,0,0,0,0,0,0,0,0,0,0
2002,250386,0,1,23,23,23,23,23,23,23,23,23,23
2002,250386,1,1,0,0,13,0,0,0,0,0,0,0
2002,250387,0,1,33,0,0,0,12,0,0,0,0,7
2002,250387,1,1,0,16,0,0,7,0,0,0,0,0
2002,250388,0,1,0,0,0,0,0,0,0,0,0,0
2002,250388,1,1,0,0,0,0,0,0,0,0,0,0
2002,250389,0,1,0,0,0,0,0,0,0,0,0,0
2002,250389,1,1,0,0,0,0,0,0,0,0,0,0
2002,250390,0,1,0,18,0,0,24,0,0,25,34,0
2002,250390,1,1,0,0,0,0,0,0,0,0,15,0
2002,250391,0,1,15,0,25,18,0,31,0,21,0,0
2002,250391,1,1,0,0,0,19,4,12,26,12,0,5
2002,250392,0,1,27,26,2,0,0,0,13,11,0,0
2002,250392,1,1,12,12,12,12,12,12,12,12,12,12
2002,250393,1,1,0,0,0,0,10,0,0,0,0,17
2002,250393,2,1,0,0,0,0,0,0,0,0,0,0
2002,250394,1,1,0,0,0,0,0,0,0,0,0,19
2002,250394,2,1,0,0,0,0,0,0,0,0,0,0
2002,250395,1,1,10,12,8,5,13,15,0,18,9,22
2002,250395,2,1,0,31,0,16,3,0,0,0,0,0
2002,250396,1,1,0,0,0,0,0,0,0,0,0,0
2002,250396,2,1,0,0,0,0,0,0,0,0,0,0
2002,250397,1,1,0,0,0,0,0,0,0,0,0,0
2002,250397,2,1,0,0,0,0,0,0,0,0,0,0
2002,250398,1,1,0,0,0,0,0,0,0,0,0,0
2002,250398,2,1,16,0,0,0,0,0,0,0,0,0
2002,250399,1,1,0,0,0,0,0,0,0,0,0,22
2002,250399,2,1,0,0,0,0,0,0,0,0,0,0
2002,250399,3,1,0,0,0,0,0,0,0,0,0,18
2002,250399,4,1,0,21,0,0,0,14,23,0,0,0
2002,250400,1,1,0,22,0,38,12,24,28,0,27,29
2002,250400,2,1,0,0,0,0,0,0,0,0,0,0
2002,250401,0,1,0,0,0,0,0,0,0,0,0,0
2002,250401,0,2,15,28,0,0,12,35,33,18,9,29
2002,250401,1,1,0,0,0,0,0,0,0,0,0,0
2002,250402,1,1,4,4,4,4,4,4,4,4,4,4
2002,250403,1,1,13,0,20,0,28,13,0,0,0,23
2002,250403,2,1,0,0,0,0,0,0,0,0,0,0
2002,250404,1,1,0,0,4,0,0,0,0,0,0,0
2002,250404,2,1,0,0,14,0,0,0,0,0,15,0
2002,250405,0,1,0,29,0,8,0,0,0,0,12,0
2002,250405,1,1,0,0,0,0,0,0,0,0,0,0
2002,250406,1,1,0,0,0,0,0,0,0,0,0,0
2002,250406,2,1,0,0,0,0,0,0,0,0,0,0
2002,250407,1,1,0,0,0,0,0,0,0,0,0,0
2002,250407,2,1,0,0,0,0,7,0,0,0,0,0
2002,250408,1,1,0,0,0,0,0,0,6,0,0,0
2002,250408,2,1,14,23,16,9,14,19,10,17,11,8
2002,250409,0,1,23,0,0,0,0,0,21,0,0,0
2002,250409,1,1,0,0,0,0,0,0,0,0,0,0
2002,250409,2,1,0,0,0,0,0,0,0,0,0,0
2002,250410,1,1,17,0,0,0,16,0,10,14,0,0
2002,250410,2,1,0,0,16,0,0,14,17,16,0,0
2002,250410,3,1,4,0,0,5,0,0,0,14,0,18
2002,250411,1,1,0,16,13,9,15,15,15,0,12,25
2002,250411,2,1,0,0,0,8,0,0,5,0,0,19
2002,250412,1,1,0,0,0,0,30,0,13,18,0,18
2002,250412,2,1,0,17,0,0,10,0,0,9,0,0
2002,250413,1,1,19,19,19,19,19,19,19,19,19,19
2002,250414,1,1,18,24,18,32,9,5,21,38,45,18
2002,250414,2,1,17,15,0,0,14,0,0,8,12,0
2002,250414,3,1,0,0,0,0,0,0,8,2,0,19
2002,250415,1,1,9,2,6,16,9,16,8,25,8,21
2002,250415,2,1,0,0,0,0,0,0,0,0,0,0
2002,250416,1,1,24,26,0,0,0,0,10,23,0,0
2002,250416,2,1,20,3,14,0,4,8,18,17,4,7
2002,250417,1,1,0,0,0,0,0,12,0,0,0,0
2002,250417,2,1,0,0,0,0,0,0,0,0,0,0
2002,250418,1,1,29,29,29,29,29,29,29,29,29,29
2002,250419,1,1,31,0,0,0,0,0,0,0,13,0
2002,250419,2,1,0,0,0,0,0,0,0,0,0,0
2002,250420,1,1,0,0,0,0,0,0,0,0,0,0
2002,250420,2,1,0,0,0,0,0,0,0,0,0,0
2002,250421,1,1,0,0,0,0,0,0,0,0,13,0
2002,250421,2,1,0,0,0,0,0,0,0,0,0,0
2002,250422,0,1,0,0,0,0,0,0,0,0,16,0
2002,250422,1,1,0,0,0,0,0,0,0,0,0,0
2002,250423,1,1,20,12,0,9,12,11,8,18,33,6
2002,250424,1,1,0,0,0,0,0,0,0,0,0,0
2002,250424,2,1,11,0,0,0,23,0,0,0,27,25
2002,250424,3,1,0,0,0,0,0,0,0,0,0,0
2002,250425,0,1,24,0,0,13,0,8,0,0,0,30
2002,250425,1,1,0,0,0,0,0,10,0,0,24,19
2002,250426,1,1,0,0,0,5,0,0,0,9,0,0
2002,250426,2,1,0,0,0,0,0,21,19,0,0,0
2002,250427,1,1,0,30,30,22,0,0,0,0,0,0
2002,250427,2,1,0,0,0,0,0,0,0,0,11,0
2002,250428,1,1,0,0,0,0,0,0,0,0,11,0
2002,250428,2,1,0,0,0,0,0,0,0,0,0,0
2002,250429,0,1,33,33,33,33,33,33,33,33,33,33
2002,250429,1,1,6,26,15,10,14,14,34,0,13,24
2002,250430,0,1,0,0,0,4,20,10,25,14,0,0
2002,250430,1,1,9,9,9,9,9,9,9,9,9,9
2002,250431,1,1,23,23,23,23,23,23,23,23,23,23
2002,250431,2,1,0,4,0,0,13,16,0,0,0,9
2002,250432,1,1,16,24,14,17,20,31,0,13,30,0
2002,250432,2,1,3,0,0,0,9,0,0,0,0,0
2002,250432,3,1,5,12,21,0,0,0,0,0,0,0
2002,250433,1,1,0,0,0,0,0,0,0,0,0,0
2002,250433,2,1,0,0,0,0,0,0,0,0,0,0
2002,260001,1,1,10,10,10,10,10,10,10,10,10,10
2002,260002,0,1,0,0,0,0,0,0,0,18,0,15
2002,260002,1,1,0,0,0,0,0,4,0,0,0,0
2002,260003,0,1,30,30,30,30,30,30,30,30,30,30
2002,260003,1,1,0,0,0,0,0,0,0,0,0,0
2002,260004,1,1,0,0,0,0,0,0,11,0,0,0
2002,260004,2,1,0,0,0,0,0,0,0,0,0,0
2002,260005,1,1,0,0,0,0,0,0,0,0,0,0
2002,260005,2,1,0,0,0,0,0,0,0,0,0,0
2002,260006,1,1,0,0,0,0,0,0,0,0,0,0
2002,260007,1,1,13,13,13,13,13,13,13,13,13,13
2002,260008,1,1,20,19,16,17,17,0,10,10,0,37
2002,260009,1,1,0,0,0,0,0,0,0,0,0,0
2002,260009,2,1,0,0,0,0,0,0,0,0,0,0
2002,260010,1,1,0,0,0,0,0,0,0,0,0,0
2002,260010,2,1,0,0,0,0,0,0,0,0,0,0
2002,260011,1,1,0,0,0,0,0,0,0,0,0,0
2002,260011,2,1,0,0,0,0,19,0,0,6,10,0
2002,260011,3,1,0,0,0,0,0,0,0,0,0,0
2002,260012,0,1,0,0,0,0,0,0,0,0,0,0
2002,260012,1,1,0,0,0,0,0,0,0,0,0,0
2002,260013,1,1,0,0,0,0,17,0,0,0,0,0
2002,260013,2,1,9,9,18,2,18,0,13,16,5,16
2002,260014,1,1,0,0,0,0,0,0,0,0,0,0
2002,260014,2,1,0,0,0,0,0,10,0,0,0,0
2002,260015,1,1,12,12,12,12,12,12,12,12,12,12
2002,260015,2,1,0,0,0,0,0,0,0,0,0,0
2002,260016,1,1,17,17,17,17,17,17,17,17,17,17
2002,260016,2,1,0,0,0,0,0,0,0,0,0,0
2002,260016,3,1,14,0,0,0,0,0,0,0,0,0
2002,260017,1,1,0,0,0,0,0,0,0,0,0,0
2002,260017,2,1,0,0,0,0,0,0,0,0,0,0
2002,260018,1,1,0,0,0,0,0,0,0,0,0,0
2002,260018,2,1,0,0,0,0,0,0,0,0,0,0
2002,260019,1,1,0,0,0,0,0,0,0,0,0,0
2002,260019,2,1,0,0,0,0,0,0,0,0,0,0
2002,260020,1,1,21,21,21,21,21,21,21,21,21,21
2002,260020,2,1,0,0,0,0,0,0,0,0,0,0
2002,260021,1,1,0,0,0,0,0,0,0,0,0,0
2002,260021,2,1,0,0,28,0,0,0,0,0,0,0
2002,260022,1,1,0,0,0,0,8,0,0,0,0,0
2002,260023,1,1,13,13,13,13,13,13,13,13,13,13
2002,260023,2,1,0,0,0,0,0,0,0,0,0,0
2002,260024,0,1,0,20,15,0,0,14,0,0,22,26
2002,260024,1,1,11,11,11,11,11,11,11,11,11,11
2002,260025,0,1,0,0,0,0,0,0,0,0,0,0
2002,260025,1,1,0,0,0,0,0,22,0,0,0,0
2002,260026,0,1,0,0,18,0,0,0,21,0,0,0
2002,260026,1,1,12,0,0,0,0,0,0,0,0,0
2002,260026,2,1,0,0,0,0,0,0,0,0,0,11
2002,260027,0,1,19,19,19,19,19,19,19,19,19,19
2002,260027,1,1,0,0,14,0,0,25,0,0,0,0
2002,260028,1,1,0,0,0,0,0,17,0,0,0,0
2002,260029,1,1,0,0,0,0,0,0,0,0,0,0
2002,260030,1,1,0,0,0,0,0,0,0,0,0,0
2002,260030,2,1,0,0,0,0,0,0,0,0,0,0
2002,260031,1,1,16,16,16,16,16,16,16,16,16,16
2002,260032,1,1,11,11,11,11,11,11,11,11,11,11
2002,260032,2,1,0,0,0,0,0,0,0,0,0,0
2002,260033,0,1,0,0,0,0,0,0,0,0,0,0
2002,260033,1,1,0,0,0,0,0,0,0,0,0,0
2002,260034,0,1,9,9,9,9,9,9,9,9,9,9
2002,260034,1,1,0,3,0,0,0,16,0,0,4,0
2002,260035,1,1,9,26,21,23,12,20,21,20,6,18
2002,260035,2,1,0,0,0,0,0,0,0,0,0,0
2002,260036,1,1,0,0,0,0,0,0,0,0,0,0
2002,260037,1,1,0,0,0,0,0,0,0,0,0,0
2002,260037,2,1,0,0,0,0,0,0,0,0,0,0
2002,260038,1,1,0,0,0,9,0,0,0,0,0,0
2002,260038,2,1,0,0,14,0,0,0,0,0,0,15
2002,260038,3,1,0,0,0,0,0,0,0,0,0,0
2002,260039,1,1,0,0,0,19,0,0,0,0,0,15
2002,260040,1,1,0,10,13,0,10,29,32,37,13,0
2002,260041,1,1,0,0,0,0,0,0,0,0,0,0
2002,260041,2,1,0,0,0,0,0,0,0,0,0,0
2002,260041,3,1,0,0,0,0,0,0,0,0,0,0
2002,260042,1,1,0,0,0,0,0,0,0,0,0,0
2002,260042,2,1,0,0,0,0,0,0,0,0,0,0
2002,260043,1,1,0,0,0,0,0,0,0,0,0,0
2002,260043,2,1,0,0,0,0,0,0,0,0,0,0
2002,260044,0,1,13,12,16,40,8,14,4,13,16,16
2002,260044,1,1,0,0,0,0,0,0,0,0,0,12
2002,260045,1,1,0,0,0,0,0,0,0,0,0,0
2002,260046,1,1,0,0,0,0,0,0,0,0,0,0
2002,260046,2,1,0,0,0,0,0,0,0,0,0,0
2002,260047,1,1,0,0,0,0,0,0,0,0,0,0
2002,260047,2,1,0,0,0,0,0,0,0,0,0,0
2002,260047,3,1,0,0,0,0,0,0,0,0,0,0
2002,260048,1,1,0,0,0,0,0,0,0,0,0,0
2002,260048,2,1,0,0,0,0,0,0,0,0,0,0
2002,260048,3,1,0,0,0,0,0,0,0,0,0,0
2002,260049,1,1,21,21,21,21,21,21,21,21,21,21
2002,260050,1,1,20,20,20,20,20,20,20,20,20,20
2002,260051,0,1,28,28,28,28,28,28,28,28,28,28
2002,260051,1,1,0,0,0,0,0,0,0,0,0,0
2002,260051,2,1,12,0,0,0,13,0,16,0,0,0
2002,260052,0,1,0,0,0,0,0,0,0,0,0,0
2002,260052,1,1,0,0,0,0,0,0,0,0,0,0
2002,260053,1,1,0,0,0,0,0,0,0,0,0,0
2002,260053,2,1,0,0,0,0,0,0,0,0,0,0
2002,260054,1,1,6,6,6,6,6,6,6,6,6,6
2002,260055,1,1,17,17,17,17,17,17,17,17,17,17
2002,260056,0,1,10,10,10,10,10,10,10,10,10,10
2002,260056,1,1,0,0,0,0,0,0,0,0,0,0
2002,260057,1,1,8,8,8,8,8,8,8,8,8,8
2002,260058,0,1,0,0,0,0,0,0,0,0,0,0
2002,260058,1,1,27,27,27,27,27,27,27,27,27,27
2002,260058,2,1,0,0,0,0,0,0,0,0,0,0
2002,260059,0,1,0,0,0,0,0,0,0,0,0,0
2002,260059,1,1,0,0,0,0,0,0,0,0,0,0
2002,260060,0,1,0,0,0,0,0,0,0,0,0,0
2002,260060,1,1,0,0,0,0,0,0,0,0,0,0
2002,260061,1,1,18,0,9,0,0,0,0,0,0,0
2002,260061,2,1,0,0,0,0,0,0,0,0,0,0
2002,260061,3,1,0,0,0,0,0,0,0,0,0,0
2002,260062,1,1,0,13,0,0,0,0,0,12,17,0
2002,260063,0,1,18,18,18,18,18,18,18,18,18,18
2002,260063,1,1,0,9,0,0,15,0,19,0,20,0
2002,260064,0,1,0,0,0,0,0,0,0,0,0,0
2002,260064,0,2,10,10,10,10,10,10,10,10,10,10
2002,260064,0,3,20,20,20,20,20,20,20,20,20,20
2002,260064,1,1,16,24,18,14,0,0,0,0,0,19
2002,260065,1,1,0,0,0,0,0,0,0,0,0,0
2002,260065,2,1,0,0,0,0,0,0,0,0,0,0
2002,260066,1,1,22,0,14,0,26,15,27,0,0,0
2002,260067,1,1,22,22,22,22,22,22,22,22,22,22
2002,260068,1,1,0,0,0,0,0,0,0,0,0,0
2002,260068,2,1,0,0,0,0,0,0,0,0,0,0
2002,260069,1,1,0,0,0,0,0,0,0,0,0,0
2002,260069,2,1,0,0,0,0,0,0,7,0,0,0
2002,260070,1,1,0,0,0,0,0,0,0,0,0,0
2002,260071,1,1,0,0,0,0,0,0,0,0,0,0
2002,260071,2,1,0,0,0,0,0,0,0,0,0,0
2002,260072,1,1,0,0,0,0,0,0,0,0,0,0
2002,260073,1,1,2,2,2,2,2,2,2,2,2,2
2002,260073,2,1,3,3,3,3,3,3,3,3,3,3
2002,260074,1,1,0,0,0,0,0,0,0,0,0,0
2002,260074,2,1,0,0,0,0,0,0,11,0,0,0
2002,260074,3,1,0,0,0,0,0,0,0,0,0,0
2002,260075,1,1,24,24,24,24,24,24,24,24,24,24
2002,260076,1,1,16,16,16,16,16,16,16,16,16,16
2002,260076,2,1,0,0,0,0,0,22,0,0,0,0
2002,260077,1,1,22,26,24,27,15,27,34,11,20,20
2002,260078,1,1,0,0,0,0,0,0,0,0,0,0
2002,260079,1,1,10,14,6,10,9,20,25,11,11,8
2002,260080,1,1,0,0,0,0,0,0,0,0,0,0
2002,260080,2,1,0,0,0,0,0,0,0,0,0,0
2002,260081,1,1,23,23,23,23,23,23,23,23,23,23
2002,260081,2,1,0,0,0,0,0,0,0,0,0,0
2002,260081,3,1,0,0,0,0,0,0,0,0,0,0
2002,260081,4,1,0,0,0,0,0,0,0,0,6,0
2002,260082,1,1,0,0,0,0,0,0,0,0,0,0
2002,260082,2,1,0,0,0,0,0,0,0,0,0,0
2002,260083,1,1,6,6,6,6,6,6,6,6,6,6
2002,260084,1,1,0,0,0,0,0,0,0,0,0,0
2002,260085,1,1,0,0,0,0,0,0,0,0,0,0
2002,260085,2,1,0,0,0,0,0,0,0,0,0,0
2002,260086,1,1,0,0,0,0,0,0,0,0,0,0
2002,260086,2,1,0,0,0,0,0,0,0,0,0,0
2002,260086,3,1,0,0,0,0,0,0,0,0,0,0
2002,260087,1,1,0,0,0,0,0,0,0,0,0,0
2002,260087,2,1,0,0,0,0,0,0,0,0,0,0
2002,260088,1,1,0,0,0,0,0,0,0,0,0,0
2002,260088,2,1,0,0,0,0,0,0,0,0,0,0
2002,260089,1,1,20,20,20,20,20,20,20,20,20,20
2002,260090,1,1,19,19,19,19,19,19,19,19,19,19
2002,260091,1,1,0,0,0,0,0,0,0,0,0,0
2002,260091,2,1,0,0,0,0,0,0,0,0,0,0
2002,260092,1,1,0,0,0,0,0,0,0,0,0,0
2002,260092,2,1,0,0,0,0,0,0,0,0,0,0
2002,260093,1,1,28,28,28,28,28,28,28,28,28,28
2002,260094,1,1,0,0,0,0,0,0,0,0,0,0
2002,260095,1,1,25,25,25,25,25,25,25,25,25,25
2002,260096,1,1,0,0,0,0,0,0,0,0,0,0
2002,260096,2,1,0,0,0,0,0,0,0,0,0,0
2002,260097,1,1,9,9,9,9,9,9,9,9,9,9
2002,260098,0,1,0,0,0,0,0,0,0,0,0,0
2002,260098,1,1,0,0,0,0,0,0,0,0,0,0
2002,260099,1,1,0,0,0,0,0,0,0,0,0,0
2002,260099,2,1,0,0,0,0,0,0,0,0,0,0
2002,260099,3,1,0,0,0,0,0,0,0,0,0,0
2002,260100,1,1,0,0,0,0,0,0,0,0,0,0
2002,260100,2,1,0,0,0,0,0,0,0,0,0,0
2002,260101,1,1,0,0,0,0,0,0,0,0,0,0
2002,260101,2,1,9,0,0,0,0,0,0,0,0,0
2002,260102,1,1,0,0,0,0,0,0,0,0,0,0
2002,260102,2,1,0,0,0,0,0,0,0,0,0,0
2002,260103,1,1,22,22,22,22,22,22,22,22,22,22
2002,260104,1,1,11,11,11,11,11,11,11,11,11,11
2002,260105,1,1,0,0,0,0,0,0,0,0,0,0
2002,260105,2,1,0,0,0,0,0,0,0,0,0,0
2002,260106,1,1,0,0,0,0,0,0,0,0,0,0
2002,260107,0,1,0,0,0,0,0,0,0,0,0,0
2002,260107,1,1,0,0,0,0,0,0,0,0,0,0
2002,260108,1,1,0,0,0,0,0,0,0,0,0,0
2002,260108,2,1,0,0,0,0,0,0,0,0,0,0
2002,260109,1,1,32,10,9,5,34,26,4,20,18,12
2002,260110,1,1,20,20,20,20,20,20,20,20,20,20
2002,260111,1,1,0,0,0,0,0,0,0,0,0,0
2002,260111,2,1,0,0,0,0,0,0,0,0,0,0
2002,260112,0,1,0,0,0,0,0,0,0,0,0,0
2002,260112,1,1,0,0,0,0,0,0,0,0,0,0
2002,260113,1,1,20,20,20,20,20,20,20,20,20,20
2002,260114,0,1,0,0,0,0,0,0,0,0,0,0
2002,260114,1,1,0,0,0,0,0,0,0,0,0,0
2002,260115,1,1,0,0,0,0,0,0,0,0,0,26
2002,260115,2,1,0,0,0,0,0,0,0,0,0,0
2002,260116,1,1,0,0,0,0,0,0,0,0,0,0
2002,260116,2,1,0,0,0,0,0,0,0,0,0,0
2002,260117,1,1,0,0,0,0,0,0,0,0,0,0
2002,260117,2,1,0,0,0,0,0,0,0,0,0,0
2002,260118,0,1,22,42,12,20,0,19,17,37,27,18
2002,260118,1,1,6,0,0,10,9,14,0,38,0,0
2002,260119,1,1,0,0,0,0,0,0,0,0,0,0
2002,260120,1,1,0,0,0,0,0,0,0,0,0,0
2002,260121,1,1,20,20,20,20,20,20,20,20,20,20
2002,260121,2,1,0,0,0,0,0,0,0,0,0,0
2002,260122,1,1,20,8,18,21,2,8,9,7,7,6
2002,260123,1,1,0,0,0,0,0,0,0,0,0,0
2002,260123,2,1,0,0,0,0,0,0,0,0,0,0
2002,260124,0,1,22,25,44,12,26,17,15,15,5,6
2002,260124,1,1,0,0,0,0,0,0,0,0,0,0
2002,260125,1,1,9,9,9,9,9,9,9,9,9,9
2002,260126,1,1,0,0,0,0,0,0,0,0,0,0
2002,260126,2,1,0,0,0,0,0,0,0,0,0,0
2002,260127,0,1,34,39,17,30,13,17,11,15,33,21
2002,260127,1,1,0,0,0,0,0,0,0,0,0,0
2002,260127,2,1,0,0,0,0,0,0,0,0,0,0
2002,260128,1,1,25,25,25,25,25,25,25,25,25,25
2002,260129,1,1,0,0,0,0,0,0,0,0,0,0
2002,260130,1,1,0,8,7,0,0,0,0,0,0,0
2002,260130,2,1,0,0,0,0,0,0,0,0,0,0
2002,260130,3,1,0,0,0,0,0,0,0,0,0,0
2002,260130,4,1,0,0,0,0,0,0,0,0,0,0
2002,260131,1,1,0,0,0,0,0,0,0,0,0,0
2002,260131,2,1,10,10,10,10,10,10,10,10,10,10
2002,260132,1,1,32,15,20,13,8,23,6,14,20,6
2002,260133,1,1,0,0,0,0,0,0,0,0,0,0
2002,260133,2,1,0,0,0,0,0,0,0,0,0,0
2002,260134,1,1,0,0,0,0,0,0,0,0,0,0
2002,260134,2,1,0,0,0,0,0,0,0,0,0,0
2002,260135,1,1,12,41,10,16,24,13,23,17,20,8
2002,260136,1,1,0,0,0,0,0,0,0,0,0,0
2002,260137,1,1,0,0,0,0,0,0,0,0,0,0
2002,260137,2,1,0,0,0,0,0,0,0,0,0,0
2002,260138,1,1,0,0,0,0,0,0,0,0,0,0
2002,260138,2,1,0,0,0,0,0,0,0,0,0,0
2002,260139,1,1,0,0,0,0,0,0,0,0,0,0
2002,260140,1,1,0,0,0,0,0,0,0,0,0,0
2002,260140,2,1,0,0,0,0,0,0,0,0,0,0
2002,260141,1,1,10,29,5,6,10,10,18,2,11,16
2002,260141,2,1,0,13,0,0,0,0,0,0,0,0
2002,260141,3,1,0,0,0,0,0,0,0,0,0,0
2002,260142,1,1,0,0,0,0,0,0,0,0,0,0
2002,260142,2,1,0,0,0,0,0,0,0,0,0,0
2002,260143,0,1,0,0,0,0,0,21,0,0,0,0
2002,260143,1,1,0,0,0,0,0,0,0,0,0,0
2002,260144,0,1,0,0,0,0,0,0,0,0,0,0
2002,260144,1,1,0,0,0,0,0,0,0,0,0,0
2002,260145,1,1,0,0,0,0,0,0,0,0,0,0
2002,260145,2,1,0,0,0,0,0,0,0,0,0,0
2002,260146,1,1,0,0,0,0,0,0,0,0,0,0
2002,260147,1,1,14,14,14,14,14,14,14,14,14,14
2002,260147,2,1,0,0,0,0,0,0,0,0,0,0
2002,260148,1,1,0,0,0,0,0,0,0,0,0,0
2002,260148,2,1,0,0,0,0,0,0,9,0,0,0
2002,260149,1,1,0,0,0,0,0,0,0,0,0,0
2002,260149,2,1,0,0,0,0,0,0,0,0,0,0
2002,260150,1,1,36,36,36,36,36,36,36,36,36,36
2002,260151,1,1,0,0,0,0,0,0,0,0,0,0
2002,260151,2,1,0,0,0,0,0,0,0,0,0,0
2002,260151,3,1,0,0,0,0,0,0,0,0,0,0
2002,260152,1,1,0,2,8,20,14,6,6,0,20,8
2002,260152,2,1,0,0,0,0,0,2,0,0,0,0
2002,260153,1,1,0,0,0,0,0,0,0,0,0,0
2002,260153,2,1,0,0,0,0,0,0,0,0,0,0
2002,260154,1,1,0,0,0,0,0,0,0,0,0,0
2002,260155,1,1,0,0,0,0,0,0,0,0,0,0
2002,260156,1,1,0,0,0,0,0,0,0,0,0,0
2002,260156,2,1,0,0,0,0,0,0,0,0,0,0
2002,260157,1,1,17,17,17,17,17,17,17,17,17,17
2002,260158,1,1,0,0,0,0,0,0,0,0,0,0
2002,260158,2,1,0,0,0,0,0,0,0,0,0,0
2002,260159,1,1,4,4,4,4,4,4,4,4,4,4
2002,260160,1,1,0,0,0,0,0,0,0,0,0,0
2002,260160,2,1,0,0,0,0,0,0,0,0,0,0
2002,260160,3,1,0,0,0,0,0,0,0,0,0,0
2002,260161,1,1,0,0,0,0,0,0,0,0,0,0
2002,260161,2,1,0,0,0,0,0,0,0,0,0,0
2002,260162,1,1,0,0,0,0,0,0,0,0,0,0
2002,260162,2,1,0,0,0,0,0,0,0,0,0,0
2002,260163,1,1,6,6,6,6,6,6,6,6,6,6
2002,260163,2,1,0,0,0,0,0,0,0,0,0,0
2002,260163,3,1,0,0,0,0,0,0,0,0,0,0
2002,260164,1,1,22,22,22,22,22,22,22,22,22,22
2002,260164,2,1,0,0,0,0,0,0,0,0,0,0
2002,260165,1,1,0,0,0,0,0,0,0,0,0,0
2002,260165,2,1,0,0,0,0,0,0,0,0,0,14
2002,260166,1,1,0,0,0,0,0,0,0,0,0,0
2002,260166,2,1,17,17,17,17,17,17,17,17,17,17
2002,260167,0,1,0,0,0,0,0,0,0,0,0,0
2002,260167,1,1,0,0,0,0,0,0,0,0,0,0
2002,260168,1,1,18,18,18,18,18,18,18,18,18,18
2002,260169,1,1,16,16,16,16,16,16,16,16,16,16
2002,260170,1,1,0,0,0,0,0,0,0,0,0,0
2002,260170,2,1,0,0,0,0,0,0,0,0,0,0
2002,260171,0,1,0,0,0,0,0,0,0,0,0,0
2002,260171,1,1,0,0,0,25,0,0,0,0,0,0
2002,260172,0,1,0,0,0,0,0,0,0,0,0,0
2002,260172,1,1,0,0,0,0,0,0,0,0,0,0
2002,260173,1,1,0,0,0,0,0,0,0,0,0,0
2002,260173,2,1,0,0,0,0,0,0,0,0,0,0
2002,260173,3,1,0,0,0,0,0,0,0,0,0,0
2002,260174,1,1,0,0,0,0,0,0,0,0,0,0
2002,260175,1,1,0,0,0,0,0,0,0,0,0,0
2002,260175,2,1,0,0,0,0,0,0,0,0,0,0
2002,260176,1,1,3,3,3,3,3,3,3,3,3,3
2002,260176,2,1,0,0,0,0,0,0,0,0,0,0
2002,260177,1,1,0,0,0,0,0,0,0,0,0,0
2002,260178,0,1,0,0,0,0,0,0,0,0,0,0
2002,260178,1,1,0,0,0,0,0,0,0,0,0,0
2002,260179,1,1,14,14,14,14,14,14,14,14,14,14
2002,260179,2,1,0,0,0,0,0,0,0,0,0,0
2002,260180,1,1,0,0,0,0,0,0,0,0,0,0
2002,260180,2,1,0,0,0,0,0,0,0,0,0,0
2002,260181,0,2,0,0,0,0,0,0,0,0,0,0
2002,260181,1,1,0,0,0,0,0,0,0,0,0,14
2002,260182,0,1,0,0,0,0,0,0,0,0,0,0
2002,260182,1,1,0,0,0,0,0,0,0,0,0,0
2002,260183,1,1,6,0,11,0,0,23,0,0,0,0
2002,260183,2,1,9,0,0,0,0,0,0,0,0,0
2002,260184,1,1,0,0,0,0,0,0,0,0,0,0
2002,260184,2,1,0,0,0,0,0,0,0,0,0,0
2002,260185,1,1,0,0,0,0,0,0,0,0,0,0
2002,260185,2,1,0,0,0,0,0,0,0,0,0,0
2002,260186,1,1,0,0,0,0,0,0,0,0,0,0
2002,260186,2,1,0,11,0,5,0,0,0,0,0,17
2002,260187,1,1,0,0,0,0,0,0,0,0,0,0
2002,260187,2,1,0,0,0,0,0,0,0,0,0,0
2002,260188,1,1,0,0,0,0,0,0,0,0,0,0
2002,260189,1,1,0,0,0,10,0,0,0,0,0,0
2002,260190,1,1,0,0,17,0,0,29,0,0,0,0
2002,260191,1,1,0,0,0,0,0,0,4,0,0,0
2002,260191,2,1,0,0,0,0,0,0,0,0,0,0
2002,260192,1,1,0,0,0,0,0,0,0,0,0,0
2002,260193,0,1,25,25,25,25,25,25,25,25,25,25
2002,260193,1,1,0,0,9,0,0,0,0,0,10,0