YEAR,ST_CASE,veh_no,per_no,P1,P2,P3,P4,P5,P6,P7,P8,P9,P10
2002,260194,1,1,0,0,0,0,0,0,0,0,0,0
2002,260194,2,1,0,9,8,0,0,0,0,0,0,14
2002,260195,1,1,9,0,0,0,0,0,0,0,0,0
2002,260196,1,1,0,0,0,0,0,0,0,0,0,0
2002,260196,2,1,0,0,0,0,0,0,0,0,0,0
2002,260197,1,1,0,0,0,0,0,0,0,0,0,0
2002,260197,2,1,0,0,0,9,0,0,0,0,0,0
2002,260198,1,1,0,0,0,0,0,0,0,0,0,0
2002,260198,2,1,0,0,0,0,0,0,0,0,0,0
2002,260198,3,1,0,0,0,0,0,0,0,0,0,0
2002,260199,0,1,0,0,0,0,0,11,0,0,0,2
2002,260199,0,2,0,0,7,0,0,8,0,0,0,22
2002,260199,1,1,0,0,0,0,0,0,16,0,0,0
2002,260200,1,1,0,0,0,0,0,0,0,0,0,0
2002,260200,2,1,0,0,0,0,0,0,0,0,0,18
2002,260201,1,1,0,0,0,0,0,0,0,0,0,0
2002,260202,0,1,0,0,26,27,0,24,23,0,19,0
2002,260202,1,1,0,0,0,0,0,0,0,0,0,0
2002,260203,1,1,0,0,0,0,0,0,0,0,0,0
2002,260203,2,1,0,0,0,0,0,0,0,0,0,0
2002,260204,1,1,7,7,7,7,7,7,7,7,7,7
2002,260204,2,1,0,0,0,0,0,0,0,0,0,0
2002,260205,1,1,0,0,0,0,0,0,0,0,0,0
2002,260206,1,1,0,12,0,0,0,0,0,0,0,0
2002,260206,2,1,0,8,23,0,23,0,22,0,0,17
2002,260207,1,1,13,18,23,30,19,20,22,19,12,11
2002,260208,1,1,0,0,0,0,0,0,0,0,0,0
2002,260208,2,1,0,0,0,0,0,0,0,0,0,0
2002,260209,1,1,0,0,0,0,0,0,0,0,0,0
2002,260209,2,1,0,0,0,0,0,0,0,0,0,0
2002,260209,3,1,0,0,0,0,0,0,0,0,0,0
2002,260210,0,1,0,0,0,0,0,0,0,0,0,0
2002,260210,1,1,0,0,0,0,0,0,0,0,0,0
2002,260211,0,1,22,0,21,13,25,0,0,6,0,0
2002,260211,0,2,0,0,0,0,0,0,0,0,0,0
2002,260211,0,3,0,0,19,23,14,0,0,16,0,30
2002,260211,1,1,0,0,0,0,21,0,0,0,0,0
2002,260212,1,1,0,0,0,0,0,0,0,0,0,0
2002,260213,0,1,0,0,0,0,0,0,0,0,0,0
2002,260213,1,1,0,13,13,20,0,22,10,0,0,0
2002,260214,1,1,21,21,21,21,21,21,21,21,21,21
2002,260215,0,1,28,28,28,28,28,28,28,28,28,28
2002,260215,1,1,0,0,0,0,0,0,0,0,0,0
2002,260216,1,1,17,17,17,17,17,17,17,17,17,17
2002,260217,1,1,0,0,0,0,0,0,0,0,0,19
2002,260217,2,1,0,0,0,0,0,0,0,0,0,0
2002,260217,3,1,0,0,0,0,0,0,0,0,0,0
2002,260218,1,1,0,0,0,0,0,0,0,0,20,0
2002,260219,0,1,37,37,37,37,37,37,37,37,37,37
2002,260219,1,1,0,0,20,9,0,24,14,0,0,0
2002,260220,1,1,12,12,12,12,12,12,12,12,12,12
2002,260220,2,1,19,0,0,0,0,0,0,0,20,0
2002,260222,1,1,0,0,0,0,0,0,0,0,0,0
2002,260222,2,1,0,0,0,0,0,0,0,0,0,0
2002,260223,1,1,26,26,26,26,26,26,26,26,26,26
2002,260224,1,1,13,0,0,0,18,0,0,9,11,17
2002,260224,2,1,0,0,0,0,0,0,0,0,0,0
2002,260225,1,1,0,0,0,14,0,0,0,0,0,0
2002,260225,2,1,0,0,0,0,0,0,0,0,0,0
2002,260226,1,1,17,17,17,17,17,17,17,17,17,17
2002,260227,1,1,0,0,0,0,0,0,0,0,0,0
2002,260227,2,1,0,0,0,0,0,0,0,0,0,0
2002,260228,1,1,0,0,0,0,0,0,0,0,0,0
2002,260229,1,1,0,0,0,0,0,0,0,0,0,0
2002,260229,2,1,0,0,0,0,0,0,0,0,0,0
2002,260229,3,1,1,1,1,1,1,1,1,1,1,1
2002,260230,1,1,0,0,0,0,0,0,0,0,0,0
2002,260231,1,1,0,0,0,0,0,0,0,0,0,0
2002,260232,1,1,15,15,15,15,15,15,15,15,15,15
2002,260233,0,1,23,0,0,0,0,0,0,0,0,0
2002,260233,1,1,0,0,0,0,0,0,0,0,0,0
2002,260233,2,1,0,0,0,0,0,0,0,15,0,0
2002,260234,1,1,27,27,27,27,27,27,27,27,27,27
2002,260234,2,1,0,0,0,0,0,0,0,0,0,0
2002,260234,3,1,0,0,0,0,0,0,0,0,0,0
2002,260235,0,1,0,0,0,0,0,0,0,0,0,0
2002,260235,1,1,20,0,0,0,0,0,0,0,0,0
2002,260236,1,1,0,0,0,0,0,0,0,0,0,0
2002,260236,2,1,22,22,22,22,22,22,22,22,22,22
2002,260237,1,1,0,0,0,0,0,0,0,0,0,0
2002,260237,2,1,0,0,0,0,0,0,0,0,0,0
2002,260238,1,1,26,0,0,10,18,19,27,0,28,31
2002,260239,1,1,0,0,0,0,0,0,0,0,0,0
2002,260240,1,1,0,0,0,0,0,0,0,0,0,0
2002,260241,0,1,18,18,18,18,18,18,18,18,18,18
2002,260241,1,1,7,0,2,0,0,0,8,0,0,0
2002,260242,1,1,0,0,0,0,0,0,0,0,0,0
2002,260242,2,1,0,0,0,0,0,0,0,0,0,0
2002,260243,1,1,7,7,7,7,7,7,7,7,7,7
2002,260244,1,1,0,0,0,0,0,0,0,0,0,0
2002,260244,2,1,0,0,0,0,7,0,0,0,0,0
2002,260245,1,1,29,29,29,29,29,29,29,29,29,29
2002,260246,1,1,20,16,21,39,35,26,18,25,29,30
2002,260247,1,1,0,0,0,0,0,0,0,0,0,0
2002,260247,2,1,0,0,0,0,0,0,0,0,0,0
2002,260248,1,1,0,0,0,0,0,0,0,0,0,0
2002,260248,2,1,0,0,0,0,0,0,0,0,0,0
2002,260249,1,1,0,0,0,0,0,0,0,0,0,0
2002,260249,2,1,0,0,0,0,0,0,0,0,0,0
2002,260250,1,1,0,0,0,0,0,0,0,0,0,0
2002,260251,1,1,0,0,0,0,0,0,0,0,0,0
2002,260251,2,1,0,0,0,0,0,0,0,0,0,0
2002,260252,1,1,22,22,22,22,22,22,22,22,22,22
2002,260252,2,1,0,0,0,0,0,0,0,0,0,0
2002,260253,0,1,0,0,0,0,0,0,0,0,0,0
2002,260253,1,1,0,0,0,0,0,0,0,0,0,0
2002,260254,1,1,0,0,0,0,0,0,0,0,0,0
2002,260254,2,1,0,0,0,0,0,0,0,0,0,0
2002,260255,1,1,0,0,0,0,0,0,0,0,0,0
2002,260255,2,1,0,0,0,0,0,0,0,0,0,0
2002,260256,1,1,0,21,0,0,13,0,0,0,0,0
2002,260256,2,1,0,0,0,0,0,0,0,0,0,0
2002,260257,1,1,0,0,0,0,0,0,0,0,0,0
2002,260257,2,1,0,0,0,0,0,0,0,0,0,0
2002,260258,1,1,0,0,0,0,0,0,0,0,0,0
2002,260258,2,1,0,0,0,0,0,0,0,0,0,0
2002,260259,1,1,0,0,0,0,0,0,0,0,0,0
2002,260259,2,1,0,0,0,0,0,0,0,0,0,0
2002,260260,1,1,0,0,0,0,0,0,0,0,0,0
2002,260261,0,1,0,0,0,0,0,0,0,0,0,0
2002,260261,1,1,0,0,0,0,0,0,0,0,0,0
2002,260262,1,1,0,0,0,0,0,0,0,0,0,0
2002,260263,1,1,0,0,0,0,0,0,0,0,0,0
2002,260264,1,1,0,0,0,0,0,0,0,0,0,0
2002,260264,2,1,12,12,12,12,12,12,12,12,12,12
2002,260265,1,1,6,6,6,6,6,6,6,6,6,6
2002,260265,2,1,0,0,0,0,0,0,0,0,0,0
2002,260265,3,1,0,0,0,10,0,0,0,0,0,0
2002,260267,1,1,5,5,5,5,5,5,5,5,5,5
2002,260267,2,1,6,6,6,6,6,6,6,6,6,6
2002,260268,1,1,0,0,0,0,0,0,0,0,0,0
2002,260269,1,1,0,0,0,0,0,0,0,0,0,0
2002,260269,2,1,0,0,0,0,0,0,0,0,0,0
2002,260270,0,1,14,36,19,0,0,0,23,17,4,10
2002,260270,1,1,0,0,19,0,0,0,15,13,14,6
2002,260270,2,1,13,9,9,0,0,0,0,28,17,0
2002,260271,1,1,0,0,0,0,0,0,0,0,0,0
2002,260271,2,1,0,0,0,0,0,0,0,0,0,0
2002,260272,1,1,0,0,0,0,0,0,0,0,0,0
2002,260272,2,1,0,11,0,0,0,0,0,0,0,0
2002,260273,1,1,0,0,0,0,0,0,0,0,0,0
2002,260273,2,1,0,0,0,0,0,0,0,0,0,0
2002,260273,3,1,0,0,0,0,0,0,0,0,0,0
2002,260273,4,1,0,0,0,0,0,0,0,0,0,0
2002,260274,1,1,0,0,0,0,0,0,0,0,0,0
2002,260274,2,1,14,14,14,14,14,14,14,14,14,14
2002,260275,0,1,22,22,22,22,22,22,22,22,22,22
2002,260275,1,1,0,0,0,0,0,0,0,0,0,0
2002,260276,1,1,10,10,10,10,10,10,10,10,10,10
2002,260277,1,1,0,0,0,0,0,0,0,0,0,0
2002,260277,2,1,0,0,0,0,0,0,0,0,0,0
2002,260277,3,1,0,0,0,0,0,0,0,0,0,0
2002,260278,0,1,0,0,0,0,0,0,0,0,0,0
2002,260278,1,1,0,0,0,0,0,0,0,0,0,5
2002,260279,1,1,0,16,0,0,0,0,0,0,0,0
2002,260279,2,1,0,0,0,0,0,0,0,0,0,0
2002,260280,1,1,0,0,0,0,0,0,0,0,0,0
2002,260280,2,1,0,8,0,0,0,0,0,15,0,0
2002,260281,1,1,0,0,0,0,0,0,0,0,0,0
2002,260282,1,1,15,15,15,15,15,15,15,15,15,15
2002,260282,2,1,0,0,0,0,0,0,17,0,0,0
2002,260282,3,1,0,0,0,0,0,0,0,0,0,0
2002,260283,1,1,18,10,16,20,0,17,10,9,11,20
2002,260283,2,1,4,0,0,0,0,4,17,10,10,21
2002,260284,1,1,0,0,33,42,16,0,0,0,15,30
2002,260285,1,1,0,0,0,0,0,0,0,0,0,0
2002,260285,2,1,0,0,0,0,0,0,0,0,0,0
2002,260286,1,1,32,32,32,32,32,32,32,32,32,32
2002,260287,1,1,0,4,0,0,0,0,0,0,0,0
2002,260287,2,1,0,0,0,0,0,0,0,0,0,0
2002,260288,1,1,0,0,0,0,0,0,0,0,0,0
2002,260289,1,1,0,0,0,0,0,0,0,0,0,0
2002,260291,1,1,0,0,0,0,0,0,0,0,0,0
2002,260291,2,1,0,0,0,0,0,0,0,0,0,0
2002,260292,1,1,0,0,0,0,0,0,0,0,0,0
2002,260293,1,1,0,0,0,0,0,0,0,0,0,0
2002,260293,2,1,0,0,0,0,0,0,0,0,0,0
2002,260294,1,1,10,20,15,15,16,21,19,19,22,14
2002,260294,2,1,0,0,0,0,0,0,0,0,0,0
2002,260295,0,1,0,18,4,0,27,0,0,0,0,0
2002,260295,1,1,0,0,0,0,0,0,0,0,0,12
2002,260296,1,1,0,0,0,0,0,0,0,22,0,0
2002,260296,2,1,0,0,0,0,0,0,0,0,0,0
2002,260297,1,1,23,23,23,23,23,23,23,23,23,23
2002,260298,1,1,0,0,0,6,0,0,0,0,0,0
2002,260298,2,1,0,0,0,0,0,0,0,0,0,0
2002,260299,1,1,4,4,4,4,4,4,4,4,4,4
2002,260300,1,1,0,0,0,0,0,0,0,9,0,0
2002,260300,2,1,0,0,0,0,0,0,0,0,0,0
2002,260300,3,1,0,0,0,0,0,0,0,0,0,0
2002,260301,1,1,15,15,15,15,15,15,15,15,15,15
2002,260302,1,1,0,0,0,0,0,0,0,0,0,0
2002,260302,2,1,0,0,0,0,0,0,0,0,0,0
2002,260303,1,1,0,0,0,0,0,0,0,0,0,0
2002,260303,2,1,0,0,0,0,0,0,0,0,0,0
2002,260304,1,1,0,0,0,0,0,0,0,0,0,0
2002,260304,2,1,0,0,0,0,0,0,0,0,0,0
2002,260305,1,1,26,26,26,26,26,26,26,26,26,26
2002,260307,0,1,3,3,3,3,3,3,3,3,3,3
2002,260307,1,1,13,0,23,0,0,0,0,12,0,0
2002,260308,1,1,0,0,0,0,0,0,0,0,0,0
2002,260308,2,1,0,0,0,0,0,0,0,0,0,0
2002,260309,1,1,11,11,11,11,11,11,11,11,11,11
2002,260310,0,1,15,15,15,15,15,15,15,15,15,15
2002,260310,1,1,0,0,0,10,0,0,0,0,0,0
2002,260311,1,1,0,0,0,0,0,0,0,0,0,0
2002,260311,2,1,0,0,0,0,0,0,0,0,0,0
2002,260312,1,1,23,23,23,23,23,23,23,23,23,23
2002,260313,1,1,15,15,15,15,15,15,15,15,15,15
2002,260314,1,1,0,0,0,0,0,0,0,0,0,0
2002,260314,2,1,0,0,0,0,0,8,0,0,0,0
2002,260315,1,1,0,0,0,0,0,0,0,0,0,0
2002,260316,1,1,2,2,2,2,2,2,2,2,2,2
2002,260317,0,1,0,0,0,0,0,0,0,0,0,0
2002,260317,1,1,0,0,0,0,0,0,0,0,0,0
2002,260318,1,1,12,12,12,12,12,12,12,12,12,12
2002,260318,2,1,0,0,0,0,0,0,0,0,0,0
2002,260319,1,1,0,0,0,11,0,0,0,0,0,0
2002,260319,2,1,16,16,16,16,16,16,16,16,16,16
2002,260320,1,1,0,0,0,0,0,0,0,0,0,0
2002,260320,2,1,0,0,0,0,0,0,0,0,0,0
2002,260321,1,1,31,31,31,31,31,31,31,31,31,31
2002,260322,1,1,0,0,0,0,0,0,0,0,0,0
2002,260322,2,1,0,0,0,0,0,0,0,0,0,0
2002,260323,1,1,11,0,0,0,0,0,0,14,0,0
2002,260323,2,1,0,0,0,0,0,0,0,0,0,0
2002,260324,1,1,0,0,0,0,0,0,0,0,0,0
2002,260324,2,1,7,7,7,7,7,7,7,7,7,7
2002,260325,1,1,9,9,9,9,9,9,9,9,9,9
2002,260325,2,1,0,0,0,0,0,0,0,0,0,0
2002,260326,1,1,0,0,14,0,0,0,0,0,0,0
2002,260327,1,1,15,18,12,14,12,22,12,13,4,10
2002,260328,1,1,27,14,14,16,12,15,15,18,28,46
2002,260329,1,1,0,0,0,16,0,8,0,0,0,0
2002,260329,2,1,0,0,0,0,0,0,0,0,0,0
2002,260330,1,1,20,20,20,20,20,20,20,20,20,20
2002,260330,2,1,0,0,0,0,0,0,0,0,0,0
2002,260331,1,1,0,0,0,0,0,0,0,0,0,0
2002,260331,2,1,0,0,0,0,0,0,0,0,0,0
2002,260332,1,1,17,17,17,17,17,17,17,17,17,17
2002,260333,1,1,12,12,12,12,12,12,12,12,12,12
2002,260333,2,1,0,0,0,0,0,0,0,0,0,0
2002,260334,0,1,0,0,0,0,0,0,0,0,0,0
2002,260334,1,1,0,0,0,0,0,0,0,0,0,0
2002,260335,1,1,0,0,0,0,0,0,0,0,0,0
2002,260335,2,1,0,0,0,0,0,0,0,0,0,0
2002,260336,1,1,25,25,25,25,25,25,25,25,25,25
2002,260336,2,1,0,0,0,0,0,0,0,0,0,9
2002,260337,0,1,13,13,13,13,13,13,13,13,13,13
2002,260337,1,1,12,12,12,12,12,12,12,12,12,12
2002,260338,0,1,19,19,19,19,19,19,19,19,19,19
2002,260338,1,1,0,0,0,0,0,0,0,0,0,0
2002,260339,1,1,0,0,0,0,0,0,0,0,0,0
2002,260339,2,1,0,0,0,20,5,21,8,32,13,0
2002,260340,1,1,0,0,0,0,0,0,0,0,0,0
2002,260340,2,1,14,0,0,0,0,0,0,0,0,0
2002,260341,0,1,0,0,0,0,0,0,0,0,0,0
2002,260341,1,1,0,0,0,0,0,0,0,0,0,0
2002,260342,0,1,0,0,0,0,0,0,0,0,0,0
2002,260342,1,1,0,0,0,0,0,0,0,0,0,0
2002,260343,1,1,15,15,15,15,15,15,15,15,15,15
2002,260344,1,1,15,15,15,15,15,15,15,15,15,15
2002,260345,1,1,0,0,0,0,0,0,0,0,0,0
2002,260346,1,1,0,0,0,0,0,0,0,0,0,0
2002,260346,2,1,0,0,0,0,0,0,0,0,0,0
2002,260347,1,1,0,0,0,0,0,0,0,0,0,0
2002,260347,2,1,0,0,0,0,0,0,0,0,0,0
2002,260347,3,1,0,0,0,0,0,0,0,0,0,0
2002,260348,1,1,0,0,0,0,0,0,0,0,0,0
2002,260349,1,1,23,23,23,23,23,23,23,23,23,23
2002,260350,1,1,35,14,8,0,9,30,31,43,0,29
2002,260351,1,1,0,0,0,0,0,0,0,0,0,0
2002,260351,2,1,0,0,0,0,0,0,0,0,0,0
2002,260352,1,1,20,20,20,20,20,20,20,20,20,20
2002,260353,1,1,0,0,0,0,0,0,0,0,0,0
2002,260353,2,1,0,0,0,0,0,0,0,0,0,0
2002,260354,1,1,23,23,23,23,23,23,23,23,23,23
2002,260355,0,1,0,0,0,0,0,0,0,0,0,0
2002,260355,1,1,0,0,0,0,0,0,0,0,0,0
2002,260356,1,1,0,0,0,0,0,0,0,0,0,0
2002,260356,2,1,0,0,0,0,0,0,0,0,0,0
2002,260357,0,1,0,0,0,0,0,0,0,0,0,0
2002,260357,1,1,0,0,0,0,0,0,0,0,0,0
2002,260358,0,1,0,0,0,0,0,0,0,0,0,0
2002,260358,1,1,22,22,22,22,22,22,22,22,22,22
2002,260359,0,1,26,26,26,26,26,26,26,26,26,26
2002,260359,1,1,7,8,8,0,0,0,0,0,0,0
2002,260360,0,1,0,0,0,0,0,0,0,0,0,0
2002,260360,1,1,0,0,0,0,0,0,0,0,0,0
2002,260361,0,1,0,0,0,0,0,0,0,0,0,0
2002,260361,1,1,0,0,0,0,0,0,0,15,0,0
2002,260362,1,1,0,0,0,0,0,0,0,0,0,0
2002,260362,2,1,0,0,0,0,0,0,0,0,0,0
2002,260363,1,1,0,0,0,0,0,0,0,0,0,0
2002,260363,2,1,0,0,0,0,0,0,0,0,0,0
2002,260364,1,1,0,0,0,0,0,0,0,0,0,0
2002,260364,2,1,0,0,0,0,0,5,0,0,0,0
2002,260365,1,1,0,0,0,0,0,0,0,0,0,0
2002,260365,2,1,1,1,1,1,1,1,1,1,1,1
2002,260366,1,1,0,0,0,0,0,0,0,0,0,0
2002,260366,2,1,1,1,1,1,1,1,1,1,1,1
2002,260367,1,1,0,0,0,0,0,0,0,0,0,0
2002,260368,1,1,0,0,0,0,0,0,0,0,0,0
2002,260368,2,1,0,0,0,0,0,0,0,0,0,0
2002,260369,1,1,0,0,0,0,0,0,0,0,0,0
2002,260369,2,1,0,0,0,0,0,0,0,0,0,0
2002,260370,1,1,18,18,18,18,18,18,18,18,18,18
2002,260371,0,1,14,14,14,14,14,14,14,14,14,14
2002,260371,1,1,21,17,27,29,8,25,13,0,21,19
2002,260372,1,1,1,1,1,1,1,1,1,1,1,1
2002,260373,1,1,0,0,0,0,0,0,0,0,0,0
2002,260373,2,1,0,0,0,0,0,0,0,0,0,0
2002,260374,1,1,0,0,0,0,0,0,0,0,0,0
2002,260374,2,1,9,9,9,9,9,9,9,9,9,9
2002,260375,1,1,0,0,0,0,0,0,0,0,0,0
2002,260375,2,1,0,0,0,0,0,0,0,0,0,0
2002,260376,1,1,16,16,16,16,16,16,16,16,16,16
2002,260377,1,1,0,0,0,0,0,0,0,0,0,0
2002,260377,2,1,0,0,0,0,0,0,0,0,0,0
2002,260378,1,1,0,0,0,0,0,0,0,0,0,0
2002,260378,2,1,0,0,0,0,0,0,0,0,0,0
2002,260378,3,1,0,0,0,0,0,0,0,0,0,0
2002,260379,1,1,0,0,0,0,0,0,0,0,0,0
2002,260379,2,1,0,0,0,0,0,0,0,0,0,0
2002,260380,1,1,0,0,0,0,0,0,0,0,0,0
2002,260380,2,1,0,0,0,0,0,0,0,0,0,0
2002,260381,1,1,10,10,10,10,10,10,10,10,10,10
2002,260382,1,1,21,31,13,48,25,22,17,22,27,18
2002,260382,2,1,14,26,7,13,14,17,13,4,8,25
2002,260383,1,1,14,7,0,10,18,6,6,17,14,15
2002,260384,1,1,0,0,0,0,0,0,0,0,0,0
2002,260384,2,1,23,23,23,23,23,23,23,23,23,23
2002,260385,1,1,0,0,0,0,0,0,0,0,0,0
2002,260386,1,1,0,0,0,16,7,0,0,0,0,0
2002,260386,2,1,0,0,0,0,0,0,0,0,0,0
2002,260387,1,1,0,0,0,0,0,0,0,0,0,0
2002,260388,1,1,0,0,0,0,0,0,0,0,0,0
2002,260388,2,1,0,0,0,0,0,0,0,0,0,0
2002,260388,3,1,0,0,0,0,0,0,0,0,0,0
2002,260389,1,1,0,0,0,0,0,0,0,0,0,0
2002,260389,2,1,0,0,0,0,0,0,0,0,0,0
2002,260390,1,1,0,0,0,0,0,0,0,0,0,0
2002,260390,2,1,0,0,0,0,0,0,0,0,0,0
2002,260391,1,1,0,0,0,0,0,0,0,0,0,0
2002,260391,2,1,0,0,0,0,0,0,0,0,0,0
2002,260392,1,1,0,0,0,0,0,0,0,0,0,0
2002,260393,1,1,0,0,0,0,0,9,0,0,0,0
2002,260394,1,1,22,22,22,22,22,22,22,22,22,22
2002,260395,1,1,0,0,0,0,0,0,0,0,0,0
2002,260396,1,1,0,0,0,0,0,0,0,0,0,0
2002,260396,2,1,0,0,0,0,0,0,0,0,0,0
2002,260397,1,1,18,18,18,18,18,18,18,18,18,18
2002,260398,1,1,0,0,0,0,0,0,0,0,0,0
2002,260398,2,1,0,0,0,15,0,0,0,0,0,0
2002,260399,1,1,0,19,0,0,0,21,0,0,0,0
2002,260400,0,1,0,0,0,0,0,0,0,0,0,0
2002,260400,2,1,0,0,9,0,0,0,0,0,23,0
2002,260400,3,1,0,0,0,0,0,0,0,0,0,0
2002,260401,1,1,0,0,0,0,0,0,0,0,0,0
2002,260401,2,1,0,0,24,0,0,0,17,0,0,0
2002,260402,0,1,0,0,0,0,0,0,0,0,0,0
2002,260402,1,1,0,13,0,11,0,0,21,14,0,0
2002,260403,1,1,0,0,0,0,0,0,0,0,0,0
2002,260403,2,1,0,0,0,0,0,27,0,0,0,0
2002,260404,1,1,28,20,17,8,12,10,27,15,24,15
2002,260405,1,1,0,0,0,0,0,0,0,0,0,0
2002,260405,2,1,0,0,0,0,0,0,0,0,0,0
2002,260406,1,1,0,0,0,0,0,0,0,0,0,0
2002,260406,2,1,0,0,0,0,0,0,0,0,0,0
2002,260407,1,1,1,1,1,1,1,1,1,1,1,1
2002,260408,1,1,0,0,0,0,0,7,0,0,0,0
2002,260408,2,1,0,0,0,32,0,0,0,0,0,0
2002,260409,1,1,0,19,0,31,0,0,0,0,10,19
2002,260410,0,1,0,0,0,0,0,0,0,0,0,0
2002,260410,1,1,0,0,0,0,0,0,0,0,0,0
2002,260411,1,1,0,0,0,0,0,0,0,0,0,0
2002,260411,2,1,0,0,0,0,0,0,0,0,0,0
2002,260412,1,1,0,0,0,0,0,0,0,0,0,0
2002,260412,2,1,0,0,0,0,0,0,0,0,0,0
2002,260413,1,1,7,13,22,12,15,24,9,6,15,14
2002,260413,2,1,0,0,0,0,0,0,0,0,0,0
2002,260414,1,1,0,0,0,0,0,0,0,0,0,0
2002,260414,2,1,0,0,0,0,0,0,7,0,0,0
2002,260415,1,1,21,21,21,21,21,21,21,21,21,21
2002,260416,1,1,22,22,22,22,22,22,22,22,22,22
2002,260416,2,1,0,0,0,0,0,0,0,0,0,0
2002,260417,0,1,0,0,0,0,0,0,0,0,0,0
2002,260417,1,1,0,0,0,0,0,0,0,0,0,0
2002,260418,1,1,0,0,0,0,0,0,9,0,0,0
2002,260419,1,1,0,0,0,0,0,0,0,0,0,0
2002,260419,2,1,0,0,0,0,0,0,0,0,0,0
2002,260419,3,1,0,0,0,0,8,0,0,0,0,0
2002,260419,4,1,0,0,0,0,0,0,0,0,0,0
2002,260420,0,1,8,8,8,8,8,8,8,8,8,8
2002,260420,1,1,0,0,0,0,0,0,0,0,0,0
2002,260421,1,1,0,0,0,0,0,0,0,0,0,0
2002,260421,2,1,0,0,0,0,0,0,0,0,0,0
2002,260422,1,1,0,0,0,7,14,0,0,0,0,0
2002,260423,1,1,21,21,21,21,21,21,21,21,21,21
2002,260424,1,1,0,0,0,0,0,0,0,0,0,0
2002,260425,1,1,0,0,0,0,0,0,0,0,0,0
2002,260425,2,1,0,0,0,0,0,0,0,0,0,0
2002,260426,1,1,14,14,14,14,14,14,14,14,14,14
2002,260426,2,1,0,0,0,0,0,0,0,0,0,0
2002,260427,1,1,0,0,0,0,0,0,0,0,0,0
2002,260427,2,1,0,0,0,0,0,0,0,0,0,0
2002,260428,1,1,20,20,20,20,20,20,20,20,20,20
2002,260429,1,1,0,0,0,0,0,0,0,0,0,0
2002,260431,1,1,12,12,12,12,12,12,12,12,12,12
2002,260432,1,1,0,0,0,0,0,0,0,0,0,0
2002,260432,2,1,0,0,0,0,0,0,0,0,0,0
2002,260432,3,1,12,0,0,20,0,15,0,0,0,0
2002,260433,1,1,0,0,0,0,0,0,0,0,0,0
2002,260433,2,1,0,0,0,0,0,0,0,0,0,0
2002,260434,1,1,0,0,0,0,0,0,0,0,0,0
2002,260435,1,1,0,0,0,0,0,0,0,0,0,0
2002,260435,2,1,0,0,0,0,0,0,0,0,0,0
2002,260436,1,1,23,23,23,23,23,23,23,23,23,23
2002,260437,1,1,11,11,11,11,11,11,11,11,11,11
2002,260438,1,1,0,0,0,0,0,0,0,0,0,0
2002,260439,1,1,0,0,0,0,0,0,0,0,0,0
2002,260440,1,1,0,0,0,0,0,0,0,0,0,0
2002,260440,2,1,0,14,0,5,0,0,0,5,0,0
2002,260440,3,1,0,0,0,0,0,0,0,0,0,0
2002,260440,4,1,0,0,0,0,0,0,0,0,0,0
2002,260441,1,1,14,14,14,14,14,14,14,14,14,14
2002,260442,0,1,24,24,24,24,24,24,24,24,24,24
2002,260442,1,1,0,0,16,0,0,0,0,0,0,0
2002,260443,1,1,0,0,0,0,0,0,0,0,0,0
2002,260444,1,1,26,26,26,26,26,26,26,26,26,26
2002,260445,0,1,0,0,0,0,0,0,0,0,0,0
2002,260445,1,1,0,0,0,0,0,0,0,0,0,0
2002,260446,1,1,0,0,0,0,0,0,0,0,0,0
2002,260447,1,1,0,0,0,0,0,0,0,0,0,0
2002,260447,2,1,0,0,0,0,0,0,0,0,0,0
2002,260448,1,1,0,0,0,0,0,0,0,0,0,0
2002,260449,1,1,0,0,0,0,0,0,0,0,0,0
2002,260450,1,1,19,19,19,19,19,19,19,19,19,19
2002,260451,1,1,0,0,0,0,0,0,0,0,0,0
2002,260452,1,1,23,23,23,23,23,23,23,23,23,23
2002,260452,2,1,0,0,0,0,0,0,0,0,0,0
2002,260453,1,1,0,0,0,0,0,0,0,0,0,0
2002,260454,1,1,0,0,0,0,0,0,0,0,0,0
2002,260454,2,1,0,0,0,13,0,0,0,3,0,0
2002,260455,0,1,0,0,0,0,0,0,0,0,0,0
2002,260455,1,1,0,0,0,0,0,0,0,0,0,0
2002,260456,1,1,21,21,21,21,21,21,21,21,21,21
2002,260456,2,1,0,0,0,0,0,12,0,0,0,0
2002,260457,0,1,0,0,0,0,0,0,0,0,0,0
2002,260457,1,1,21,21,21,21,21,21,21,21,21,21
2002,260458,1,1,0,0,0,0,0,0,0,0,0,0
2002,260458,2,1,0,0,0,0,0,0,0,0,0,0
2002,260459,1,1,0,0,0,0,0,20,0,0,0,0
2002,260460,1,1,16,16,16,16,16,16,16,16,16,16
2002,260461,1,1,0,9,0,22,0,0,0,0,0,0
2002,260461,2,1,0,0,0,0,0,0,0,0,0,0
2002,260463,1,1,0,0,8,0,0,0,16,0,0,0
2002,260463,2,1,0,0,0,0,0,0,0,0,0,0
2002,260464,1,1,10,10,10,10,10,10,10,10,10,10
2002,260465,1,1,0,0,0,0,0,0,0,0,0,0
2002,260466,1,1,0,0,0,0,0,0,0,0,0,0
2002,260467,1,1,16,16,16,16,16,16,16,16,16,16
2002,260468,1,1,0,0,0,0,0,0,0,0,0,0