YEAR,ST_CASE,veh_no,per_no,P1,P2,P3,P4,P5,P6,P7,P8,P9,P10
2002,260728,1,1,0,0,0,0,0,0,0,0,0,0
2002,260729,1,1,0,0,0,0,0,10,0,2,0,0
2002,260729,2,1,0,0,0,0,0,0,0,0,0,0
2002,260730,1,1,0,0,0,0,0,0,0,0,0,0
2002,260730,2,1,0,0,0,0,0,0,0,0,0,0
2002,260730,3,1,0,0,0,0,0,0,0,0,0,0
2002,260731,1,1,0,0,0,0,0,0,0,0,0,0
2002,260731,2,1,0,0,0,0,0,0,0,0,0,0
2002,260731,3,1,0,0,0,0,0,0,0,0,0,0
2002,260732,1,1,0,0,0,0,0,0,0,0,0,0
2002,260732,2,1,0,0,0,0,0,0,0,0,0,0
2002,260733,1,1,10,10,10,10,10,10,10,10,10,10
2002,260734,1,1,0,0,0,0,0,0,0,0,0,0
2002,260735,1,1,0,0,0,0,0,0,0,0,0,0
2002,260735,2,1,0,0,0,0,0,0,0,0,0,0
2002,260736,1,1,0,0,0,0,0,0,0,0,0,0
2002,260737,1,1,13,13,13,13,13,13,13,13,13,13
2002,260738,1,1,0,0,0,0,0,0,0,0,0,0
2002,260739,1,1,0,0,0,0,0,0,0,0,0,0
2002,260739,2,1,0,0,0,0,5,11,18,0,0,0
2002,260740,1,1,0,0,0,0,0,0,0,0,0,0
2002,260740,2,1,0,0,0,0,0,0,0,0,0,0
2002,260741,1,1,0,0,0,0,0,0,0,0,0,0
2002,260742,0,1,0,0,0,0,0,0,0,0,0,0
2002,260742,1,1,0,0,0,0,0,0,0,0,0,0
2002,260743,1,1,20,20,20,20,20,20,20,20,20,20
2002,260744,1,1,0,0,0,0,0,0,14,0,0,0
2002,260744,2,1,0,0,0,0,0,0,0,0,0,0
2002,260745,0,1,20,20,20,20,20,20,20,20,20,20
2002,260745,1,1,0,0,0,0,0,0,0,0,0,0
2002,260746,1,1,15,15,15,15,15,15,15,15,15,15
2002,260747,0,1,0,0,0,39,17,0,0,0,15,17
2002,260747,1,1,3,3,3,3,3,3,3,3,3,3
2002,260748,1,1,17,17,17,17,17,17,17,17,17,17
2002,260749,1,1,6,6,6,6,6,6,6,6,6,6
2002,260750,1,1,0,0,0,0,0,0,0,0,0,0
2002,260750,2,1,0,0,0,0,0,0,0,0,0,0
2002,260751,0,1,30,30,30,30,30,30,30,30,30,30
2002,260751,1,1,0,0,0,0,0,0,0,0,0,0
2002,260751,2,1,0,0,0,0,0,0,0,0,0,0
2002,260751,3,1,0,0,0,0,0,0,0,0,0,0
2002,260751,4,1,0,0,0,0,0,0,0,0,0,0
2002,260752,0,1,0,0,0,0,0,0,0,0,0,0
2002,260752,1,1,0,0,0,0,0,0,0,0,0,0
2002,260753,1,1,0,0,0,0,21,0,0,0,0,0
2002,260754,1,1,0,0,0,0,0,0,0,0,13,0
2002,260754,2,1,0,0,0,0,0,0,0,0,0,0
2002,260755,1,1,0,0,0,0,0,0,0,0,0,0
2002,260755,2,1,24,24,24,24,24,24,24,24,24,24
2002,260756,0,1,0,0,0,0,0,0,0,0,0,0
2002,260756,0,2,23,0,0,0,5,0,0,10,0,0
2002,260756,1,1,22,22,22,22,22,22,22,22,22,22
2002,260757,1,1,0,0,0,0,0,0,0,0,0,0
2002,260758,1,1,0,0,0,0,0,0,0,0,0,0
2002,260759,1,1,0,0,0,0,0,0,0,0,0,0
2002,260759,2,1,3,0,0,0,0,0,0,0,0,0
2002,260760,1,1,0,0,0,0,0,0,0,0,0,0
2002,260760,2,1,0,0,0,0,0,0,0,0,0,0
2002,260761,1,1,0,0,0,0,0,0,0,0,0,0
2002,260761,2,1,1,1,1,1,1,1,1,1,1,1
2002,260762,1,1,21,0,0,3,0,0,0,20,25,25
2002,260763,1,1,12,12,12,12,12,12,12,12,12,12
2002,260764,1,1,0,0,0,0,0,0,0,0,0,15
2002,260765,1,1,0,0,0,0,0,0,0,0,0,0
2002,260765,2,1,0,0,0,0,0,0,0,0,0,0
2002,260766,1,1,20,22,18,25,13,14,22,29,7,35
2002,260767,1,1,12,12,12,12,12,12,12,12,12,12
2002,260768,1,1,0,0,0,0,0,0,0,0,0,0
2002,260768,2,1,0,0,0,0,0,0,0,0,0,0
2002,260769,1,1,0,0,0,0,0,0,0,0,0,0
2002,260769,2,1,0,0,0,0,0,0,0,0,0,0
2002,260770,1,1,0,0,0,0,0,0,0,0,0,0
2002,260770,2,1,0,0,0,0,0,0,0,0,0,0
2002,260770,3,1,0,0,0,0,0,0,0,0,0,0
2002,260771,1,1,9,9,9,9,9,9,9,9,9,9
2002,260772,1,1,0,0,0,0,0,0,0,0,0,0
2002,260773,1,1,0,0,0,0,0,0,0,0,0,0
2002,260773,2,1,0,0,0,0,0,0,0,0,0,0
2002,260774,0,1,0,0,0,0,0,0,0,0,0,0
2002,260774,1,1,0,0,0,0,0,0,0,0,0,0
2002,260775,1,1,0,0,0,0,0,0,0,0,0,0
2002,260775,2,1,0,0,0,0,0,0,0,0,0,0
2002,260777,1,1,0,0,0,0,0,0,0,0,0,0
2002,260777,2,1,0,0,0,0,0,0,0,0,0,0
2002,260778,1,1,0,0,0,0,0,0,0,0,0,0
2002,260778,2,1,0,0,0,0,0,0,0,0,0,0
2002,260779,1,1,0,0,0,0,0,0,0,0,0,0
2002,260779,2,1,0,0,0,0,0,0,0,0,0,0
2002,260780,1,1,0,0,0,0,0,0,0,0,0,0
2002,260781,1,1,14,14,14,14,14,14,14,14,14,14
2002,260782,1,1,0,0,0,0,0,0,0,0,0,0
2002,260782,2,1,0,0,0,0,0,0,0,0,0,0
2002,260783,1,1,4,4,4,4,4,4,4,4,4,4
2002,260783,2,1,0,0,0,18,7,0,0,0,0,0
2002,260783,3,1,0,0,0,0,0,0,0,0,0,0
2002,260783,4,1,0,0,0,0,0,0,0,0,0,0
2002,260783,5,1,0,0,0,0,0,0,0,0,12,0
2002,260784,0,1,0,0,0,0,0,0,0,0,0,0
2002,260784,1,1,0,0,0,0,0,0,0,0,0,0
2002,260784,2,1,0,0,0,0,0,0,0,0,0,0
2002,260785,1,1,21,21,21,21,21,21,21,21,21,21
2002,260785,2,1,0,0,0,0,0,0,0,0,0,0
2002,260785,3,1,0,7,17,0,0,0,0,0,0,0
2002,260786,0,1,0,0,0,0,0,0,0,0,0,0
2002,260786,1,1,2,2,2,2,2,2,2,2,2,2
2002,260787,1,1,0,0,10,23,0,0,0,0,7,0
2002,260787,2,1,0,0,0,0,0,0,0,0,0,0
2002,260788,1,1,0,0,0,0,0,0,0,0,0,0
2002,260788,2,1,0,0,0,0,0,0,0,0,0,0
2002,260788,3,1,5,5,5,5,5,5,5,5,5,5
2002,260789,1,1,0,0,0,0,0,0,0,0,0,0
2002,260790,1,1,0,0,0,0,0,0,0,0,0,0
2002,260790,2,1,0,0,0,0,0,0,0,0,0,0
2002,260791,0,1,0,0,0,0,0,0,0,0,0,0
2002,260791,1,1,0,0,0,0,0,0,0,0,0,0
2002,260792,1,1,0,0,0,0,0,0,0,0,0,0
2002,260792,2,1,0,0,0,0,0,0,0,0,0,0
2002,260793,1,1,0,0,0,0,0,0,0,0,0,0
2002,260793,2,1,0,0,0,0,0,0,0,0,0,0
2002,260794,1,1,0,0,0,0,0,0,0,0,0,0
2002,260795,1,1,0,0,0,0,0,0,0,0,0,0
2002,260796,1,1,0,0,0,0,0,0,0,0,0,0
2002,260797,1,1,0,0,9,0,0,0,0,0,0,0
2002,260797,2,1,0,0,0,0,0,0,0,0,0,0
2002,260798,1,1,0,0,0,0,0,0,0,0,0,0
2002,260798,2,1,0,0,0,0,0,0,0,0,0,0
2002,260799,1,1,25,20,30,19,13,23,30,23,31,13
2002,260800,1,1,0,0,0,0,0,0,0,0,0,0
2002,260800,2,1,0,0,0,0,0,0,0,0,0,0
2002,260801,0,1,0,0,0,0,0,0,0,0,0,31
2002,260801,1,1,0,0,0,0,0,0,0,0,0,0
2002,260802,1,1,0,0,0,0,0,0,0,0,0,0
2002,260802,2,1,0,0,0,0,0,0,0,0,0,0
2002,260803,1,1,0,0,0,0,0,0,0,0,0,0
2002,260803,2,1,0,0,0,0,0,0,0,0,0,0
2002,260804,1,1,0,0,0,0,0,0,0,0,0,0
2002,260805,1,1,0,0,0,0,0,0,0,0,0,0
2002,260805,2,1,0,0,0,0,0,0,0,0,0,0
2002,260806,1,1,0,19,14,25,20,15,30,28,6,10
2002,260807,1,1,0,0,0,0,0,0,0,0,0,0
2002,260807,2,1,0,0,0,0,0,0,0,0,0,0
2002,260808,0,1,0,0,0,0,0,0,0,0,0,0
2002,260808,1,1,0,0,0,0,0,0,0,0,0,0
2002,260809,1,1,0,0,0,0,0,0,0,0,0,0
2002,260809,2,1,0,0,0,0,13,0,0,0,0,0
2002,260810,1,1,0,0,0,0,0,0,0,0,0,0
2002,260810,2,1,0,0,0,0,0,0,0,7,0,0
2002,260811,0,1,0,0,0,0,0,0,0,0,0,0
2002,260811,1,1,15,15,15,15,15,15,15,15,15,15
2002,260812,1,1,0,0,0,0,0,0,0,0,0,0
2002,260812,2,1,0,0,0,0,0,0,0,0,0,0
2002,260813,1,1,0,0,0,0,0,0,0,0,0,0
2002,260813,2,1,0,0,0,0,0,0,0,0,0,0
2002,260814,0,1,0,0,0,0,0,0,0,0,0,0
2002,260814,1,1,0,0,12,0,15,0,0,0,0,0
2002,260815,0,1,0,0,0,0,0,0,0,0,0,0
2002,260815,1,1,0,0,0,0,0,0,0,0,0,0
2002,260816,1,1,0,0,0,0,0,0,0,0,0,0
2002,260816,2,1,0,0,0,0,0,0,0,0,0,0
2002,260817,1,1,0,0,0,0,0,0,0,0,0,0
2002,260818,1,1,0,0,0,0,0,0,0,0,0,0
2002,260818,2,1,0,0,0,0,0,0,0,0,0,0
2002,260819,1,1,11,11,11,11,11,11,11,11,11,11
2002,260819,2,1,0,0,0,0,0,0,0,0,0,0
2002,260819,3,1,0,0,0,0,0,0,0,0,0,0
2002,260820,1,1,0,0,0,0,0,0,0,0,0,0
2002,260820,2,1,0,0,0,0,0,0,0,0,0,0
2002,260820,3,1,0,0,0,0,0,0,0,0,0,6
2002,260821,1,1,0,0,0,0,0,0,0,0,0,0
2002,260821,2,1,0,0,0,0,0,0,0,0,0,0
2002,260822,1,1,0,0,0,0,0,0,0,0,0,0
2002,260822,2,1,0,0,0,0,0,0,0,0,0,0
2002,260822,3,1,0,0,0,0,0,0,0,0,0,0
2002,260823,1,1,17,17,17,17,17,17,17,17,17,17
2002,260823,2,1,0,0,0,0,0,0,0,0,0,0
2002,260824,1,1,0,0,0,0,0,0,0,0,0,0
2002,260824,2,1,0,0,0,0,0,0,0,0,0,0
2002,260824,3,1,0,0,0,0,0,0,0,0,0,0
2002,260825,1,1,27,27,27,27,27,27,27,27,27,27
2002,260826,1,1,0,0,0,0,0,0,0,0,0,0
2002,260826,2,1,0,0,0,0,0,0,0,0,0,0
2002,260827,1,1,0,0,0,1,0,0,0,0,0,0
2002,260828,1,1,18,18,18,18,18,18,18,18,18,18
2002,260829,1,1,10,10,10,10,10,10,10,10,10,10
2002,260830,1,1,0,0,0,0,0,0,0,0,0,0
2002,260830,2,1,0,0,0,0,0,0,0,0,0,0
2002,260831,0,1,0,0,0,0,0,0,0,0,0,0
2002,260831,1,1,0,0,0,0,0,0,0,0,0,0
2002,260832,1,1,0,0,0,0,0,0,0,0,0,0
2002,260832,2,1,0,0,0,0,0,0,0,0,0,0
2002,260832,3,1,0,0,0,0,0,0,0,0,0,0
2002,260833,1,1,0,0,0,0,0,0,0,0,0,0
2002,260833,2,1,0,0,0,0,0,0,0,0,0,0
2002,260834,0,1,0,0,0,0,0,0,0,0,0,0
2002,260834,1,1,0,0,0,0,0,0,0,0,0,0
2002,260835,1,1,0,0,0,0,0,0,0,0,0,0
2002,260835,2,1,0,0,0,0,0,0,11,0,0,0
2002,260836,0,1,0,0,0,0,0,0,0,0,0,0
2002,260836,1,1,0,0,0,0,0,0,0,0,0,0
2002,260837,1,1,0,0,0,0,0,0,0,0,0,0
2002,260837,2,1,0,0,0,0,0,0,0,0,0,0
2002,260838,1,1,0,0,0,0,0,0,0,0,0,0
2002,260838,2,1,10,16,19,29,6,16,13,7,28,6
2002,260839,1,1,0,0,0,0,19,0,0,0,0,0
2002,260841,1,1,0,0,0,0,0,0,0,0,0,0
2002,260841,2,1,0,0,0,0,0,0,0,0,0,0
2002,260841,3,1,0,0,0,0,0,0,24,29,0,0
2002,260842,1,1,11,11,11,11,11,11,11,11,11,11
2002,260843,1,1,0,0,0,0,0,0,0,0,0,0
2002,260843,2,1,0,0,0,0,0,0,0,0,0,0
2002,260844,1,1,0,0,0,0,0,0,0,0,0,0
2002,260845,1,1,0,0,0,0,0,0,0,0,0,0
2002,260845,2,1,0,0,0,0,0,0,0,0,0,0
2002,260846,1,1,0,0,0,0,0,0,0,0,0,0
2002,260847,1,1,25,25,25,25,25,25,25,25,25,25
2002,260847,2,1,0,0,0,0,0,0,0,0,0,0
2002,260848,1,1,14,20,18,10,16,23,26,29,16,22
2002,260849,1,1,28,28,28,28,28,28,28,28,28,28
2002,260849,2,1,0,0,0,0,0,0,0,0,0,0
2002,260850,1,1,0,11,0,0,0,0,0,0,0,0
2002,260850,2,1,0,0,0,0,0,0,0,0,0,0
2002,260851,1,1,0,0,0,17,0,0,0,5,0,0
2002,260851,2,1,0,0,0,0,0,0,0,0,0,0
2002,260852,1,1,0,0,0,0,0,0,0,0,0,0
2002,260852,2,1,0,0,0,0,0,0,0,0,0,0
2002,260853,1,1,0,0,0,0,0,0,0,0,0,0
2002,260853,2,1,0,0,0,0,0,0,0,0,0,0
2002,260854,1,1,0,0,0,18,10,0,16,13,0,0
2002,260855,1,1,0,0,0,0,0,0,17,0,0,11
2002,260856,1,1,0,0,0,0,0,0,0,0,0,0
2002,260856,2,1,0,0,0,0,0,0,0,0,0,0
2002,260857,1,1,0,0,0,0,0,0,0,0,0,0
2002,260857,2,1,0,0,0,0,0,0,0,0,0,0
2002,260858,1,1,0,0,0,0,0,0,0,0,0,0
2002,260859,1,1,0,0,0,0,0,0,0,0,0,0
2002,260859,2,1,0,0,0,0,0,0,0,0,0,0
2002,260860,1,1,0,0,0,0,0,0,0,0,0,0
2002,260860,2,1,16,16,16,16,16,16,16,16,16,16
2002,260861,1,1,11,13,27,0,10,20,15,5,5,4
2002,260861,2,1,0,0,0,0,0,0,0,0,0,0
2002,260862,1,1,9,9,9,9,9,9,9,9,9,9
2002,260863,1,1,0,0,0,0,0,0,0,0,0,0
2002,260864,1,1,0,0,0,0,0,0,0,0,0,0
2002,260864,2,1,0,0,0,0,0,0,0,0,0,0
2002,260865,0,1,0,0,0,0,0,0,0,0,0,0
2002,260865,1,1,0,0,0,0,0,0,0,0,0,0
2002,260866,0,1,0,11,0,15,0,0,15,20,0,0
2002,260866,1,1,0,0,0,0,0,0,0,0,0,0
2002,260867,1,1,0,14,0,7,6,0,0,11,0,14
2002,260867,2,1,0,0,0,0,0,0,0,0,0,0
2002,260868,1,1,0,0,0,0,0,0,0,0,0,0
2002,260868,2,1,0,0,0,0,0,0,0,0,0,0
2002,260869,1,1,0,0,0,0,0,0,0,0,0,0
2002,260870,1,1,0,28,0,0,0,5,6,0,0,0
2002,260871,1,1,0,22,29,16,0,0,18,0,7,0
2002,260872,1,1,0,0,0,0,0,0,0,0,0,0
2002,260873,1,1,0,0,0,0,0,0,0,0,0,0
2002,260874,1,1,0,0,0,0,0,0,0,0,0,0
2002,260875,1,1,0,0,0,0,0,0,0,0,0,0
2002,260875,2,1,0,0,0,0,0,0,0,0,0,0
2002,260876,1,1,0,0,0,0,0,0,0,0,0,0
2002,260876,2,1,0,0,0,0,0,0,0,0,0,0
2002,260877,1,1,20,20,20,20,20,20,20,20,20,20
2002,260877,2,1,0,0,0,0,0,0,0,0,0,0
2002,260878,1,1,15,15,15,15,15,15,15,15,15,15
2002,260879,1,1,22,22,22,22,22,22,22,22,22,22
2002,260880,1,1,0,0,0,0,0,0,0,0,0,0
2002,260881,0,1,28,28,28,28,28,28,28,28,28,28
2002,260881,1,1,0,0,0,0,0,0,0,0,0,0
2002,260882,1,1,15,0,8,0,0,0,0,15,0,0
2002,260882,2,1,0,0,0,0,0,0,0,0,0,0
2002,260883,1,1,0,0,0,0,0,0,0,0,0,20
2002,260883,2,1,29,29,29,29,29,29,29,29,29,29
2002,260884,1,1,0,0,21,30,11,13,0,0,13,0
2002,260884,2,1,0,0,0,0,0,12,0,0,0,0
2002,260885,0,1,0,0,8,20,0,0,0,0,5,0
2002,260885,1,1,0,0,0,0,0,0,0,0,0,0
2002,260886,1,1,0,0,0,0,0,0,11,0,0,0
2002,260886,2,1,0,0,0,0,0,0,0,0,0,0
2002,260887,0,1,6,6,6,6,6,6,6,6,6,6
2002,260887,1,1,0,0,0,0,0,21,0,0,0,0
2002,260888,0,1,0,0,0,0,0,0,0,0,0,0
2002,260888,1,1,0,0,0,0,0,0,0,0,0,0
2002,260889,1,1,2,2,2,2,2,2,2,2,2,2
2002,260889,2,1,1,1,1,1,1,1,1,1,1,1
2002,260890,0,1,0,0,0,0,0,0,0,0,0,0
2002,260890,1,1,0,0,0,0,0,0,0,0,0,0
2002,260891,1,1,0,0,0,0,0,0,0,0,0,0
2002,260892,1,1,0,0,0,0,26,19,19,20,0,13
2002,260893,1,1,0,0,0,0,0,0,0,0,0,0
2002,260893,2,1,0,0,0,0,0,0,0,0,0,0
2002,260893,3,1,0,0,0,0,0,0,0,0,0,0
2002,260894,1,1,0,0,0,0,0,0,0,0,0,0
2002,260894,2,1,0,0,0,0,0,0,0,0,0,0
2002,260895,1,1,12,12,12,12,12,12,12,12,12,12
2002,260895,2,1,29,29,29,29,29,29,29,29,29,29
2002,260896,1,1,6,0,3,0,5,10,8,20,11,10
2002,260897,1,1,8,8,8,8,8,8,8,8,8,8
2002,260897,2,1,27,27,27,27,27,27,27,27,27,27
2002,260898,1,1,0,0,0,16,0,0,0,0,0,0
2002,260898,2,1,0,0,0,0,0,0,0,0,0,0
2002,260899,1,1,0,0,0,0,0,0,0,0,0,0
2002,260900,1,1,0,0,0,0,0,13,0,0,0,0
2002,260900,2,1,0,0,0,0,0,0,0,0,0,0
2002,260901,0,1,19,19,19,19,19,19,19,19,19,19
2002,260901,1,1,22,13,20,15,9,16,27,10,0,17
2002,260902,1,1,18,30,18,18,21,11,9,18,21,18
2002,260903,1,1,0,0,0,0,0,0,0,0,0,0
2002,260904,1,1,0,0,10,0,12,14,11,7,0,28
2002,260905,1,1,0,0,0,0,0,0,0,0,0,0
2002,260905,2,1,0,0,0,0,0,0,0,0,0,0
2002,260906,1,1,0,0,0,0,0,0,0,0,0,0
2002,260906,2,1,0,0,0,0,0,0,0,0,0,0
2002,260907,0,1,32,32,32,32,32,32,32,32,32,32
2002,260907,1,1,0,0,0,0,0,0,0,0,0,0
2002,260908,1,1,17,17,17,17,17,17,17,17,17,17
2002,260908,2,1,0,13,20,15,12,12,6,18,24,13
2002,260909,1,1,14,14,14,14,14,14,14,14,14,14
2002,260909,2,1,9,17,0,0,0,11,21,0,0,0
2002,260910,0,1,4,0,0,0,0,0,0,0,0,0
2002,260910,1,1,0,0,0,0,0,0,0,0,0,0
2002,260911,0,1,0,0,0,0,0,0,0,0,0,0
2002,260911,1,1,0,0,0,0,0,0,0,0,0,0
2002,260912,0,1,21,21,21,21,21,21,21,21,21,21
2002,260912,1,1,0,0,0,0,0,0,0,0,0,0
2002,260913,1,1,0,0,0,0,0,0,0,0,0,0
2002,260913,2,1,0,0,0,0,0,0,0,0,0,0
2002,260914,1,1,24,24,24,24,24,24,24,24,24,24
2002,260915,1,1,6,6,6,6,6,6,6,6,6,6
2002,260915,2,1,0,0,0,0,0,0,0,0,0,0
2002,260916,1,1,0,0,0,0,0,0,0,0,0,0
2002,260916,2,1,0,0,0,0,0,0,0,0,0,0
2002,260917,1,1,21,21,21,21,21,21,21,21,21,21
2002,260918,1,1,0,0,0,0,0,0,0,0,0,0
2002,260918,2,1,0,0,0,0,0,0,0,0,0,0
2002,260919,1,1,0,0,0,0,0,0,0,0,0,0
2002,260919,2,1,0,0,0,0,0,0,0,0,0,0
2002,260920,1,1,0,0,0,0,0,0,0,0,0,0
2002,260920,2,1,0,0,0,0,0,0,0,0,0,0
2002,260921,1,1,20,6,9,12,14,8,9,12,8,9
2002,260922,1,1,17,17,17,17,17,17,17,17,17,17
2002,260923,1,1,0,0,0,0,0,0,0,0,0,0
2002,260923,2,1,0,0,0,0,0,0,0,0,0,0
2002,260924,1,1,0,0,0,0,0,0,0,0,0,0
2002,260924,2,1,12,12,12,12,12,12,12,12,12,12
2002,260925,1,1,0,0,0,0,0,0,0,0,0,0
2002,260926,0,1,0,0,0,0,0,0,0,0,0,0
2002,260926,0,2,26,26,24,31,25,0,18,26,31,44
2002,260926,1,1,6,6,6,6,6,6,6,6,6,6
2002,260927,1,1,0,0,0,0,0,8,0,0,10,0
2002,260928,1,1,0,0,0,0,0,0,0,0,0,0
2002,260928,2,1,0,0,0,0,0,0,0,0,0,0
2002,260929,1,1,0,0,0,0,0,0,0,0,0,0
2002,260929,2,1,0,0,0,0,0,0,0,0,0,0
2002,260929,3,1,0,0,0,0,0,0,0,0,0,0
2002,260930,1,1,19,19,19,19,19,19,19,19,19,19
2002,260931,1,1,0,0,6,0,0,0,0,0,0,0
2002,260931,2,1,0,0,0,0,0,0,0,0,0,0
2002,260931,3,1,0,0,0,0,0,0,0,0,0,0
2002,260932,1,1,0,0,0,0,0,0,0,0,0,0
2002,260932,2,1,0,0,0,0,0,0,0,0,0,0
2002,260933,0,1,0,0,0,0,0,0,0,0,0,0
2002,260933,1,1,0,0,0,0,0,0,0,0,5,0
2002,260934,1,1,0,0,0,0,0,0,0,0,0,0
2002,260935,0,1,0,0,0,0,0,0,0,0,7,34
2002,260935,1,1,0,0,0,0,0,0,0,0,0,0
2002,260936,1,1,0,0,0,0,0,0,0,0,0,0
2002,260936,2,1,0,0,0,0,0,0,0,0,0,0
2002,260937,1,1,0,0,0,0,0,0,0,0,0,0
2002,260937,2,1,0,0,0,0,0,0,0,0,0,0
2002,260938,0,1,0,0,0,0,16,20,0,25,0,0
2002,260938,1,1,0,0,0,0,0,0,0,0,0,0
2002,260939,0,1,0,0,0,0,0,0,0,0,0,0
2002,260940,1,1,2,3,2,0,9,10,0,21,13,15
2002,260940,2,1,30,0,0,23,22,0,15,0,0,11
2002,260941,0,1,0,0,0,9,0,0,14,0,0,19
2002,260941,1,1,11,0,16,5,18,0,0,15,0,0
2002,260942,0,1,2,2,2,2,2,2,2,2,2,2
2002,260942,0,2,29,0,0,17,0,27,0,42,25,32
2002,260942,1,1,10,10,10,10,10,10,10,10,10,10
2002,260942,2,1,0,0,0,0,0,0,0,0,0,0
2002,260943,0,1,0,0,0,0,0,0,0,0,0,0
2002,260943,1,1,0,0,0,0,0,0,0,0,7,0
2002,260944,0,1,0,0,0,0,0,0,0,0,0,0
2002,260944,1,1,0,17,0,0,0,0,0,0,0,0
2002,260945,1,1,30,7,15,25,7,8,4,0,0,15
2002,260946,0,1,9,9,9,9,9,9,9,9,9,9
2002,260946,1,1,0,0,0,0,0,0,0,5,0,15
2002,260947,1,1,0,0,0,0,0,0,0,0,0,0
2002,260947,2,1,0,0,0,0,0,0,0,0,0,0
2002,260948,1,1,15,34,0,0,0,0,0,13,15,26
2002,260949,1,1,0,0,0,0,0,0,0,0,0,0
2002,260950,1,1,19,19,19,19,19,19,19,19,19,19
2002,260951,0,1,0,0,0,0,0,0,0,0,0,0
2002,260951,1,1,0,0,0,0,0,0,0,0,0,0
2002,260952,1,1,0,0,0,0,0,0,0,0,0,0
2002,260952,2,1,3,3,3,3,3,3,3,3,3,3
2002,260953,1,1,0,0,0,0,0,0,0,0,0,0
2002,260953,2,1,0,0,0,0,0,0,0,0,0,0
2002,260954,1,1,0,0,0,0,0,0,0,0,0,0
2002,260954,2,1,0,0,0,0,0,0,0,0,0,0
2002,260955,1,1,0,16,18,24,0,14,0,23,17,4
2002,260956,0,1,22,22,22,22,22,22,22,22,22,22
2002,260956,1,1,0,0,0,0,0,0,0,0,0,0
2002,260957,1,1,0,0,0,0,0,0,0,0,0,0
2002,260957,2,1,0,0,0,0,0,0,0,0,0,0
2002,260958,1,1,13,13,13,13,13,13,13,13,13,13
2002,260959,1,1,0,0,0,0,0,0,0,0,0,0
2002,260960,1,1,0,0,0,0,0,0,0,0,0,0
2002,260961,1,1,0,0,0,0,0,0,0,0,0,0
2002,260961,2,1,0,0,0,0,0,0,0,0,0,0
2002,260962,0,1,0,13,24,11,0,0,16,13,21,0
2002,260962,1,1,0,0,0,0,0,0,0,0,0,0
2002,260963,1,1,0,15,0,0,0,0,0,13,0,0
2002,260963,2,1,0,0,0,0,0,0,0,0,0,0
2002,260964,1,1,0,0,17,0,0,0,0,17,0,0
2002,260965,1,1,0,0,0,0,0,0,0,0,0,0
2002,260965,2,1,0,0,0,0,0,0,0,0,0,0
2002,260966,1,1,0,0,0,13,10,0,0,0,0,0
2002,260966,2,1,0,0,0,0,0,0,0,0,0,0
2002,260967,1,1,0,0,0,0,0,0,0,0,0,0
2002,260967,2,1,0,0,0,0,0,0,0,0,0,0
2002,260968,1,1,0,0,0,0,0,0,0,0,0,0
2002,260968,2,1,0,0,0,0,0,0,0,0,0,0
2002,260969,0,1,0,30,0,13,0,17,0,0,22,18
2002,260969,1,1,0,0,0,6,0,0,0,0,0,0
2002,260970,1,1,4,4,4,4,4,4,4,4,4,4
2002,260971,0,1,29,12,12,14,29,12,28,22,16,17
2002,260971,1,1,0,0,0,0,0,0,0,0,0,0
2002,260972,1,1,0,0,0,0,0,0,0,0,0,0
2002,260972,2,1,0,0,0,0,0,0,0,0,0,0
2002,260973,1,1,0,0,0,15,0,0,18,0,0,0
2002,260974,1,1,0,0,0,0,0,0,0,0,0,0
2002,260974,2,1,0,0,0,0,0,0,20,0,0,0
2002,260975,0,1,0,0,33,0,0,0,0,9,0,4
2002,260975,1,1,0,0,0,0,0,0,0,0,0,0
2002,260976,1,1,15,24,0,0,0,18,0,0,0,0
2002,260977,1,1,10,10,10,10,10,10,10,10,10,10
2002,260978,1,1,0,0,0,0,0,0,0,0,0,0
2002,260978,2,1,0,0,0,0,0,0,0,0,0,0
2002,260978,3,1,0,0,0,0,0,0,0,0,0,0
2002,260979,1,1,0,0,0,0,0,0,10,12,0,0
2002,260980,1,1,0,0,0,0,0,0,0,0,0,0
2002,260980,2,1,0,0,0,0,0,0,0,0,0,0
2002,260981,1,1,22,22,22,22,22,22,22,22,22,22
2002,260981,2,1,0,0,0,0,0,0,0,0,0,0
2002,260982,1,1,0,0,7,0,24,5,3,0,13,0
2002,260983,0,1,11,11,11,11,11,11,11,11,11,11
2002,260983,0,2,14,21,12,3,0,0,0,19,19,17
2002,260983,1,1,0,0,0,32,18,0,8,0,0,0
2002,260984,0,1,0,0,0,0,0,0,0,0,0,0
2002,260984,1,1,0,0,0,34,0,0,0,0,6,0
2002,260985,0,1,7,7,7,7,7,7,7,7,7,7
2002,260985,1,1,0,0,0,0,0,0,0,0,0,0
2002,260986,0,1,0,0,0,0,0,0,0,0,0,0
2002,260986,1,1,4,0,0,0,0,0,0,0,0,0
2002,260987,1,1,0,0,0,0,0,0,0,0,0,0
2002,260987,2,1,0,0,0,0,0,0,0,0,0,0
2002,260988,1,1,0,0,0,0,0,0,0,0,0,0
2002,260988,2,1,0,0,0,0,0,0,0,0,0,0
2002,260989,1,1,0,0,0,0,0,0,0,0,0,0
2002,260989,2,1,0,0,0,0,0,0,0,0,0,0
2002,260990,1,1,27,27,27,27,27,27,27,27,27,27
2002,260991,1,1,12,12,12,12,12,12,12,12,12,12
2002,260991,2,1,0,0,6,7,0,0,0,12,0,0
2002,260992,1,1,0,0,0,0,0,0,0,0,0,0
2002,260992,2,1,0,0,0,0,0,0,0,0,0,0