YEAR,ST_CASE,veh_no,per_no,P1,P2,P3,P4,P5,P6,P7,P8,P9,P10
2002,260993,1,1,0,0,0,0,0,0,0,0,0,0
2002,260993,2,1,0,0,0,0,0,0,0,0,0,0
2002,260994,1,1,0,0,0,0,0,0,0,0,0,0
2002,260994,2,1,0,0,0,0,0,0,0,0,0,0
2002,260995,1,1,20,20,20,20,20,20,20,20,20,20
2002,260996,1,1,22,22,22,22,22,22,22,22,22,22
2002,260997,1,1,0,0,0,0,0,0,0,0,0,0
2002,260998,1,1,0,0,0,0,0,0,0,0,0,0
2002,260998,2,1,0,0,0,0,0,0,0,0,0,0
2002,260999,1,1,0,0,0,0,0,0,0,0,0,0
2002,260999,2,1,0,0,0,0,0,0,0,0,0,0
2002,261000,1,1,42,0,27,0,0,0,0,0,0,0
2002,261000,2,1,10,10,10,10,10,10,10,10,10,10
2002,261001,1,1,0,0,0,17,0,13,22,26,13,0
2002,261001,2,1,0,0,0,0,0,0,0,0,0,0
2002,261002,1,1,0,0,0,0,0,0,0,0,0,0
2002,261002,2,1,0,0,0,0,0,0,0,0,0,0
2002,261003,1,1,24,24,24,24,24,24,24,24,24,24
2002,261003,2,1,0,0,0,0,0,0,0,0,0,0
2002,261004,1,1,0,0,0,0,0,0,0,0,0,0
2002,261004,2,1,21,21,21,21,21,21,21,21,21,21
2002,261005,0,1,0,0,0,0,0,0,0,0,0,0
2002,261005,1,1,0,0,0,0,0,0,0,0,0,0
2002,261006,1,1,0,0,0,10,0,0,0,0,0,0
2002,261007,1,1,10,18,7,28,21,23,12,0,19,10
2002,261008,1,1,31,31,31,31,31,31,31,31,31,31
2002,261009,1,1,0,0,0,0,0,0,0,0,0,0
2002,261009,2,1,0,0,0,0,0,0,0,0,0,0
2002,261010,1,1,0,0,0,0,0,0,0,0,0,0
2002,261011,1,1,0,0,0,0,0,0,0,0,0,0
2002,261012,1,1,0,0,0,0,0,0,0,0,0,0
2002,261012,2,1,0,0,0,0,0,0,0,0,0,0
2002,261013,1,1,0,0,0,0,0,0,0,0,0,0
2002,261013,2,1,0,0,0,0,0,0,12,0,0,0
2002,261014,0,1,20,20,20,20,20,20,20,20,20,20
2002,261014,1,1,0,0,0,0,0,0,0,0,0,0
2002,261015,1,1,0,0,0,0,0,0,0,0,0,0
2002,261016,1,1,0,0,0,0,0,0,0,0,0,0
2002,261017,1,1,0,0,0,0,0,0,0,0,0,0
2002,261017,2,1,0,0,0,10,0,0,0,0,0,0
2002,261018,1,1,0,0,0,0,0,0,0,0,0,0
2002,261018,2,1,0,0,0,0,0,0,0,0,0,0
2002,261019,0,1,19,19,19,19,19,19,19,19,19,19
2002,261019,1,1,0,0,0,0,0,0,0,0,0,0
2002,261020,1,1,0,0,0,0,0,0,0,0,0,0
2002,261021,1,1,18,18,18,18,18,18,18,18,18,18
2002,261022,1,1,0,0,0,0,0,0,0,0,0,0
2002,261023,1,1,24,24,24,24,24,24,24,24,24,24
2002,261024,1,1,12,0,28,14,0,23,14,12,16,18
2002,261024,2,1,0,0,0,0,0,5,0,0,0,0
2002,261025,1,1,0,0,0,0,0,0,0,0,0,0
2002,261025,2,1,0,0,0,0,0,0,0,0,0,0
2002,261026,1,1,17,17,17,17,17,17,17,17,17,17
2002,261026,2,1,0,0,0,0,0,0,0,0,0,0
2002,261027,1,1,25,25,25,25,25,25,25,25,25,25
2002,261028,1,1,0,15,0,24,0,0,0,0,0,0
2002,261029,1,1,17,20,0,9,21,16,6,14,29,26
2002,261030,0,8,11,6,0,37,6,0,18,11,2,14
2002,261030,1,1,0,0,0,0,0,0,0,0,0,0
2002,261031,0,1,0,0,0,0,0,0,0,0,0,0
2002,261031,1,1,43,14,13,14,10,14,19,9,0,21
2002,261032,1,1,0,0,0,0,0,0,0,0,0,0
2002,261032,2,1,0,0,0,0,0,0,0,0,0,0
2002,261033,1,1,0,0,0,0,0,0,0,0,0,0
2002,261033,2,1,0,0,0,0,0,0,0,0,0,0
2002,261034,1,1,9,9,9,9,9,9,9,9,9,9
2002,261035,1,1,20,20,20,20,20,20,20,20,20,20
2002,261036,0,1,0,0,0,0,0,0,0,0,0,0
2002,261036,1,1,0,0,0,0,0,0,0,0,0,0
2002,261037,1,1,0,0,0,0,0,0,0,0,0,0
2002,261038,1,1,0,0,0,0,0,0,0,0,0,0
2002,261039,1,1,0,10,0,0,0,0,0,0,0,0
2002,261040,1,1,0,0,0,0,0,0,0,0,0,0
2002,261040,2,1,0,0,0,0,0,0,0,0,0,0
2002,261041,1,1,0,0,0,0,0,0,0,0,0,0
2002,261042,1,1,6,6,6,6,6,6,6,6,6,6
2002,261042,2,1,0,0,0,0,0,0,0,0,0,0
2002,261043,1,1,0,0,0,0,0,0,0,0,0,0
2002,261044,1,1,0,0,0,0,0,0,0,0,0,0
2002,261045,1,1,0,0,16,0,0,0,0,0,0,22
2002,261046,1,1,0,5,0,0,0,0,0,0,0,0
2002,261046,2,1,21,0,20,0,0,0,0,0,0,0
2002,261047,1,1,0,0,0,0,0,0,0,0,0,0
2002,261047,2,1,0,0,0,0,0,0,17,0,15,0
2002,261048,1,1,0,0,0,0,0,0,0,0,0,0
2002,261048,2,1,0,0,0,0,0,0,0,0,0,0
2002,261049,1,1,0,0,0,0,0,0,0,0,0,4
2002,261049,2,1,0,0,0,0,0,0,0,0,0,0
2002,261050,1,1,0,0,0,0,0,0,0,0,0,0
2002,261050,2,1,0,0,0,0,0,0,0,0,0,0
2002,261051,1,1,0,0,0,0,0,0,0,0,0,0
2002,261052,1,1,0,0,0,0,0,0,0,0,0,0
2002,261052,2,1,0,0,0,0,0,0,0,0,0,0
2002,261053,1,1,0,0,0,0,0,0,0,20,0,0
2002,261053,2,1,0,0,0,0,0,0,0,0,0,0
2002,261054,1,1,0,13,0,28,0,28,0,0,0,0
2002,261055,0,1,29,29,29,29,29,29,29,29,29,29
2002,261055,1,1,0,0,0,16,0,0,0,0,5,0
2002,261056,0,1,0,0,0,0,0,0,0,0,0,0
2002,261056,1,1,0,0,0,0,0,0,0,0,0,0
2002,261057,0,1,0,0,0,0,0,0,0,0,0,0
2002,261057,1,1,0,0,0,0,0,0,0,0,0,0
2002,261058,1,1,0,0,0,0,0,0,0,0,0,0
2002,261058,2,1,0,0,0,0,0,0,0,0,0,0
2002,261059,0,1,0,0,0,0,0,0,0,0,0,0
2002,261059,1,1,0,0,0,0,0,0,0,0,0,0
2002,261060,1,1,24,24,24,24,24,24,24,24,24,24
2002,261061,1,1,0,0,0,0,0,0,0,0,0,0
2002,261061,2,1,0,0,0,0,0,0,0,0,0,0
2002,261062,1,1,15,15,15,15,15,15,15,15,15,15
2002,261062,2,1,0,0,0,0,0,0,0,0,0,0
2002,261063,1,1,0,0,0,0,0,0,0,0,0,0
2002,261063,2,1,0,0,0,0,0,0,0,0,0,0
2002,261064,0,1,15,20,22,21,6,9,28,18,6,18
2002,261064,0,2,0,5,14,21,14,0,17,15,6,46
2002,261064,1,1,0,0,0,0,0,0,0,0,0,0
2002,261065,1,1,0,0,0,0,0,0,0,0,0,0
2002,261065,2,1,0,0,0,0,0,0,0,0,0,0
2002,261066,1,1,0,0,0,0,0,0,0,0,0,0
2002,261067,1,1,19,18,26,28,18,18,9,17,26,23
2002,261068,1,1,0,0,0,0,0,0,0,0,0,0
2002,261069,1,1,26,26,26,26,26,26,26,26,26,26
2002,261069,2,1,0,0,0,0,0,0,0,0,0,0
2002,261070,1,1,0,0,0,0,0,0,0,0,0,0
2002,261071,1,1,14,14,14,14,14,14,14,14,14,14
2002,261072,1,1,0,0,0,0,0,0,0,0,0,0
2002,261072,2,1,0,0,0,0,0,0,0,0,0,0
2002,261073,1,1,0,0,0,0,0,0,0,0,0,0
2002,261074,0,1,16,19,8,0,6,0,6,0,22,0
2002,261074,1,1,0,0,0,0,0,0,0,0,0,0
2002,261075,1,1,0,19,0,0,0,0,0,0,0,0
2002,261075,2,1,0,0,0,0,0,0,0,0,0,0
2002,261076,0,1,0,0,0,0,0,0,0,0,0,0
2002,261076,1,1,0,0,0,0,0,0,0,0,0,0
2002,261077,1,1,0,0,26,0,0,0,20,0,0,0
2002,261077,2,1,0,0,0,0,0,0,0,0,0,0
2002,261078,1,1,0,0,0,0,0,0,0,0,0,0
2002,261078,2,1,0,0,0,0,0,0,0,0,0,0
2002,261079,1,1,0,0,0,0,0,0,0,0,0,0
2002,261080,1,1,0,0,0,0,0,0,0,0,0,0
2002,261080,2,1,0,0,0,0,0,0,0,0,0,0
2002,261080,3,1,0,0,0,0,0,0,0,0,0,0
2002,261081,1,1,0,0,0,0,0,0,0,0,0,10
2002,261081,2,1,0,0,0,0,0,0,0,0,0,0
2002,261082,0,1,0,0,0,13,0,0,0,0,0,10
2002,261082,0,2,0,0,0,0,0,0,0,0,0,0
2002,261082,0,3,0,9,0,29,0,22,36,36,0,23
2002,261082,0,4,16,9,16,12,32,20,32,38,22,21
2002,261082,1,1,0,0,0,0,6,0,0,0,0,0
2002,261083,1,1,0,0,0,0,0,0,0,0,0,0
2002,261083,2,1,0,0,0,0,0,0,0,0,0,0
2002,261084,0,1,0,0,0,0,0,0,0,0,0,0
2002,261084,1,1,0,0,0,0,0,0,0,0,0,0
2002,261085,1,1,0,0,0,0,0,0,0,0,0,0
2002,261085,2,1,0,0,0,0,0,0,0,0,0,0
2002,261086,1,1,16,10,0,20,29,14,16,20,17,19
2002,261087,1,1,0,0,0,0,0,0,0,0,0,0
2002,261087,2,1,0,0,0,0,0,0,0,0,0,0
2002,261088,0,1,0,0,0,0,0,0,0,0,0,0
2002,261088,1,1,0,0,0,0,0,0,0,0,0,0
2002,261089,1,1,33,33,33,33,33,33,33,33,33,33
2002,261089,2,1,0,0,0,0,0,0,0,0,0,0
2002,261090,1,1,0,0,0,0,0,0,0,0,0,0
2002,261091,1,1,0,0,0,0,0,0,0,0,0,0
2002,261092,1,1,0,0,0,0,0,0,0,0,0,0
2002,261092,2,1,0,0,0,0,0,0,0,0,0,0
2002,261093,1,1,17,0,9,0,5,0,0,14,16,13
2002,261094,1,1,0,0,0,0,0,0,0,0,0,0
2002,261094,2,1,0,0,0,0,0,0,0,0,0,0
2002,261095,1,1,0,0,0,0,0,0,0,0,0,0
2002,261095,2,1,0,0,0,0,0,0,0,0,0,0
2002,261096,0,1,0,0,0,0,0,0,0,0,0,0
2002,261096,1,1,0,0,0,0,0,0,0,0,0,0
2002,261097,1,1,0,0,0,0,0,0,0,0,0,0
2002,261097,2,1,0,0,0,0,0,0,0,0,0,0
2002,261098,1,1,0,0,0,0,0,0,0,0,0,0
2002,261098,2,1,0,0,0,0,0,0,0,0,0,0
2002,261098,3,1,18,18,18,18,18,18,18,18,18,18
2002,261099,0,1,0,0,0,0,0,0,0,0,0,0
2002,261099,1,1,0,0,0,0,0,0,0,0,0,0
2002,261100,1,1,0,0,0,0,0,0,0,0,0,0
2002,261101,1,1,16,16,16,16,16,16,16,16,16,16
2002,261101,2,1,0,18,12,12,0,0,0,0,0,21
2002,261102,1,1,0,0,0,0,0,0,0,0,0,0
2002,261102,2,1,0,0,0,0,0,0,0,0,0,0
2002,261103,0,1,0,0,0,0,0,0,0,0,0,0
2002,261103,1,1,0,25,0,0,0,11,0,14,4,0
2002,261104,1,1,0,0,0,0,0,0,0,0,0,0
2002,261104,2,1,0,0,0,0,0,0,0,0,0,0
2002,261105,0,1,28,28,28,28,28,28,28,28,28,28
2002,261105,1,1,0,0,22,0,0,0,0,0,0,0
2002,261106,1,1,0,0,0,0,0,0,0,0,0,0
2002,261106,2,1,0,0,0,0,16,0,10,0,0,6
2002,261107,1,1,28,28,28,28,28,28,28,28,28,28
2002,261108,1,1,0,0,0,0,0,0,0,0,0,0
2002,261108,2,1,0,0,0,0,0,0,0,0,0,0
2002,261109,1,1,0,0,0,0,0,0,0,0,0,0
2002,261109,2,1,0,0,0,0,0,0,0,0,0,0
2002,261110,0,1,0,0,0,0,0,0,0,0,0,0
2002,261110,1,1,0,0,0,0,0,0,0,0,0,0
2002,261110,2,1,0,0,0,0,0,0,0,0,0,0
2002,261110,3,1,0,0,0,0,0,0,0,0,0,0
2002,261111,1,1,25,25,25,25,25,25,25,25,25,25
2002,261111,2,1,10,10,10,10,10,10,10,10,10,10
2002,261111,3,1,0,0,0,0,0,0,0,0,0,0
2002,261112,1,1,0,0,0,0,0,0,0,0,0,0
2002,261112,2,1,0,0,0,0,0,0,0,0,0,0
2002,261113,0,1,24,24,24,24,24,24,24,24,24,24
2002,261113,1,1,0,0,0,0,0,0,0,0,0,7
2002,261114,1,1,14,14,14,14,14,14,14,14,14,14
2002,261114,2,1,0,0,0,0,0,0,0,0,0,0
2002,261114,3,1,0,0,0,0,0,0,11,0,0,0
2002,261115,1,1,0,0,0,0,0,0,0,0,0,0
2002,261116,1,1,0,0,0,0,0,0,0,0,0,0
2002,261116,2,1,0,0,0,0,17,0,0,0,0,0
2002,261117,1,1,9,18,10,18,19,24,32,25,34,15
2002,261118,1,1,22,10,9,8,10,25,12,20,19,12
2002,261119,1,1,3,0,0,0,18,18,14,0,21,0
2002,261119,2,1,0,10,0,18,0,0,0,7,0,13
2002,261120,1,1,7,7,7,7,7,7,7,7,7,7
2002,261121,1,3,16,26,29,12,15,38,20,16,31,23
2002,261122,1,1,0,0,0,0,0,0,0,0,0,0
2002,261122,2,1,0,0,0,0,0,0,0,0,0,0
2002,261122,3,1,0,0,0,0,0,0,0,0,0,0
2002,261123,1,1,0,0,0,0,0,0,0,0,0,0
2002,261123,2,1,0,0,0,0,0,0,0,0,0,0
2002,261124,1,1,11,11,11,11,11,11,11,11,11,11
2002,261124,2,1,0,0,0,0,0,0,0,0,0,0
2002,261124,3,1,0,16,0,0,0,0,0,0,0,0
2002,261125,1,1,18,18,18,18,18,18,18,18,18,18
2002,261126,1,1,13,13,13,13,13,13,13,13,13,13
2002,261126,2,1,0,0,0,0,0,0,0,0,0,0
2002,261127,1,1,25,25,25,25,25,25,25,25,25,25
2002,261127,2,1,0,0,0,0,0,0,0,0,0,0
2002,261128,1,1,0,0,0,0,0,0,0,0,0,0
2002,261128,2,1,0,0,0,0,0,0,0,0,0,0
2002,261129,1,1,5,5,5,5,5,5,5,5,5,5
2002,261130,1,1,0,0,0,0,0,0,0,0,0,0
2002,261130,2,1,0,0,0,0,0,0,0,0,0,0
2002,261131,1,1,21,21,21,21,21,21,21,21,21,21
2002,261131,2,1,1,1,1,1,1,1,1,1,1,1
2002,261132,1,1,0,0,0,6,5,0,0,11,0,0
2002,261133,1,1,0,0,0,0,0,0,0,0,0,0
2002,261133,2,1,0,0,0,0,0,0,0,0,0,0
2002,261134,1,1,14,14,14,14,14,14,14,14,14,14
2002,261134,2,1,0,0,0,0,0,0,0,0,0,0
2002,261135,1,1,23,23,23,23,23,23,23,23,23,23
2002,261135,2,1,2,2,2,2,2,2,2,2,2,2
2002,261135,3,1,0,0,0,8,0,0,15,0,0,0
2002,261136,1,1,27,27,27,27,27,27,27,27,27,27
2002,261137,1,1,0,0,0,0,0,0,0,0,0,0
2002,261137,2,1,0,0,0,0,0,0,0,0,0,0
2002,261138,1,1,0,0,0,0,0,0,0,0,0,0
2002,261139,1,1,12,12,12,12,12,12,12,12,12,12
2002,261140,1,1,10,10,10,10,10,10,10,10,10,10
2002,261140,2,1,16,13,24,9,0,20,17,14,12,14
2002,261141,1,1,0,0,0,0,0,0,0,0,0,0
2002,261141,2,1,0,0,0,0,0,0,0,0,0,0
2002,261142,0,1,10,10,10,10,10,10,10,10,10,10
2002,261142,1,1,0,0,0,0,0,0,0,0,0,0
2002,261143,1,1,0,0,0,0,0,0,0,0,0,0
2002,261144,1,1,0,0,5,0,0,0,0,0,12,0
2002,261144,2,1,0,0,0,0,0,0,0,0,0,0
2002,261145,0,1,16,16,16,16,16,16,16,16,16,16
2002,261145,1,1,0,0,0,0,0,0,0,0,0,0
2002,261146,1,1,0,0,23,0,0,7,0,0,0,0
2002,261147,1,1,18,18,18,18,18,18,18,18,18,18
2002,261148,1,1,0,0,0,0,0,0,0,0,0,0
2002,261149,1,1,0,0,0,0,0,0,0,0,0,0
2002,261149,2,1,0,0,0,0,0,0,0,0,0,0
2002,261150,0,1,14,14,14,14,14,14,14,14,14,14
2002,261150,1,1,0,0,0,0,0,0,0,0,0,0
2002,261151,1,1,0,26,0,0,0,0,17,0,0,18
2002,261151,2,1,0,0,0,0,0,0,0,0,0,0
2002,261152,0,1,0,0,0,0,0,0,0,0,0,0
2002,261152,1,1,0,0,0,0,0,0,0,0,0,0
2002,261153,1,1,0,0,0,0,0,0,0,0,0,0
2002,261153,2,1,0,0,0,0,0,0,0,0,0,0
2002,261154,1,1,0,0,0,12,0,0,0,0,0,0
2002,261154,2,1,0,0,0,0,0,0,0,0,0,0
2002,261154,3,1,0,0,0,0,0,0,0,0,0,0
2002,261155,1,1,0,6,0,0,0,0,0,0,0,0
2002,261156,1,1,0,0,0,0,0,0,0,0,0,0
2002,261157,1,1,10,10,10,10,10,10,10,10,10,10
2002,261157,2,1,0,0,0,0,0,0,0,0,0,0
2002,261158,1,1,13,13,13,13,13,13,13,13,13,13
2002,261159,1,1,0,0,0,0,0,0,0,0,0,0
2002,261159,2,1,0,0,0,0,0,0,0,0,0,0
2002,261160,0,1,29,29,29,29,29,29,29,29,29,29
2002,261160,1,1,0,0,0,0,0,0,0,0,0,0
2002,261161,1,1,21,21,21,21,21,21,21,21,21,21
2002,261162,1,1,0,0,0,0,0,0,0,0,0,0
2002,261163,1,1,21,8,40,13,3,18,16,17,22,14
2002,261164,0,1,0,0,0,0,0,0,0,0,0,0
2002,261164,1,1,0,0,0,0,0,0,0,0,0,0
2002,261165,1,1,0,0,0,0,0,0,0,0,0,0
2002,261166,1,1,0,0,0,0,0,0,0,0,0,0
2002,261166,2,1,0,0,0,0,0,0,0,0,0,0
2002,261167,1,1,0,0,0,0,0,0,0,0,0,0
2002,261167,2,1,0,0,0,0,0,0,0,0,0,0
2002,261168,1,1,15,15,15,15,15,15,15,15,15,15
2002,261169,1,1,0,0,0,0,0,0,0,0,0,0
2002,261169,2,1,0,0,0,19,0,0,0,0,0,0
2002,261170,1,1,0,0,0,0,0,0,0,0,0,0
2002,261170,2,1,0,0,0,0,0,0,0,0,0,6
2002,261171,1,1,29,29,29,29,29,29,29,29,29,29
2002,261172,1,1,0,0,0,0,0,0,0,0,0,0
2002,261172,2,1,0,0,0,0,0,0,0,0,0,0
2002,261173,1,1,0,0,0,0,2,0,0,0,0,0
2002,261173,2,1,0,0,0,0,0,0,0,0,0,0
2002,261174,1,1,0,0,0,0,0,0,0,0,0,0
2002,261174,2,1,0,0,0,0,0,0,0,0,0,0
2002,261175,1,1,0,19,0,0,0,0,0,0,0,0
2002,261176,1,1,0,0,0,0,0,0,0,0,0,0
2002,261177,1,1,10,32,0,18,18,13,32,26,8,7
2002,261178,1,1,0,0,0,0,0,0,0,0,0,0
2002,261179,1,1,0,0,0,0,0,0,0,0,0,0
2002,261179,2,1,0,0,0,0,0,0,0,0,0,0
2002,261179,3,1,0,0,0,0,0,0,0,0,0,0
2002,261179,4,1,0,0,0,0,0,0,0,0,0,0
2002,261180,1,1,0,29,0,0,0,0,23,38,24,0
2002,261181,1,1,0,0,0,0,0,0,0,0,0,0
2002,261181,2,1,0,0,0,0,0,0,0,0,0,0
2002,261182,0,1,4,4,4,4,4,4,4,4,4,4
2002,261182,1,1,0,0,0,0,0,0,0,0,0,0
2002,261183,1,1,0,0,0,0,0,0,0,0,0,0
2002,261183,2,1,0,0,0,0,0,0,0,0,0,0
2002,270001,1,1,0,0,0,0,0,0,0,0,0,0
2002,270002,1,1,22,22,22,22,22,22,22,22,22,22
2002,270003,1,1,16,16,16,16,16,16,16,16,16,16
2002,270004,1,1,0,0,0,0,0,0,0,0,0,0
2002,270005,1,1,0,0,0,0,0,0,0,0,0,0
2002,270005,2,1,7,7,7,7,7,7,7,7,7,7
2002,270006,1,1,0,0,0,0,0,0,0,0,0,0
2002,270006,2,1,0,0,0,0,0,0,0,0,0,0
2002,270007,1,1,0,0,0,0,0,0,0,0,0,0
2002,270007,2,1,0,0,0,0,0,0,0,0,0,0
2002,270008,1,1,0,0,0,0,0,0,0,0,0,0
2002,270008,2,1,0,0,0,0,0,0,0,0,0,0
2002,270009,1,1,18,18,18,18,18,18,18,18,18,18
2002,270010,1,1,8,8,8,8,8,8,8,8,8,8
2002,270011,1,1,21,21,21,21,21,21,21,21,21,21
2002,270011,2,1,0,0,0,0,0,0,0,0,0,0
2002,270012,1,1,0,0,0,0,0,0,0,0,0,0
2002,270012,2,1,0,0,16,0,0,0,0,0,0,0
2002,270013,1,1,0,0,0,0,0,0,0,0,0,0
2002,270013,2,1,0,0,0,0,0,0,0,0,0,0
2002,270014,1,1,0,0,0,0,0,0,0,0,0,0
2002,270014,2,1,0,0,0,0,0,10,0,0,0,0
2002,270015,1,1,0,0,0,0,0,0,0,0,0,0
2002,270015,2,1,0,0,0,0,0,0,0,0,0,0
2002,270016,1,1,0,0,0,0,0,0,0,0,0,0
2002,270017,1,1,0,0,0,0,0,0,0,0,0,0
2002,270018,1,1,0,0,0,0,0,0,0,0,0,0
2002,270019,1,1,0,0,0,0,0,0,0,0,0,0
2002,270021,1,1,0,0,0,0,0,0,0,0,0,0
2002,270022,1,1,0,0,0,0,0,0,0,0,0,0
2002,270022,2,1,0,14,0,19,30,0,0,0,0,0
2002,270023,1,1,0,0,0,0,0,0,0,0,0,0
2002,270024,1,1,0,0,0,0,0,0,0,0,0,0
2002,270024,2,1,0,0,0,5,10,0,0,0,13,0
2002,270024,3,1,0,0,0,0,0,0,0,0,0,0
2002,270025,1,1,0,0,0,0,0,0,0,0,0,0
2002,270025,2,1,0,0,0,0,0,0,0,0,0,0
2002,270026,1,1,0,0,0,0,0,0,0,0,0,0
2002,270026,2,1,0,0,0,0,0,0,0,0,0,0
2002,270027,1,1,28,28,28,28,28,28,28,28,28,28
2002,270028,1,1,0,0,0,0,0,0,0,0,0,0
2002,270028,2,1,0,0,0,0,0,0,0,0,0,0
2002,270030,1,1,18,18,18,18,18,18,18,18,18,18
2002,270031,1,1,0,0,0,0,0,0,0,0,0,0
2002,270031,2,1,0,0,0,0,0,0,0,0,0,0
2002,270032,1,1,0,0,0,0,0,0,0,0,0,0
2002,270032,2,1,0,0,0,0,0,0,0,0,0,0
2002,270033,1,1,24,24,24,24,24,24,24,24,24,24
2002,270034,1,1,0,0,0,20,0,0,0,0,0,0
2002,270034,2,1,0,0,0,0,0,0,0,0,0,0
2002,270035,1,1,0,0,0,0,0,0,0,0,0,0
2002,270035,2,1,0,0,0,0,0,0,0,0,0,0
2002,270036,1,1,0,0,0,0,0,0,0,0,0,0
2002,270036,2,1,0,0,0,0,0,0,0,0,0,0
2002,270037,1,1,0,0,0,0,0,0,0,0,0,0
2002,270038,1,1,15,15,15,15,15,15,15,15,15,15
2002,270038,2,1,0,0,0,0,0,0,0,0,0,0
2002,270039,1,1,20,20,20,20,20,20,20,20,20,20
2002,270039,2,1,0,0,0,0,0,0,0,0,0,0
2002,270040,1,1,0,0,0,0,0,0,0,0,0,0
2002,270040,2,1,0,0,0,0,0,0,0,0,0,0
2002,270041,1,1,13,13,13,13,13,13,13,13,13,13
2002,270042,1,1,10,17,17,16,13,6,26,18,13,13
2002,270042,2,1,0,0,0,0,0,0,0,0,0,22
2002,270043,1,1,21,21,21,21,21,21,21,21,21,21
2002,270044,1,1,20,20,20,20,20,20,20,20,20,20
2002,270045,1,1,0,0,0,0,0,0,0,0,0,0
2002,270045,2,1,0,0,0,0,0,0,0,0,0,0
2002,270046,1,1,0,0,0,0,0,0,0,0,0,0
2002,270047,0,1,0,0,0,0,0,0,0,0,0,0
2002,270047,1,1,0,0,0,0,0,0,0,0,0,0
2002,270048,1,1,0,0,0,0,0,0,0,0,0,0
2002,270048,2,1,0,0,0,0,0,0,0,0,0,0
2002,270049,1,1,27,27,27,27,27,27,27,27,27,27
2002,270050,1,1,0,0,0,0,0,0,0,0,0,0
2002,270050,2,1,0,0,0,0,0,0,0,0,0,0
2002,270051,1,1,19,19,19,19,19,19,19,19,19,19
2002,270051,2,1,0,0,0,0,0,0,0,0,0,0
2002,270052,1,1,15,15,15,15,15,15,15,15,15,15
2002,270052,2,1,0,0,0,0,0,0,0,0,0,0
2002,270053,1,1,0,0,0,0,0,0,0,0,0,0
2002,270053,2,1,0,0,0,0,0,0,0,0,0,0
2002,270054,1,1,16,16,16,16,16,16,16,16,16,16
2002,270055,1,1,11,11,11,11,11,11,11,11,11,11
2002,270055,2,1,0,0,0,0,0,0,0,0,0,0
2002,270056,1,1,24,24,24,24,24,24,24,24,24,24
2002,270057,1,1,34,24,8,22,21,12,33,19,13,17
2002,270058,1,1,0,0,0,0,0,0,0,0,0,0
2002,270059,1,1,0,0,0,0,0,0,0,0,0,0
2002,270060,1,1,0,0,0,0,0,0,0,0,0,0
2002,270061,1,1,35,37,28,29,7,25,25,26,0,21
2002,270062,1,1,22,22,22,22,22,22,22,22,22,22
2002,270063,1,1,24,24,24,24,24,24,24,24,24,24
2002,270063,2,1,14,14,14,14,14,14,14,14,14,14
2002,270064,1,1,18,18,18,18,18,18,18,18,18,18
2002,270065,1,1,22,22,22,22,22,22,22,22,22,22
2002,270066,1,1,18,18,18,18,18,18,18,18,18,18
2002,270067,1,1,0,0,0,0,0,0,0,0,0,0
2002,270068,1,1,0,0,0,0,0,0,0,0,0,0
2002,270068,2,1,0,0,0,0,0,0,0,0,0,0
2002,270069,1,1,0,0,0,0,0,0,0,0,0,0
2002,270070,1,1,5,5,5,5,5,5,5,5,5,5
2002,270071,1,1,0,0,0,0,0,0,0,0,0,0
2002,270071,2,1,0,0,0,0,0,0,0,0,0,0
2002,270072,1,1,0,0,0,0,0,0,0,0,0,0
2002,270073,1,1,0,0,0,0,0,0,0,0,0,0
2002,270074,1,1,0,0,0,0,0,0,0,0,0,0
2002,270075,1,1,0,0,0,0,0,0,0,0,0,0
2002,270075,2,1,0,0,0,0,0,0,0,0,0,0
2002,270076,1,1,23,23,23,23,23,23,23,23,23,23
2002,270077,1,1,0,0,0,0,0,0,0,20,0,0
2002,270077,2,1,28,0,0,0,0,0,0,24,0,0
2002,270078,1,1,28,28,28,28,28,28,28,28,28,28
2002,270078,2,1,0,0,0,0,0,0,0,0,0,0
2002,270079,1,1,0,0,0,0,0,0,0,0,0,0
2002,270079,2,1,0,0,0,0,0,0,0,0,0,0
2002,270080,1,1,0,0,11,0,0,0,0,12,15,0
2002,270081,1,1,0,0,0,0,0,0,0,0,0,0
2002,270081,2,1,0,0,0,0,0,0,0,0,0,0
2002,270082,1,1,0,0,0,0,0,0,0,0,0,0
2002,270082,2,1,0,0,0,0,0,0,0,0,0,0
2002,270083,1,1,0,0,0,0,0,0,0,0,0,0
2002,270083,2,1,0,0,0,0,0,0,0,0,0,0
2002,270084,1,1,14,14,14,14,14,14,14,14,14,14
2002,270085,1,1,0,0,0,0,0,0,0,0,0,0
2002,270086,0,1,0,0,0,0,0,0,0,0,0,0
2002,270086,1,1,0,0,0,0,0,0,0,0,0,0
2002,270087,1,1,8,8,8,8,8,8,8,8,8,8
2002,270088,1,1,0,0,0,0,0,0,0,0,0,0
2002,270088,2,1,0,0,0,0,0,0,0,0,0,0
2002,270089,1,1,0,0,0,0,0,0,0,0,0,0
2002,270090,1,1,0,0,0,0,0,0,0,0,0,0
2002,270090,2,1,0,0,0,0,0,0,0,0,0,0
2002,270092,1,1,0,0,0,0,0,0,0,0,0,0