YEAR,ST_CASE,veh_no,per_no,P1,P2,P3,P4,P5,P6,P7,P8,P9,P10
2002,270092,2,1,0,0,0,0,0,0,0,0,0,0
2002,270092,3,1,0,0,0,0,0,0,0,0,0,0
2002,270093,1,1,0,0,0,0,0,0,0,0,0,0
2002,270093,2,1,0,0,0,8,0,0,0,0,0,0
2002,270094,1,1,0,0,0,0,0,0,0,0,0,0
2002,270094,2,1,0,0,0,0,0,0,0,0,0,0
2002,270095,1,1,9,9,9,9,9,9,9,9,9,9
2002,270096,1,1,0,0,0,0,0,0,0,0,0,0
2002,270096,2,1,0,0,0,0,0,0,0,0,0,0
2002,270097,1,1,0,0,0,0,0,0,0,0,0,0
2002,270097,2,1,0,0,0,0,0,0,0,0,0,0
2002,270098,1,1,0,0,0,0,0,0,0,0,0,0
2002,270098,2,1,0,0,0,0,0,0,0,0,0,0
2002,270099,1,1,0,0,0,0,0,0,0,0,0,0
2002,270100,1,1,2,2,2,2,2,2,2,2,2,2
2002,270101,1,1,14,14,14,14,14,14,14,14,14,14
2002,270102,1,1,0,0,0,0,0,0,0,0,0,0
2002,270102,2,1,0,0,0,0,0,0,0,0,0,0
2002,270103,1,1,0,0,0,0,0,0,0,0,0,0
2002,270104,1,1,0,0,0,0,0,0,0,0,0,0
2002,270105,1,1,14,14,14,14,14,14,14,14,14,14
2002,270105,2,1,0,0,0,0,0,0,0,0,0,0
2002,270106,1,1,0,0,0,0,0,0,0,0,0,0
2002,270106,2,1,28,28,28,28,28,28,28,28,28,28
2002,270107,1,1,0,0,0,6,0,0,14,0,0,27
2002,270108,1,1,22,22,22,22,22,22,22,22,22,22
2002,270109,0,1,0,0,0,0,0,0,12,0,0,0
2002,270109,1,1,0,0,0,0,0,0,0,0,0,0
2002,270109,2,1,0,0,0,0,0,0,0,0,0,0
2002,270111,1,1,22,22,22,22,22,22,22,22,22,22
2002,270112,1,1,1,1,1,1,1,1,1,1,1,1
2002,270113,1,1,0,0,0,0,0,0,0,0,0,0
2002,270114,1,1,0,0,0,0,0,0,0,0,0,0
2002,270115,1,1,0,0,0,0,0,0,0,0,0,0
2002,270116,1,1,0,0,0,0,0,0,0,0,0,0
2002,270116,2,1,0,0,0,0,0,0,0,0,0,0
2002,270117,1,1,0,0,0,0,0,0,0,0,0,0
2002,270117,2,1,0,0,0,0,0,0,0,0,0,0
2002,270118,1,1,9,9,9,9,9,9,9,9,9,9
2002,270118,2,1,10,10,10,10,10,10,10,10,10,10
2002,270119,1,1,0,0,0,0,0,0,0,0,0,0
2002,270120,1,1,0,0,0,0,0,0,0,0,0,0
2002,270121,1,1,10,10,10,10,10,10,10,10,10,10
2002,270122,1,1,4,4,4,4,4,4,4,4,4,4
2002,270123,1,1,0,0,0,0,0,0,0,0,15,0
2002,270123,2,1,5,5,5,5,5,5,5,5,5,5
2002,270124,1,1,23,23,23,23,23,23,23,23,23,23
2002,270125,1,1,12,12,12,12,12,12,12,12,12,12
2002,270126,1,1,16,16,16,16,16,16,16,16,16,16
2002,270127,1,1,0,0,0,0,0,0,0,0,0,0
2002,270127,2,1,0,0,0,0,0,0,0,0,0,0
2002,270127,3,1,0,0,0,0,0,0,0,0,0,0
2002,270127,4,1,0,0,0,0,0,0,0,0,0,0
2002,270128,1,1,0,0,0,0,0,0,0,0,0,0
2002,270129,1,1,0,0,0,0,0,0,0,0,0,0
2002,270129,2,1,0,0,0,0,0,0,0,0,0,0
2002,270129,3,1,0,0,0,0,0,0,0,0,0,0
2002,270130,1,1,0,0,0,0,0,0,0,0,0,0
2002,270130,2,1,0,0,0,0,0,0,0,0,0,0
2002,270131,1,1,16,16,16,16,16,16,16,16,16,16
2002,270132,1,1,14,14,14,14,14,14,14,14,14,14
2002,270133,1,1,0,0,0,0,0,0,0,0,0,0
2002,270133,2,1,0,0,0,0,0,0,0,0,0,0
2002,270134,1,1,0,19,0,0,0,0,16,0,0,0
2002,270135,1,1,0,0,0,0,0,0,0,0,0,0
2002,270135,2,1,0,0,0,0,0,0,0,0,0,0
2002,270135,3,1,0,0,0,0,0,0,0,0,0,0
2002,270135,4,1,0,0,0,0,0,0,0,0,0,0
2002,270135,5,1,0,0,0,0,0,0,0,0,0,0
2002,270136,1,1,0,0,0,0,0,0,0,0,0,0
2002,270137,1,1,28,28,28,28,28,28,28,28,28,28
2002,270138,1,1,21,21,21,21,21,21,21,21,21,21
2002,270138,2,1,0,0,0,0,0,0,0,0,0,0
2002,270139,1,1,0,0,0,0,0,0,0,0,0,0
2002,270139,2,1,0,0,0,0,0,0,0,0,0,0
2002,270140,0,1,0,9,0,0,0,0,27,0,0,0
2002,270140,1,1,0,0,0,0,0,0,0,0,0,0
2002,270140,2,1,0,0,0,0,0,0,0,0,0,0
2002,270140,3,1,0,0,0,0,0,0,0,0,0,0
2002,270140,4,1,0,0,0,0,0,0,0,0,0,0
2002,270141,1,1,18,18,18,18,18,18,18,18,18,18
2002,270142,1,1,15,15,15,15,15,15,15,15,15,15
2002,270143,1,1,19,19,19,19,19,19,19,19,19,19
2002,270144,1,1,22,22,22,22,22,22,22,22,22,22
2002,270145,1,1,0,0,0,0,0,0,0,0,0,0
2002,270145,2,1,0,0,0,0,0,0,0,0,0,0
2002,270146,1,1,0,0,0,0,0,0,0,0,0,0
2002,270146,2,1,0,0,0,0,0,0,0,0,0,0
2002,270147,0,1,14,14,14,14,14,14,14,14,14,14
2002,270147,1,1,0,0,0,0,0,0,0,0,0,0
2002,270148,1,1,0,0,0,0,0,0,0,0,0,0
2002,270149,1,1,0,0,0,0,0,0,0,0,0,0
2002,270149,2,1,0,0,0,0,0,0,0,0,0,0
2002,270150,1,1,31,31,31,31,31,31,31,31,31,31
2002,270151,1,1,0,0,0,0,0,0,0,0,0,0
2002,270152,1,1,6,6,6,6,6,6,6,6,6,6
2002,270152,2,1,0,0,0,0,0,0,0,0,0,0
2002,270153,1,1,0,0,0,0,0,0,0,0,0,0
2002,270154,1,1,6,6,6,6,6,6,6,6,6,6
2002,270155,1,1,0,0,0,0,0,0,0,0,0,0
2002,270155,2,1,1,1,1,1,1,1,1,1,1,1
2002,270156,1,1,11,11,11,11,11,11,11,11,11,11
2002,270156,2,1,0,0,0,0,0,0,0,0,0,0
2002,270157,1,1,17,17,17,17,17,17,17,17,17,17
2002,270158,1,1,21,0,9,0,0,0,15,18,0,0
2002,270159,1,1,14,14,14,14,14,14,14,14,14,14
2002,270160,1,1,5,5,5,5,5,5,5,5,5,5
2002,270161,1,1,0,0,0,0,0,0,0,0,0,0
2002,270162,1,1,11,11,11,11,11,11,11,11,11,11
2002,270163,1,1,0,0,0,0,0,0,0,0,0,0
2002,270163,2,1,0,0,0,0,0,0,0,0,0,0
2002,270163,3,1,0,0,0,0,0,0,0,0,0,0
2002,270164,1,1,1,1,1,1,1,1,1,1,1,1
2002,270165,0,1,0,0,0,0,0,0,0,0,0,0
2002,270165,1,1,0,0,0,0,0,0,0,0,0,0
2002,270166,1,1,0,0,0,0,0,0,0,0,0,0
2002,270166,2,1,0,0,0,0,0,0,0,0,0,0
2002,270167,1,1,0,0,0,0,0,0,0,0,0,0
2002,270167,2,1,0,0,0,0,0,0,0,0,0,0
2002,270168,1,1,32,32,32,32,32,32,32,32,32,32
2002,270168,2,1,0,0,0,0,0,0,0,0,0,0
2002,270169,1,1,0,0,0,0,0,0,0,0,0,0
2002,270170,1,1,0,0,0,0,0,0,0,0,0,0
2002,270170,2,1,0,0,0,0,0,0,0,0,0,0
2002,270171,1,1,0,0,0,0,0,0,0,0,0,0
2002,270171,2,1,0,0,0,0,0,0,0,0,0,0
2002,270172,1,1,29,29,29,29,29,29,29,29,29,29
2002,270172,2,1,0,0,0,0,0,0,0,0,0,0
2002,270173,1,1,0,0,0,0,0,0,0,0,0,0
2002,270173,2,1,0,0,0,0,0,0,0,0,0,0
2002,270174,1,1,0,0,0,0,0,0,0,0,0,0
2002,270174,2,1,14,14,14,14,14,14,14,14,14,14
2002,270175,1,1,16,16,16,16,16,16,16,16,16,16
2002,270176,1,1,19,19,19,19,19,19,19,19,19,19
2002,270177,1,1,0,0,0,0,0,0,0,0,0,0
2002,270177,2,1,0,0,0,0,0,0,0,0,0,0
2002,270178,1,1,13,13,13,13,13,13,13,13,13,13
2002,270179,1,1,0,0,0,0,0,0,0,0,0,0
2002,270179,2,1,0,0,0,0,0,0,0,0,0,0
2002,270180,1,1,0,0,0,0,0,0,0,0,0,0
2002,270180,2,1,0,0,0,0,0,0,0,0,0,0
2002,270180,3,1,0,0,0,0,0,0,0,0,0,0
2002,270181,1,1,0,0,0,0,0,0,0,0,0,0
2002,270182,1,1,0,0,0,0,0,0,0,0,0,0
2002,270182,2,1,0,19,0,0,0,0,0,0,0,0
2002,270183,1,1,0,0,0,0,0,0,0,0,0,0
2002,270184,1,1,0,0,0,0,0,0,0,0,0,0
2002,270185,1,1,0,0,0,0,0,0,0,0,0,0
2002,270185,2,1,0,0,0,0,0,0,0,0,0,0
2002,270186,1,1,0,0,0,0,0,0,0,0,0,0
2002,270187,1,1,0,0,0,0,0,0,0,0,0,0
2002,270187,2,1,0,0,0,0,0,0,0,0,0,0
2002,270187,3,1,0,0,0,0,0,0,0,0,0,0
2002,270188,1,1,21,21,21,21,21,21,21,21,21,21
2002,270189,1,1,1,1,1,1,1,1,1,1,1,1
2002,270190,1,1,26,23,19,16,19,40,19,30,22,29
2002,270191,1,1,14,14,14,14,14,14,14,14,14,14
2002,270192,1,1,0,0,0,0,0,0,0,0,0,0
2002,270192,2,1,0,0,0,0,0,0,0,0,0,0
2002,270194,0,1,0,0,0,0,0,0,0,0,0,0
2002,270194,1,1,0,0,0,0,13,0,0,0,0,0
2002,270195,1,1,4,4,4,4,4,4,4,4,4,4
2002,270195,2,1,0,0,0,0,0,0,0,0,0,0
2002,270195,3,1,0,0,0,0,0,0,0,0,0,0
2002,270196,1,1,0,0,0,0,0,0,0,0,0,0
2002,270196,2,1,0,0,0,0,0,0,0,0,0,0
2002,270197,1,1,0,0,0,0,0,0,0,0,0,0
2002,270197,2,1,0,0,0,0,0,0,0,0,0,0
2002,270198,1,1,0,0,0,0,0,0,0,0,0,0
2002,270198,2,1,0,0,0,0,0,0,0,0,0,0
2002,270199,0,1,0,0,0,0,0,0,0,0,0,0
2002,270199,1,1,0,0,0,0,0,0,0,0,0,0
2002,270200,1,1,0,0,0,0,0,0,0,0,0,0
2002,270201,0,1,21,21,21,21,21,21,21,21,21,21
2002,270201,1,1,0,0,0,0,0,0,0,0,0,0
2002,270202,1,1,0,0,0,0,0,0,0,0,0,0
2002,270202,2,1,0,0,0,0,0,0,0,0,0,0
2002,270203,1,1,0,0,0,0,0,0,0,0,0,0
2002,270203,2,1,0,0,0,0,0,0,0,0,0,0
2002,270204,1,1,0,0,0,0,0,0,0,0,0,0
2002,270205,1,1,0,0,0,0,0,0,0,0,0,0
2002,270205,2,1,0,0,0,0,0,0,0,0,0,0
2002,270206,1,1,23,23,23,23,23,23,23,23,23,23
2002,270207,1,1,0,0,0,0,0,0,0,0,0,0
2002,270207,2,1,0,0,0,0,0,0,0,0,0,0
2002,270208,1,1,0,0,0,0,0,0,0,0,0,0
2002,270208,2,1,0,0,0,0,0,0,0,0,0,0
2002,270209,1,1,0,0,0,0,0,0,0,0,0,0
2002,270209,2,1,6,0,0,0,0,0,0,0,0,6
2002,270210,1,1,22,22,22,22,22,22,22,22,22,22
2002,270211,1,1,12,12,12,12,12,12,12,12,12,12
2002,270211,2,1,0,0,0,0,0,0,0,0,0,0
2002,270212,1,1,26,26,26,26,26,26,26,26,26,26
2002,270213,1,1,17,17,17,17,17,17,17,17,17,17
2002,270214,1,1,1,1,1,1,1,1,1,1,1,1
2002,270215,1,1,24,4,0,8,0,0,23,13,19,22
2002,270215,2,1,0,0,0,0,0,0,0,0,0,0
2002,270216,1,1,0,0,0,0,0,0,0,0,0,0
2002,270217,1,1,9,9,9,9,9,9,9,9,9,9
2002,270218,1,1,17,17,17,17,17,17,17,17,17,17
2002,270219,0,1,13,13,13,13,13,13,13,13,13,13
2002,270220,1,1,0,0,0,0,0,0,0,0,0,0
2002,270220,2,1,0,0,0,0,0,0,0,0,0,0
2002,270221,0,1,0,0,0,0,0,0,0,0,0,0
2002,270221,1,1,0,0,0,0,0,0,0,0,0,0
2002,270222,1,1,0,0,0,0,0,0,0,0,0,0
2002,270223,0,1,0,0,0,0,0,0,0,0,0,0
2002,270223,1,1,0,0,0,0,0,0,0,0,0,0
2002,270224,1,1,12,12,12,12,12,12,12,12,12,12
2002,270225,1,1,0,0,0,0,0,0,0,0,0,0
2002,270225,2,1,0,0,0,0,0,0,0,0,0,0
2002,270226,1,1,23,22,0,0,0,29,0,0,0,0
2002,270227,1,1,17,17,17,17,17,17,17,17,17,17
2002,270228,1,1,34,34,34,34,34,34,34,34,34,34
2002,270229,1,1,0,0,0,0,0,0,0,0,0,0
2002,270230,1,1,0,0,0,0,0,0,0,0,0,0
2002,270230,2,1,0,0,0,0,0,0,0,0,0,0
2002,270231,1,1,29,29,29,29,29,29,29,29,29,29
2002,270232,1,1,15,15,15,15,15,15,15,15,15,15
2002,270233,0,1,0,0,0,0,0,0,0,0,0,0
2002,270233,1,1,0,0,0,0,0,0,0,0,0,0
2002,270234,1,1,1,1,1,1,1,1,1,1,1,1
2002,270235,1,1,21,21,21,21,21,21,21,21,21,21
2002,270236,1,1,0,0,0,0,0,0,0,0,0,0
2002,270236,2,1,23,23,23,23,23,23,23,23,23,23
2002,270237,1,1,0,0,0,0,0,0,0,0,0,0
2002,270237,2,1,0,0,0,0,0,0,0,0,0,0
2002,270238,1,1,11,11,11,11,11,11,11,11,11,11
2002,270238,2,1,0,0,0,0,0,0,0,0,0,0
2002,270239,1,1,0,0,0,0,0,0,0,0,0,0
2002,270239,2,1,14,14,14,14,14,14,14,14,14,14
2002,270240,1,1,19,19,19,19,19,19,19,19,19,19
2002,270241,1,1,0,0,0,0,0,0,0,0,0,0
2002,270241,2,1,0,0,0,0,0,0,0,0,0,0
2002,270242,1,1,0,0,0,0,0,0,0,0,0,0
2002,270242,2,1,0,0,0,0,0,0,0,0,0,0
2002,270243,1,1,0,0,0,0,0,0,0,0,0,0
2002,270243,2,1,0,0,0,0,0,0,0,0,0,0
2002,270244,0,1,0,0,0,0,0,0,0,0,0,0
2002,270244,1,1,0,0,0,0,0,0,0,0,0,0
2002,270245,0,1,36,0,0,0,0,15,8,0,0,38
2002,270245,1,1,0,0,0,0,0,0,0,0,0,0
2002,270246,1,1,0,0,0,0,0,0,0,0,0,0
2002,270246,2,1,0,0,0,0,0,0,0,0,0,0
2002,270247,1,1,26,28,16,12,0,21,0,0,0,38
2002,270247,2,1,26,26,26,26,26,26,26,26,26,26
2002,270248,1,1,0,0,0,0,0,0,0,0,0,0
2002,270249,0,1,0,0,0,0,0,0,0,0,0,17
2002,270249,0,2,0,0,0,0,0,0,0,0,0,0
2002,270249,0,3,0,0,0,0,0,0,0,0,18,0
2002,270249,0,4,0,0,0,0,0,0,0,0,0,0
2002,270249,0,5,0,0,0,0,0,0,0,0,0,0
2002,270249,1,1,0,0,0,0,0,0,0,0,0,0
2002,270249,2,1,0,0,0,0,0,0,0,0,0,0
2002,270250,1,1,0,0,0,0,0,0,0,0,0,0
2002,270251,1,1,0,0,0,0,0,0,0,0,0,0
2002,270251,2,1,0,0,0,0,0,0,0,0,0,0
2002,270252,1,1,2,2,2,2,2,2,2,2,2,2
2002,270253,1,1,0,0,0,0,0,0,0,0,0,0
2002,270254,1,1,0,0,0,0,0,0,0,0,0,0
2002,270254,2,1,23,23,23,23,23,23,23,23,23,23
2002,270255,1,1,0,0,0,0,0,0,0,0,0,0
2002,270256,1,1,0,0,0,0,0,0,0,0,0,0
2002,270257,1,1,0,0,0,0,0,0,0,0,0,0
2002,270258,1,1,0,0,0,0,0,0,0,0,0,0
2002,270258,2,1,0,0,0,0,0,0,0,0,0,0
2002,270259,1,1,0,0,0,0,0,0,0,0,0,0
2002,270259,2,1,0,0,0,0,0,0,0,0,0,0
2002,270260,2,1,0,0,0,0,0,0,0,0,0,0
2002,270261,1,1,0,0,0,0,0,0,0,0,0,0
2002,270262,1,1,0,0,0,0,0,0,0,0,0,0
2002,270263,1,1,0,0,0,0,0,0,0,0,0,0
2002,270263,2,1,0,0,0,0,0,0,0,0,0,0
2002,270264,1,1,19,19,19,19,19,19,19,19,19,19
2002,270265,1,1,0,0,0,0,0,0,0,0,0,0
2002,270266,1,1,0,0,0,0,0,0,0,0,0,0
2002,270267,1,1,0,0,0,0,0,0,0,0,0,0
2002,270267,2,1,0,0,0,0,0,0,0,0,0,0
2002,270267,3,1,0,0,8,0,0,0,0,0,0,0
2002,270268,1,1,0,0,0,0,0,0,0,0,0,0
2002,270268,2,1,0,0,0,0,0,0,0,0,0,0
2002,270268,3,1,0,0,0,0,0,0,0,0,0,0
2002,270269,1,1,0,0,0,0,0,0,0,0,0,0
2002,270270,0,1,0,0,0,0,0,0,0,0,0,0
2002,270270,1,1,0,0,0,0,0,0,0,0,0,0
2002,270271,1,1,18,18,18,18,18,18,18,18,18,18
2002,270272,1,1,0,0,0,0,0,0,0,0,0,0
2002,270272,2,1,0,0,0,0,0,0,0,0,0,0
2002,270273,1,1,0,0,0,0,0,0,0,0,0,0
2002,270273,2,1,0,0,0,0,0,0,0,0,0,0
2002,270274,1,1,0,0,0,0,0,0,0,0,0,0
2002,270274,2,1,0,0,0,0,0,0,0,0,0,0
2002,270275,1,1,24,24,24,24,24,24,24,24,24,24
2002,270276,1,1,0,0,0,0,0,0,0,0,0,0
2002,270276,2,1,0,0,0,0,0,0,0,0,0,0
2002,270277,1,1,10,10,10,10,10,10,10,10,10,10
2002,270278,1,1,0,0,0,0,0,0,0,0,0,0
2002,270279,1,1,0,0,0,0,0,0,0,0,0,0
2002,270279,2,1,0,0,0,0,0,0,0,0,0,0
2002,270280,1,1,20,0,15,0,0,12,0,0,0,12
2002,270280,2,1,0,0,0,0,0,0,0,0,0,0
2002,270281,1,1,0,0,0,0,0,0,0,0,0,0
2002,270281,2,1,0,0,0,0,0,0,0,0,0,0
2002,270282,1,1,0,0,0,0,0,0,0,0,0,0
2002,270282,2,1,0,0,0,0,0,0,0,0,0,0
2002,270282,3,1,0,0,0,0,0,0,0,0,0,0
2002,270282,4,1,0,0,0,0,0,0,0,0,0,0
2002,270283,1,1,27,27,27,27,27,27,27,27,27,27
2002,270284,1,1,1,1,1,1,1,1,1,1,1,1
2002,270284,2,1,0,0,0,0,0,0,0,0,0,0
2002,270285,1,1,22,22,22,22,22,22,22,22,22,22
2002,270286,1,1,7,7,7,7,7,7,7,7,7,7
2002,270287,1,1,0,0,0,0,0,0,0,0,0,0
2002,270288,1,1,0,0,0,0,0,0,0,0,0,0
2002,270289,0,1,20,20,20,20,20,20,20,20,20,20
2002,270289,1,1,0,0,0,0,0,0,0,0,0,0
2002,270290,0,1,25,25,25,25,25,25,25,25,25,25
2002,270290,1,1,8,15,19,13,26,14,22,15,7,11
2002,270291,1,1,0,0,0,0,15,0,0,23,31,0
2002,270291,2,1,0,0,0,0,0,0,0,0,0,0
2002,270292,0,1,34,34,34,34,34,34,34,34,34,34
2002,270292,1,1,10,10,10,10,10,10,10,10,10,10
2002,270293,1,1,0,0,0,0,0,0,0,0,0,0
2002,270293,2,1,0,0,0,0,0,0,0,0,0,0
2002,270293,3,1,0,0,0,0,0,0,0,0,24,0
2002,270293,4,1,14,0,0,0,0,0,0,0,0,0
2002,270294,0,1,0,0,19,0,0,0,2,0,0,0
2002,270294,1,1,0,0,0,0,0,0,0,0,0,0
2002,270295,1,1,0,0,0,0,0,0,0,0,0,0
2002,270295,2,1,0,0,0,0,0,0,0,0,0,0
2002,270296,1,1,0,0,0,0,0,0,0,0,0,0
2002,270296,2,1,0,0,0,0,0,0,0,0,0,0
2002,270297,1,1,6,6,6,6,6,6,6,6,6,6
2002,270298,1,1,0,0,0,0,0,0,0,0,0,0
2002,270298,2,1,0,0,0,0,0,0,0,0,0,0
2002,270299,1,1,27,27,27,27,27,27,27,27,27,27
2002,270300,1,1,15,15,15,15,15,15,15,15,15,15
2002,270301,0,1,0,0,0,0,0,0,0,0,0,0
2002,270301,1,1,0,0,0,0,0,0,0,0,0,0
2002,270302,0,1,0,0,0,0,0,0,0,0,0,0
2002,270302,1,1,0,0,0,0,0,0,0,0,0,0
2002,270303,1,1,0,0,0,0,0,0,0,0,0,0
2002,270303,2,1,0,13,0,0,7,12,0,0,21,0
2002,270303,3,1,13,13,13,13,13,13,13,13,13,13
2002,270304,1,1,0,0,0,0,0,0,0,0,0,0
2002,270304,2,1,0,0,0,0,0,0,0,0,0,0
2002,270305,1,1,0,0,0,0,0,0,0,0,0,0
2002,270305,2,1,0,0,0,0,0,0,0,0,0,0
2002,270305,3,1,0,0,0,0,0,0,0,0,0,0
2002,270307,1,1,0,15,0,0,0,12,0,0,0,5
2002,270307,2,1,0,0,0,0,0,0,0,0,0,0
2002,270308,1,1,0,0,0,0,0,0,0,0,0,0
2002,270308,2,1,0,0,0,0,0,0,0,0,0,0
2002,270309,1,1,0,0,0,0,0,0,0,0,0,0
2002,270309,2,1,0,0,0,0,0,0,0,0,0,0
2002,270310,0,1,22,22,22,22,22,22,22,22,22,22
2002,270310,1,1,0,0,0,0,0,0,0,0,0,0
2002,270311,1,1,0,0,0,0,0,0,0,0,0,0
2002,270312,1,1,0,0,0,0,0,0,0,0,0,0
2002,270312,2,1,0,0,0,0,0,0,0,0,0,0
2002,270313,1,1,0,0,0,0,0,0,0,0,0,0
2002,270313,2,1,0,0,0,0,0,0,0,0,0,0
2002,270314,1,1,0,0,0,0,0,0,0,0,0,0
2002,270315,1,1,0,0,0,0,0,0,0,0,0,0
2002,270315,2,1,0,0,0,0,0,0,0,0,0,0
2002,270316,1,1,5,0,0,0,0,0,0,0,0,0
2002,270317,1,1,0,0,0,0,0,0,0,0,0,0
2002,270317,2,1,0,0,0,0,0,0,0,0,0,0
2002,270318,1,1,0,0,0,0,0,0,0,0,0,0
2002,270318,2,1,0,0,0,0,0,0,0,0,0,0
2002,270319,1,1,19,19,19,19,19,19,19,19,19,19
2002,270320,1,1,0,0,0,0,0,0,0,0,0,0
2002,270321,1,1,20,20,20,20,20,20,20,20,20,20
2002,270322,1,1,0,12,0,18,0,21,18,0,27,16
2002,270323,1,1,0,0,0,0,0,0,0,0,0,0
2002,270323,2,1,0,0,0,0,0,0,0,0,0,0
2002,270324,1,1,0,0,0,6,0,0,0,0,0,0
2002,270324,2,1,0,0,0,0,0,0,0,0,0,0
2002,270325,1,1,0,0,0,0,0,0,0,0,0,0
2002,270325,2,1,0,0,0,0,0,0,0,0,0,0
2002,270326,1,1,0,0,0,0,0,0,0,0,0,0
2002,270326,2,1,0,0,0,0,0,0,0,0,0,0
2002,270327,1,1,0,0,0,0,0,0,0,0,0,0
2002,270327,2,1,0,0,0,0,0,0,0,0,0,0
2002,270328,1,1,0,0,0,0,0,0,0,0,0,0
2002,270329,1,1,0,0,0,0,0,0,0,0,0,0
2002,270329,2,1,0,0,0,0,0,0,0,0,0,0
2002,270330,1,1,14,14,14,14,14,14,14,14,14,14
2002,270331,1,1,0,0,0,0,0,0,0,0,0,0
2002,270332,1,1,0,0,0,0,0,0,0,0,0,0
2002,270332,2,1,22,0,0,0,0,0,0,0,0,0
2002,270333,1,1,0,0,0,0,0,0,0,0,0,0
2002,270333,2,1,0,0,0,0,0,0,0,0,0,0
2002,270334,0,1,29,29,29,29,29,29,29,29,29,29
2002,270334,1,1,0,0,0,0,0,0,0,0,0,0
2002,270335,1,1,0,0,0,0,0,0,0,0,0,0
2002,270335,2,1,0,0,0,0,0,0,0,0,0,0
2002,270336,1,1,0,0,0,0,0,0,0,0,0,0
2002,270336,2,1,0,0,0,0,0,0,0,0,0,0
2002,270337,1,1,10,10,10,10,10,10,10,10,10,10
2002,270338,1,1,0,0,0,0,0,0,0,0,0,0
2002,270338,2,1,0,0,0,0,0,0,0,0,0,0
2002,270339,1,1,0,17,0,0,0,9,24,0,0,0
2002,270340,0,1,0,0,0,0,0,0,0,0,0,0
2002,270340,1,1,0,0,0,0,0,0,0,0,0,0
2002,270341,1,1,0,0,0,0,5,0,0,0,0,0
2002,270341,2,1,0,0,0,0,0,0,11,0,0,0
2002,270342,1,1,15,15,15,15,15,15,15,15,15,15
2002,270342,2,1,22,22,22,22,22,22,22,22,22,22
2002,270343,1,1,0,0,14,0,0,0,0,20,0,0
2002,270344,1,1,0,0,0,0,0,0,0,0,0,0
2002,270345,1,1,11,11,11,11,11,11,11,11,11,11
2002,270346,1,1,0,0,0,0,0,0,0,0,0,0
2002,270346,2,1,0,0,0,0,0,0,0,0,0,0
2002,270347,1,1,0,0,0,0,0,0,0,0,0,0
2002,270347,2,1,0,0,0,0,0,0,0,0,0,0
2002,270348,1,1,5,5,5,5,5,5,5,5,5,5
2002,270349,1,1,19,19,19,19,19,19,19,19,19,19
2002,270350,1,1,0,0,0,0,0,0,0,0,0,0
2002,270350,2,1,0,0,0,0,0,0,0,0,0,0
2002,270351,1,1,0,0,0,0,0,0,0,0,0,0
2002,270351,2,1,0,0,0,14,0,0,0,0,0,0
2002,270352,1,1,0,0,0,0,0,0,0,11,13,28
2002,270353,1,1,0,0,0,0,0,0,0,0,0,0
2002,270354,1,1,13,13,13,13,13,13,13,13,13,13
2002,270354,2,1,0,0,0,0,0,0,0,0,0,0
2002,270354,3,1,0,0,0,0,0,0,0,0,0,0
2002,270355,0,1,0,0,0,0,0,0,0,0,0,0
2002,270355,1,1,0,0,0,0,0,0,0,0,0,0
2002,270356,1,1,0,0,0,0,0,0,0,0,0,0
2002,270357,1,1,0,0,0,0,0,0,0,0,0,0
2002,270357,2,1,0,0,0,0,0,0,0,0,0,0
2002,270358,1,1,0,0,0,0,0,0,0,0,0,0
2002,270358,2,1,0,0,0,0,0,0,0,0,0,0
2002,270359,1,1,11,22,11,18,6,5,31,5,7,10
2002,270359,2,1,0,0,0,0,5,0,15,0,0,15
2002,270360,1,1,0,0,0,0,0,0,0,0,0,0
2002,270360,2,1,0,0,0,0,0,0,0,0,0,0
2002,270361,1,1,6,6,6,6,6,6,6,6,6,6
2002,270362,1,1,6,6,6,6,6,6,6,6,6,6
2002,270363,1,1,0,0,0,0,0,0,0,0,0,0
2002,270364,1,1,0,0,0,0,0,0,0,0,0,0
2002,270364,2,1,0,0,0,0,0,0,0,0,0,0
2002,270365,0,1,0,0,0,0,0,0,0,0,0,0
2002,270365,1,1,0,0,0,0,0,0,0,0,0,0
2002,270366,1,1,0,0,0,0,0,0,0,0,0,0
2002,270366,2,1,0,0,0,0,0,0,0,0,0,0
2002,270367,1,1,9,9,9,9,9,9,9,9,9,9
2002,270368,1,1,0,0,0,0,0,0,0,0,0,0
2002,270368,2,1,0,0,0,0,0,0,0,0,0,0
2002,270369,1,1,0,0,0,0,0,0,0,0,0,0
2002,270369,2,1,0,0,0,0,0,0,0,0,0,0
2002,270370,1,1,27,27,27,27,27,27,27,27,27,27
2002,270371,1,1,22,22,22,22,22,22,22,22,22,22
2002,270372,1,1,18,0,0,0,0,0,0,0,0,0
2002,270373,1,1,0,0,0,0,0,0,0,0,0,0
2002,270373,2,1,0,0,0,0,0,0,0,0,0,0
2002,270374,1,1,0,0,0,0,0,0,0,0,0,0
2002,270375,1,1,0,0,0,0,0,0,0,0,0,0
2002,270375,2,1,0,0,0,0,0,0,0,0,0,0
2002,270376,1,1,0,0,0,0,0,0,0,0,0,0
2002,270376,2,1,0,0,0,0,0,0,0,0,0,0
2002,270376,3,1,0,0,0,0,0,0,0,0,0,0
2002,270377,1,1,20,20,20,20,20,20,20,20,20,20