YEAR,ST_CASE,veh_no,per_no,P1,P2,P3,P4,P5,P6,P7,P8,P9,P10
2002,270378,1,1,0,0,0,0,0,0,0,0,0,0
2002,270378,2,1,0,0,0,0,0,0,0,0,0,0
2002,270378,3,1,0,0,0,0,0,0,0,0,0,0
2002,270379,1,1,0,0,0,0,0,0,0,0,0,0
2002,270380,1,1,33,33,33,33,33,33,33,33,33,33
2002,270381,1,1,0,0,0,0,0,0,0,0,0,0
2002,270381,2,1,0,0,0,0,0,0,0,0,0,0
2002,270383,1,1,18,18,18,18,18,18,18,18,18,18
2002,270384,0,1,0,0,0,0,0,0,0,0,0,0
2002,270384,1,1,0,0,0,0,0,0,0,0,0,0
2002,270385,1,1,0,0,0,0,0,0,0,0,0,0
2002,270385,2,1,0,0,0,0,0,0,0,0,0,0
2002,270385,3,1,0,0,0,0,0,0,0,0,0,0
2002,270386,1,1,0,0,0,0,0,0,0,0,0,0
2002,270387,1,1,10,10,10,10,10,10,10,10,10,10
2002,270388,1,1,6,6,6,6,6,6,6,6,6,6
2002,270389,0,1,0,0,0,0,0,0,0,0,0,0
2002,270389,1,1,0,0,0,0,0,0,0,0,0,0
2002,270390,1,1,18,18,18,18,18,18,18,18,18,18
2002,270391,1,1,10,10,10,10,10,10,10,10,10,10
2002,270391,2,1,0,0,0,0,0,0,0,0,0,0
2002,270392,1,1,9,9,9,9,9,9,9,9,9,9
2002,270392,2,1,0,0,0,0,0,0,0,0,0,0
2002,270393,1,1,0,0,0,0,0,0,14,0,0,0
2002,270393,2,1,0,0,0,0,0,0,0,0,0,0
2002,270394,1,1,23,23,23,23,23,23,23,23,23,23
2002,270395,1,1,19,19,19,19,19,19,19,19,19,19
2002,270396,1,1,0,0,0,0,0,0,0,0,0,0
2002,270396,2,1,2,2,2,2,2,2,2,2,2,2
2002,270397,1,1,0,0,0,0,0,0,0,0,0,0
2002,270397,2,1,0,0,0,0,0,0,0,0,0,0
2002,270398,1,1,0,0,0,0,0,0,0,0,0,0
2002,270398,2,1,0,0,0,0,0,0,0,0,0,0
2002,270399,1,1,0,0,0,0,0,0,0,0,0,0
2002,270399,2,1,0,0,0,0,0,0,0,0,0,0
2002,270400,1,1,0,0,0,0,0,0,0,0,0,0
2002,270400,2,1,0,0,0,0,0,0,0,0,0,0
2002,270401,1,1,0,0,0,0,0,0,0,0,0,0
2002,270401,2,1,0,0,0,0,0,0,0,0,0,0
2002,270402,1,1,0,0,0,0,0,0,0,0,0,0
2002,270402,2,1,0,0,0,0,0,0,0,0,0,0
2002,270403,0,1,0,0,0,0,0,0,0,0,0,0
2002,270403,1,1,0,0,0,0,0,0,0,0,0,0
2002,270404,0,1,0,0,0,0,0,0,0,0,0,0
2002,270404,1,1,0,0,0,0,0,0,0,0,0,0
2002,270405,1,1,24,24,24,24,24,24,24,24,24,24
2002,270406,0,1,0,0,0,0,0,0,0,0,0,0
2002,270406,1,1,0,0,0,0,0,0,0,0,0,0
2002,270407,1,1,0,0,0,0,0,0,0,0,0,0
2002,270407,2,1,0,0,0,0,0,0,0,0,0,0
2002,270408,1,1,15,15,15,15,15,15,15,15,15,15
2002,270409,1,1,0,0,0,0,0,0,0,0,0,0
2002,270409,2,1,0,0,0,0,0,0,0,0,0,0
2002,270410,1,1,16,16,16,16,16,16,16,16,16,16
2002,270411,1,1,27,27,27,27,27,27,27,27,27,27
2002,270412,1,1,26,26,26,26,26,26,26,26,26,26
2002,270413,1,1,0,0,0,0,0,0,0,0,0,0
2002,270413,2,1,0,0,0,0,0,0,0,0,0,0
2002,270414,1,1,0,0,0,0,0,0,0,0,0,0
2002,270415,1,1,21,21,21,21,21,21,21,21,21,21
2002,270416,1,1,0,0,0,0,0,0,0,0,0,0
2002,270416,2,1,0,0,0,0,0,0,0,0,0,0
2002,270417,1,1,0,0,0,0,0,16,35,0,0,0
2002,270418,1,1,0,0,0,0,0,7,0,11,0,0
2002,270419,1,1,0,0,0,0,0,0,0,0,0,0
2002,270419,2,1,0,0,0,0,0,0,0,0,0,0
2002,270420,0,1,0,0,0,0,0,0,0,0,0,0
2002,270420,1,1,0,0,0,0,0,0,0,0,0,0
2002,270421,1,1,0,0,0,0,0,0,0,0,0,0
2002,270421,2,1,0,0,0,0,0,0,0,0,0,0
2002,270422,1,1,0,0,0,0,0,0,0,0,0,0
2002,270422,2,1,0,0,0,0,0,0,0,0,0,0
2002,270423,1,1,0,0,17,0,0,19,17,0,10,0
2002,270423,2,1,0,19,0,0,0,0,0,0,0,0
2002,270424,1,1,6,6,6,6,6,6,6,6,6,6
2002,270424,2,1,0,0,0,0,0,0,0,0,0,0
2002,270424,3,1,0,0,0,0,0,0,0,0,0,13
2002,270424,4,1,0,0,0,0,0,0,0,0,0,0
2002,270425,1,1,0,0,0,0,0,0,0,0,0,0
2002,270426,1,1,21,21,21,21,21,21,21,21,21,21
2002,270427,1,1,0,0,0,0,0,0,0,0,0,0
2002,270428,1,1,28,28,28,28,28,28,28,28,28,28
2002,270429,1,1,26,26,26,26,26,26,26,26,26,26
2002,270430,1,1,15,15,15,15,15,15,15,15,15,15
2002,270431,1,1,14,14,14,14,14,14,14,14,14,14
2002,270432,0,1,0,0,0,0,0,0,0,0,0,0
2002,270432,1,1,0,0,0,0,0,0,0,0,0,0
2002,270433,1,1,0,0,0,0,0,0,0,0,0,0
2002,270433,2,1,0,0,0,0,0,0,0,0,0,0
2002,270434,1,1,0,0,0,0,0,0,0,0,0,0
2002,270434,2,1,25,0,0,0,0,0,0,0,0,0
2002,270435,1,1,0,0,0,0,0,0,7,0,0,0
2002,270435,2,1,0,0,0,0,0,0,0,0,0,0
2002,270436,1,1,0,0,0,0,0,0,0,0,0,0
2002,270437,1,1,19,19,19,19,19,19,19,19,19,19
2002,270438,1,1,0,0,0,0,0,0,0,0,0,0
2002,270438,2,1,0,0,0,0,0,0,0,0,0,0
2002,270439,1,1,20,20,20,20,20,20,20,20,20,20
2002,270439,2,1,0,0,0,0,0,0,0,0,0,0
2002,270440,1,1,0,0,0,0,0,0,0,0,0,0
2002,270441,1,1,0,0,0,0,0,0,0,0,0,0
2002,270441,2,1,0,0,0,0,0,0,0,0,0,0
2002,270441,3,1,0,0,0,0,0,0,0,0,0,0
2002,270441,4,1,0,0,0,0,0,0,0,0,0,0
2002,270442,0,1,17,17,17,17,17,17,17,17,17,17
2002,270442,1,1,0,0,26,0,0,0,0,0,0,0
2002,270443,1,1,11,11,11,11,11,11,11,11,11,11
2002,270444,1,1,23,23,23,23,23,23,23,23,23,23
2002,270445,1,1,0,0,0,0,0,0,0,0,0,0
2002,270446,1,1,27,15,13,26,25,4,15,17,34,16
2002,270447,0,1,29,29,29,29,29,29,29,29,29,29
2002,270447,1,1,0,0,0,0,0,0,0,0,0,0
2002,270448,1,1,0,0,0,0,0,0,0,0,0,0
2002,270449,1,1,0,0,0,0,0,0,0,0,0,0
2002,270449,2,1,0,0,0,0,0,0,0,0,0,0
2002,270450,1,1,0,0,0,0,0,0,0,0,0,0
2002,270450,2,1,0,0,0,0,0,0,0,0,0,0
2002,270451,1,1,0,0,0,0,0,0,0,0,0,0
2002,270451,2,1,0,0,0,0,0,0,0,0,0,0
2002,270452,1,1,0,0,0,0,0,0,0,0,0,0
2002,270453,1,1,0,0,0,0,0,0,0,0,0,0
2002,270453,2,1,0,0,0,0,0,0,0,0,0,0
2002,270453,3,1,0,0,0,0,0,0,0,0,0,0
2002,270454,1,1,0,0,0,0,0,0,0,0,0,0
2002,270454,2,1,0,0,0,0,0,0,0,0,0,0
2002,270455,0,1,26,26,26,26,26,26,26,26,26,26
2002,270455,1,1,0,0,0,0,0,0,0,0,0,0
2002,270456,0,1,0,0,0,0,0,0,0,0,0,0
2002,270456,1,1,0,0,0,0,0,0,0,0,0,0
2002,270457,1,1,20,20,20,20,20,20,20,20,20,20
2002,270457,2,1,0,0,0,0,0,0,0,15,0,0
2002,270458,1,1,9,9,9,9,9,9,9,9,9,9
2002,270459,0,1,0,0,0,0,0,0,0,0,0,0
2002,270459,1,1,0,0,0,0,0,0,0,0,0,0
2002,270460,1,1,0,0,0,0,0,0,0,0,0,0
2002,270460,2,1,0,0,0,0,0,0,0,0,0,0
2002,270460,3,1,0,0,0,0,0,0,0,0,8,0
2002,270461,1,1,0,0,0,0,0,0,0,0,0,0
2002,270461,2,1,0,0,0,0,0,0,0,0,0,0
2002,270461,3,1,0,0,0,0,0,0,0,0,0,0
2002,270462,1,1,0,0,0,0,0,0,0,0,0,0
2002,270462,2,1,0,0,0,0,0,0,0,20,0,0
2002,270463,1,1,0,0,0,0,0,0,0,0,0,0
2002,270463,2,1,0,0,0,0,0,0,0,0,0,0
2002,270463,3,1,0,0,0,0,0,0,0,0,0,0
2002,270464,1,1,0,0,0,0,0,0,0,0,0,0
2002,270464,2,1,0,0,0,0,0,0,0,0,0,0
2002,270464,3,1,0,0,0,0,0,0,0,0,0,0
2002,270465,1,1,0,0,0,0,0,0,0,0,0,0
2002,270465,2,1,0,0,0,0,0,0,0,0,0,0
2002,270466,1,1,18,25,13,0,0,20,22,29,0,9
2002,270467,1,1,0,0,0,0,0,0,0,0,0,0
2002,270467,2,1,0,0,0,0,0,0,0,0,0,0
2002,270467,3,1,0,0,7,0,0,0,0,0,0,0
2002,270468,1,1,20,16,0,0,21,0,0,15,0,0
2002,270468,2,1,0,0,0,0,0,0,0,0,0,0
2002,270469,1,1,1,1,1,1,1,1,1,1,1,1
2002,270470,1,1,0,0,0,0,0,0,0,0,0,0
2002,270470,2,1,0,0,0,0,0,0,0,0,0,0
2002,270471,1,1,0,0,0,0,0,0,0,0,0,0
2002,270471,2,1,0,0,5,0,0,0,0,0,0,0
2002,270472,1,1,0,0,0,0,0,0,0,0,0,0
2002,270472,2,1,0,0,0,0,0,0,0,0,0,0
2002,270473,1,1,0,0,0,0,0,0,0,0,0,0
2002,270473,2,1,0,0,0,0,0,0,0,0,0,0
2002,270474,1,1,0,0,0,0,0,0,0,0,0,0
2002,270474,2,1,0,0,0,0,0,0,0,0,0,0
2002,270474,3,1,0,0,0,0,0,0,0,0,0,0
2002,270475,1,1,0,0,0,0,0,0,0,0,0,0
2002,270475,2,1,0,0,0,0,0,0,0,0,0,0
2002,270476,1,1,0,0,0,0,0,0,0,0,0,0
2002,270476,2,1,0,0,0,0,0,0,0,0,0,0
2002,270477,1,1,18,18,18,18,18,18,18,18,18,18
2002,270478,1,1,0,0,0,0,0,0,0,0,0,0
2002,270478,2,1,0,0,0,0,0,0,0,0,0,0
2002,270479,1,1,0,0,0,0,0,0,0,0,0,0
2002,270479,2,1,0,0,0,0,0,0,0,0,0,0
2002,270480,1,1,0,0,0,0,0,0,0,0,0,0
2002,270481,1,1,0,0,0,0,0,0,0,0,0,0
2002,270482,0,1,0,0,0,0,0,0,0,0,0,0
2002,270482,1,1,0,0,0,0,0,0,0,0,0,0
2002,270483,1,1,15,15,15,15,15,15,15,15,15,15
2002,270484,1,1,0,0,0,0,0,0,0,0,0,0
2002,270485,0,1,0,0,0,0,0,0,0,0,0,0
2002,270485,0,2,0,0,0,0,16,0,0,0,0,0
2002,270485,1,1,3,3,3,3,3,3,3,3,3,3
2002,270486,1,1,0,7,0,0,11,0,16,0,0,0
2002,270487,1,1,0,0,0,0,0,0,0,0,0,0
2002,270488,1,1,0,0,0,0,0,0,0,0,0,0
2002,270488,2,1,0,0,0,0,0,0,0,0,0,0
2002,270489,1,1,29,29,29,29,29,29,29,29,29,29
2002,270490,1,1,23,23,23,23,23,23,23,23,23,23
2002,270490,2,1,0,0,0,0,0,0,0,0,0,0
2002,270491,0,1,0,0,0,0,0,7,0,0,0,16
2002,270491,1,1,0,0,0,0,0,0,0,0,0,0
2002,270492,1,1,0,0,0,0,0,0,0,0,0,0
2002,270493,1,1,0,0,0,0,0,0,0,0,0,0
2002,270494,1,1,0,0,0,0,0,0,0,0,0,0
2002,270495,1,1,0,0,0,0,0,0,0,0,0,0
2002,270495,2,1,0,0,0,0,0,0,0,0,0,0
2002,270495,3,1,0,0,0,0,0,0,0,0,0,0
2002,270496,1,1,15,15,15,15,15,15,15,15,15,15
2002,270497,1,1,0,0,0,0,0,0,0,0,0,0
2002,270498,0,1,0,0,0,0,0,0,0,0,0,0
2002,270498,1,1,0,0,0,0,0,0,0,0,0,0
2002,270499,0,1,0,0,0,0,0,0,0,0,0,0
2002,270499,1,1,0,0,0,0,0,0,0,0,0,0
2002,270500,1,1,0,0,0,0,0,0,0,0,0,0
2002,270501,1,1,0,0,0,0,0,0,0,0,0,0
2002,270501,2,1,0,0,0,0,0,0,0,0,0,0
2002,270502,1,1,0,0,0,0,0,0,0,0,0,0
2002,270503,1,1,0,0,0,0,0,0,0,0,0,0
2002,270504,1,1,0,0,0,0,0,0,0,0,0,0
2002,270504,2,1,0,0,0,0,0,0,0,0,0,0
2002,270505,1,1,12,12,12,12,12,12,12,12,12,12
2002,270506,1,1,22,22,22,22,22,22,22,22,22,22
2002,270506,2,1,0,0,0,0,0,0,0,0,0,0
2002,270507,1,1,0,0,0,0,0,0,0,0,0,0
2002,270507,2,1,0,0,0,0,0,0,0,17,0,0
2002,270508,1,1,0,0,0,0,0,0,0,0,0,0
2002,270508,2,1,0,0,0,0,0,0,0,0,0,0
2002,270508,3,1,0,0,0,0,0,0,0,0,0,0
2002,270509,0,1,0,0,24,0,0,0,0,0,0,0
2002,270509,1,1,0,0,0,0,0,0,0,0,0,0
2002,270510,1,1,0,0,0,0,0,0,0,0,0,0
2002,270511,0,1,0,0,0,0,0,0,0,0,0,0
2002,270511,1,1,0,0,0,0,0,0,0,0,0,0
2002,270512,1,1,0,0,0,0,0,0,0,0,0,0
2002,270512,2,1,0,0,0,0,0,0,0,0,0,0
2002,270513,1,1,0,0,0,0,0,0,0,0,0,0
2002,270514,1,1,0,0,0,0,0,0,0,0,0,0
2002,270515,1,1,23,23,23,23,23,23,23,23,23,23
2002,270516,1,1,15,15,15,15,15,15,15,15,15,15
2002,270517,1,1,7,7,7,7,7,7,7,7,7,7
2002,270517,2,1,1,1,1,1,1,1,1,1,1,1
2002,270518,1,1,0,0,0,0,0,0,0,0,0,0
2002,270519,1,1,24,24,24,24,24,24,24,24,24,24
2002,270520,1,1,28,28,28,28,28,28,28,28,28,28
2002,270521,1,1,8,0,0,0,0,23,31,0,0,0
2002,270522,1,1,0,0,0,0,0,0,0,0,0,0
2002,270523,1,1,0,0,0,0,0,0,0,0,0,0
2002,270524,1,1,20,20,20,20,20,20,20,20,20,20
2002,270525,1,1,0,0,0,0,0,0,0,0,0,0
2002,270526,1,1,0,0,0,0,0,0,0,0,0,0
2002,270526,2,1,0,0,0,0,0,0,0,0,0,0
2002,270527,1,1,0,0,0,0,0,0,0,0,0,0
2002,270527,2,1,0,0,0,0,0,0,0,0,0,0
2002,270528,0,1,0,38,13,37,0,0,11,14,0,26
2002,270528,1,1,10,8,14,11,0,7,12,0,3,13
2002,270529,1,1,0,0,0,0,0,2,0,0,0,0
2002,270530,1,1,0,0,0,0,0,0,0,0,0,0
2002,270531,1,1,9,9,9,9,9,9,9,9,9,9
2002,270531,2,1,0,0,0,0,0,0,0,0,0,0
2002,270532,1,1,0,0,0,0,0,0,0,0,0,0
2002,270532,2,1,0,0,0,0,0,0,0,0,0,0
2002,270533,1,1,24,24,24,24,24,24,24,24,24,24
2002,270534,1,1,22,0,8,4,0,21,0,16,19,0
2002,270534,2,1,0,0,0,0,0,0,0,0,0,0
2002,270535,1,1,17,17,17,17,17,17,17,17,17,17
2002,270536,1,1,0,0,0,0,0,0,0,0,0,0
2002,270536,2,1,0,0,0,0,0,0,0,0,0,0
2002,270537,1,1,0,0,0,0,0,0,0,0,0,0
2002,270538,1,1,6,6,6,6,6,6,6,6,6,6
2002,270539,1,1,19,15,14,15,16,23,12,15,23,13
2002,270540,1,1,3,18,13,7,11,16,9,7,11,25
2002,270541,1,1,23,23,23,23,23,23,23,23,23,23
2002,270542,1,1,0,0,0,15,0,0,0,0,0,0
2002,270542,2,1,0,0,0,0,0,0,0,0,0,0
2002,270542,3,1,0,0,0,0,0,0,0,0,0,0
2002,270543,1,1,0,0,0,0,0,0,0,0,0,0
2002,270543,2,1,0,0,0,0,0,0,0,0,0,0
2002,270544,1,1,0,0,0,0,0,0,0,0,0,0
2002,270544,2,1,0,0,0,0,0,0,0,0,0,0
2002,270545,1,1,0,0,0,0,0,0,0,0,0,0
2002,270545,2,1,0,0,0,0,0,0,0,0,0,0
2002,270546,1,1,0,0,0,0,0,0,0,0,0,0
2002,270547,1,1,0,0,0,0,0,0,0,0,0,0
2002,270547,2,1,0,0,0,0,0,0,0,0,0,0
2002,270548,0,1,0,0,0,0,0,0,0,0,0,0
2002,270548,1,1,0,0,0,0,0,0,0,0,0,0
2002,270549,1,1,0,0,0,0,0,0,0,0,0,0
2002,270549,2,1,0,0,0,0,0,0,0,0,0,0
2002,270550,1,1,21,21,21,21,21,21,21,21,21,21
2002,270551,1,1,22,22,22,22,22,22,22,22,22,22
2002,270552,0,1,0,0,0,0,0,0,0,0,0,0
2002,270552,1,1,0,0,7,0,0,0,0,0,0,0
2002,270553,1,1,15,15,15,15,15,15,15,15,15,15
2002,270554,1,1,32,32,32,32,32,32,32,32,32,32
2002,270555,0,1,15,15,15,15,15,15,15,15,15,15
2002,270555,1,1,0,0,0,0,0,0,0,0,0,0
2002,270556,1,1,12,12,12,12,12,12,12,12,12,12
2002,270556,2,1,0,0,0,0,0,0,0,0,0,0
2002,270556,3,1,0,0,0,0,0,0,0,0,0,0
2002,270557,1,1,0,0,0,0,0,0,0,0,0,0
2002,270558,1,1,16,16,16,16,16,16,16,16,16,16
2002,270559,0,1,14,14,14,14,14,14,14,14,14,14
2002,270559,1,1,0,0,0,0,0,0,0,0,0,0
2002,270559,2,1,0,0,0,0,0,0,0,0,0,0
2002,270560,0,1,0,0,0,0,0,0,0,0,0,0
2002,270560,1,1,6,6,6,6,6,6,6,6,6,6
2002,270561,1,1,27,27,27,27,27,27,27,27,27,27
2002,270561,2,1,0,0,0,0,0,0,0,0,0,0
2002,270562,1,1,0,0,0,0,0,0,0,0,0,0
2002,270562,2,1,0,0,0,0,0,0,0,0,0,0
2002,270563,1,1,24,24,24,24,24,24,24,24,24,24
2002,270564,1,1,25,24,0,0,0,0,0,0,26,16
2002,270565,1,1,0,0,0,0,0,0,0,0,0,0
2002,270566,1,1,0,0,0,0,0,0,0,0,0,0
2002,270566,2,1,0,0,0,0,0,0,0,0,0,0
2002,270567,1,1,25,25,25,25,25,25,25,25,25,25
2002,270568,1,1,0,0,0,0,0,0,0,0,0,0
2002,270568,2,1,0,0,0,0,0,0,0,0,0,0
2002,270569,1,1,6,6,6,6,6,6,6,6,6,6
2002,270570,1,1,0,0,0,0,0,0,0,0,0,0
2002,270571,1,1,5,0,0,0,0,0,0,0,21,0
2002,270572,1,1,0,0,0,0,0,0,0,0,0,0
2002,270573,1,1,17,17,17,17,17,17,17,17,17,17
2002,270574,1,1,32,32,32,32,32,32,32,32,32,32
2002,270574,2,1,0,0,0,0,0,0,0,0,0,0
2002,270575,1,1,20,20,20,20,20,20,20,20,20,20
2002,270576,1,1,27,18,12,13,38,25,25,26,30,17
2002,270577,1,1,0,0,0,0,0,0,0,0,0,0
2002,270577,2,1,0,15,0,0,0,0,0,0,0,0
2002,270578,0,1,0,0,0,0,0,0,0,0,0,0
2002,270578,1,1,0,0,0,0,0,0,0,0,0,0
2002,270579,1,1,0,0,0,0,0,0,0,0,0,0
2002,270580,1,1,14,14,14,14,14,14,14,14,14,14
2002,270581,0,1,0,0,0,0,0,0,0,0,0,0
2002,270581,1,1,0,0,0,0,0,0,0,0,0,0
2002,270582,1,1,31,21,9,16,19,28,17,13,25,34
2002,270582,2,1,0,0,0,0,0,0,0,0,0,0
2002,270583,0,1,0,0,0,0,0,0,0,0,0,0
2002,270583,1,1,0,0,0,0,0,0,0,0,0,0
2002,270584,1,1,0,0,0,0,0,0,0,0,0,0
2002,270585,1,1,0,0,0,0,0,0,0,0,0,0
2002,270585,2,1,0,0,0,0,0,0,0,0,0,0
2002,270586,1,1,31,31,31,31,31,31,31,31,31,31
2002,270587,1,1,10,0,0,18,0,0,0,0,0,0
2002,270588,1,1,0,0,0,0,0,0,0,0,0,0
2002,270588,2,1,0,0,0,0,0,0,0,0,0,0
2002,270589,1,1,18,20,15,40,11,14,15,17,0,20
2002,270590,1,1,0,0,0,0,0,0,0,0,0,0
2002,270590,2,1,0,0,0,0,0,0,0,0,0,0
2002,270591,1,1,0,0,0,0,0,0,0,0,0,0
2002,270591,2,1,0,0,0,0,0,0,0,0,0,0
2002,270592,1,1,0,0,0,0,0,0,0,0,0,0
2002,270593,1,1,0,0,0,0,0,0,0,0,0,0
2002,270593,2,1,0,0,0,0,0,0,0,0,0,0
2002,270594,1,1,13,23,0,0,19,9,18,0,17,18
2002,270595,0,1,0,0,0,0,0,0,0,0,0,0
2002,270595,1,1,0,0,0,0,0,0,0,0,0,0
2002,270596,1,1,20,20,20,20,20,20,20,20,20,20
2002,270597,1,1,7,7,7,7,7,7,7,7,7,7
2002,280001,1,1,7,7,7,7,7,7,7,7,7,7
2002,280002,1,1,2,2,2,2,2,2,2,2,2,2
2002,280003,1,1,28,28,28,28,28,28,28,28,28,28
2002,280004,1,1,14,2,0,0,0,0,0,0,0,0
2002,280005,1,1,0,0,0,0,0,0,0,0,0,0
2002,280005,2,1,0,0,0,0,0,0,0,0,0,0
2002,280006,1,1,0,0,0,0,20,0,9,0,0,30
2002,280006,2,1,0,0,0,0,0,0,0,0,0,0
2002,280007,1,1,0,0,0,0,0,0,0,0,0,0
2002,280008,1,1,0,0,0,0,0,0,0,0,0,0
2002,280009,1,1,0,0,0,0,0,0,0,0,0,0
2002,280010,1,1,10,0,0,18,9,0,12,0,17,0
2002,280011,1,1,25,6,15,21,16,0,0,0,23,0
2002,280012,1,1,0,0,0,0,0,0,0,0,0,0
2002,280012,2,1,0,0,0,0,0,0,0,0,0,9
2002,280012,3,1,0,0,0,0,0,0,0,0,0,0
2002,280013,1,1,0,0,0,0,0,0,0,0,0,0
2002,280013,2,1,16,16,16,16,16,16,16,16,16,16
2002,280014,1,1,0,0,0,0,0,0,0,0,0,0
2002,280015,1,1,28,28,28,28,28,28,28,28,28,28
2002,280016,1,1,16,16,16,16,16,16,16,16,16,16
2002,280017,1,1,18,18,18,18,18,18,18,18,18,18
2002,280018,1,1,16,16,16,16,16,16,16,16,16,16
2002,280019,1,1,22,22,22,22,22,22,22,22,22,22
2002,280020,1,1,0,0,0,0,0,0,0,0,0,0
2002,280020,2,1,18,0,0,22,0,7,0,16,20,0
2002,280020,3,1,0,0,0,0,0,0,0,0,0,0
2002,280021,1,1,18,18,18,18,18,18,18,18,18,18
2002,280022,1,1,0,0,0,0,0,0,0,0,0,0
2002,280023,1,1,0,0,0,0,0,0,0,0,0,0
2002,280024,1,1,0,0,0,0,0,0,0,0,0,0
2002,280025,1,1,0,0,0,0,0,0,0,0,0,0
2002,280026,1,1,0,0,0,0,0,0,0,0,0,0
2002,280027,0,1,0,0,0,0,0,0,0,0,0,0
2002,280027,1,1,0,0,0,0,0,0,0,0,0,0
2002,280028,1,1,0,0,0,0,3,0,0,18,0,16
2002,280029,1,1,24,38,0,18,22,14,14,19,10,28
2002,280030,1,1,0,0,0,0,0,0,0,0,0,0
2002,280030,2,1,0,0,0,0,0,0,0,0,0,0
2002,280031,1,1,16,16,16,16,16,16,16,16,16,16
2002,280032,1,1,0,0,0,0,0,0,0,0,0,0
2002,280032,2,1,0,0,0,0,0,0,0,0,0,0
2002,280033,1,1,14,14,14,14,14,14,14,14,14,14
2002,280033,2,1,14,14,14,14,14,14,14,14,14,14
2002,280034,1,1,0,0,0,0,0,0,0,0,0,0
2002,280034,2,1,27,27,27,27,27,27,27,27,27,27
2002,280035,1,1,24,24,24,24,24,24,24,24,24,24
2002,280036,1,1,36,12,25,18,25,22,25,19,25,20
2002,280037,1,1,0,0,0,0,0,0,0,0,0,0
2002,280038,1,1,0,0,0,0,0,0,0,0,0,0
2002,280038,2,1,0,0,0,0,0,0,0,0,0,0
2002,280039,1,1,0,0,0,0,0,0,0,0,0,0
2002,280039,2,1,0,0,0,0,0,0,0,0,0,0
2002,280040,1,1,0,0,0,0,0,0,0,0,0,0
2002,280040,2,1,0,0,0,0,0,0,0,0,0,0
2002,280041,1,1,26,26,26,26,26,26,26,26,26,26
2002,280042,1,1,8,0,0,0,20,22,0,15,18,0
2002,280043,1,1,0,0,0,0,0,13,0,0,0,0
2002,280044,1,1,0,0,0,0,0,0,0,0,0,0
2002,280044,2,1,0,0,0,0,0,0,0,0,0,0
2002,280045,1,1,0,0,0,0,0,0,0,0,0,0
2002,280046,1,1,0,0,0,0,0,0,0,0,0,0
2002,280046,2,1,18,18,18,18,18,18,18,18,18,18
2002,280047,1,1,0,0,0,0,0,0,0,0,0,0
2002,280047,2,1,0,0,0,0,0,0,0,0,0,0
2002,280048,1,1,0,0,0,0,0,0,0,3,0,0
2002,280049,1,1,0,0,0,0,26,0,0,0,0,0
2002,280050,1,1,0,0,0,0,0,0,0,0,0,0
2002,280051,1,1,6,6,6,6,6,6,6,6,6,6
2002,280052,1,1,0,0,0,0,0,0,0,0,0,0
2002,280052,2,1,0,0,0,0,0,0,0,0,0,0
2002,280053,1,1,0,0,0,0,0,0,0,0,0,0
2002,280053,2,1,0,0,0,0,0,0,0,0,0,0
2002,280054,1,1,11,11,11,11,11,11,11,11,11,11
2002,280055,1,1,3,10,18,20,35,20,9,0,15,12
2002,280056,1,1,23,23,23,23,23,23,23,23,23,23
2002,280057,1,1,0,26,0,37,14,0,0,0,0,7
2002,280058,1,1,0,0,0,0,0,0,0,0,0,0
2002,280059,1,1,0,0,0,0,0,0,0,0,0,0
2002,280059,2,1,0,0,0,0,0,0,0,0,0,0
2002,280059,3,1,0,0,0,0,0,0,0,0,0,0
2002,280060,1,1,0,0,20,0,14,15,0,3,0,0
2002,280061,1,1,0,0,31,11,0,15,0,19,0,0
2002,280062,1,1,0,0,0,0,0,0,0,0,0,0
2002,280062,2,1,0,0,0,0,0,0,0,0,0,0
2002,280063,1,1,0,0,0,0,0,0,0,0,0,0
2002,280063,2,1,13,13,13,13,13,13,13,13,13,13
2002,280064,1,1,0,0,0,0,0,0,0,0,0,0
2002,280064,2,1,0,0,0,0,0,0,0,0,0,0
2002,280065,0,1,0,0,0,0,0,0,0,0,0,0
2002,280065,1,1,0,10,0,0,0,0,0,0,0,4
2002,280066,0,1,17,26,0,25,27,34,0,0,19,0
2002,280066,1,1,0,0,26,10,23,0,0,0,0,0
2002,280067,1,1,0,0,0,0,0,0,0,0,0,0
2002,280067,2,1,0,0,0,0,0,0,0,0,0,0
2002,280068,1,1,0,0,0,0,0,0,0,0,0,0
2002,280069,0,1,0,0,0,0,0,0,0,0,0,0
2002,280069,1,1,0,0,0,0,0,0,0,0,0,0
2002,280070,1,1,0,0,0,0,0,0,0,0,0,0
2002,280070,2,1,18,18,18,18,18,18,18,18,18,18
2002,280071,1,1,0,0,0,0,0,0,0,0,0,0
2002,280072,1,1,0,0,0,0,0,0,0,0,0,0
2002,280072,2,1,0,0,0,0,0,0,0,0,0,0
2002,280073,1,1,24,0,0,19,5,0,12,0,0,0
2002,280074,1,1,0,0,0,0,0,0,0,0,0,0
2002,280074,2,1,0,0,0,9,0,0,0,0,7,0
2002,280075,1,1,0,0,0,0,0,0,0,0,0,0
2002,280075,2,1,0,0,0,0,0,0,0,0,0,0
2002,280076,1,1,0,0,0,0,0,0,0,0,0,0