YEAR,ST_CASE,veh_no,per_no,P1,P2,P3,P4,P5,P6,P7,P8,P9,P10
2002,280077,1,1,0,0,0,0,0,0,0,0,0,0
2002,280077,2,1,0,0,0,0,0,0,0,0,0,0
2002,280078,1,1,0,0,0,0,0,0,0,0,0,0
2002,280079,1,1,14,14,14,14,14,14,14,14,14,14
2002,280080,1,1,19,19,19,19,19,19,19,19,19,19
2002,280081,1,1,0,0,0,0,0,0,0,0,0,0
2002,280081,2,1,0,0,0,0,0,0,0,0,0,0
2002,280082,1,1,0,0,0,0,0,0,0,0,0,0
2002,280083,1,1,13,0,0,0,0,0,0,12,0,0
2002,280084,1,1,0,0,0,0,0,0,0,0,0,0
2002,280084,2,1,0,0,0,0,0,0,0,0,0,0
2002,280085,1,1,0,0,0,0,0,0,0,0,0,0
2002,280085,2,1,0,0,0,0,0,0,0,0,0,0
2002,280086,1,1,0,19,0,0,0,0,0,0,0,0
2002,280086,2,1,0,0,0,0,0,0,0,0,0,0
2002,280087,1,1,0,0,0,0,0,0,0,0,0,0
2002,280087,2,1,0,0,0,0,0,0,0,0,0,0
2002,280087,3,1,15,15,15,15,15,15,15,15,15,15
2002,280087,4,1,11,11,11,11,11,11,11,11,11,11
2002,280088,1,1,21,21,21,21,21,21,21,21,21,21
2002,280089,1,1,0,7,0,15,25,0,0,0,0,13
2002,280090,1,1,13,0,33,0,0,0,0,0,0,0
2002,280091,1,1,0,0,0,22,0,0,0,0,0,0
2002,280091,2,1,0,0,0,0,0,0,17,0,0,0
2002,280092,0,1,0,0,0,0,0,0,36,0,0,6
2002,280092,1,1,0,14,0,6,0,0,0,0,0,0
2002,280093,1,1,0,0,0,0,0,0,0,0,0,0
2002,280093,2,1,0,0,0,0,0,0,0,0,0,0
2002,280094,1,1,0,0,0,0,0,0,0,0,0,0
2002,280094,2,1,0,0,0,10,0,0,0,0,0,0
2002,280095,1,1,0,0,0,0,0,0,0,0,0,0
2002,280096,1,1,22,22,22,22,22,22,22,22,22,22
2002,280097,1,1,0,0,0,0,0,0,0,0,0,0
2002,280097,2,1,0,0,0,0,0,0,0,0,0,0
2002,280098,1,1,0,0,0,0,0,0,14,12,11,0
2002,280099,1,1,0,0,0,0,0,0,0,0,0,0
2002,280099,2,1,0,0,0,0,0,0,0,0,0,35
2002,280100,1,1,0,0,0,0,0,0,0,0,0,0
2002,280101,1,1,0,0,0,0,0,0,0,0,0,0
2002,280101,2,1,0,0,0,0,0,0,0,0,0,0
2002,280102,1,1,0,0,0,0,0,0,0,0,0,0
2002,280103,1,1,0,0,13,0,0,0,0,0,0,0
2002,280103,2,1,0,0,0,0,0,0,0,0,0,0
2002,280104,1,1,0,0,0,0,0,0,0,0,0,0
2002,280104,2,1,0,0,0,0,0,0,0,0,0,0
2002,280105,1,1,0,0,0,0,0,0,0,0,0,0
2002,280105,2,1,0,0,0,12,0,0,11,0,0,0
2002,280106,1,1,9,9,9,9,9,9,9,9,9,9
2002,280107,1,1,19,19,19,19,19,19,19,19,19,19
2002,280107,2,1,0,0,0,0,0,0,0,0,0,0
2002,280108,1,1,18,18,18,18,18,18,18,18,18,18
2002,280109,0,1,0,0,32,0,16,0,0,12,29,15
2002,280109,1,1,0,0,19,0,0,18,8,0,0,13
2002,280110,1,1,0,0,0,9,12,0,0,0,0,0
2002,280111,1,1,0,0,0,16,0,0,0,0,0,0
2002,280111,2,1,0,0,0,0,0,0,7,0,0,0
2002,280112,1,1,0,0,0,0,0,0,0,0,0,0
2002,280112,2,1,0,0,0,0,0,0,0,0,0,0
2002,280112,3,1,0,0,0,0,0,0,0,0,0,0
2002,280113,1,1,0,0,0,0,0,0,0,0,0,0
2002,280114,1,1,0,0,0,0,0,0,0,0,0,0
2002,280114,2,1,0,0,0,0,0,0,0,0,0,0
2002,280115,1,1,0,0,0,0,0,0,0,0,0,0
2002,280115,2,1,0,0,0,0,0,0,0,0,0,0
2002,280116,1,1,0,0,0,0,0,0,0,0,0,0
2002,280116,2,1,15,15,15,15,15,15,15,15,15,15
2002,280117,1,1,0,0,15,0,0,0,0,0,0,0
2002,280117,2,1,0,0,0,0,0,0,0,0,0,0
2002,280118,1,1,0,0,0,0,0,0,0,0,0,0
2002,280119,1,1,14,14,14,14,14,14,14,14,14,14
2002,280119,2,1,0,0,0,0,0,0,0,0,0,0
2002,280120,1,1,0,0,0,0,0,0,0,0,0,0
2002,280121,0,1,0,0,0,0,0,0,0,0,0,0
2002,280121,1,1,11,11,11,11,11,11,11,11,11,11
2002,280122,1,1,0,0,0,0,0,0,0,0,0,0
2002,280122,2,1,4,4,4,4,4,4,4,4,4,4
2002,280123,1,1,0,0,0,0,0,0,0,0,0,0
2002,280123,2,1,0,0,0,0,0,0,0,0,0,0
2002,280124,1,1,0,0,0,0,0,0,0,0,0,0
2002,280124,2,1,0,0,0,0,0,0,0,0,0,0
2002,280125,1,1,21,21,21,21,21,21,21,21,21,21
2002,280125,2,1,0,0,0,0,0,0,0,0,0,0
2002,280126,1,1,0,0,0,0,0,0,0,0,0,0
2002,280127,1,1,0,0,0,0,0,0,0,0,0,0
2002,280127,2,1,0,0,0,0,0,0,0,0,0,0
2002,280128,1,1,24,7,0,0,0,0,0,0,0,0
2002,280129,1,1,0,0,0,0,0,0,0,0,0,0
2002,280129,2,1,0,0,0,0,0,0,0,0,0,0
2002,280130,1,1,0,0,0,0,0,0,0,0,0,0
2002,280131,0,1,0,0,0,0,0,0,0,0,0,0
2002,280131,1,1,0,0,0,0,0,0,0,0,0,0
2002,280132,1,1,19,0,4,0,0,0,32,0,0,0
2002,280132,2,1,0,0,0,0,0,15,0,0,0,0
2002,280133,1,1,16,16,16,16,16,16,16,16,16,16
2002,280134,0,1,0,0,0,0,0,0,0,0,0,0
2002,280134,1,1,0,0,10,0,0,0,0,15,0,0
2002,280135,1,1,16,16,16,16,16,16,16,16,16,16
2002,280136,1,1,0,0,0,0,0,0,0,0,0,0
2002,280137,1,1,0,3,0,0,0,13,0,13,17,10
2002,280138,1,1,23,23,23,23,23,23,23,23,23,23
2002,280139,1,1,8,8,8,8,8,8,8,8,8,8
2002,280140,1,1,0,3,36,15,0,0,0,0,0,19
2002,280141,1,1,11,0,0,0,0,0,0,0,0,0
2002,280141,2,1,0,15,0,0,0,0,0,0,11,13
2002,280142,1,1,11,11,11,11,11,11,11,11,11,11
2002,280143,0,1,0,0,17,0,0,0,0,0,0,0
2002,280143,1,1,0,0,0,0,0,11,0,0,24,0
2002,280144,1,1,0,0,0,0,10,0,0,0,0,0
2002,280144,2,1,0,0,0,0,0,0,0,0,0,0
2002,280145,1,1,0,0,0,0,0,0,0,0,0,0
2002,280146,1,1,0,0,0,0,0,0,0,0,0,0
2002,280146,2,1,0,0,0,0,0,0,0,0,0,0
2002,280147,1,1,32,32,32,32,32,32,32,32,32,32
2002,280148,1,1,13,13,13,13,13,13,13,13,13,13
2002,280149,1,1,0,0,0,0,0,0,0,0,0,0
2002,280149,2,1,0,0,0,0,0,0,0,0,0,0
2002,280150,1,1,0,0,0,0,0,0,0,0,0,0
2002,280150,2,1,0,0,0,0,0,0,0,0,0,0
2002,280151,1,1,24,0,0,0,0,0,0,0,0,0
2002,280152,1,1,11,11,11,11,11,11,11,11,11,11
2002,280153,1,1,16,0,0,0,0,2,0,0,0,0
2002,280153,2,1,0,0,0,0,13,41,0,0,0,0
2002,280154,1,1,26,26,26,26,26,26,26,26,26,26
2002,280155,1,1,0,20,20,0,20,0,21,11,14,25
2002,280155,2,1,0,18,21,0,23,8,15,0,0,29
2002,280156,1,1,23,23,23,23,23,23,23,23,23,23
2002,280157,1,1,0,0,0,0,25,0,0,0,0,0
2002,280158,1,1,0,0,0,0,0,0,0,0,0,0
2002,280159,1,1,0,0,0,0,0,0,0,0,0,0
2002,280159,2,1,0,0,0,0,0,0,0,0,0,0
2002,280160,1,1,0,0,0,16,0,0,0,0,0,0
2002,280161,1,1,0,0,0,0,0,0,0,0,0,0
2002,280161,2,1,0,0,0,0,0,0,0,0,0,18
2002,280162,1,1,0,0,0,0,0,0,0,0,0,0
2002,280163,0,1,23,0,43,45,38,22,0,46,18,32
2002,280163,1,1,0,0,0,0,5,0,4,19,0,0
2002,280164,1,1,0,0,0,0,0,0,0,0,0,0
2002,280164,2,1,0,0,0,0,0,0,0,0,0,0
2002,280165,1,1,22,22,22,22,22,22,22,22,22,22
2002,280166,1,1,0,0,0,0,0,0,0,0,0,0
2002,280166,2,1,0,0,0,0,0,0,0,0,0,0
2002,280167,1,1,6,6,6,6,6,6,6,6,6,6
2002,280168,1,1,0,0,0,0,0,0,0,0,0,0
2002,280168,2,1,25,0,0,0,0,0,18,16,0,19
2002,280168,3,1,0,0,0,0,0,0,0,0,0,0
2002,280169,0,1,0,0,0,0,0,0,0,0,0,0
2002,280169,1,1,0,0,0,0,6,3,4,19,0,11
2002,280170,1,1,0,0,15,0,0,0,10,0,0,0
2002,280171,1,1,0,0,0,0,0,0,0,0,0,0
2002,280172,1,1,16,12,9,0,16,0,0,21,9,12
2002,280173,1,1,6,6,6,6,6,6,6,6,6,6
2002,280174,1,1,18,16,0,0,5,0,27,10,0,14
2002,280175,1,1,10,10,10,10,10,10,10,10,10,10
2002,280176,1,1,0,0,0,0,0,0,0,0,0,0
2002,280176,2,1,0,0,0,0,0,0,0,0,0,0
2002,280177,1,1,15,15,15,15,15,15,15,15,15,15
2002,280177,2,1,0,0,0,14,0,0,25,0,10,0
2002,280178,1,1,0,0,0,0,0,0,0,0,0,0
2002,280179,1,1,0,0,0,0,0,0,0,0,0,0
2002,280179,2,1,0,0,0,0,0,0,0,0,0,0
2002,280180,1,1,16,16,16,16,16,16,16,16,16,16
2002,280181,1,1,0,0,0,0,0,0,0,0,0,0
2002,280181,2,1,0,0,0,0,0,0,0,0,0,0
2002,280182,1,1,0,0,0,0,0,0,0,0,0,0
2002,280183,1,1,0,0,0,0,0,0,0,0,0,0
2002,280184,1,1,22,22,22,22,22,22,22,22,22,22
2002,280185,1,1,0,0,0,7,0,19,22,14,0,10
2002,280186,1,1,25,0,0,0,0,0,0,0,0,0
2002,280186,2,1,0,0,0,0,0,0,0,0,0,0
2002,280187,1,1,0,0,0,0,0,0,0,0,0,0
2002,280187,2,1,0,0,0,0,0,0,0,0,0,0
2002,280188,0,1,14,14,14,14,14,14,14,14,14,14
2002,280188,1,1,0,0,0,0,0,0,0,0,0,0
2002,280189,1,1,0,0,0,0,0,0,0,0,0,0
2002,280189,2,1,5,0,0,0,0,0,0,5,0,0
2002,280191,1,1,12,0,0,0,0,6,26,0,0,0
2002,280191,2,1,0,0,0,0,0,0,0,0,0,0
2002,280192,1,1,0,0,0,0,0,0,0,0,0,0
2002,280192,2,1,0,0,0,0,0,0,0,0,0,0
2002,280193,1,1,13,13,13,13,13,13,13,13,13,13
2002,280194,1,1,23,23,23,23,23,23,23,23,23,23
2002,280195,1,1,15,15,15,15,15,15,15,15,15,15
2002,280196,1,1,0,0,0,0,0,0,0,0,0,0
2002,280197,1,1,0,0,0,0,0,0,0,0,0,0
2002,280198,1,1,12,12,12,12,12,12,12,12,12,12
2002,280198,2,1,23,23,23,23,23,23,23,23,23,23
2002,280199,1,1,0,0,0,0,0,0,0,0,0,0
2002,280199,2,1,12,12,12,12,12,12,12,12,12,12
2002,280200,1,1,6,0,0,0,0,0,0,21,0,0
2002,280200,2,1,0,9,10,0,0,7,0,0,0,0
2002,280201,1,1,0,0,0,0,0,0,0,0,0,0
2002,280201,2,1,0,21,0,0,0,17,0,13,0,0
2002,280203,1,1,0,0,0,0,0,0,0,0,0,0
2002,280203,2,1,0,0,0,0,0,0,0,0,0,0
2002,280204,1,1,32,32,32,32,32,32,32,32,32,32
2002,280205,1,1,0,0,43,0,0,0,0,19,0,0
2002,280206,1,1,0,0,0,0,0,0,0,0,0,0
2002,280206,2,1,0,0,0,0,0,0,0,0,0,0
2002,280207,1,1,0,0,0,0,0,0,0,0,0,0
2002,280207,2,1,0,0,0,0,0,0,0,0,0,0
2002,280208,1,1,0,0,0,0,0,0,0,0,0,0
2002,280208,2,1,0,0,0,0,12,0,0,0,0,0
2002,280209,1,1,0,0,15,0,0,0,4,7,0,0
2002,280210,1,1,27,27,27,27,27,27,27,27,27,27
2002,280211,1,1,0,0,0,0,0,0,0,0,0,0
2002,280211,2,1,0,0,0,0,0,0,0,0,0,0
2002,280212,1,1,0,0,0,0,0,0,0,0,0,0
2002,280212,2,1,0,0,0,0,0,0,0,0,0,0
2002,280213,1,1,0,0,0,0,0,0,0,0,0,19
2002,280213,2,1,0,0,0,0,0,0,0,0,6,0
2002,280214,1,1,0,19,0,0,0,0,0,0,14,0
2002,280214,2,1,0,0,0,0,0,0,0,0,0,0
2002,280215,1,1,0,0,0,0,0,0,0,0,0,0
2002,280215,2,1,0,0,0,0,0,0,0,0,0,0
2002,280216,1,1,0,9,19,24,25,31,19,17,13,0
2002,280217,0,1,0,11,20,0,0,0,0,0,0,0
2002,280217,1,1,0,0,0,0,0,0,0,0,0,0
2002,280218,1,1,21,21,21,21,21,21,21,21,21,21
2002,280219,1,1,1,1,1,1,1,1,1,1,1,1
2002,280220,1,1,0,0,0,0,0,0,0,0,0,0
2002,280221,1,1,0,27,19,0,0,0,0,0,0,0
2002,280222,0,1,0,15,0,0,0,0,0,0,0,17
2002,280222,1,1,0,0,0,0,0,0,0,0,0,0
2002,280223,1,1,0,0,0,0,0,0,0,0,0,15
2002,280223,2,1,0,0,0,0,0,0,0,0,0,0
2002,280224,1,1,26,26,26,26,26,26,26,26,26,26
2002,280225,1,1,16,16,16,16,16,16,16,16,16,16
2002,280225,2,1,0,0,0,0,0,0,0,0,0,0
2002,280226,1,1,13,13,13,13,13,13,13,13,13,13
2002,280227,1,1,13,13,13,13,13,13,13,13,13,13
2002,280227,2,1,0,0,0,0,0,0,0,0,0,0
2002,280228,1,1,0,0,0,0,0,0,0,0,0,0
2002,280229,1,1,0,0,0,0,0,0,0,0,0,0
2002,280230,1,1,0,0,0,0,0,0,0,0,0,0
2002,280231,1,1,0,0,0,0,0,0,0,0,0,0
2002,280232,1,1,0,0,0,0,0,0,0,0,0,0
2002,280232,2,1,0,0,0,0,0,0,21,0,9,12
2002,280233,1,1,0,0,0,0,0,0,0,0,0,0
2002,280234,1,1,0,0,0,0,0,0,0,0,0,21
2002,280234,2,1,0,0,0,24,0,0,0,0,0,0
2002,280235,1,1,0,0,0,0,0,0,0,0,0,0
2002,280236,1,1,5,5,5,5,5,5,5,5,5,5
2002,280237,1,1,0,0,0,0,0,0,0,0,0,0
2002,280237,2,1,0,0,0,0,0,0,0,0,17,0
2002,280238,1,1,0,0,0,0,0,0,0,0,0,0
2002,280238,2,1,0,0,0,0,0,0,0,0,0,0
2002,280239,1,1,0,0,0,0,0,0,0,0,0,0
2002,280240,1,1,0,0,0,0,0,0,0,0,0,0
2002,280240,2,1,0,0,0,0,0,0,0,0,0,0
2002,280241,1,1,21,21,21,21,21,21,21,21,21,21
2002,280241,2,1,0,0,0,0,0,0,0,0,0,0
2002,280242,0,1,0,0,0,0,0,19,0,0,18,0
2002,280242,1,1,11,8,0,0,0,0,0,5,0,0
2002,280243,1,1,4,4,4,4,4,4,4,4,4,4
2002,280244,1,1,18,18,18,18,18,18,18,18,18,18
2002,280245,1,1,0,0,0,0,0,0,0,0,0,0
2002,280246,1,1,0,18,0,0,0,0,0,0,0,18
2002,280246,2,1,0,0,0,0,0,0,0,0,0,0
2002,280246,3,1,0,0,0,0,0,0,0,0,0,0
2002,280247,1,1,11,11,11,11,11,11,11,11,11,11
2002,280247,2,1,0,0,0,0,0,0,0,0,0,0
2002,280248,1,1,8,8,8,8,8,8,8,8,8,8
2002,280248,2,1,0,0,0,0,0,0,0,0,0,0
2002,280249,1,1,0,0,0,0,0,0,0,0,0,0
2002,280249,2,1,0,0,0,0,0,0,0,0,0,0
2002,280250,1,1,0,0,0,0,0,0,0,0,0,0
2002,280250,2,1,0,0,0,0,0,0,0,0,0,0
2002,280251,1,1,0,0,0,0,0,0,0,0,0,0
2002,280251,2,1,0,0,0,0,0,10,0,11,21,0
2002,280252,1,1,0,34,12,0,17,13,22,0,13,6
2002,280253,1,1,14,14,14,14,14,14,14,14,14,14
2002,280254,1,1,0,0,0,0,0,0,0,0,0,0
2002,280254,2,1,0,0,0,0,0,0,0,0,0,0
2002,280255,0,1,6,6,6,6,6,6,6,6,6,6
2002,280255,1,1,15,0,0,18,10,0,0,0,0,0
2002,280256,1,1,0,0,0,0,0,0,0,0,0,0
2002,280256,2,1,0,0,0,0,0,0,0,0,0,0
2002,280257,1,1,0,0,0,0,0,0,0,0,0,0
2002,280257,2,1,0,0,0,0,0,0,0,0,0,0
2002,280257,3,1,0,0,0,0,0,0,0,0,0,0
2002,280258,1,1,16,16,16,16,16,16,16,16,16,16
2002,280259,1,1,0,0,0,0,0,0,0,0,0,0
2002,280260,1,1,0,0,0,0,0,0,0,0,0,0
2002,280260,2,1,0,0,0,0,0,0,0,0,0,0
2002,280260,3,1,0,0,0,0,0,0,0,0,0,0
2002,280261,1,1,0,0,0,0,0,0,0,0,0,0
2002,280262,1,1,0,0,0,0,0,0,0,0,0,0
2002,280263,1,1,0,0,0,9,21,0,0,18,0,0
2002,280264,0,1,0,0,0,0,0,0,0,0,0,0
2002,280264,1,1,0,0,0,0,0,0,0,0,0,0
2002,280265,1,1,0,0,0,0,0,0,0,0,0,0
2002,280265,2,1,0,0,0,0,0,0,0,12,0,0
2002,280266,0,1,0,23,20,13,0,25,0,31,5,0
2002,280266,1,1,0,0,0,0,0,0,14,14,0,20
2002,280267,1,1,0,0,6,11,0,0,42,19,15,19
2002,280268,0,1,18,0,0,0,0,0,0,0,0,22
2002,280268,1,1,0,0,23,9,0,31,0,14,0,0
2002,280269,1,1,0,0,0,0,0,0,0,0,0,0
2002,280269,2,1,0,0,0,0,0,0,0,0,0,0
2002,280269,3,1,0,0,0,0,0,0,0,0,0,0
2002,280270,1,1,0,0,0,0,0,0,0,0,0,0
2002,280270,2,1,12,23,0,24,0,5,0,7,13,0
2002,280271,1,1,18,18,18,18,18,18,18,18,18,18
2002,280272,1,1,23,17,9,0,0,0,8,0,0,0
2002,280273,1,1,0,0,0,0,0,0,0,0,0,0
2002,280273,2,1,0,0,0,0,0,0,0,0,0,0
2002,280274,1,1,0,0,0,0,0,0,0,0,0,0
2002,280274,2,1,0,0,0,0,0,0,0,0,0,0
2002,280275,1,1,0,0,0,0,0,0,0,0,0,0
2002,280275,2,1,0,0,0,9,0,0,0,0,0,0
2002,280276,1,1,15,15,15,15,15,15,15,15,15,15
2002,280277,1,1,0,0,0,0,0,0,0,0,0,0
2002,280277,2,1,0,0,0,0,0,22,0,0,6,0
2002,280278,1,1,0,0,0,0,0,0,0,0,0,0
2002,280278,2,1,0,0,0,0,0,0,0,0,0,0
2002,280279,0,1,0,0,0,0,0,0,0,0,0,0
2002,280279,1,1,0,0,0,0,0,0,0,0,0,0
2002,280280,1,1,12,12,12,12,12,12,12,12,12,12
2002,280281,1,1,0,0,0,0,0,0,0,0,0,0
2002,280282,1,1,0,0,0,0,0,0,0,0,0,0
2002,280282,2,1,0,0,0,0,0,0,0,0,0,0
2002,280283,1,1,35,26,14,26,19,15,0,0,21,16
2002,280284,1,1,0,0,0,0,0,0,0,0,0,7
2002,280284,2,1,0,0,0,0,0,0,0,0,0,0
2002,280285,1,1,0,0,0,0,0,0,0,15,0,0
2002,280286,1,1,0,0,0,0,0,0,0,0,0,0
2002,280287,1,1,36,36,36,36,36,36,36,36,36,36
2002,280288,1,1,0,0,0,0,0,0,0,0,0,0
2002,280288,2,1,0,0,0,0,0,0,0,0,0,0
2002,280289,1,1,0,0,0,0,0,0,0,0,0,0
2002,280290,1,1,0,0,0,0,0,0,0,0,0,0
2002,280290,2,1,0,0,0,0,0,0,0,0,0,0
2002,280290,3,1,0,0,19,13,0,11,3,0,0,0
2002,280291,1,1,0,0,0,0,0,0,0,0,0,0
2002,280292,1,1,0,0,0,0,0,0,0,0,0,0
2002,280292,2,1,0,0,0,0,0,0,0,0,0,0
2002,280293,1,1,16,16,16,16,16,16,16,16,16,16
2002,280294,1,1,0,0,0,0,0,0,0,0,0,0
2002,280295,1,1,17,0,37,0,15,17,34,26,11,19
2002,280296,1,1,0,0,0,0,0,0,0,0,0,0
2002,280296,2,1,0,0,0,0,0,0,0,0,0,0
2002,280297,1,1,1,1,1,1,1,1,1,1,1,1
2002,280298,1,1,0,0,0,0,0,0,0,0,0,0
2002,280299,1,1,22,22,22,22,22,22,22,22,22,22
2002,280300,1,1,23,23,23,23,23,23,23,23,23,23
2002,280301,1,1,0,0,0,0,0,0,0,0,0,0
2002,280302,1,1,12,14,0,20,22,0,0,15,20,0
2002,280303,1,1,0,0,0,0,0,0,0,0,0,0
2002,280304,1,1,0,0,0,0,0,0,0,0,0,0
2002,280304,2,1,0,0,0,0,0,0,0,0,0,0
2002,280305,1,1,0,0,0,0,0,0,0,0,5,5
2002,280305,2,1,0,0,0,0,0,0,0,0,0,0
2002,280306,1,1,0,0,0,0,0,0,0,0,0,0
2002,280307,1,1,0,0,13,0,0,0,0,0,12,0
2002,280308,1,1,22,0,20,36,17,15,16,0,18,18
2002,280309,1,1,0,0,0,0,0,0,0,0,0,0
2002,280309,2,1,0,0,0,0,0,0,0,0,0,0
2002,280310,1,1,31,18,7,0,0,16,0,12,29,32
2002,280311,1,1,0,0,0,0,0,0,0,0,0,0
2002,280311,2,1,22,22,22,22,22,22,22,22,22,22
2002,280312,0,1,0,0,0,0,0,0,0,0,0,0
2002,280312,1,1,0,0,0,0,0,0,0,0,0,0
2002,280313,1,1,0,0,0,0,0,0,0,0,0,0
2002,280313,2,1,29,29,29,29,29,29,29,29,29,29
2002,280314,1,1,0,0,0,0,0,0,0,0,0,0
2002,280314,2,1,0,0,0,0,0,0,0,0,0,0
2002,280315,1,1,0,0,0,0,0,0,0,0,0,0
2002,280316,1,1,18,18,18,18,18,18,18,18,18,18
2002,280317,1,1,0,0,0,0,0,0,0,0,0,0
2002,280317,2,1,0,0,0,0,0,0,0,0,0,0
2002,280318,1,1,0,0,0,0,0,0,0,0,0,0
2002,280318,2,1,0,0,0,0,0,0,0,0,0,0
2002,280319,1,1,0,0,0,0,0,0,0,20,0,0
2002,280320,1,1,0,0,0,0,0,0,0,0,0,0
2002,280321,1,1,0,23,0,0,24,0,0,0,0,12
2002,280322,1,1,0,23,0,0,0,0,0,0,0,0
2002,280323,1,1,0,0,0,0,0,0,0,0,0,0
2002,280323,2,1,0,0,0,0,0,0,0,0,0,0
2002,280324,1,1,10,0,10,0,15,7,0,9,0,0
2002,280325,1,1,6,6,6,6,6,6,6,6,6,6
2002,280326,1,1,0,0,0,0,0,0,0,0,0,0
2002,280327,1,1,0,0,0,0,0,0,0,0,0,0
2002,280328,1,1,20,20,20,20,20,20,20,20,20,20
2002,280329,1,1,0,0,0,0,0,11,0,0,0,0
2002,280329,2,1,0,0,0,0,0,0,0,0,0,0
2002,280330,0,1,0,21,0,0,0,7,0,0,13,0
2002,280330,1,1,0,0,0,0,0,0,0,0,0,0
2002,280331,1,1,0,0,0,0,0,0,0,0,0,0
2002,280331,2,1,0,0,0,0,0,0,0,0,0,0
2002,280332,1,1,0,0,0,0,0,0,0,0,0,0
2002,280332,2,1,0,0,0,0,0,0,0,0,0,0
2002,280333,1,1,0,0,0,0,0,0,0,0,0,0
2002,280334,1,1,0,0,0,0,0,0,0,0,0,0
2002,280334,2,1,0,0,0,0,0,0,0,0,0,0
2002,280335,1,1,0,0,0,0,0,0,0,0,0,0
2002,280335,2,1,2,6,0,10,0,0,0,0,0,0
2002,280336,1,1,22,22,22,22,22,22,22,22,22,22
2002,280337,1,1,0,0,0,0,0,0,0,0,0,0
2002,280337,2,1,0,0,0,0,0,0,0,0,0,0
2002,280337,3,1,0,0,0,0,0,0,0,0,0,0
2002,280337,4,1,0,0,0,0,0,0,0,0,0,0
2002,280337,5,1,0,0,0,0,0,0,0,0,0,0
2002,280337,6,1,0,0,0,0,0,0,0,0,0,0
2002,280337,7,1,0,0,0,0,0,0,0,0,0,0
2002,280337,8,1,0,0,0,0,0,0,0,0,0,0
2002,280337,9,1,0,0,0,0,0,0,0,0,0,0
2002,280338,1,1,18,18,18,18,18,18,18,18,18,18
2002,280338,2,1,17,17,17,17,17,17,17,17,17,17
2002,280339,1,1,0,8,0,0,0,0,0,0,16,0
2002,280340,1,1,0,0,0,0,0,0,0,0,0,0
2002,280340,2,1,0,0,0,0,0,0,0,0,0,0
2002,280341,1,1,0,0,0,0,0,0,0,0,0,0
2002,280341,2,1,0,0,0,0,0,0,0,0,0,0
2002,280342,1,1,0,0,0,14,25,0,19,0,21,17
2002,280343,1,1,0,0,14,0,0,0,0,0,0,0
2002,280344,1,1,33,33,33,33,33,33,33,33,33,33
2002,280345,1,1,0,0,0,0,0,0,0,0,0,0
2002,280345,2,1,0,0,0,0,0,0,0,0,0,0
2002,280346,1,1,0,0,0,0,0,0,0,0,0,0
2002,280347,1,1,0,0,0,0,0,33,0,0,0,0
2002,280347,2,1,0,0,0,0,0,0,0,0,8,0
2002,280348,1,1,0,0,0,0,0,0,0,0,0,0
2002,280349,1,1,24,24,24,24,24,24,24,24,24,24
2002,280350,1,1,0,0,0,0,0,0,0,0,0,0
2002,280350,2,1,0,0,0,0,0,0,0,0,0,0
2002,280351,1,1,11,11,11,11,11,11,11,11,11,11
2002,280352,1,1,0,0,0,0,0,0,0,0,0,0
2002,280353,1,1,0,0,0,0,0,0,0,0,0,0
2002,280353,2,1,0,0,0,0,0,0,0,0,0,0
2002,280354,1,1,0,27,0,0,21,0,33,0,0,19
2002,280355,1,1,0,0,0,0,0,0,0,0,0,0
2002,280355,2,1,0,0,0,0,0,0,0,0,0,0
2002,280356,1,1,16,16,16,16,16,16,16,16,16,16
2002,280357,1,1,0,0,0,0,0,0,0,0,0,0
2002,280357,2,1,0,0,0,0,12,0,0,0,0,0
2002,280358,0,1,0,0,0,0,0,0,0,0,0,0
2002,280358,1,1,0,0,0,0,0,0,0,0,21,0
2002,280359,1,1,0,0,0,0,0,0,0,0,0,0
2002,280359,2,1,23,23,23,23,23,23,23,23,23,23
2002,280360,1,1,24,24,24,24,24,24,24,24,24,24
2002,280361,1,1,6,6,6,6,6,6,6,6,6,6
2002,280362,1,1,17,26,9,5,8,16,30,28,0,21
2002,280363,1,1,23,0,0,0,11,0,0,24,7,0
2002,280364,1,1,0,0,0,0,0,0,0,0,0,0
2002,280365,1,1,0,0,0,0,0,0,0,0,0,0
2002,280365,2,1,0,0,0,0,0,0,0,0,0,0
2002,280366,0,1,0,0,0,0,0,0,0,0,0,0
2002,280366,1,1,0,0,0,0,0,0,0,0,0,0
2002,280367,1,1,0,0,0,0,0,0,0,0,0,0
2002,280368,1,1,0,0,0,0,0,0,0,0,0,0
2002,280369,0,1,0,0,0,0,0,0,0,0,0,0
2002,280369,1,1,0,0,0,0,0,0,0,0,0,0
2002,280370,1,1,0,0,0,0,0,0,0,0,0,0
2002,280370,2,1,0,0,0,0,0,0,0,0,0,0
2002,280371,1,1,0,0,0,0,0,0,0,0,0,0
2002,280371,2,1,0,0,0,0,0,0,0,0,0,0
2002,280372,1,1,24,24,24,24,24,24,24,24,24,24
2002,280373,1,1,0,0,0,0,0,0,0,0,0,0
2002,280373,2,1,0,0,0,0,0,0,0,0,0,0
2002,280374,1,1,17,17,17,17,17,17,17,17,17,17
2002,280375,1,1,16,16,16,16,16,16,16,16,16,16
2002,280376,1,1,15,15,15,15,15,15,15,15,15,15