YEAR,ST_CASE,veh_no,per_no,P1,P2,P3,P4,P5,P6,P7,P8,P9,P10
2002,280377,1,1,21,21,21,21,21,21,21,21,21,21
2002,280378,1,1,0,0,0,0,0,0,0,0,0,0
2002,280379,1,1,0,0,0,0,0,0,0,0,0,0
2002,280380,1,1,0,0,0,0,0,0,0,0,0,0
2002,280381,1,1,0,12,0,0,0,0,0,0,0,0
2002,280381,2,1,0,26,0,23,0,0,0,0,0,16
2002,280382,1,1,26,26,26,26,26,26,26,26,26,26
2002,280383,1,1,0,0,15,0,33,17,0,13,16,25
2002,280384,1,1,17,17,17,17,17,17,17,17,17,17
2002,280385,1,1,0,0,0,0,0,8,0,0,0,0
2002,280385,2,1,0,0,1,4,0,0,0,28,26,11
2002,280386,1,1,27,27,27,27,27,27,27,27,27,27
2002,280387,1,1,0,0,0,0,0,0,0,0,0,0
2002,280387,2,1,0,0,0,0,0,0,0,0,0,0
2002,280388,1,1,20,6,23,37,0,0,0,0,0,13
2002,280388,2,1,0,12,12,15,17,29,0,0,11,0
2002,280389,1,1,0,0,0,0,0,0,0,0,0,0
2002,280390,0,1,18,18,18,18,18,18,18,18,18,18
2002,280390,1,1,16,16,16,16,16,16,16,16,16,16
2002,280391,0,1,13,0,0,0,0,0,0,0,0,0
2002,280391,1,1,0,0,0,0,0,0,0,0,0,0
2002,280392,1,1,18,18,18,18,18,18,18,18,18,18
2002,280393,1,1,0,0,0,0,0,0,0,0,0,0
2002,280393,2,1,0,0,0,0,0,0,0,0,0,0
2002,280394,1,1,0,0,0,0,0,0,0,0,0,0
2002,280394,2,1,0,0,0,0,0,0,0,0,22,0
2002,280395,1,1,15,15,15,15,15,15,15,15,15,15
2002,280395,2,1,13,13,13,13,13,13,13,13,13,13
2002,280396,1,1,0,0,0,0,0,0,0,0,0,0
2002,280396,2,1,0,0,0,0,0,0,0,0,0,0
2002,280396,3,1,0,0,0,0,0,0,0,0,0,0
2002,280397,0,1,0,0,0,0,0,0,0,0,0,0
2002,280397,1,1,14,0,13,0,0,19,0,3,20,0
2002,280398,1,1,19,18,21,28,20,22,14,33,7,0
2002,280399,1,1,2,2,2,2,2,2,2,2,2,2
2002,280400,1,1,11,11,11,11,11,11,11,11,11,11
2002,280401,0,1,16,16,16,16,16,16,16,16,16,16
2002,280401,1,1,0,18,0,0,0,0,0,12,0,0
2002,280402,1,1,11,21,0,16,0,17,26,37,0,26
2002,280403,1,1,17,17,17,17,17,17,17,17,17,17
2002,280403,2,1,0,0,0,0,12,18,0,0,0,9
2002,280404,1,1,0,0,0,0,0,0,0,0,0,0
2002,280405,1,1,2,20,0,0,0,14,0,0,0,0
2002,280406,1,1,14,14,14,14,14,14,14,14,14,14
2002,280407,1,1,0,0,0,0,0,0,0,0,0,0
2002,280408,1,1,0,0,0,0,0,0,0,0,0,0
2002,280408,2,1,0,0,0,0,0,0,0,0,0,0
2002,280409,1,1,29,29,29,29,29,29,29,29,29,29
2002,280410,1,1,0,0,0,0,0,0,0,0,0,0
2002,280411,1,1,0,0,0,0,0,0,0,0,0,0
2002,280411,2,1,0,0,0,0,0,0,0,0,0,0
2002,280412,1,1,22,22,22,22,22,22,22,22,22,22
2002,280412,2,1,0,0,0,0,0,0,0,0,0,0
2002,280413,1,1,0,0,0,0,0,0,0,0,0,0
2002,280414,0,1,11,11,11,11,11,11,11,11,11,11
2002,280414,1,1,0,0,0,0,0,0,0,0,0,0
2002,280415,1,1,14,14,14,14,14,14,14,14,14,14
2002,280416,1,1,0,0,0,0,0,0,0,0,0,0
2002,280417,1,1,0,0,0,0,0,0,0,0,0,0
2002,280417,2,1,0,0,0,0,0,0,0,0,0,0
2002,280418,1,1,0,0,0,0,0,0,0,0,0,0
2002,280419,0,1,18,18,18,18,18,18,18,18,18,18
2002,280419,1,1,0,0,0,0,0,0,0,8,0,0
2002,280420,1,1,0,0,0,0,0,0,0,0,0,0
2002,280421,1,1,0,0,0,0,0,0,0,0,0,0
2002,280422,1,1,12,12,12,12,12,12,12,12,12,12
2002,280423,1,1,0,0,0,0,0,0,0,0,0,0
2002,280424,1,1,12,12,12,12,12,12,12,12,12,12
2002,280425,1,1,0,0,0,0,0,0,0,0,0,0
2002,280426,1,1,21,10,6,0,0,15,0,0,0,0
2002,280426,2,1,0,0,0,0,0,0,0,0,0,0
2002,280427,1,1,0,0,0,0,0,0,0,0,0,0
2002,280428,1,1,0,0,0,0,0,0,0,34,0,0
2002,280429,1,1,0,0,0,0,0,0,0,0,0,0
2002,280429,2,1,0,0,0,0,0,0,0,0,0,0
2002,280430,1,1,0,0,0,0,0,0,0,0,0,0
2002,280430,2,1,0,0,0,0,0,0,0,0,0,0
2002,280431,1,1,0,0,0,0,0,0,0,0,0,0
2002,280432,1,1,0,0,0,0,0,0,0,0,0,0
2002,280433,1,1,0,0,0,0,0,0,0,0,0,0
2002,280433,2,1,0,0,0,0,0,0,0,0,0,0
2002,280434,0,1,0,0,0,0,0,0,0,0,0,0
2002,280434,1,1,0,0,0,0,0,0,0,0,0,0
2002,280435,1,1,0,0,0,15,0,3,0,0,0,8
2002,280436,1,1,0,0,0,0,0,0,0,0,0,0
2002,280436,2,1,0,0,0,0,0,0,0,0,0,0
2002,280437,1,1,18,18,18,18,18,18,18,18,18,18
2002,280438,1,1,16,16,16,16,16,16,16,16,16,16
2002,280438,2,1,0,0,0,0,0,0,0,0,0,0
2002,280439,1,1,0,0,0,0,0,0,0,0,0,0
2002,280439,2,1,0,0,0,0,0,0,0,0,0,0
2002,280440,1,1,0,14,0,9,18,17,0,0,18,15
2002,280441,1,1,0,0,0,0,0,0,0,0,0,0
2002,280442,1,1,0,0,0,10,25,12,0,0,0,24
2002,280443,1,1,21,21,21,21,21,21,21,21,21,21
2002,280444,1,1,2,2,2,2,2,2,2,2,2,2
2002,280445,1,1,22,22,22,22,22,22,22,22,22,22
2002,280445,2,1,0,0,0,0,0,11,0,0,0,0
2002,280446,1,1,8,0,0,12,24,0,6,19,26,16
2002,280447,1,1,9,9,9,9,9,9,9,9,9,9
2002,280448,1,1,0,23,0,0,15,0,16,0,15,0
2002,280449,1,1,0,0,0,0,0,0,0,0,0,0
2002,280449,2,1,0,0,0,0,0,0,0,0,0,0
2002,280450,1,1,6,6,6,6,6,6,6,6,6,6
2002,280451,1,1,0,0,0,0,0,0,0,0,0,0
2002,280451,2,1,0,0,0,0,0,0,0,0,0,0
2002,280452,1,1,0,24,0,0,8,0,0,0,7,0
2002,280453,1,1,0,0,0,0,0,0,0,0,0,0
2002,280453,2,1,0,0,0,0,0,0,0,0,0,0
2002,280454,0,1,0,26,0,0,0,23,23,5,17,0
2002,280454,1,1,4,4,4,4,4,4,4,4,4,4
2002,280455,0,1,40,40,40,40,40,40,40,40,40,40
2002,280455,1,1,0,0,0,0,0,0,0,0,0,0
2002,280456,1,1,0,0,0,0,0,0,0,0,0,0
2002,280457,1,1,0,0,0,0,0,0,0,0,0,0
2002,280458,1,1,0,0,0,0,0,9,0,0,0,0
2002,280458,2,1,0,0,0,0,0,0,0,0,0,0
2002,280459,1,1,9,0,0,17,8,0,0,0,0,0
2002,280460,1,1,21,21,21,21,21,21,21,21,21,21
2002,280461,1,1,19,19,19,19,19,19,19,19,19,19
2002,280462,1,1,0,0,0,0,0,0,0,0,0,0
2002,280462,2,1,0,0,0,0,0,0,0,0,0,0
2002,280463,1,1,0,0,0,0,0,15,0,0,0,0
2002,280464,1,1,0,0,0,0,0,0,0,0,0,0
2002,280464,2,1,0,0,0,0,0,0,0,0,0,0
2002,280465,1,1,13,0,0,12,0,28,22,19,0,32
2002,280466,1,1,28,28,28,28,28,28,28,28,28,28
2002,280467,1,1,0,0,0,0,0,0,0,0,0,0
2002,280467,2,1,0,0,0,0,0,0,0,0,0,0
2002,280468,1,1,0,0,0,0,0,0,0,0,0,0
2002,280469,1,1,0,0,0,0,20,0,0,8,0,8
2002,280469,2,1,0,0,0,0,0,10,0,0,10,0
2002,280469,3,1,0,0,0,0,0,0,0,0,0,0
2002,280470,1,1,20,20,20,20,20,20,20,20,20,20
2002,280471,1,1,26,26,26,26,26,26,26,26,26,26
2002,280472,1,1,0,0,22,9,24,26,12,7,21,26
2002,280473,1,1,0,0,0,0,0,0,0,0,0,0
2002,280473,2,1,0,0,0,0,0,0,0,0,0,0
2002,280474,1,1,0,0,0,0,0,0,0,0,0,0
2002,280475,1,1,0,0,0,0,0,0,0,0,0,0
2002,280475,2,1,0,0,0,0,0,0,0,0,0,0
2002,280476,1,1,0,0,0,0,0,0,0,0,0,0
2002,280476,2,1,0,0,0,0,0,0,0,0,0,0
2002,280477,0,1,24,0,28,0,16,26,0,35,14,0
2002,280477,1,1,0,0,0,0,0,0,0,0,0,0
2002,280478,1,1,0,0,0,0,0,0,0,0,0,0
2002,280478,2,1,0,0,0,0,0,0,0,0,0,0
2002,280479,1,1,0,0,0,0,0,0,0,0,0,0
2002,280479,2,1,11,11,11,11,11,11,11,11,11,11
2002,280480,1,1,0,0,0,0,0,0,0,0,0,0
2002,280480,2,1,0,0,0,0,0,0,0,0,0,0
2002,280481,0,1,12,12,12,12,12,12,12,12,12,12
2002,280481,1,1,0,0,0,0,0,0,0,0,0,0
2002,280482,1,1,0,0,0,0,0,0,0,0,0,0
2002,280483,1,1,0,0,0,0,0,0,0,0,0,0
2002,280484,1,1,0,0,0,0,0,0,0,0,0,0
2002,280485,1,1,0,0,0,0,0,0,0,0,0,0
2002,280486,1,1,0,0,0,0,0,0,0,0,0,0
2002,280487,1,1,16,16,16,16,16,16,16,16,16,16
2002,280488,0,1,22,18,6,0,0,0,14,38,0,32
2002,280488,1,1,0,0,0,0,0,0,0,0,0,14
2002,280489,1,1,0,0,0,0,0,0,0,11,0,0
2002,280490,1,1,8,0,5,0,11,15,0,0,0,16
2002,280491,1,1,12,12,12,12,12,12,12,12,12,12
2002,280492,1,1,8,8,8,8,8,8,8,8,8,8
2002,280492,2,1,10,10,10,10,10,10,10,10,10,10
2002,280493,1,1,0,0,0,0,0,18,0,0,0,0
2002,280494,1,1,0,0,0,0,0,0,0,0,0,0
2002,280495,1,1,0,0,0,0,0,0,0,0,0,0
2002,280495,2,1,0,0,0,0,0,0,0,0,0,0
2002,280495,3,1,0,0,0,0,4,0,0,0,0,0
2002,280496,1,1,0,0,0,0,0,0,0,0,0,0
2002,280496,2,1,0,0,0,0,0,0,0,0,0,0
2002,280497,1,1,0,0,0,0,0,0,0,0,0,0
2002,280497,2,1,0,0,0,0,0,0,0,0,0,0
2002,280498,1,1,0,0,0,0,0,0,0,0,0,0
2002,280499,1,1,0,0,0,0,0,0,0,0,0,0
2002,280500,1,1,0,0,0,0,0,0,0,0,0,0
2002,280501,1,1,0,0,0,0,0,0,0,0,0,0
2002,280501,2,1,0,0,0,0,0,0,0,0,0,0
2002,280502,1,1,0,0,0,0,0,0,0,0,0,0
2002,280503,1,1,0,0,0,0,0,0,0,0,0,0
2002,280503,2,1,4,4,4,4,4,4,4,4,4,4
2002,280503,3,1,0,14,0,0,16,0,0,0,21,25
2002,280504,1,1,36,36,36,36,36,36,36,36,36,36
2002,280505,1,1,0,0,0,0,0,0,0,0,0,0
2002,280506,1,1,0,0,0,0,0,0,0,0,0,0
2002,280507,1,1,18,18,18,18,18,18,18,18,18,18
2002,280508,1,1,0,0,0,0,0,0,0,0,0,0
2002,280508,2,1,0,0,0,0,0,0,0,0,0,0
2002,280509,1,1,0,0,0,0,0,0,0,0,0,0
2002,280510,1,1,0,0,0,0,0,0,0,0,0,0
2002,280510,2,1,0,0,0,0,0,0,0,0,0,0
2002,280511,1,1,16,16,16,16,16,16,16,16,16,16
2002,280512,1,1,13,13,13,13,13,13,13,13,13,13
2002,280512,2,1,0,0,0,0,0,0,0,0,0,0
2002,280513,1,1,0,0,0,0,0,0,0,0,0,0
2002,280513,2,1,0,0,0,0,0,0,0,0,0,0
2002,280514,1,1,0,0,0,0,0,0,0,0,0,0
2002,280514,2,1,0,0,0,0,0,0,0,0,0,0
2002,280515,1,1,0,0,0,0,0,0,0,0,0,0
2002,280516,1,1,0,0,0,0,0,0,0,0,0,0
2002,280517,1,1,17,17,17,17,17,17,17,17,17,17
2002,280517,2,1,11,11,11,11,11,11,11,11,11,11
2002,280518,1,1,0,0,0,0,0,0,0,0,0,0
2002,280519,0,1,19,19,19,19,19,19,19,19,19,19
2002,280519,1,1,0,0,0,0,0,0,0,0,0,0
2002,280520,1,1,18,18,18,18,18,18,18,18,18,18
2002,280521,1,1,0,0,0,0,0,0,0,0,0,0
2002,280521,2,1,0,0,0,0,0,0,0,0,0,0
2002,280522,1,1,0,0,0,0,0,0,0,0,0,0
2002,280523,1,1,0,0,0,0,0,0,0,0,0,0
2002,280524,1,1,0,0,0,0,0,0,0,0,0,0
2002,280525,1,1,26,26,26,26,26,26,26,26,26,26
2002,280526,1,1,0,0,0,0,0,0,0,0,0,0
2002,280527,1,1,0,0,0,0,0,0,0,0,0,0
2002,280527,2,1,0,0,0,14,0,0,4,36,0,0
2002,280528,1,1,0,0,0,0,0,0,0,0,0,0
2002,280528,2,1,0,12,0,0,0,0,0,0,0,0
2002,280529,1,1,0,0,0,0,0,0,0,0,0,0
2002,280530,1,1,9,0,6,0,0,0,0,0,0,0
2002,280530,2,1,0,0,0,0,0,0,0,0,0,0
2002,280531,0,1,0,24,0,0,0,0,0,0,11,0
2002,280531,1,1,0,0,0,0,0,0,0,0,0,0
2002,280532,1,1,0,5,0,0,0,0,17,3,14,9
2002,280532,2,1,0,0,9,0,0,0,5,0,26,0
2002,280533,1,1,15,0,9,9,10,24,0,0,0,0
2002,280534,1,1,25,31,11,19,26,10,22,0,22,17
2002,280535,1,1,20,20,20,20,20,20,20,20,20,20
2002,280536,1,1,0,0,0,0,0,0,0,0,0,0
2002,280536,2,1,0,0,0,0,0,0,0,0,0,0
2002,280537,1,1,0,0,0,17,0,14,10,20,0,21
2002,280538,1,1,9,9,9,9,9,9,9,9,9,9
2002,280539,1,1,0,0,2,7,0,0,0,0,0,0
2002,280540,1,1,0,0,0,0,0,0,0,0,0,0
2002,280541,1,1,16,16,16,16,16,16,16,16,16,16
2002,280542,1,1,24,24,24,24,24,24,24,24,24,24
2002,280542,2,1,0,0,0,0,0,0,0,0,0,0
2002,280543,1,1,0,0,0,0,0,0,0,0,0,0
2002,280543,2,1,0,0,0,0,0,0,0,0,0,0
2002,280544,1,1,0,0,0,0,0,0,0,0,0,0
2002,280544,2,1,4,4,4,4,4,4,4,4,4,4
2002,280545,1,1,0,0,0,0,0,0,0,0,0,0
2002,280546,1,1,0,0,0,0,0,0,0,0,0,0
2002,280546,2,1,0,0,0,0,0,0,0,0,0,0
2002,280547,1,1,0,0,0,0,0,0,0,0,0,0
2002,280547,2,1,0,0,0,0,11,0,0,0,12,0
2002,280548,1,1,27,27,27,27,27,27,27,27,27,27
2002,280549,1,1,0,0,0,0,0,0,0,0,0,0
2002,280549,2,1,10,0,0,0,0,0,0,0,0,0
2002,280550,1,1,0,0,0,0,0,0,0,0,0,0
2002,280551,1,1,0,0,0,0,0,0,0,0,0,0
2002,280551,2,1,0,0,0,0,0,0,0,0,0,0
2002,280551,3,1,0,0,0,0,0,0,0,0,0,0
2002,280552,1,1,0,0,2,0,0,0,11,0,20,10
2002,280552,2,1,0,0,0,0,0,0,0,0,0,0
2002,280553,1,1,13,13,13,13,13,13,13,13,13,13
2002,280553,2,1,8,8,8,8,8,8,8,8,8,8
2002,280553,3,1,0,0,0,0,0,0,0,0,0,0
2002,280553,4,1,10,10,10,10,10,10,10,10,10,10
2002,280554,1,1,0,0,0,0,0,0,0,0,0,0
2002,280554,2,1,0,0,0,0,0,0,0,0,0,0
2002,280554,3,1,0,0,0,0,0,0,0,0,0,0
2002,280555,1,1,0,0,0,0,0,0,0,0,0,0
2002,280555,2,1,21,21,21,21,21,21,21,21,21,21
2002,280556,1,1,0,0,0,0,0,0,0,0,0,0
2002,280556,2,1,0,0,0,0,0,0,0,0,0,0
2002,280557,1,1,0,0,0,0,0,0,0,0,0,0
2002,280557,2,1,0,0,0,0,19,0,0,0,0,0
2002,280558,1,1,0,0,0,0,0,0,0,0,0,0
2002,280558,2,1,0,0,0,0,0,0,0,0,0,0
2002,280559,1,1,0,0,0,0,0,0,0,0,0,0
2002,280560,1,1,0,0,0,0,0,0,0,0,0,0
2002,280561,1,1,0,0,0,0,0,0,0,0,0,0
2002,280562,1,1,0,0,0,0,0,0,0,0,0,0
2002,280563,1,1,0,0,0,0,0,0,0,0,0,0
2002,280563,2,1,27,27,27,27,27,27,27,27,27,27
2002,280564,1,1,6,6,6,6,6,6,6,6,6,6
2002,280565,1,1,0,0,0,0,0,0,0,0,0,0
2002,280565,2,1,13,13,13,13,13,13,13,13,13,13
2002,280566,1,1,0,0,0,0,0,0,0,0,0,0
2002,280566,2,1,0,0,0,0,0,0,0,0,0,0
2002,280567,1,1,29,29,29,29,29,29,29,29,29,29
2002,280568,1,1,14,14,14,14,14,14,14,14,14,14
2002,280568,2,1,0,0,17,0,0,0,0,0,0,0
2002,280569,1,1,0,0,27,0,0,15,0,0,0,11
2002,280570,1,1,0,0,0,0,0,0,0,26,0,0
2002,280571,1,1,0,0,0,0,0,0,0,0,0,0
2002,280571,2,1,0,8,0,0,0,0,0,0,0,12
2002,280572,1,1,0,0,0,0,0,0,0,0,0,0
2002,280572,2,1,0,0,0,0,0,0,0,0,0,0
2002,280573,1,1,0,0,0,0,0,0,0,0,0,0
2002,280573,2,1,0,0,0,0,0,0,0,0,0,0
2002,280574,1,1,0,0,0,0,0,0,0,0,0,0
2002,280574,2,1,0,0,0,0,0,0,0,0,0,0
2002,280575,1,1,0,0,0,0,0,0,0,0,0,0
2002,280575,2,1,19,19,19,19,19,19,19,19,19,19
2002,280576,1,1,0,0,0,0,0,0,0,0,0,0
2002,280576,2,1,0,0,0,0,0,0,0,0,0,0
2002,280577,0,1,10,0,0,16,0,28,30,15,12,0
2002,280577,1,1,0,18,9,0,0,0,0,0,0,0
2002,280578,1,1,20,20,20,20,20,20,20,20,20,20
2002,280579,1,1,7,7,7,7,7,7,7,7,7,7
2002,280580,1,1,0,0,0,0,0,0,0,0,0,0
2002,280581,1,1,0,0,0,0,0,0,0,0,0,0
2002,280582,1,1,0,0,0,0,0,0,0,0,0,0
2002,280582,2,1,0,0,0,0,0,0,0,0,0,0
2002,280583,1,1,0,0,0,0,0,0,0,0,0,0
2002,280584,1,1,0,0,12,10,0,0,0,0,0,0
2002,280585,1,1,0,0,0,0,0,0,0,0,0,0
2002,280585,2,1,0,0,0,0,0,0,0,0,0,0
2002,280586,0,1,26,26,26,26,26,26,26,26,26,26
2002,280586,1,1,0,0,0,0,19,20,0,0,11,5
2002,280587,1,1,0,0,0,0,0,0,0,0,0,0
2002,280587,2,1,0,0,20,0,0,11,0,0,0,0
2002,280588,1,1,0,0,0,0,0,0,0,0,0,0
2002,280589,1,1,0,0,0,0,0,0,0,0,0,0
2002,280589,2,1,0,0,0,0,0,0,0,0,0,0
2002,280590,1,1,0,0,18,0,0,0,0,0,10,0
2002,280591,1,1,0,42,0,8,18,0,0,0,0,0
2002,280592,0,1,8,8,8,8,8,8,8,8,8,8
2002,280592,1,1,9,9,9,9,9,9,9,9,9,9
2002,280593,1,1,0,0,0,0,0,0,0,0,0,0
2002,280593,2,1,0,0,0,0,0,0,0,0,0,0
2002,280594,1,1,0,0,0,0,0,0,0,0,0,0
2002,280594,2,1,0,0,0,0,0,0,0,0,0,0
2002,280595,1,1,0,0,0,0,0,0,0,0,0,0
2002,280595,2,1,0,0,0,0,0,0,0,0,0,0
2002,280596,1,1,0,24,4,30,10,0,20,23,0,0
2002,280597,1,1,0,0,0,0,0,0,0,0,0,0
2002,280598,1,1,19,19,19,19,19,19,19,19,19,19
2002,280599,1,1,0,0,0,0,0,0,0,0,0,0
2002,280599,2,1,0,0,0,0,0,0,0,0,0,0
2002,280600,1,1,17,17,17,17,17,17,17,17,17,17
2002,280601,1,1,19,19,19,19,19,19,19,19,19,19
2002,280602,1,1,0,6,0,7,0,0,0,0,0,0
2002,280603,1,1,0,0,0,0,0,0,0,0,0,0
2002,280604,1,1,0,0,0,0,0,0,33,10,34,10
2002,280605,1,1,5,5,5,5,5,5,5,5,5,5
2002,280606,1,1,0,0,0,0,0,0,0,0,0,0
2002,280607,1,1,0,0,0,0,0,0,0,0,0,0
2002,280607,2,1,0,0,0,10,0,0,0,0,0,0
2002,280608,1,1,0,0,0,0,0,0,0,0,0,0
2002,280608,2,1,0,0,0,0,0,0,0,0,0,0
2002,280609,1,1,0,0,0,0,0,0,0,0,0,0
2002,280610,0,1,0,0,0,0,0,0,0,0,0,0
2002,280610,1,1,0,0,0,0,0,0,0,0,0,0
2002,280611,1,1,23,23,23,23,23,23,23,23,23,23
2002,280612,1,1,11,11,11,11,11,11,11,11,11,11
2002,280612,2,1,25,25,25,25,25,25,25,25,25,25
2002,280613,1,1,0,0,0,0,0,20,0,0,0,0
2002,280613,2,1,0,0,0,0,0,0,0,0,0,0
2002,280614,1,1,0,0,0,0,0,0,0,0,0,0
2002,280615,1,1,0,0,0,0,0,0,0,0,0,0
2002,280616,1,1,0,0,0,0,0,0,0,0,0,0
2002,280617,1,1,7,7,7,7,7,7,7,7,7,7
2002,280618,1,1,0,0,0,0,0,0,0,0,0,0
2002,280618,2,1,0,0,0,0,0,0,0,0,0,0
2002,280619,1,1,0,25,0,0,0,0,26,0,14,12
2002,280620,1,1,0,0,0,0,0,0,0,0,0,0
2002,280620,2,1,14,14,14,14,14,14,14,14,14,14
2002,280621,1,1,19,0,27,29,25,0,7,11,32,7
2002,280621,2,1,12,0,0,5,0,0,17,0,0,0
2002,280622,1,1,3,3,3,3,3,3,3,3,3,3
2002,280622,2,1,0,0,0,0,0,0,0,0,0,0
2002,280623,1,1,0,0,0,0,0,0,0,0,0,0
2002,280623,2,1,0,0,0,0,0,0,0,0,0,0
2002,280624,1,1,0,14,0,0,0,0,0,0,0,0
2002,280624,2,1,0,0,0,0,0,0,0,0,0,0
2002,280625,1,1,0,5,0,0,0,0,9,15,0,0
2002,280625,2,1,0,19,0,0,0,0,0,18,8,0
2002,280626,1,1,0,0,0,0,0,27,0,0,0,0
2002,280627,1,1,17,18,0,0,30,0,21,17,24,0
2002,280628,1,1,5,0,0,0,0,0,0,0,0,10
2002,280629,1,1,14,14,14,14,14,14,14,14,14,14
2002,280630,1,1,0,17,17,0,0,0,18,0,12,12
2002,280630,2,1,0,0,0,0,15,0,0,24,0,0
2002,280631,1,1,0,7,0,0,0,25,0,0,0,0
2002,280632,1,1,0,0,0,0,0,0,0,0,0,0
2002,280632,2,1,0,0,0,0,0,0,0,0,0,0
2002,280633,1,1,26,0,26,33,28,17,21,13,17,0
2002,280634,1,1,0,0,8,0,0,0,0,0,14,0
2002,280635,1,1,0,0,0,0,0,0,0,0,0,0
2002,280636,1,1,7,38,0,29,4,0,30,34,31,15
2002,280636,2,1,0,0,0,0,0,0,12,0,0,0
2002,280637,1,1,0,0,0,0,11,0,0,0,0,0
2002,280637,2,1,0,0,0,0,0,0,0,0,0,0
2002,280638,0,1,20,28,0,8,0,0,9,16,18,9
2002,280638,1,1,16,13,23,0,24,31,24,9,16,14
2002,280639,1,1,0,0,0,0,0,0,0,0,0,0
2002,280640,1,1,0,0,0,0,0,0,0,0,0,0
2002,280641,1,1,18,18,18,18,18,18,18,18,18,18
2002,280642,1,1,0,0,0,0,0,0,0,0,0,0
2002,280642,2,1,0,0,0,0,0,0,8,0,0,0
2002,280643,1,1,13,0,0,0,0,0,0,0,0,0
2002,280644,1,1,0,0,0,0,0,0,0,0,0,0
2002,280644,2,1,0,0,0,0,0,0,0,0,0,0
2002,280645,1,1,0,0,0,0,0,0,0,0,0,0
2002,280645,2,1,0,0,0,0,0,0,0,0,0,0
2002,280646,1,1,0,0,0,0,0,0,0,0,0,0
2002,280647,0,1,0,0,0,0,0,15,22,0,0,0
2002,280647,1,1,0,0,5,0,10,0,0,0,25,0
2002,280648,0,1,0,0,0,0,0,0,0,0,0,0
2002,280648,0,2,0,0,0,0,0,0,0,0,0,0
2002,280648,1,1,24,8,0,0,0,5,0,0,0,0
2002,280649,1,1,0,0,0,0,0,0,0,0,0,0
2002,280649,2,1,0,0,0,0,0,0,0,0,0,0
2002,280650,1,1,0,0,0,0,0,0,0,0,0,0
2002,280651,1,1,0,22,31,0,9,0,0,19,0,0
2002,280652,1,1,0,0,0,0,16,0,0,26,17,0
2002,280653,1,1,0,0,0,0,0,0,0,0,0,0
2002,280653,2,1,0,0,0,0,0,0,0,0,0,0
2002,280654,1,1,0,0,0,0,0,0,0,0,0,0
2002,280655,1,1,19,0,0,0,0,0,12,0,0,0
2002,280655,2,1,4,0,0,6,0,0,0,14,0,0
2002,280656,1,1,22,22,22,22,22,22,22,22,22,22
2002,280657,0,1,0,0,9,0,0,0,0,0,0,0
2002,280657,1,1,0,0,11,0,0,0,0,0,10,0
2002,280658,1,1,22,22,22,22,22,22,22,22,22,22
2002,280659,1,1,4,4,4,4,4,4,4,4,4,4
2002,280659,2,1,14,14,14,14,14,14,14,14,14,14
2002,280660,1,1,0,0,0,0,0,0,0,0,0,0
2002,280661,1,1,0,0,0,0,0,0,0,0,0,0
2002,280661,2,1,0,0,0,0,0,0,0,0,0,0
2002,280662,0,1,15,27,0,11,0,0,0,0,25,18
2002,280662,1,1,0,0,0,0,0,0,0,0,0,0
2002,280663,1,1,0,0,0,0,0,0,0,0,0,0
2002,280663,2,1,0,0,0,0,0,0,0,0,0,0
2002,280664,1,1,0,0,0,0,0,0,0,0,0,0
2002,280664,2,1,0,0,0,0,0,0,0,0,0,0
2002,280664,3,1,11,0,0,0,0,0,0,0,0,0
2002,280665,1,1,10,10,10,10,10,10,10,10,10,10
2002,280665,2,1,34,10,11,0,14,0,12,0,7,0
2002,280666,1,1,12,12,12,12,12,12,12,12,12,12
2002,280667,1,1,13,0,0,0,0,0,0,0,0,0
2002,280667,2,1,0,0,14,0,25,0,8,0,0,0
2002,280668,1,1,15,0,0,31,14,28,17,0,18,8
2002,280669,1,1,0,0,0,0,0,0,0,0,0,0
2002,280670,1,1,27,24,8,21,12,10,0,31,0,29
2002,280671,1,1,6,0,0,0,0,5,0,0,0,0
2002,280672,1,1,0,0,0,0,13,0,0,0,0,0
2002,280672,2,1,0,0,0,0,0,0,18,0,0,6
2002,280673,1,1,14,14,14,14,14,14,14,14,14,14
2002,280674,1,1,0,0,0,0,0,0,0,0,0,0
2002,280674,2,1,0,0,0,0,0,0,0,0,0,0
2002,280675,1,1,16,16,16,16,16,16,16,16,16,16
2002,280676,1,1,0,0,0,0,0,0,0,0,0,0
2002,280677,1,1,0,0,0,0,0,0,0,0,0,0
2002,280677,2,1,0,0,0,0,0,0,0,0,0,0
2002,280677,3,1,0,0,20,0,0,0,0,0,0,0
2002,280678,1,1,22,22,22,22,22,22,22,22,22,22
2002,280679,1,1,0,0,0,0,0,0,0,0,0,0
2002,280679,2,1,0,0,10,0,0,0,0,8,0,0
2002,280680,1,1,17,0,0,0,0,0,0,0,0,9
2002,280680,2,1,0,0,0,0,0,0,0,21,0,0
2002,280681,1,1,20,0,0,0,0,0,0,0,0,0
2002,280681,2,1,2,2,2,2,2,2,2,2,2,2
2002,280682,1,1,0,0,0,0,0,0,0,0,0,23
2002,280683,0,1,12,12,12,12,12,12,12,12,12,12