YEAR,ST_CASE,veh_no,per_no,P1,P2,P3,P4,P5,P6,P7,P8,P9,P10
2002,280683,1,1,8,0,0,0,0,0,0,8,0,0
2002,280684,1,1,17,36,7,0,11,11,10,13,20,22
2002,280685,1,1,0,0,0,0,0,0,0,0,0,0
2002,280685,2,1,0,0,0,0,0,0,0,0,0,0
2002,280685,3,1,0,0,0,0,0,34,0,0,0,0
2002,280686,1,1,23,0,0,0,0,0,0,0,0,0
2002,280686,2,1,22,0,0,0,0,15,0,17,25,0
2002,280687,1,1,0,0,0,0,0,0,0,0,0,0
2002,280688,1,1,0,0,0,0,0,0,0,0,0,0
2002,280688,2,1,0,0,0,0,0,0,0,0,0,0
2002,280689,1,1,0,0,0,0,0,0,0,0,4,0
2002,280689,2,1,21,0,0,0,0,0,0,0,19,0
2002,280690,1,1,19,19,19,19,19,19,19,19,19,19
2002,280690,2,1,0,0,0,0,0,0,0,0,0,0
2002,280691,1,1,0,0,0,0,0,0,0,0,0,0
2002,280692,1,1,0,0,0,0,0,13,20,0,0,0
2002,280692,2,1,0,0,0,0,0,0,21,0,0,0
2002,280693,1,1,31,31,31,31,31,31,31,31,31,31
2002,280694,1,1,20,20,20,20,20,20,20,20,20,20
2002,280695,1,1,24,0,17,0,10,0,23,12,6,0
2002,280696,1,1,32,0,12,16,0,4,15,16,33,12
2002,280697,1,1,24,0,13,18,0,16,32,22,6,0
2002,280698,1,1,16,0,0,0,0,0,0,10,0,0
2002,280698,2,1,0,5,0,0,0,0,0,0,0,0
2002,280699,1,1,0,0,0,0,0,0,0,0,0,0
2002,280700,1,1,0,0,0,29,0,19,0,14,0,33
2002,280701,1,1,0,0,0,0,0,0,0,0,0,0
2002,280701,2,1,0,0,0,0,0,0,0,0,0,0
2002,280702,1,1,0,0,0,0,0,0,0,0,0,0
2002,280703,1,1,0,0,0,0,0,0,0,0,0,0
2002,280703,2,1,19,19,19,19,19,19,19,19,19,19
2002,280704,1,1,0,0,0,0,0,0,0,0,0,0
2002,280705,1,1,26,19,24,0,7,0,8,11,0,27
2002,280706,1,1,0,0,0,0,0,0,0,0,0,0
2002,280706,2,1,0,0,0,0,0,0,0,0,0,0
2002,280706,3,1,0,0,0,0,0,22,0,0,0,0
2002,280707,1,1,0,0,0,0,0,0,0,0,0,0
2002,280707,2,1,0,0,0,0,0,0,0,0,0,0
2002,280708,1,1,33,33,33,33,33,33,33,33,33,33
2002,280709,1,1,0,0,0,0,0,0,0,7,0,0
2002,280709,2,1,0,0,0,0,0,0,0,0,0,0
2002,280710,1,1,33,33,33,33,33,33,33,33,33,33
2002,280711,0,1,0,0,0,0,0,0,0,0,0,0
2002,280711,1,1,0,0,0,0,0,0,0,0,9,0
2002,280712,1,1,0,0,0,0,0,0,0,0,0,0
2002,280712,2,1,1,1,1,1,1,1,1,1,1,1
2002,280713,1,1,0,0,0,0,0,0,0,0,0,0
2002,280713,2,1,0,0,0,0,0,0,0,0,0,0
2002,280714,1,1,0,0,0,0,0,0,0,0,0,0
2002,280715,1,1,0,0,0,0,0,0,0,0,21,0
2002,280716,1,1,0,0,0,0,0,0,0,0,0,0
2002,280716,2,1,0,0,26,0,0,0,0,0,0,14
2002,280717,1,1,0,0,0,0,0,6,0,0,0,14
2002,280717,2,1,0,0,0,0,0,0,0,0,0,0
2002,280718,1,1,1,1,1,1,1,1,1,1,1,1
2002,280719,1,1,0,0,13,0,0,0,0,11,0,0
2002,280719,2,1,0,0,0,16,12,0,0,0,10,0
2002,280720,1,1,28,18,0,0,0,0,0,16,0,0
2002,280720,2,1,0,0,0,0,29,0,0,0,16,0
2002,280721,1,1,0,0,0,0,0,0,0,0,0,0
2002,280721,2,1,0,0,0,0,0,0,0,0,0,0
2002,280722,1,1,0,0,5,0,0,0,0,0,0,0
2002,280722,2,1,0,0,0,0,0,0,12,24,0,0
2002,280723,1,1,0,16,0,0,13,0,0,0,0,0
2002,280724,1,1,0,0,0,0,0,0,0,21,0,0
2002,280724,2,1,11,11,11,11,11,11,11,11,11,11
2002,280725,1,1,12,12,12,12,12,12,12,12,12,12
2002,280726,1,1,0,0,18,7,12,18,25,13,12,10
2002,280727,0,1,0,14,0,25,16,0,0,29,17,0
2002,280727,1,1,0,9,0,0,0,12,0,0,0,0
2002,280728,1,1,23,17,0,0,0,0,7,0,26,0
2002,280729,1,1,0,0,0,0,0,0,0,0,0,0
2002,280729,2,1,0,0,0,11,0,15,0,0,0,0
2002,280730,1,1,0,0,0,0,0,0,0,0,0,0
2002,280731,1,1,0,0,0,0,21,0,0,0,17,0
2002,280731,2,1,0,0,0,0,0,0,0,0,0,0
2002,280732,0,1,37,0,26,0,0,0,0,0,0,0
2002,280732,1,1,0,18,0,12,8,0,0,10,16,0
2002,280733,1,1,0,0,0,0,0,0,0,0,0,0
2002,280733,2,1,0,0,0,0,0,0,0,0,0,0
2002,280734,0,1,39,39,39,39,39,39,39,39,39,39
2002,280734,1,1,0,0,0,0,0,0,0,0,0,0
2002,280735,1,1,0,0,0,0,0,0,0,0,0,0
2002,280736,1,1,12,23,0,26,21,0,23,8,11,6
2002,280737,1,1,10,10,10,10,10,10,10,10,10,10
2002,280739,1,1,30,15,0,0,0,0,0,8,3,0
2002,280739,2,1,0,0,0,0,0,0,0,0,0,0
2002,280740,1,1,0,0,0,0,0,0,0,0,0,0
2002,280740,2,1,0,0,0,0,0,0,0,0,0,0
2002,280741,1,1,0,0,0,0,0,0,0,0,0,0
2002,280742,1,1,0,0,0,18,0,0,0,0,15,0
2002,280742,2,1,0,0,0,14,3,9,0,0,0,0
2002,280743,0,1,0,0,0,0,0,0,0,0,0,0
2002,280743,1,1,0,0,0,0,0,0,0,0,0,0
2002,280744,1,1,0,0,0,0,0,0,0,0,0,0
2002,280745,1,1,0,0,0,0,0,0,0,0,0,11
2002,280745,2,1,0,0,0,0,0,0,0,0,0,0
2002,280746,1,1,0,0,0,0,8,0,0,0,0,0
2002,280746,2,1,0,0,0,0,0,0,0,0,0,0
2002,280747,1,1,0,0,0,0,0,0,0,0,0,0
2002,280748,1,1,0,20,10,0,3,13,21,11,25,14
2002,280749,0,1,0,0,0,0,0,0,0,0,0,0
2002,280749,1,1,0,0,0,0,0,0,0,0,0,0
2002,280750,1,1,8,8,8,8,8,8,8,8,8,8
2002,280750,2,1,11,11,11,11,11,11,11,11,11,11
2002,280751,1,1,0,16,19,12,19,34,19,0,0,15
2002,280752,0,1,18,0,0,0,0,0,7,0,0,0
2002,280752,1,1,0,0,0,0,0,0,0,0,0,0
2002,280753,1,1,0,0,4,0,0,0,0,0,0,0
2002,280753,2,1,0,0,0,0,0,0,0,0,0,0
2002,280754,1,1,10,10,10,10,10,10,10,10,10,10
2002,280755,1,1,0,0,0,15,0,9,0,0,5,0
2002,280756,1,1,0,0,0,0,0,0,0,0,0,0
2002,280757,1,1,0,0,17,20,13,13,0,0,19,0
2002,280758,1,1,28,28,28,28,28,28,28,28,28,28
2002,280758,2,1,14,14,14,14,14,14,14,14,14,14
2002,280759,1,1,0,0,8,26,0,28,39,0,14,0
2002,280759,2,1,0,0,0,0,0,0,0,0,0,0
2002,280760,0,1,24,43,30,0,19,18,18,12,0,18
2002,280760,1,1,0,0,0,0,6,14,15,0,0,0
2002,280761,1,1,24,24,24,24,24,24,24,24,24,24
2002,280762,1,1,0,0,0,0,0,0,0,0,24,0
2002,280763,1,1,0,0,29,0,0,0,0,0,0,0
2002,280764,1,1,0,0,0,0,0,0,0,0,0,0
2002,280764,2,1,0,0,0,0,0,0,0,0,0,0
2002,280765,1,1,0,17,0,19,0,20,0,20,8,0
2002,280766,1,1,0,0,0,0,0,0,0,31,7,0
2002,280767,1,1,27,0,6,5,0,0,0,0,0,0
2002,280768,1,1,0,0,0,0,0,0,2,0,0,0
2002,280768,2,1,0,0,0,0,0,0,0,0,0,0
2002,280769,1,1,0,0,0,0,0,0,0,0,0,0
2002,280769,2,1,0,0,0,0,0,0,0,0,0,0
2002,280770,1,1,0,0,0,0,0,0,0,0,0,0
2002,280771,1,1,0,0,0,0,0,0,0,0,0,0
2002,280772,0,1,37,37,37,37,37,37,37,37,37,37
2002,280772,1,1,0,0,0,16,8,11,0,0,0,0
2002,290001,1,2,6,11,0,0,19,19,18,0,0,0
2002,290002,1,1,0,0,0,0,0,0,0,0,0,0
2002,290002,2,1,0,0,0,0,0,0,0,0,0,0
2002,290003,1,1,0,0,0,0,0,0,0,0,0,0
2002,290003,2,1,0,0,0,0,0,0,0,0,0,0
2002,290004,1,1,10,10,10,10,10,10,10,10,10,10
2002,290005,1,1,0,0,0,0,0,0,0,0,0,0
2002,290006,1,1,12,12,12,12,12,12,12,12,12,12
2002,290007,1,1,11,11,11,11,11,11,11,11,11,11
2002,290008,1,1,0,0,0,0,0,0,0,0,0,0
2002,290009,1,1,0,0,0,0,0,26,0,0,0,8
2002,290009,2,1,0,32,14,20,0,0,34,20,22,25
2002,290009,3,1,0,0,0,0,0,0,0,0,0,0
2002,290010,1,1,7,0,0,0,0,5,0,0,0,0
2002,290010,2,1,0,0,0,0,27,0,0,0,0,0
2002,290011,1,1,0,0,0,0,0,7,0,0,0,10
2002,290012,1,1,31,31,31,31,31,31,31,31,31,31
2002,290013,1,1,0,22,29,48,0,0,0,0,35,32
2002,290014,1,1,0,0,0,0,0,0,0,0,0,0
2002,290014,2,1,0,0,0,0,0,0,0,0,0,0
2002,290015,1,1,20,20,20,20,20,20,20,20,20,20
2002,290016,1,1,0,0,0,0,0,0,0,0,0,0
2002,290016,2,1,0,0,0,0,0,0,0,0,0,0
2002,290017,1,1,16,16,16,16,16,16,16,16,16,16
2002,290018,1,1,0,7,0,0,0,0,0,0,0,0
2002,290019,1,1,0,0,0,0,0,0,0,0,0,0
2002,290019,2,1,0,0,0,0,0,0,0,0,0,0
2002,290019,3,1,0,0,0,14,0,0,0,0,0,0
2002,290020,1,1,4,4,4,4,4,4,4,4,4,4
2002,290021,1,1,9,9,9,9,9,9,9,9,9,9
2002,290022,1,1,24,24,24,24,24,24,24,24,24,24
2002,290023,1,1,29,29,29,29,29,29,29,29,29,29
2002,290023,2,1,0,0,0,0,0,0,23,0,0,0
2002,290023,3,1,3,0,0,0,9,0,0,0,0,17
2002,290024,1,1,23,11,17,22,18,18,36,6,30,18
2002,290025,1,1,1,1,1,1,1,1,1,1,1,1
2002,290026,1,1,0,0,0,0,0,0,0,0,0,0
2002,290027,1,1,0,0,0,0,0,0,0,0,0,0
2002,290027,2,1,0,0,0,0,0,0,0,0,0,0
2002,290028,1,1,0,0,0,0,0,0,0,0,0,0
2002,290029,1,1,0,0,0,0,0,0,0,0,0,0
2002,290030,1,1,0,0,0,0,0,0,0,0,0,0
2002,290030,2,1,16,16,16,16,16,16,16,16,16,16
2002,290031,1,1,0,0,0,0,0,0,0,0,0,0
2002,290031,2,1,0,0,0,0,0,0,0,0,0,0
2002,290032,1,1,0,0,0,0,0,0,0,0,0,0
2002,290032,2,1,0,0,0,0,0,0,0,0,0,0
2002,290033,1,1,0,0,0,0,0,0,0,0,0,0
2002,290034,1,1,22,22,22,22,22,22,22,22,22,22
2002,290035,1,1,0,0,0,0,0,0,0,0,0,0
2002,290035,2,1,0,0,0,0,0,0,0,13,0,0
2002,290035,3,1,0,19,0,0,0,0,0,0,0,0
2002,290035,4,1,0,0,0,0,0,0,0,0,0,0
2002,290035,5,1,0,0,0,0,0,0,0,0,0,0
2002,290036,1,1,0,0,0,0,0,0,0,0,0,22
2002,290037,1,1,17,17,17,17,17,17,17,17,17,17
2002,290038,1,1,0,0,0,0,0,0,0,0,0,0
2002,290038,2,1,0,0,0,0,0,0,0,0,0,0
2002,290039,1,1,3,3,3,3,3,3,3,3,3,3
2002,290040,1,1,6,6,6,6,6,6,6,6,6,6
2002,290041,1,1,0,0,0,0,0,0,0,0,0,0
2002,290042,1,1,24,0,3,20,0,0,23,24,6,17
2002,290043,0,1,0,0,0,0,0,0,0,0,0,0
2002,290043,0,2,28,17,30,0,36,0,13,28,24,0
2002,290043,1,1,7,7,7,7,7,7,7,7,7,7
2002,290044,1,1,0,11,8,0,0,0,0,15,0,0
2002,290044,2,1,8,8,8,8,8,8,8,8,8,8
2002,290045,1,1,15,15,15,15,15,15,15,15,15,15
2002,290046,1,1,0,0,0,0,0,0,0,0,0,0
2002,290047,1,1,11,11,11,11,11,11,11,11,11,11
2002,290048,1,1,22,0,22,0,0,0,8,0,12,14
2002,290048,2,1,0,0,0,0,0,0,0,0,0,0
2002,290049,1,1,0,0,0,0,0,0,0,0,0,0
2002,290049,2,1,0,0,0,0,0,0,0,0,0,0
2002,290050,1,1,0,23,0,16,25,17,0,0,0,0
2002,290051,1,1,0,0,0,0,0,0,0,0,0,0
2002,290051,2,1,0,0,0,0,0,0,0,0,0,0
2002,290052,0,1,0,0,0,0,0,0,0,0,0,0
2002,290052,1,1,18,0,0,0,0,0,0,0,0,0
2002,290053,0,1,0,0,0,0,0,0,0,0,0,0
2002,290053,1,1,0,0,0,0,0,0,0,0,0,0
2002,290054,1,1,0,0,0,0,0,0,0,0,0,0
2002,290054,2,1,15,0,0,0,0,0,0,0,0,0
2002,290055,1,1,0,0,0,0,0,0,0,0,0,0
2002,290056,1,1,0,0,0,0,0,0,0,0,5,0
2002,290057,1,1,0,0,0,0,0,0,0,0,0,0
2002,290057,2,1,0,0,0,0,0,0,0,0,0,0
2002,290058,1,1,0,0,0,0,0,0,0,0,0,0
2002,290058,2,1,0,0,0,0,0,0,0,0,0,0
2002,290059,1,1,0,0,0,0,0,0,0,0,0,0
2002,290059,2,1,0,0,0,0,0,0,0,0,0,0
2002,290060,0,1,17,17,17,17,17,17,17,17,17,17
2002,290060,1,1,0,0,0,0,0,0,0,0,0,0
2002,290061,1,1,27,27,27,27,27,27,27,27,27,27
2002,290061,2,1,0,0,0,0,20,0,0,0,0,0
2002,290062,1,1,20,0,0,25,17,22,15,0,0,11
2002,290063,1,1,14,14,14,14,14,14,14,14,14,14
2002,290064,1,1,26,26,26,26,26,26,26,26,26,26
2002,290065,1,1,0,0,0,0,0,0,0,0,0,0
2002,290066,1,1,14,0,0,0,0,0,0,0,0,0
2002,290066,2,1,0,0,0,0,0,0,0,0,0,0
2002,290067,1,1,0,0,0,0,0,0,0,0,0,0
2002,290067,2,1,0,0,0,0,0,0,0,0,0,0
2002,290068,1,1,0,0,0,12,0,0,0,0,0,10
2002,290068,2,1,14,0,24,17,3,11,31,23,13,0
2002,290069,1,1,0,0,5,0,0,0,0,0,0,13
2002,290069,2,1,4,0,0,10,0,0,0,0,0,11
2002,290070,1,1,0,0,0,0,0,0,0,0,0,0
2002,290070,2,1,0,11,0,2,0,0,0,0,0,0
2002,290071,1,1,0,0,0,0,0,0,0,0,0,0
2002,290072,0,1,24,24,24,24,24,24,24,24,24,24
2002,290072,1,1,0,0,0,8,0,0,0,0,0,17
2002,290072,2,1,0,0,0,0,21,8,0,0,0,0
2002,290073,1,1,12,10,23,5,5,0,16,9,10,14
2002,290074,1,1,26,26,26,26,26,26,26,26,26,26
2002,290074,2,1,25,2,0,12,13,0,0,0,0,15
2002,290075,1,1,30,22,23,17,9,14,28,34,13,19
2002,290076,1,1,6,0,11,0,13,12,0,0,0,19
2002,290077,1,1,0,0,0,0,0,0,0,0,0,0
2002,290078,1,1,5,0,0,0,15,0,0,0,0,28
2002,290079,1,1,0,0,0,0,0,0,0,0,0,0
2002,290079,2,1,0,0,0,0,0,0,0,0,0,0
2002,290080,1,1,0,0,0,2,0,0,0,0,0,0
2002,290080,2,1,17,0,20,0,0,16,0,16,0,0
2002,290081,1,1,0,0,0,0,0,0,0,17,0,0
2002,290081,2,1,0,0,0,0,0,0,0,0,0,0
2002,290082,1,1,0,0,0,0,0,0,13,10,0,35
2002,290082,2,1,0,0,0,0,0,0,0,0,0,0
2002,290083,1,1,16,16,16,16,16,16,16,16,16,16
2002,290084,1,1,0,0,0,0,0,0,0,0,0,0
2002,290084,2,1,0,0,0,0,0,0,0,0,0,0
2002,290085,1,1,0,0,0,0,0,0,0,0,0,0
2002,290085,2,1,0,0,0,0,0,0,0,0,0,0
2002,290085,3,1,0,0,0,0,0,0,0,0,0,0
2002,290086,0,1,0,0,0,0,0,0,0,0,0,0
2002,290086,1,1,0,0,0,0,0,0,0,0,0,0
2002,290087,1,1,20,20,20,20,20,20,20,20,20,20
2002,290088,1,1,20,0,0,0,0,0,15,0,7,0
2002,290089,0,1,0,0,0,0,0,0,0,0,0,0
2002,290089,1,1,5,0,6,0,0,0,0,0,0,0
2002,290090,0,1,14,7,0,17,30,10,0,23,13,0
2002,290090,1,1,0,0,0,0,0,0,0,0,0,0
2002,290090,2,1,0,0,0,0,0,0,0,0,0,0
2002,290090,3,1,0,0,0,0,0,0,0,0,0,0
2002,290091,1,1,0,0,0,0,0,0,0,0,0,0
2002,290091,2,1,0,0,0,0,0,0,11,0,0,0
2002,290091,3,1,0,0,0,0,0,0,0,0,0,0
2002,290092,1,1,0,0,0,0,0,0,0,0,0,0
2002,290092,2,1,0,0,0,0,0,0,0,0,0,0
2002,290093,0,1,0,0,0,0,0,0,0,0,0,0
2002,290093,1,1,13,13,13,13,13,13,13,13,13,13
2002,290094,1,1,0,0,0,0,0,0,0,0,0,0
2002,290094,2,1,3,3,3,3,3,3,3,3,3,3
2002,290095,1,1,0,0,0,0,0,0,0,0,0,0
2002,290095,2,1,0,0,0,0,0,0,0,0,0,0
2002,290096,1,1,0,0,0,0,0,0,0,0,0,0
2002,290096,2,1,10,0,0,0,0,0,0,0,0,0
2002,290097,1,1,0,0,0,0,0,0,0,0,0,0
2002,290097,2,1,0,0,0,0,0,0,0,0,0,0
2002,290098,1,1,0,0,0,0,0,0,0,0,0,0
2002,290099,1,1,0,0,0,0,0,0,0,0,0,0
2002,290099,2,1,0,0,0,0,0,0,0,0,0,0
2002,290100,1,1,0,0,0,0,0,0,0,0,0,0
2002,290100,2,1,0,0,0,0,0,0,0,0,0,0
2002,290100,3,1,14,0,0,0,0,0,0,0,0,0
2002,290100,4,1,0,0,0,0,0,0,0,0,0,0
2002,290100,5,1,0,0,0,0,0,0,0,0,0,0
2002,290101,1,1,0,0,0,0,0,0,0,0,0,0
2002,290102,1,1,0,0,0,0,0,0,0,0,0,0
2002,290102,2,1,0,0,0,0,0,0,0,0,0,0
2002,290103,1,1,0,0,0,0,0,0,0,0,0,0
2002,290104,1,1,0,0,0,0,7,0,0,0,0,0
2002,290104,2,1,0,0,0,0,0,0,0,0,0,0
2002,290104,3,1,0,0,0,0,0,0,0,0,0,0
2002,290105,1,1,19,19,19,19,19,19,19,19,19,19
2002,290106,0,1,0,0,0,0,0,0,0,0,0,0
2002,290106,1,1,0,0,0,0,0,0,0,0,0,0
2002,290107,1,1,7,7,7,7,7,7,7,7,7,7
2002,290108,1,1,0,0,0,0,0,10,0,0,0,0
2002,290109,1,1,0,0,0,0,0,0,0,0,0,0
2002,290110,1,1,18,18,18,18,18,18,18,18,18,18
2002,290111,1,1,0,0,0,0,0,0,0,0,0,0
2002,290112,1,1,25,25,25,25,25,25,25,25,25,25
2002,290113,1,1,0,0,0,0,0,0,0,0,0,0
2002,290113,2,1,0,0,0,0,0,0,0,0,0,0
2002,290115,1,1,30,30,30,30,30,30,30,30,30,30
2002,290116,1,1,0,0,0,0,0,0,0,0,0,0
2002,290117,1,1,21,30,26,20,14,27,10,21,10,22
2002,290117,2,1,0,0,0,0,0,0,0,0,0,19
2002,290118,1,1,16,17,14,19,16,27,23,0,0,30
2002,290119,1,1,14,14,14,14,14,14,14,14,14,14
2002,290120,1,1,25,25,25,25,25,25,25,25,25,25
2002,290121,1,1,14,0,0,0,0,0,0,0,0,0
2002,290121,2,1,0,0,0,0,0,0,0,0,0,0
2002,290122,1,1,26,17,27,14,10,25,22,15,19,9
2002,290123,1,1,11,7,0,22,15,10,17,9,32,20
2002,290123,2,1,0,0,0,0,0,6,0,0,0,0
2002,290124,1,1,5,5,5,5,5,5,5,5,5,5
2002,290125,1,1,0,0,0,0,0,0,0,0,0,0
2002,290126,1,1,0,0,0,34,0,14,0,0,0,0
2002,290127,1,1,0,0,0,0,0,0,0,0,0,0
2002,290127,2,1,0,0,0,0,0,0,0,0,0,0
2002,290128,1,1,0,0,0,0,0,0,0,0,0,0
2002,290128,2,1,0,0,0,0,0,0,0,0,0,0
2002,290129,1,1,0,0,0,27,0,0,20,0,0,11
2002,290130,0,1,0,0,0,0,0,0,0,0,0,0
2002,290130,1,1,0,0,0,0,0,0,0,0,14,0
2002,290131,1,1,0,0,0,0,0,0,0,0,0,0
2002,290132,1,1,0,0,0,0,0,0,0,0,0,0
2002,290133,0,1,8,0,0,0,0,15,0,0,0,17
2002,290133,1,1,0,0,0,0,0,0,0,0,0,0
2002,290134,1,1,0,0,0,0,0,14,0,0,0,0
2002,290134,2,1,19,19,19,19,19,19,19,19,19,19
2002,290134,3,1,0,0,0,0,0,0,0,0,0,0
2002,290135,1,1,24,24,24,24,24,24,24,24,24,24
2002,290135,2,1,0,5,0,10,0,0,0,0,0,0
2002,290136,1,1,0,0,0,0,0,12,0,0,0,0
2002,290137,1,1,22,17,12,31,24,22,19,13,26,27
2002,290138,1,1,0,0,0,0,0,0,0,0,0,0
2002,290140,1,1,8,0,17,20,7,0,0,13,24,16
2002,290140,2,1,15,6,0,9,5,0,0,9,0,12
2002,290141,1,1,28,28,28,28,28,28,28,28,28,28
2002,290142,1,1,8,8,8,8,8,8,8,8,8,8
2002,290143,1,1,0,0,0,0,0,0,0,0,0,0
2002,290144,1,1,0,0,0,33,23,21,30,18,21,0
2002,290145,1,1,11,11,11,11,11,11,11,11,11,11
2002,290145,2,1,0,0,0,0,0,0,0,0,0,0
2002,290146,1,1,0,0,0,0,0,0,10,0,0,0
2002,290147,1,1,0,0,0,0,0,0,0,0,0,0
2002,290147,2,1,0,0,0,0,0,0,0,0,0,0
2002,290148,1,1,10,0,0,0,0,0,0,0,0,0
2002,290148,2,1,0,0,0,0,0,0,0,0,0,0
2002,290149,1,1,0,0,0,0,0,0,0,0,0,0
2002,290150,1,1,14,14,14,14,14,14,14,14,14,14
2002,290151,1,1,0,0,0,0,0,0,0,0,0,0
2002,290151,2,1,0,0,0,0,0,0,0,0,0,0
2002,290151,3,1,0,0,0,0,0,0,0,0,0,0
2002,290152,1,1,10,0,0,0,27,0,20,0,0,0
2002,290153,1,1,0,0,0,0,0,0,0,0,0,0
2002,290153,2,1,0,0,0,0,0,0,0,0,0,0
2002,290153,3,1,0,0,0,0,0,0,0,0,0,0
2002,290153,4,1,0,0,0,0,0,0,0,0,0,0
2002,290154,1,1,0,0,0,7,15,14,0,10,18,16
2002,290154,2,1,0,0,0,0,0,0,0,0,11,0
2002,290155,1,1,14,14,14,14,14,14,14,14,14,14
2002,290156,1,1,0,0,0,0,0,0,0,0,0,0
2002,290156,2,1,0,0,0,0,0,0,0,0,0,0
2002,290157,1,1,0,0,0,0,0,0,0,0,0,0
2002,290158,1,1,0,0,0,0,0,0,0,0,0,0
2002,290158,2,1,0,0,0,0,11,5,0,0,0,0
2002,290158,3,1,0,0,0,0,0,0,0,0,0,0
2002,290159,0,1,0,0,0,0,0,0,0,0,0,0
2002,290159,1,1,17,0,0,5,0,0,0,0,0,0
2002,290160,1,1,9,0,0,5,0,0,0,0,0,9
2002,290160,2,1,0,0,0,0,0,0,0,0,0,0
2002,290161,1,1,0,0,12,0,0,0,15,0,0,0
2002,290162,1,1,0,0,0,0,17,0,0,0,0,0
2002,290162,2,1,0,0,0,23,0,0,19,0,0,0
2002,290163,1,1,0,0,0,0,9,0,0,0,0,0
2002,290163,2,1,0,0,0,0,0,0,0,0,0,0
2002,290164,1,1,0,0,0,0,0,0,0,0,0,0
2002,290164,2,1,0,0,0,0,0,0,0,0,0,0
2002,290164,3,1,0,0,0,0,0,0,0,0,0,0
2002,290165,1,1,0,4,0,0,0,0,0,0,0,0
2002,290165,2,1,0,0,0,7,0,0,0,0,0,0
2002,290165,3,1,0,0,0,0,0,0,0,0,0,0
2002,290165,4,1,0,0,0,0,0,0,18,0,0,0
2002,290166,0,1,0,0,0,0,0,0,0,0,0,0
2002,290166,1,1,0,0,18,0,0,0,0,0,0,0
2002,290167,1,1,0,11,0,0,0,0,0,0,0,16
2002,290167,2,1,0,0,0,0,0,0,0,0,0,0
2002,290168,1,1,0,0,0,0,0,0,0,0,0,0
2002,290169,1,1,18,18,18,18,18,18,18,18,18,18
2002,290169,2,1,0,0,0,0,0,0,0,0,0,0
2002,290170,1,1,0,0,0,0,0,0,0,0,0,0
2002,290170,2,1,0,0,0,0,0,0,0,0,0,0
2002,290171,1,1,0,0,0,0,0,0,0,0,0,0
2002,290171,2,1,0,0,0,0,0,0,0,0,0,0
2002,290171,3,1,0,0,0,0,0,0,6,0,0,0
2002,290172,1,1,0,0,0,23,0,0,0,0,0,0
2002,290173,1,1,0,0,0,0,0,0,0,0,0,0
2002,290173,2,1,0,0,0,0,0,0,0,0,0,0
2002,290174,1,1,2,2,2,2,2,2,2,2,2,2
2002,290175,1,1,24,24,24,24,24,24,24,24,24,24
2002,290176,1,1,7,7,7,7,7,7,7,7,7,7
2002,290177,1,1,5,14,15,14,13,24,17,15,5,8
2002,290178,1,1,0,0,0,0,0,0,0,0,0,0
2002,290179,1,1,21,23,17,11,25,0,0,11,0,0
2002,290180,1,1,0,0,0,0,0,0,0,0,0,0
2002,290180,2,1,0,0,0,0,0,0,0,0,0,0
2002,290181,1,1,3,3,3,3,3,3,3,3,3,3
2002,290182,1,1,17,17,17,17,17,17,17,17,17,17
2002,290183,1,1,19,19,19,19,19,19,19,19,19,19
2002,290183,2,1,0,0,0,0,0,0,0,0,0,0
2002,290184,1,1,0,0,0,0,0,0,0,0,0,0
2002,290184,2,1,0,0,0,0,0,0,0,0,0,0
2002,290185,1,1,18,6,14,7,27,20,14,13,0,0
2002,290186,1,1,0,0,0,0,0,0,0,0,0,0
2002,290186,2,1,19,19,19,19,19,19,19,19,19,19
2002,290187,1,1,0,0,0,0,0,0,0,0,0,0
2002,290187,2,1,0,0,0,0,0,0,0,0,0,0
2002,290188,1,1,23,23,23,23,23,23,23,23,23,23
2002,290189,1,1,13,13,13,13,13,13,13,13,13,13
2002,290190,1,1,19,19,19,19,19,19,19,19,19,19
2002,290191,1,1,22,2,19,26,16,28,12,14,0,15
2002,290192,0,1,0,0,0,0,0,0,0,0,0,0
2002,290192,1,1,0,0,0,0,0,0,0,0,0,0
2002,290193,1,1,26,26,26,26,26,26,26,26,26,26
2002,290193,2,1,0,0,0,0,0,0,0,0,0,0
2002,290194,1,1,14,14,14,14,14,14,14,14,14,14
2002,290195,1,1,28,28,28,28,28,28,28,28,28,28
2002,290196,1,1,0,0,0,0,0,0,0,0,0,0
2002,290196,2,1,0,22,15,27,0,0,5,0,0,0
2002,290197,1,1,0,0,0,0,0,0,0,0,0,0
2002,290198,1,1,0,0,0,0,0,0,0,0,0,0
2002,290198,2,1,0,0,0,0,0,0,0,0,0,0
2002,290199,1,1,0,0,0,0,0,0,0,0,0,0
2002,290199,2,1,0,0,0,0,0,0,0,0,0,0
2002,290199,3,1,0,0,0,0,0,0,0,0,0,0
2002,290200,1,1,17,17,17,17,17,17,17,17,17,17
2002,290201,1,1,20,20,20,20,20,20,20,20,20,20
2002,290202,1,1,0,0,0,0,0,25,0,8,0,0
2002,290202,2,1,0,0,0,0,0,0,0,0,0,0
2002,290203,1,1,21,18,33,36,13,16,16,15,7,11