YEAR,ST_CASE,veh_no,per_no,P1,P2,P3,P4,P5,P6,P7,P8,P9,P10
2002,290486,1,1,16,16,16,16,16,16,16,16,16,16
2002,290487,0,1,0,0,0,0,0,0,0,0,0,0
2002,290487,1,1,0,0,0,0,0,0,0,0,0,0
2002,290488,1,1,0,0,0,0,0,0,0,0,0,0
2002,290489,1,1,5,10,16,8,18,28,8,19,20,9
2002,290490,1,1,23,23,23,23,23,23,23,23,23,23
2002,290491,1,1,9,9,9,9,9,9,9,9,9,9
2002,290491,2,1,0,4,0,0,0,11,0,0,0,0
2002,290491,3,1,0,0,0,0,0,0,0,6,0,0
2002,290492,0,1,0,0,0,0,0,0,0,0,0,0
2002,290492,0,2,10,0,21,0,24,0,31,13,28,21
2002,290492,1,1,0,0,0,0,3,0,9,14,21,16
2002,290493,1,1,0,0,0,0,0,0,0,0,0,0
2002,290494,1,1,30,19,0,0,0,19,0,17,18,19
2002,290495,1,1,13,13,13,13,13,13,13,13,13,13
2002,290496,1,1,0,0,0,0,0,0,0,0,0,0
2002,290496,2,1,0,0,0,0,0,0,0,0,0,0
2002,290497,1,1,0,0,0,0,9,0,0,0,0,0
2002,290497,2,1,0,0,0,0,0,0,0,0,0,0
2002,290498,1,1,0,0,0,0,0,0,0,0,0,0
2002,290499,1,1,0,0,0,0,0,0,0,0,0,0
2002,290499,2,1,0,0,0,0,9,0,0,0,0,0
2002,290500,1,1,0,0,0,0,0,0,0,0,0,0
2002,290500,2,1,0,0,0,0,0,0,0,0,0,0
2002,290500,3,1,0,0,0,0,0,0,0,0,0,0
2002,290501,1,1,21,21,21,21,21,21,21,21,21,21
2002,290502,1,1,0,0,0,0,0,0,0,0,0,0
2002,290502,2,1,0,0,0,0,0,0,0,0,0,0
2002,290503,1,1,0,0,0,0,3,0,0,0,0,0
2002,290503,2,1,18,6,0,14,0,0,8,0,28,0
2002,290504,1,1,28,28,28,28,28,28,28,28,28,28
2002,290505,1,1,0,0,0,0,0,0,0,0,0,0
2002,290506,1,1,0,0,0,0,0,0,0,0,0,0
2002,290507,1,1,0,0,0,0,0,0,0,0,0,0
2002,290507,2,1,0,0,0,0,0,0,0,0,0,0
2002,290508,1,1,18,18,18,18,18,18,18,18,18,18
2002,290509,1,1,13,13,13,13,13,13,13,13,13,13
2002,290510,1,1,0,0,0,0,0,0,0,0,0,0
2002,290510,2,1,0,0,0,0,0,0,0,0,0,0
2002,290511,1,1,0,0,0,0,0,0,0,0,0,0
2002,290512,1,1,0,0,0,0,0,0,0,0,0,0
2002,290513,1,1,0,0,0,0,0,0,0,0,0,0
2002,290514,1,1,0,0,0,0,0,0,0,0,0,0
2002,290514,2,1,0,0,0,0,0,0,0,0,0,0
2002,290515,1,1,0,0,0,0,0,0,0,0,0,0
2002,290515,2,1,20,0,0,0,0,0,0,0,0,0
2002,290516,1,1,0,0,0,0,0,0,0,0,0,0
2002,290517,1,1,0,0,26,0,13,11,18,0,0,15
2002,290517,2,1,0,0,0,0,0,0,0,0,0,0
2002,290518,1,1,0,0,0,0,0,0,0,0,0,0
2002,290519,1,1,13,30,0,0,16,0,0,26,21,0
2002,290520,1,1,0,0,0,0,0,0,0,0,0,0
2002,290521,1,1,2,2,2,2,2,2,2,2,2,2
2002,290522,1,1,0,0,0,0,0,0,0,0,0,0
2002,290523,0,1,0,0,0,0,0,0,0,0,0,0
2002,290523,1,1,0,0,0,0,0,0,0,0,0,0
2002,290524,1,1,0,0,0,0,0,0,0,0,0,0
2002,290525,1,1,0,0,0,0,0,0,0,0,0,0
2002,290525,2,1,6,6,6,6,6,6,6,6,6,6
2002,290526,1,1,0,0,0,0,0,0,0,0,0,0
2002,290526,2,1,0,0,0,0,0,0,0,0,0,0
2002,290526,3,1,0,0,0,0,0,0,0,0,0,0
2002,290527,1,1,3,3,3,3,3,3,3,3,3,3
2002,290528,1,1,14,14,14,14,14,14,14,14,14,14
2002,290529,1,1,27,27,27,27,27,27,27,27,27,27
2002,290530,1,1,0,0,0,0,0,0,0,0,0,0
2002,290531,0,1,0,0,17,17,0,0,0,7,0,0
2002,290531,1,1,0,0,0,0,0,0,0,0,0,0
2002,290532,1,1,0,0,0,0,0,0,0,0,0,0
2002,290532,2,1,0,0,0,0,0,0,0,0,0,0
2002,290533,1,1,5,0,27,0,0,9,19,6,0,10
2002,290533,2,1,0,0,0,0,0,0,0,0,0,0
2002,290534,1,1,3,3,3,3,3,3,3,3,3,3
2002,290535,1,1,0,0,0,0,0,0,0,0,0,0
2002,290536,0,1,0,0,29,7,0,0,10,0,32,9
2002,290536,1,1,0,0,0,0,0,0,0,0,0,0
2002,290536,2,1,0,0,0,0,0,0,0,0,0,0
2002,290537,1,1,0,0,0,0,0,0,0,0,0,0
2002,290537,2,1,0,0,0,0,0,0,0,0,0,0
2002,290537,3,1,0,0,0,0,0,0,0,0,0,0
2002,290537,4,1,0,0,0,0,0,0,0,0,0,0
2002,290537,5,1,0,0,0,0,0,0,0,0,0,0
2002,290538,1,1,17,17,17,17,17,17,17,17,17,17
2002,290539,1,1,0,0,0,0,0,0,0,0,0,0
2002,290539,2,1,0,0,0,0,0,0,0,0,0,0
2002,290539,3,1,0,0,0,0,0,0,0,0,0,0
2002,290540,0,1,0,0,0,0,0,0,0,0,0,0
2002,290540,0,2,0,0,0,0,0,0,0,0,0,0
2002,290540,1,1,0,5,0,0,0,0,7,0,0,0
2002,290541,1,1,0,0,0,0,0,0,0,5,0,0
2002,290541,2,1,0,0,0,0,0,0,0,0,0,0
2002,290542,1,1,0,0,0,0,0,0,0,0,0,0
2002,290543,1,1,12,0,0,0,12,0,0,0,12,0
2002,290544,1,1,0,0,0,0,0,0,0,21,0,0
2002,290545,1,1,0,0,0,0,0,0,0,0,0,0
2002,290546,1,1,12,12,12,12,12,12,12,12,12,12
2002,290547,1,1,0,0,0,0,0,0,0,0,0,7
2002,290547,2,1,0,0,0,0,0,0,0,0,0,0
2002,290548,1,1,13,13,13,13,13,13,13,13,13,13
2002,290549,1,1,11,11,11,11,11,11,11,11,11,11
2002,290550,1,1,19,19,19,19,19,19,19,19,19,19
2002,290551,1,1,0,0,0,0,0,0,0,0,0,0
2002,290551,2,1,0,0,0,0,0,0,0,0,0,0
2002,290552,1,1,18,18,18,18,18,18,18,18,18,18
2002,290553,1,1,0,0,0,0,0,0,0,0,0,0
2002,290553,2,1,0,0,0,0,0,0,0,0,0,0
2002,290553,3,1,0,0,0,0,0,0,0,0,0,0
2002,290554,1,1,24,24,24,24,24,24,24,24,24,24
2002,290555,1,1,28,0,0,0,0,0,0,0,0,0
2002,290555,2,1,0,0,0,0,0,0,0,0,0,0
2002,290555,3,1,0,0,0,0,0,0,0,0,0,0
2002,290556,1,1,12,12,12,12,12,12,12,12,12,12
2002,290556,2,1,0,0,0,0,0,0,0,0,0,0
2002,290557,1,1,17,17,17,17,17,17,17,17,17,17
2002,290558,1,1,0,0,0,0,0,0,0,0,0,0
2002,290558,2,1,0,0,0,0,0,0,0,0,0,0
2002,290559,1,1,0,0,0,0,0,0,0,0,0,0
2002,290559,2,1,9,0,0,10,0,19,0,0,0,0
2002,290560,1,1,0,0,7,0,17,28,0,0,17,0
2002,290560,2,1,3,3,3,3,3,3,3,3,3,3
2002,290561,1,1,5,5,5,5,5,5,5,5,5,5
2002,290562,1,1,11,11,11,11,11,11,11,11,11,11
2002,290563,1,1,0,0,0,0,0,0,0,0,0,0
2002,290563,2,1,0,0,0,0,0,0,0,0,0,0
2002,290564,1,1,0,0,0,0,0,0,0,0,0,0
2002,290565,1,1,0,0,0,0,0,0,0,0,0,0
2002,290566,1,1,17,45,26,21,0,24,20,32,36,0
2002,290567,1,1,19,9,0,0,20,0,0,0,8,5
2002,290568,1,1,19,19,19,19,19,19,19,19,19,19
2002,290569,1,1,27,0,0,19,0,25,0,0,0,0
2002,290570,1,1,18,18,18,18,18,18,18,18,18,18
2002,290571,1,1,19,19,19,19,19,19,19,19,19,19
2002,290572,1,1,0,0,5,0,0,0,0,0,0,0
2002,290572,2,1,0,0,0,0,0,0,0,0,0,11
2002,290573,1,1,0,0,0,0,0,0,0,0,0,0
2002,290573,2,1,0,0,0,8,9,0,0,0,0,0
2002,290573,3,1,0,0,0,0,3,0,0,0,0,0
2002,290574,1,1,0,0,0,0,0,0,0,0,0,0
2002,290575,1,1,37,37,37,37,37,37,37,37,37,37
2002,290576,1,1,29,29,29,29,29,29,29,29,29,29
2002,290577,1,1,0,0,19,0,0,0,21,0,0,19
2002,290578,1,1,0,0,0,0,0,0,0,0,0,0
2002,290579,1,1,23,23,23,23,23,23,23,23,23,23
2002,290579,2,1,0,0,0,0,0,0,0,0,0,0
2002,290580,1,1,6,6,6,6,6,6,6,6,6,6
2002,290581,1,1,24,24,24,24,24,24,24,24,24,24
2002,290582,1,1,11,11,11,11,11,11,11,11,11,11
2002,290583,1,1,0,0,0,0,0,0,0,0,0,0
2002,290584,1,1,19,8,0,0,16,17,0,0,18,0
2002,290585,0,1,0,0,0,0,0,0,0,0,0,0
2002,290585,1,1,0,0,0,0,0,0,0,0,0,0
2002,290586,1,1,13,13,13,13,13,13,13,13,13,13
2002,290587,1,1,0,0,25,0,16,0,12,0,0,0
2002,290587,2,1,0,0,0,0,0,0,0,2,0,0
2002,290588,1,1,0,0,22,0,0,0,0,0,0,0
2002,290589,1,1,0,0,0,0,0,0,0,16,0,0
2002,290589,2,1,0,0,0,0,0,0,0,0,0,0
2002,290590,1,1,24,0,17,0,0,16,0,0,15,0
2002,290591,1,1,0,0,0,0,0,0,0,0,0,0
2002,290591,2,1,0,31,0,0,0,0,0,0,20,0
2002,290591,3,1,0,0,0,0,0,0,29,19,0,8
2002,290591,4,1,9,9,9,9,9,9,9,9,9,9
2002,290592,1,1,0,0,0,0,0,0,0,0,0,0
2002,290593,1,1,0,0,0,0,0,0,0,0,0,0
2002,290594,1,1,8,0,21,0,0,15,0,0,0,15
2002,290595,1,1,9,9,9,9,9,9,9,9,9,9
2002,290596,1,1,0,0,0,0,0,0,0,0,0,0
2002,290596,2,1,0,0,0,0,0,0,0,0,0,0
2002,290597,1,1,28,28,28,28,28,28,28,28,28,28
2002,290598,1,1,0,0,0,0,0,0,0,0,0,0
2002,290598,2,1,0,0,0,0,0,0,0,0,0,0
2002,290598,3,1,0,0,0,0,0,0,0,0,0,0
2002,290598,4,1,0,0,16,0,0,0,0,0,0,0
2002,290599,0,1,0,0,0,0,0,0,0,0,0,0
2002,290599,1,1,0,0,0,0,0,0,6,0,0,0
2002,290600,1,1,0,0,0,0,0,0,0,0,0,0
2002,290600,2,1,0,0,0,0,0,20,0,0,0,0
2002,290601,1,1,0,0,0,0,0,0,0,0,0,0
2002,290602,1,1,3,3,3,3,3,3,3,3,3,3
2002,290602,2,1,0,0,0,0,0,0,0,0,0,0
2002,290603,1,1,0,0,0,0,0,0,0,0,0,0
2002,290604,1,1,10,0,7,30,22,15,19,17,11,0
2002,290604,2,1,0,14,0,11,0,9,12,0,2,18
2002,290605,1,1,27,27,27,27,27,27,27,27,27,27
2002,290606,1,1,0,0,0,0,0,0,0,0,0,0
2002,290606,2,1,0,19,0,0,0,0,0,0,0,0
2002,290607,1,1,0,0,0,0,0,0,0,0,0,0
2002,290607,2,1,0,0,0,0,0,0,0,0,0,30
2002,290608,1,1,12,0,0,0,0,0,3,24,18,0
2002,290609,1,1,23,23,23,23,23,23,23,23,23,23
2002,290610,1,1,0,0,0,0,0,0,0,0,0,0
2002,290611,1,1,0,0,0,10,11,0,12,12,20,7
2002,290612,1,1,35,0,18,8,18,15,7,13,20,19
2002,290613,1,1,0,0,0,0,0,0,0,0,0,0
2002,290613,2,1,0,0,0,0,0,11,0,0,0,0
2002,290613,3,1,10,0,0,0,0,0,0,0,0,0
2002,290613,4,1,0,0,0,0,0,0,0,0,0,0
2002,290614,1,1,0,0,0,0,0,0,0,0,0,0
2002,290615,1,1,0,0,0,0,0,0,0,0,0,0
2002,290615,2,1,0,0,0,0,0,0,0,0,0,0
2002,290616,1,1,0,0,18,0,0,0,0,0,0,0
2002,290616,2,1,0,0,0,0,0,0,0,0,0,0
2002,290617,1,1,9,9,9,9,9,9,9,9,9,9
2002,290618,1,1,18,18,18,18,18,18,18,18,18,18
2002,290619,1,1,0,0,0,0,0,0,0,0,0,0
2002,290619,2,1,32,32,32,32,32,32,32,32,32,32
2002,290620,1,1,17,17,17,17,17,17,17,17,17,17
2002,290621,1,1,0,0,0,0,0,0,0,0,2,0
2002,290621,2,1,11,0,9,15,0,24,0,0,0,0
2002,290622,1,1,0,0,0,0,0,0,0,0,0,0
2002,290623,1,1,1,1,1,1,1,1,1,1,1,1
2002,290624,1,1,0,0,0,0,0,0,0,0,0,0
2002,290624,2,1,0,0,0,0,0,0,0,0,0,0
2002,290625,1,1,15,15,15,15,15,15,15,15,15,15
2002,290626,1,1,21,21,21,21,21,21,21,21,21,21
2002,290626,2,1,0,0,0,0,0,0,0,0,0,0
2002,290627,0,1,0,0,0,0,0,18,0,0,0,0
2002,290627,1,1,0,0,0,0,0,0,0,0,0,0
2002,290628,1,1,23,23,23,23,23,23,23,23,23,23
2002,290629,1,1,0,0,8,0,0,0,16,0,0,9
2002,290629,2,1,0,0,0,0,0,0,0,0,0,0
2002,290630,1,1,0,0,0,0,0,0,0,0,0,0
2002,290630,2,1,0,0,0,0,0,0,0,0,0,0
2002,290631,1,1,0,0,0,0,0,0,0,0,0,0
2002,290631,2,1,0,0,0,0,0,0,0,0,0,0
2002,290632,1,1,0,0,0,0,0,0,0,0,0,0
2002,290633,1,1,0,0,0,0,0,0,0,0,0,0
2002,290633,2,1,0,0,21,0,11,17,23,19,0,0
2002,290634,1,1,0,12,0,21,0,0,0,0,0,0
2002,290635,1,1,14,16,13,17,22,10,15,21,29,21
2002,290636,1,1,0,0,0,0,0,0,0,0,0,0
2002,290636,2,1,0,0,0,0,0,0,0,0,0,17
2002,290637,1,1,15,15,15,15,15,15,15,15,15,15
2002,290638,1,1,2,2,2,2,2,2,2,2,2,2
2002,290638,2,1,0,0,0,0,0,0,0,0,6,0
2002,290639,1,1,0,0,0,0,0,0,0,0,0,0
2002,290640,1,1,14,14,14,14,14,14,14,14,14,14
2002,290640,2,1,6,6,6,6,6,6,6,6,6,6
2002,290641,0,1,0,0,0,0,0,0,0,0,0,0
2002,290641,1,1,0,0,13,0,12,12,0,3,0,0
2002,290642,1,1,0,0,0,0,0,0,0,0,0,0
2002,290642,2,1,0,0,0,0,0,0,0,0,0,0
2002,290643,0,1,21,21,21,21,21,21,21,21,21,21
2002,290643,1,1,0,0,0,0,0,0,7,0,0,0
2002,290644,1,1,19,19,19,19,19,19,19,19,19,19
2002,290644,2,1,0,0,0,0,0,0,0,0,0,0
2002,290644,3,1,0,0,0,0,0,0,0,0,0,0
2002,290644,4,1,15,0,0,15,0,0,22,0,0,0
2002,290645,1,1,0,0,0,0,0,0,0,0,0,0
2002,290645,2,1,0,0,0,0,0,0,0,0,0,0
2002,290646,0,1,52,43,11,19,27,0,15,11,14,4
2002,290646,1,1,0,0,0,0,0,0,0,0,0,0
2002,290647,1,1,0,0,0,0,0,0,0,0,0,0
2002,290647,2,1,0,0,0,0,0,0,0,0,0,0
2002,290648,1,1,9,9,9,9,9,9,9,9,9,9
2002,290649,1,1,28,38,13,22,25,13,28,14,11,12
2002,290650,0,1,20,23,13,29,31,35,60,15,33,28
2002,290650,1,1,0,21,4,12,21,0,0,0,5,0
2002,290651,1,1,0,0,0,0,0,0,0,0,0,0
2002,290651,2,1,0,0,0,0,0,0,0,0,0,0
2002,290651,3,1,0,0,0,0,0,0,0,0,0,0
2002,290652,1,1,0,0,0,0,0,0,0,0,0,0
2002,290653,1,1,0,0,0,0,0,0,0,0,0,0
2002,290653,2,1,0,0,0,0,0,0,0,0,0,0
2002,290654,1,1,11,11,11,11,11,11,11,11,11,11
2002,290655,1,1,19,19,19,19,19,19,19,19,19,19
2002,290656,1,1,0,0,11,0,9,3,0,0,13,0
2002,290656,2,1,0,0,0,0,0,0,0,0,0,0
2002,290657,1,1,22,22,22,22,22,22,22,22,22,22
2002,290658,1,1,12,12,12,12,12,12,12,12,12,12
2002,290659,1,1,0,0,0,19,0,0,0,0,15,0
2002,290659,2,1,0,14,0,0,0,0,23,0,0,0
2002,290660,1,1,15,15,15,15,15,15,15,15,15,15
2002,290661,1,1,9,9,9,9,9,9,9,9,9,9
2002,290661,2,1,0,0,0,0,0,0,0,0,0,0
2002,290662,1,1,0,0,0,0,0,0,0,0,0,0
2002,290662,2,1,0,0,0,0,0,0,0,0,0,0
2002,290662,3,1,0,0,0,0,0,0,0,0,0,0
2002,290663,1,1,5,5,5,5,5,5,5,5,5,5
2002,290664,1,1,0,0,0,0,0,0,0,0,0,0
2002,290665,1,1,27,27,27,27,27,27,27,27,27,27
2002,290666,1,1,18,18,18,18,18,18,18,18,18,18
2002,290667,1,1,9,9,9,9,9,9,9,9,9,9
2002,290668,1,1,22,22,22,22,22,22,22,22,22,22
2002,290668,2,1,0,0,0,0,0,0,0,0,0,9
2002,290669,1,1,0,0,0,0,0,0,0,0,0,0
2002,290669,2,1,0,0,0,0,0,0,0,0,0,0
2002,290670,1,1,0,0,0,0,0,0,0,0,0,0
2002,290670,2,1,0,0,0,0,0,0,0,0,0,0
2002,290670,3,1,0,0,0,0,0,0,0,0,0,0
2002,290671,1,1,0,0,0,0,0,0,0,0,0,0
2002,290672,1,1,0,0,0,0,0,0,0,0,0,0
2002,290673,1,1,5,0,0,49,0,0,9,0,0,0
2002,290674,1,1,3,3,3,3,3,3,3,3,3,3
2002,290674,2,1,3,3,3,3,3,3,3,3,3,3
2002,290675,1,1,0,0,0,0,0,0,0,0,0,0
2002,290675,2,1,0,0,0,0,0,0,0,0,0,0
2002,290676,1,1,26,0,12,0,0,9,22,0,21,11
2002,290676,2,1,9,9,9,9,9,9,9,9,9,9
2002,290677,1,1,14,14,14,14,14,14,14,14,14,14
2002,290678,1,1,10,23,17,16,12,9,11,11,9,5
2002,290679,1,1,0,0,0,0,0,0,0,0,0,0
2002,290680,1,1,0,0,0,0,0,0,0,0,0,0
2002,290680,2,1,0,13,0,15,0,5,4,0,0,21
2002,290681,1,1,0,0,0,0,0,0,0,0,0,0
2002,290681,2,1,0,0,0,0,0,0,0,0,8,0
2002,290681,3,1,0,0,0,0,0,0,0,9,0,0
2002,290682,0,1,0,0,0,0,0,0,0,0,0,0
2002,290682,1,1,0,0,0,0,0,0,0,0,21,0
2002,290683,1,1,0,0,0,0,0,0,7,0,0,0
2002,290684,1,1,20,20,20,20,20,20,20,20,20,20
2002,290684,2,1,0,0,0,0,0,0,0,0,0,0
2002,290685,1,1,0,0,0,0,0,0,0,0,0,0
2002,290685,2,1,0,0,0,0,0,0,0,0,0,0
2002,290686,1,1,0,0,0,0,0,0,0,0,0,0
2002,290686,2,1,0,0,0,0,0,0,0,0,0,0
2002,290686,3,1,0,0,0,0,0,0,0,0,0,0
2002,290686,4,1,0,0,0,0,0,0,0,0,0,0
2002,290687,0,1,24,24,24,24,24,24,24,24,24,24
2002,290687,1,1,9,9,9,9,9,9,9,9,9,9
2002,290688,1,1,0,0,0,0,0,7,0,16,8,0
2002,290688,2,1,0,0,0,0,0,0,0,0,12,0
2002,290689,1,1,1,1,1,1,1,1,1,1,1,1
2002,290690,1,1,0,0,0,0,0,0,0,0,0,0
2002,290691,1,1,0,0,0,0,0,0,0,0,0,0
2002,290692,1,1,0,0,0,0,6,0,0,0,0,0
2002,290692,2,1,25,25,25,25,25,25,25,25,25,25
2002,290693,1,1,0,0,0,0,0,0,0,0,0,0
2002,290693,2,1,0,0,0,0,0,0,0,0,0,0
2002,290694,1,1,0,0,0,0,0,0,0,0,0,0
2002,290694,2,1,0,0,0,0,0,0,0,0,0,0
2002,290695,1,1,0,0,0,0,0,0,0,0,0,0
2002,290695,2,1,0,0,0,0,0,0,0,0,0,0
2002,290695,3,1,0,0,0,0,0,0,0,0,0,0
2002,290695,4,1,0,0,0,0,0,0,0,0,0,0
2002,290695,5,1,0,0,0,0,0,0,0,0,0,0
2002,290696,1,1,0,0,0,11,0,0,0,0,0,0
2002,290696,2,1,0,0,0,0,0,0,0,0,0,0
2002,290697,1,1,0,0,0,0,0,0,0,0,0,0
2002,290697,2,1,0,0,0,0,0,0,0,0,0,0
2002,290698,1,1,16,26,22,30,23,33,17,19,9,12
2002,290699,1,1,0,0,0,0,0,0,0,0,0,0
2002,290700,1,1,0,0,0,0,0,0,0,0,0,0
2002,290700,2,1,0,0,0,0,0,0,0,0,0,0
2002,290701,0,1,0,0,0,0,0,0,0,0,0,0
2002,290701,1,1,3,3,3,3,3,3,3,3,3,3
2002,290702,1,1,11,24,15,0,10,0,0,0,0,12
2002,290702,2,1,26,0,21,0,0,0,17,34,0,0
2002,290703,1,1,0,0,0,0,0,0,0,0,0,0
2002,290703,2,1,0,0,0,0,0,0,0,0,0,0
2002,290704,1,1,0,0,0,0,0,0,0,0,0,0
2002,290704,2,1,0,0,0,0,0,0,0,0,0,0
2002,290705,1,1,0,0,0,0,0,0,16,3,0,5
2002,290706,0,1,40,40,40,40,40,40,40,40,40,40
2002,290706,1,1,0,0,0,15,0,0,0,0,0,0
2002,290706,2,1,0,0,0,0,10,0,0,0,0,0
2002,290707,0,1,24,24,24,24,24,24,24,24,24,24
2002,290707,1,1,0,0,0,0,0,15,0,0,0,0
2002,290708,1,1,23,23,23,23,23,23,23,23,23,23
2002,290709,1,1,12,12,12,12,12,12,12,12,12,12
2002,290710,1,1,15,0,14,0,0,0,22,0,0,0
2002,290711,1,1,10,10,10,10,10,10,10,10,10,10
2002,290712,1,1,0,0,0,0,0,0,0,0,0,0
2002,290712,2,1,0,0,0,0,0,0,0,0,0,0
2002,290713,1,1,0,0,0,0,0,0,0,0,8,0
2002,290713,2,1,0,0,0,0,0,0,0,0,0,0
2002,290714,1,1,0,14,0,0,0,0,0,0,0,0
2002,290714,2,1,0,0,17,0,0,0,0,0,0,0
2002,290715,1,1,23,23,23,23,23,23,23,23,23,23
2002,290715,2,1,0,0,0,0,0,0,0,0,0,0
2002,290716,1,1,12,12,12,12,12,12,12,12,12,12
2002,290717,1,1,4,0,19,0,6,0,0,0,22,0
2002,290718,1,1,0,0,0,0,0,0,0,0,0,0
2002,290719,1,1,0,0,0,0,0,0,0,0,0,0
2002,290719,2,1,0,0,0,0,0,0,0,0,0,0
2002,290720,1,1,0,0,0,0,0,0,0,0,0,0
2002,290720,2,1,0,0,0,15,0,0,0,0,0,0
2002,290721,1,1,0,0,4,0,0,0,0,0,0,0
2002,290721,2,1,22,8,7,6,13,13,26,7,14,6
2002,290722,1,1,20,20,20,20,20,20,20,20,20,20
2002,290723,1,1,0,0,0,0,0,0,19,0,13,0
2002,290724,1,1,0,0,0,0,0,0,15,0,0,0
2002,290724,2,1,0,0,0,0,0,0,0,0,0,0
2002,290725,1,1,25,25,25,25,25,25,25,25,25,25
2002,290726,1,1,0,0,0,0,0,0,0,0,0,0
2002,290727,1,1,10,32,0,16,17,17,14,15,26,17
2002,290728,1,1,0,0,0,0,0,0,0,0,0,0
2002,290729,1,1,0,23,0,0,0,0,0,0,0,0
2002,290729,2,1,0,0,0,0,0,0,0,0,0,0
2002,290729,3,1,0,0,0,0,0,0,9,0,0,0
2002,290729,4,1,0,0,0,0,0,7,0,0,0,0
2002,290730,1,1,26,26,26,26,26,26,26,26,26,26
2002,290731,1,1,22,22,22,22,22,22,22,22,22,22
2002,290732,0,1,0,0,0,0,0,0,0,0,0,0
2002,290732,1,1,0,4,0,5,0,10,6,31,0,0
2002,290733,0,1,0,0,0,0,0,0,0,0,0,0
2002,290733,1,1,5,5,5,5,5,5,5,5,5,5
2002,290734,0,1,0,0,0,0,0,0,0,0,0,0
2002,290734,1,1,0,0,0,0,20,0,9,0,3,0
2002,290734,2,1,0,0,28,0,0,0,0,0,0,0
2002,290735,1,1,0,0,0,0,0,0,0,0,0,0
2002,290735,2,1,0,0,0,0,0,0,0,0,0,0
2002,290736,1,1,0,0,0,0,0,0,0,0,0,0
2002,290737,1,1,17,17,17,17,17,17,17,17,17,17
2002,290738,1,1,0,0,0,0,0,0,0,0,0,0
2002,290739,1,1,21,21,21,21,21,21,21,21,21,21
2002,290740,1,1,0,0,0,0,0,0,0,0,0,0
2002,290740,2,1,0,0,0,0,0,0,0,0,0,0
2002,290741,1,1,0,0,0,0,0,0,0,0,0,0
2002,290741,2,1,0,0,0,0,0,0,0,0,0,0
2002,290742,1,1,16,11,0,0,0,0,0,33,0,17
2002,290743,0,1,13,13,13,13,13,13,13,13,13,13
2002,290743,1,1,11,11,11,11,11,11,11,11,11,11
2002,290744,1,1,0,0,0,0,0,0,0,0,0,0
2002,290744,2,1,0,0,0,0,0,0,0,0,0,0
2002,290745,1,1,23,23,23,23,23,23,23,23,23,23
2002,290746,1,1,25,12,44,9,28,0,33,13,16,20
2002,290747,1,1,0,0,0,0,0,13,0,0,0,0
2002,290747,2,1,0,0,0,0,0,0,0,0,0,0
2002,290747,3,1,0,0,0,0,0,0,0,0,0,0
2002,290748,1,1,0,0,0,14,0,0,0,21,0,0
2002,290748,2,1,0,0,0,0,0,0,0,0,0,0
2002,290749,1,1,4,4,4,4,4,4,4,4,4,4
2002,290750,1,1,0,0,0,0,6,19,0,0,0,0
2002,290750,2,1,0,20,0,0,0,0,0,0,10,0
2002,290751,1,1,0,0,0,0,9,0,31,0,13,8
2002,290752,0,1,22,22,22,22,22,22,22,22,22,22
2002,290752,1,1,10,0,0,0,0,0,19,0,0,0
2002,290752,2,1,0,0,0,0,0,0,0,0,0,0
2002,290753,1,1,0,0,0,0,0,0,0,0,0,0
2002,290753,2,1,0,0,0,0,0,0,0,0,0,0
2002,290754,1,1,0,0,0,0,0,0,0,0,0,0
2002,290755,1,1,0,0,0,0,7,0,30,0,0,0
2002,290756,1,1,0,0,19,0,15,35,0,14,19,0
2002,290757,1,1,0,0,0,0,0,0,0,0,0,0
2002,290757,2,1,3,15,0,0,0,0,0,24,0,0
2002,290758,1,1,0,0,0,0,0,0,0,0,0,0
2002,290758,2,1,0,0,0,0,0,0,0,0,0,0
2002,290758,3,1,0,0,0,10,0,0,5,0,0,0
2002,290759,1,1,0,0,0,0,0,0,0,0,0,0
2002,290759,2,1,0,0,0,0,0,0,0,0,0,0
2002,290760,0,1,1,1,1,1,1,1,1,1,1,1
2002,290760,1,1,13,0,0,5,0,0,0,0,0,0
2002,290761,1,1,0,0,0,0,0,0,0,0,0,0
2002,290761,2,1,11,0,0,0,0,0,0,0,0,0
2002,290761,3,1,0,0,0,0,0,0,0,0,0,0
2002,290762,1,1,0,0,0,0,0,0,0,0,0,0
2002,290763,1,1,0,0,0,0,0,0,0,0,0,0
2002,290764,1,1,0,0,0,0,0,0,0,0,0,0
2002,290764,2,1,0,0,0,0,0,0,0,0,0,0
2002,290764,3,1,0,0,0,0,0,0,0,0,0,0
2002,290765,1,1,0,0,0,0,0,0,0,0,0,0
2002,290765,2,1,0,0,0,0,0,0,0,0,0,0
2002,290766,1,1,0,0,0,0,0,0,0,0,0,0
2002,290767,0,1,0,0,0,0,0,0,0,0,0,0
2002,290767,1,1,0,0,12,0,0,0,0,0,0,0
2002,290768,1,1,0,0,0,0,0,0,0,0,0,0
2002,290768,2,1,0,0,0,0,16,0,0,0,0,0
2002,290769,1,1,12,12,12,12,12,12,12,12,12,12
2002,290770,1,1,21,21,21,21,21,21,21,21,21,21