YEAR,ST_CASE,veh_no,per_no,P1,P2,P3,P4,P5,P6,P7,P8,P9,P10
2002,291063,1,1,0,0,9,0,0,0,0,0,0,0
2002,291064,1,1,22,22,22,22,22,22,22,22,22,22
2002,291065,1,1,6,6,6,6,6,6,6,6,6,6
2002,291067,1,1,0,0,0,0,0,0,0,0,0,14
2002,291067,2,1,0,0,0,0,0,0,0,0,0,0
2002,291068,1,1,0,0,0,0,0,0,0,0,0,0
2002,291069,1,1,0,0,0,0,0,0,0,0,0,0
2002,291069,2,1,0,0,0,0,0,0,0,0,0,0
2002,291070,1,1,0,0,0,0,0,0,0,0,0,0
2002,291070,2,1,0,0,0,0,0,0,0,0,0,0
2002,291071,1,1,13,13,13,13,13,13,13,13,13,13
2002,291072,1,1,0,0,26,0,0,0,0,13,0,0
2002,291072,2,1,0,0,0,0,0,0,0,0,0,0
2002,291073,1,1,0,0,0,0,0,0,0,0,0,0
2002,291074,1,1,18,0,0,0,0,0,0,0,0,0
2002,291075,1,1,0,11,10,0,0,0,0,0,0,0
2002,291075,2,1,0,0,0,0,0,0,0,0,0,0
2002,291076,1,1,0,0,0,0,0,0,0,0,0,0
2002,291077,0,1,32,16,32,26,8,24,28,18,10,0
2002,291077,1,1,0,0,0,0,0,0,0,0,0,0
2002,291078,0,1,0,0,0,0,0,0,0,0,0,0
2002,291078,1,1,0,0,0,0,0,0,0,0,11,0
2002,291079,1,1,14,14,14,14,14,14,14,14,14,14
2002,291080,1,1,11,11,11,11,11,11,11,11,11,11
2002,291080,2,1,0,0,0,0,0,0,0,0,0,0
2002,291081,1,1,0,0,0,0,0,0,0,5,13,0
2002,291081,2,1,0,0,0,0,0,0,0,0,0,0
2002,291082,1,1,9,0,0,0,0,0,0,0,0,0
2002,291082,2,1,20,0,0,20,11,0,0,40,0,0
2002,291083,1,1,24,24,24,24,24,24,24,24,24,24
2002,291083,2,1,0,0,0,0,0,0,0,0,0,0
2002,291084,1,1,0,20,10,0,0,0,0,9,0,0
2002,291084,2,1,0,0,0,0,0,0,0,0,0,0
2002,291084,3,1,0,0,0,0,2,0,25,0,0,12
2002,291085,1,1,0,0,0,0,0,0,0,0,0,0
2002,291086,1,1,0,0,13,0,0,0,0,20,10,0
2002,291087,1,1,0,0,0,0,0,0,0,0,0,0
2002,291088,0,1,0,0,0,0,0,0,0,0,0,0
2002,291088,1,1,0,0,10,0,13,0,0,15,9,0
2002,291089,1,1,12,24,23,17,6,46,30,14,0,12
2002,291090,0,1,0,0,0,0,0,0,0,0,0,0
2002,291090,1,1,0,0,0,0,0,0,0,0,0,0
2002,291091,1,1,0,0,0,0,0,0,0,0,0,0
2002,291091,2,1,0,0,0,0,0,0,0,0,0,0
2002,291092,1,1,19,31,20,29,15,28,29,13,21,11
2002,291093,1,1,15,15,15,15,15,15,15,15,15,15
2002,291093,2,1,0,0,0,0,0,0,0,0,0,0
2002,291094,1,1,0,0,0,0,0,0,0,0,0,0
2002,291094,2,1,0,0,0,0,0,0,0,0,0,0
2002,291094,3,1,0,0,0,0,17,0,0,0,0,0
2002,291094,4,1,0,0,0,0,0,0,0,0,0,0
2002,300001,1,1,0,0,0,0,0,0,0,0,0,0
2002,300002,1,1,0,0,0,0,0,0,0,0,0,0
2002,300002,2,1,0,0,0,0,0,0,0,0,0,0
2002,300003,1,1,4,0,0,0,0,0,0,13,0,0
2002,300004,1,1,0,0,0,0,0,0,0,0,0,0
2002,300004,2,1,0,0,0,0,0,0,0,0,0,0
2002,300004,3,1,0,0,0,0,0,0,0,0,0,0
2002,300005,1,1,18,18,18,18,18,18,18,18,18,18
2002,300005,2,1,0,0,0,0,0,0,0,0,0,0
2002,300006,1,1,0,0,0,0,0,0,0,0,0,0
2002,300007,1,1,0,0,0,0,0,0,0,0,0,0
2002,300008,1,1,0,0,0,0,0,0,0,0,0,0
2002,300008,2,1,0,0,0,0,0,0,0,0,0,0
2002,300009,1,1,7,0,0,0,0,0,0,0,0,0
2002,300010,1,1,23,23,23,23,23,23,23,23,23,23
2002,300011,1,1,0,0,0,0,0,0,0,0,0,0
2002,300011,2,1,7,7,7,7,7,7,7,7,7,7
2002,300012,1,1,0,0,0,0,0,0,0,0,0,0
2002,300013,0,1,23,23,23,23,23,23,23,23,23,23
2002,300013,1,1,0,13,23,15,13,3,9,24,8,0
2002,300014,1,1,20,20,20,20,20,20,20,20,20,20
2002,300015,1,1,23,23,23,23,23,23,23,23,23,23
2002,300016,1,1,0,0,0,0,0,0,0,0,0,0
2002,300016,2,1,0,0,0,0,0,0,0,0,0,0
2002,300017,1,1,0,0,0,0,0,0,0,0,0,0
2002,300017,2,1,5,5,5,5,5,5,5,5,5,5
2002,300018,1,3,0,0,0,0,0,0,0,0,0,5
2002,300019,1,1,26,26,26,26,26,26,26,26,26,26
2002,300020,1,1,10,10,10,10,10,10,10,10,10,10
2002,300021,1,5,0,15,0,27,0,19,34,0,15,8
2002,300022,1,1,0,0,0,0,0,0,0,0,0,0
2002,300023,1,1,0,0,0,0,0,0,0,0,0,0
2002,300024,1,1,19,19,19,19,19,19,19,19,19,19
2002,300025,1,1,0,0,0,0,0,0,0,0,0,0
2002,300025,2,1,0,0,0,0,0,0,0,0,0,0
2002,300026,1,1,23,23,23,23,23,23,23,23,23,23
2002,300027,1,1,0,0,0,0,0,0,0,0,0,0
2002,300028,1,1,0,0,0,0,0,0,0,0,0,0
2002,300028,2,1,0,0,0,0,0,0,0,0,0,0
2002,300029,1,1,0,0,0,0,0,0,0,0,0,0
2002,300030,1,1,17,17,17,17,17,17,17,17,17,17
2002,300031,1,1,0,0,0,0,0,0,0,0,0,0
2002,300032,1,1,22,22,22,22,22,22,22,22,22,22
2002,300033,1,1,22,22,22,22,22,22,22,22,22,22
2002,300034,1,1,17,17,17,17,17,17,17,17,17,17
2002,300035,1,1,4,4,4,4,4,4,4,4,4,4
2002,300036,1,1,22,22,22,22,22,22,22,22,22,22
2002,300037,1,1,22,22,22,22,22,22,22,22,22,22
2002,300038,0,1,0,0,0,0,0,0,0,0,0,0
2002,300038,1,1,0,0,0,0,10,0,0,0,0,0
2002,300039,1,1,6,6,6,6,6,6,6,6,6,6
2002,300040,1,1,4,4,4,4,4,4,4,4,4,4
2002,300040,2,1,4,4,4,4,4,4,4,4,4,4
2002,300041,1,1,23,23,23,23,23,23,23,23,23,23
2002,300042,1,1,0,0,0,0,0,0,0,0,0,0
2002,300043,1,1,5,5,5,5,5,5,5,5,5,5
2002,300043,2,1,0,0,0,0,0,0,0,0,0,0
2002,300044,1,1,3,3,3,3,3,3,3,3,3,3
2002,300044,2,1,0,0,0,0,0,0,0,0,0,0
2002,300045,1,1,0,0,0,0,0,0,0,0,0,0
2002,300046,1,1,0,0,0,0,0,0,0,0,0,0
2002,300047,1,1,21,21,21,21,21,21,21,21,21,21
2002,300048,1,1,0,0,0,0,0,0,0,0,0,0
2002,300048,2,1,0,0,0,0,0,0,0,0,0,0
2002,300049,1,1,24,24,24,24,24,24,24,24,24,24
2002,300050,1,1,0,0,0,0,0,0,0,0,0,0
2002,300050,2,1,0,0,0,0,0,0,0,0,0,0
2002,300051,1,1,0,0,7,0,17,14,17,16,0,23
2002,300052,1,1,22,22,22,22,22,22,22,22,22,22
2002,300052,2,1,0,0,0,0,0,0,0,0,0,0
2002,300053,1,1,0,0,0,0,0,0,0,0,0,0
2002,300053,2,1,0,0,0,0,0,0,0,0,0,0
2002,300054,1,1,0,0,0,0,0,0,0,0,0,0
2002,300055,1,1,0,0,0,0,0,0,0,0,0,0
2002,300055,2,1,0,0,0,14,0,0,0,0,0,0
2002,300056,1,1,22,22,22,22,22,22,22,22,22,22
2002,300057,1,1,4,4,4,4,4,4,4,4,4,4
2002,300057,2,1,0,0,0,0,0,0,0,0,0,0
2002,300058,1,1,13,13,13,13,13,13,13,13,13,13
2002,300059,1,1,11,11,11,11,11,11,11,11,11,11
2002,300060,1,1,0,0,0,0,0,0,0,0,0,0
2002,300061,1,1,0,0,0,0,0,0,0,0,0,0
2002,300062,1,1,16,16,16,16,16,16,16,16,16,16
2002,300063,1,1,23,23,23,23,23,23,23,23,23,23
2002,300064,1,1,14,14,14,14,14,14,14,14,14,14
2002,300065,1,1,10,0,20,19,11,0,23,19,0,14
2002,300066,0,1,0,0,0,0,0,0,0,0,0,0
2002,300066,1,1,0,0,0,0,0,0,0,0,0,0
2002,300067,1,1,0,0,0,0,0,0,0,0,0,0
2002,300068,1,1,0,0,0,0,0,0,0,0,0,0
2002,300069,1,1,0,0,0,0,0,0,0,0,0,0
2002,300070,1,1,0,0,0,0,0,0,0,0,0,0
2002,300070,2,1,0,0,0,0,0,0,0,0,0,0
2002,300071,0,1,28,28,28,28,28,28,28,28,28,28
2002,300072,1,1,18,18,18,18,18,18,18,18,18,18
2002,300073,1,1,0,0,0,0,0,0,0,0,0,0
2002,300074,1,1,0,0,0,0,0,0,0,0,0,0
2002,300074,2,1,15,15,15,15,15,15,15,15,15,15
2002,300075,1,1,0,0,0,0,0,0,0,0,0,0
2002,300076,1,1,21,21,21,21,21,21,21,21,21,21
2002,300077,1,1,0,27,0,0,0,0,10,21,0,17
2002,300078,1,1,0,0,0,0,0,0,0,0,0,0
2002,300079,1,1,11,17,11,18,12,17,20,24,10,17
2002,300080,1,1,12,12,12,12,12,12,12,12,12,12
2002,300081,1,1,11,11,11,11,11,11,11,11,11,11
2002,300082,1,1,18,18,18,18,18,18,18,18,18,18
2002,300083,1,1,0,0,0,0,0,0,0,0,0,0
2002,300084,1,1,13,13,13,13,13,13,13,13,13,13
2002,300084,2,1,15,11,4,28,14,16,15,0,0,12
2002,300085,1,1,0,0,0,0,16,0,0,0,0,0
2002,300085,2,1,0,0,0,0,0,0,0,0,0,17
2002,300086,1,1,0,0,0,0,0,0,0,0,0,0
2002,300086,2,1,0,0,0,0,0,0,0,0,0,0
2002,300087,1,1,0,0,0,0,0,0,0,0,0,0
2002,300087,2,1,0,0,0,0,0,0,0,0,0,0
2002,300088,1,1,0,0,0,0,0,0,0,0,0,0
2002,300089,1,1,0,0,0,0,0,0,0,0,0,0
2002,300089,2,1,33,33,33,33,33,33,33,33,33,33
2002,300090,1,1,0,0,0,0,0,0,0,0,0,0
2002,300090,2,1,0,0,0,0,0,0,0,0,0,0
2002,300091,1,1,0,25,27,0,13,0,10,7,24,23
2002,300092,1,1,0,0,0,0,0,0,0,0,0,0
2002,300093,1,1,23,23,23,23,23,23,23,23,23,23
2002,300093,2,1,0,0,0,0,0,0,0,0,0,0
2002,300094,1,1,0,0,0,0,0,0,0,0,0,0
2002,300094,2,1,0,0,0,0,0,0,0,0,0,0
2002,300095,1,1,0,0,11,0,0,0,0,0,0,0
2002,300096,1,1,13,13,13,13,13,13,13,13,13,13
2002,300097,1,1,0,0,0,0,0,0,0,0,0,0
2002,300098,1,1,0,0,0,0,0,0,0,0,0,0
2002,300099,1,1,0,0,0,0,0,0,0,0,0,0
2002,300100,1,1,0,0,0,0,0,0,0,0,0,0
2002,300100,2,1,0,0,0,0,0,0,0,0,0,0
2002,300101,1,1,22,22,22,22,22,22,22,22,22,22
2002,300102,1,1,0,0,0,0,0,0,0,0,0,0
2002,300102,2,1,0,0,0,0,0,0,0,0,0,0
2002,300103,1,1,0,0,0,0,0,0,0,0,0,0
2002,300104,1,1,0,0,0,0,0,0,0,0,0,0
2002,300105,1,1,10,10,10,10,10,10,10,10,10,10
2002,300106,1,1,0,0,0,0,0,0,0,0,0,0
2002,300107,1,1,0,0,0,0,0,0,0,0,0,0
2002,300108,1,1,14,14,14,14,14,14,14,14,14,14
2002,300109,1,1,4,4,4,4,4,4,4,4,4,4
2002,300109,2,1,2,2,2,2,2,2,2,2,2,2
2002,300109,3,1,0,0,0,0,0,0,0,0,0,0
2002,300110,1,1,0,4,0,14,0,0,0,0,0,0
2002,300110,2,1,0,0,0,0,0,0,0,0,0,0
2002,300111,1,1,11,11,11,11,11,11,11,11,11,11
2002,300112,1,1,26,35,12,19,19,21,35,10,25,30
2002,300113,1,1,0,0,0,0,0,0,0,0,0,0
2002,300113,2,1,0,0,0,0,0,0,0,0,0,0
2002,300114,1,1,22,22,22,22,22,22,22,22,22,22
2002,300115,1,1,0,0,0,0,0,0,0,0,0,0
2002,300115,2,1,0,0,0,0,0,0,0,0,0,0
2002,300115,3,1,0,0,0,0,0,0,0,0,0,0
2002,300116,1,1,31,0,9,0,0,0,0,4,28,16
2002,300117,1,1,0,0,0,0,0,0,0,0,0,0
2002,300118,1,1,0,0,0,0,0,0,0,0,0,0
2002,300118,2,1,0,0,9,0,0,0,0,0,0,0
2002,300119,1,1,0,0,0,0,0,0,0,0,0,0
2002,300120,1,1,4,4,4,4,4,4,4,4,4,4
2002,300120,2,1,3,3,3,3,3,3,3,3,3,3
2002,300121,1,1,29,29,29,29,29,29,29,29,29,29
2002,300122,1,1,0,0,0,0,0,0,0,0,0,0
2002,300123,1,1,0,0,0,0,0,0,0,0,0,0
2002,300123,2,1,0,0,0,0,0,0,0,0,0,0
2002,300123,3,1,0,27,0,0,0,21,0,0,0,0
2002,300124,1,1,2,2,2,2,2,2,2,2,2,2
2002,300124,2,1,0,0,0,0,0,0,0,0,0,0
2002,300125,1,1,13,13,13,13,13,13,13,13,13,13
2002,300125,2,1,0,0,0,0,0,0,0,0,0,0
2002,300125,3,1,0,0,0,0,0,0,0,0,0,0
2002,300126,1,1,0,0,0,0,0,0,0,0,0,0
2002,300127,1,1,17,17,17,17,17,17,17,17,17,17
2002,300127,2,1,0,0,0,0,0,0,0,0,0,0
2002,300128,1,1,0,0,0,0,0,0,0,0,0,0
2002,300129,1,1,2,2,2,2,2,2,2,2,2,2
2002,300130,1,1,13,0,7,0,0,0,0,0,0,0
2002,300131,1,1,0,0,0,0,0,0,0,0,0,0
2002,300131,2,1,2,2,2,2,2,2,2,2,2,2
2002,300132,1,1,0,0,0,0,0,0,0,0,0,0
2002,300132,2,1,0,0,0,0,0,0,0,0,0,0
2002,300133,1,1,0,0,0,0,0,0,0,0,0,0
2002,300134,1,1,15,15,15,15,15,15,15,15,15,15
2002,300135,1,1,29,29,29,29,29,29,29,29,29,29
2002,300136,1,1,28,28,17,11,17,22,19,34,29,10
2002,300137,1,1,0,0,0,0,0,0,0,0,0,0
2002,300137,2,1,0,0,0,0,0,0,0,0,0,0
2002,300138,1,1,0,0,0,0,0,0,0,0,0,0
2002,300139,0,1,23,37,30,27,49,35,19,30,11,30
2002,300139,1,1,0,0,0,0,0,0,0,0,0,0
2002,300140,1,1,0,0,0,0,0,0,0,0,0,0
2002,300141,1,1,0,11,13,15,15,37,14,0,8,14
2002,300142,1,1,1,1,1,1,1,1,1,1,1,1
2002,300143,1,1,0,0,0,0,0,0,0,0,0,0
2002,300144,1,1,0,0,14,15,0,26,0,0,0,0
2002,300145,1,1,34,34,34,34,34,34,34,34,34,34
2002,300146,1,1,0,0,0,0,0,0,0,0,0,0
2002,300146,2,1,0,0,0,0,0,0,0,0,0,0
2002,300147,1,1,0,0,0,0,0,0,0,0,0,0
2002,300148,0,1,0,0,0,0,0,0,0,0,0,0
2002,300148,1,1,0,0,0,0,0,0,0,0,0,0
2002,300149,1,1,12,12,12,12,12,12,12,12,12,12
2002,300150,1,1,16,16,16,16,16,16,16,16,16,16
2002,300151,1,1,0,0,0,0,0,0,0,0,0,0
2002,300152,1,1,0,0,0,0,0,0,0,0,0,0
2002,300153,0,1,20,20,20,20,20,20,20,20,20,20
2002,300153,1,1,0,0,0,0,0,0,0,0,0,0
2002,300154,1,1,21,21,21,21,21,21,21,21,21,21
2002,300155,1,1,0,0,0,0,0,0,0,0,0,0
2002,300155,2,1,0,0,0,0,0,0,0,0,0,0
2002,300156,1,1,0,0,0,0,0,0,0,0,0,0
2002,300156,2,1,0,0,0,0,0,0,0,0,0,0
2002,300157,1,1,0,11,16,0,0,0,0,0,0,0
2002,300158,1,1,16,16,16,16,16,16,16,16,16,16
2002,300159,1,1,0,0,0,0,0,0,0,0,0,0
2002,300159,2,1,0,0,0,0,0,0,0,0,15,0
2002,300160,1,1,7,7,7,7,7,7,7,7,7,7
2002,300161,1,1,14,0,18,25,9,0,24,26,21,7
2002,300162,1,1,0,0,0,0,0,0,0,0,24,25
2002,300163,1,1,0,0,0,0,0,0,0,0,0,0
2002,300164,1,1,0,0,0,0,0,0,0,0,0,0
2002,300164,2,1,0,0,0,0,0,0,0,0,0,0
2002,300165,1,1,25,25,25,25,25,25,25,25,25,25
2002,300165,2,1,10,10,10,10,10,10,10,10,10,10
2002,300165,3,1,0,0,0,0,0,0,0,0,0,0
2002,300166,1,1,10,10,10,10,10,10,10,10,10,10
2002,300167,1,1,0,0,0,0,0,0,0,0,0,0
2002,300167,2,1,0,0,0,0,0,0,0,0,0,0
2002,300168,1,1,9,9,9,9,9,9,9,9,9,9
2002,300169,1,1,0,0,0,0,0,0,0,0,0,0
2002,300170,1,1,26,17,21,15,17,18,0,0,24,21
2002,300171,1,1,0,0,0,0,0,0,0,0,0,0
2002,300172,1,1,0,0,0,0,0,0,0,0,0,0
2002,300173,1,1,13,13,13,13,13,13,13,13,13,13
2002,300173,2,1,0,0,0,0,0,0,0,0,0,0
2002,300174,1,1,0,0,0,0,0,0,0,21,0,0
2002,300175,1,1,18,18,18,18,18,18,18,18,18,18
2002,300176,1,1,14,0,10,21,10,15,4,23,17,2
2002,300176,2,1,0,0,20,0,0,0,0,0,0,23
2002,300176,3,1,0,0,0,0,0,0,0,0,0,0
2002,300177,1,1,0,0,0,0,0,0,0,0,0,0
2002,300178,1,1,0,9,2,12,8,6,22,12,9,0
2002,300178,2,1,0,0,0,0,0,0,0,0,0,0
2002,300179,1,1,0,0,0,0,0,0,0,0,0,0
2002,300180,1,1,0,0,0,0,0,0,0,0,0,0
2002,300181,1,1,0,0,0,0,0,0,0,21,0,6
2002,300181,2,1,0,0,0,0,0,0,0,0,0,0
2002,300182,1,1,31,31,31,31,31,31,31,31,31,31
2002,300183,1,1,20,20,20,20,20,20,20,20,20,20
2002,300183,2,1,0,0,0,0,0,0,0,0,0,0
2002,300184,1,1,25,25,25,25,25,25,25,25,25,25
2002,300185,1,1,0,0,0,0,0,0,0,0,0,0
2002,300186,0,1,0,0,0,0,0,0,0,0,0,0
2002,300186,1,1,12,12,12,12,12,12,12,12,12,12
2002,300187,1,1,0,0,0,0,0,0,0,0,0,0
2002,300187,2,1,0,0,0,0,0,0,0,0,0,0
2002,300188,1,1,16,16,16,16,16,16,16,16,16,16
2002,300188,2,1,1,1,1,1,1,1,1,1,1,1
2002,300189,1,1,0,0,0,0,0,0,0,0,0,0
2002,300190,1,1,0,0,0,0,0,0,0,0,0,0
2002,300190,2,1,0,0,0,0,0,0,0,0,0,0
2002,300191,1,1,0,0,0,0,0,0,0,0,0,0
2002,300191,2,1,0,0,0,0,0,16,0,0,18,17
2002,300192,1,1,31,31,31,31,31,31,31,31,31,31
2002,300193,1,1,0,0,0,0,0,0,0,0,0,0
2002,300194,0,1,0,0,0,0,0,0,0,0,0,0
2002,300194,1,1,2,2,2,2,2,2,2,2,2,2
2002,300195,1,1,0,0,0,0,0,0,0,0,0,0
2002,300195,2,1,0,0,0,0,0,0,0,0,0,0
2002,300195,3,1,0,0,0,0,0,0,0,0,0,0
2002,300196,1,1,9,9,9,9,9,9,9,9,9,9
2002,300197,1,1,16,14,29,8,19,21,24,18,22,10
2002,300198,1,1,33,33,33,33,33,33,33,33,33,33
2002,300199,1,1,0,0,0,0,0,0,0,0,0,0
2002,300199,2,1,0,0,0,0,0,0,0,0,0,0
2002,300200,0,1,14,14,14,14,14,14,14,14,14,14
2002,300200,1,1,20,14,11,15,19,13,13,15,8,3
2002,300201,1,1,16,4,27,23,17,20,27,16,29,12
2002,300202,1,1,32,32,32,32,32,32,32,32,32,32
2002,300203,1,1,0,0,0,0,0,0,0,0,0,0
2002,300203,2,1,0,0,0,0,0,0,0,0,0,0
2002,300204,1,1,0,0,0,0,0,0,0,0,0,0
2002,300205,1,1,0,0,0,0,0,0,0,0,0,0
2002,300205,2,1,0,0,0,0,0,0,0,0,0,0
2002,300206,0,1,0,0,0,0,0,0,0,0,0,0
2002,300206,1,1,0,0,0,0,0,0,0,0,0,0
2002,300207,1,1,0,0,0,0,0,0,0,0,0,0
2002,300208,1,1,0,0,0,0,0,0,0,0,0,0
2002,300209,1,1,22,22,22,22,22,22,22,22,22,22
2002,300210,1,1,0,0,0,0,0,0,0,0,0,0
2002,300211,1,1,16,16,16,16,16,16,16,16,16,16
2002,300212,1,1,15,15,15,15,15,15,15,15,15,15
2002,300213,1,1,1,1,1,1,1,1,1,1,1,1
2002,300214,1,1,0,0,0,0,0,0,0,0,0,0
2002,300215,1,1,20,20,20,20,20,20,20,20,20,20
2002,300216,1,1,12,12,12,12,12,12,12,12,12,12
2002,300217,1,1,0,0,0,0,0,0,0,0,0,0
2002,300217,2,1,28,28,28,28,28,28,28,28,28,28
2002,300218,1,1,0,0,0,0,0,0,0,0,0,0
2002,300219,0,1,0,0,0,0,0,0,0,0,0,0
2002,300219,1,1,0,0,24,0,0,0,0,0,15,12
2002,300220,1,1,5,5,5,5,5,5,5,5,5,5
2002,300221,1,1,0,0,0,0,0,0,0,0,0,0
2002,300221,2,1,0,0,0,0,0,0,0,0,0,0
2002,300221,3,1,0,0,0,0,0,0,0,0,0,0
2002,300222,0,1,0,0,0,0,0,42,0,0,23,0
2002,300222,1,1,0,0,0,0,0,0,0,0,0,0
2002,300223,1,1,0,0,0,0,10,0,0,0,0,0
2002,300224,0,1,0,0,0,0,0,0,0,0,0,0
2002,300224,1,1,0,0,0,0,0,0,0,0,0,0
2002,300225,0,1,27,27,27,27,27,27,27,27,27,27
2002,300225,1,1,0,0,0,0,0,0,0,0,0,0
2002,300226,1,1,0,0,0,0,0,0,0,0,0,0
2002,300227,1,1,0,0,0,0,0,0,0,0,0,0
2002,300228,1,1,0,0,0,0,0,0,0,0,0,0
2002,300229,1,1,0,0,0,9,0,14,13,0,0,0
2002,300230,1,1,0,0,0,0,0,0,0,0,0,0
2002,300231,1,1,0,0,0,0,0,0,0,0,0,0
2002,300231,2,1,0,0,0,0,0,0,0,0,0,0
2002,300232,1,1,0,0,0,0,0,0,0,0,0,0
2002,310001,0,1,25,25,25,25,25,25,25,25,25,25
2002,310001,1,1,0,0,0,0,0,0,0,0,0,0
2002,310002,1,1,0,0,0,0,0,0,0,0,0,0
2002,310002,2,1,0,0,0,0,0,0,0,0,0,0
2002,310003,1,1,0,0,0,0,0,0,0,0,0,0
2002,310004,1,1,5,5,5,5,5,5,5,5,5,5
2002,310005,1,1,0,0,0,0,0,0,0,0,0,0
2002,310006,1,1,8,8,8,8,8,8,8,8,8,8
2002,310006,2,1,0,0,0,0,0,0,0,0,0,0
2002,310007,1,1,0,0,0,0,0,0,0,0,0,0
2002,310008,1,1,0,0,0,0,0,0,0,0,0,0
2002,310009,1,1,0,0,0,0,0,0,0,0,0,0
2002,310010,1,1,0,0,0,0,0,0,0,0,0,0
2002,310011,0,1,0,0,0,0,0,0,0,0,0,0
2002,310011,1,1,0,0,0,0,0,0,0,0,0,5
2002,310012,1,1,0,0,0,0,0,0,0,0,0,0
2002,310013,1,1,24,24,24,24,24,24,24,24,24,24
2002,310014,1,1,22,22,22,22,22,22,22,22,22,22
2002,310015,1,1,0,0,0,0,0,0,0,0,0,0
2002,310015,2,1,0,0,0,0,0,0,0,0,0,0
2002,310016,1,1,21,21,21,21,21,21,21,21,21,21
2002,310016,2,1,0,0,0,0,0,0,0,0,0,0
2002,310017,1,1,0,0,0,0,0,0,0,0,0,0
2002,310018,0,1,0,0,0,0,0,27,0,0,0,0
2002,310018,1,1,0,0,0,0,0,0,0,0,0,0
2002,310019,1,1,0,0,0,0,0,0,0,0,0,0
2002,310020,1,1,8,8,8,8,8,8,8,8,8,8
2002,310020,2,1,0,0,0,0,0,0,0,0,0,0
2002,310020,3,1,0,0,0,0,0,0,0,20,0,0
2002,310021,1,1,9,9,9,9,9,9,9,9,9,9
2002,310022,1,1,0,0,0,0,0,0,0,0,0,0
2002,310022,2,1,0,0,0,0,0,0,0,0,0,0
2002,310023,1,1,0,0,0,0,0,0,0,0,0,0
2002,310023,2,1,0,0,0,0,0,0,0,0,0,0
2002,310024,1,1,10,10,10,10,10,10,10,10,10,10
2002,310025,1,1,21,21,21,21,21,21,21,21,21,21
2002,310026,1,1,0,0,0,0,0,0,0,0,0,0
2002,310026,2,1,0,0,0,0,0,0,0,0,0,0
2002,310027,1,1,0,0,12,20,0,33,0,0,0,0
2002,310028,1,1,0,0,0,0,0,0,0,0,0,0
2002,310028,2,1,0,0,0,0,0,0,0,0,0,0
2002,310029,1,1,0,0,0,0,0,0,0,0,0,0
2002,310029,2,1,0,0,0,0,0,0,0,0,0,0
2002,310030,1,1,0,0,0,0,0,0,0,0,0,0
2002,310030,2,1,8,8,8,8,8,8,8,8,8,8
2002,310030,3,1,0,0,0,0,0,0,0,0,0,0
2002,310031,1,1,14,14,14,14,14,14,14,14,14,14
2002,310032,1,1,0,0,0,0,0,0,0,0,0,0
2002,310033,1,1,0,0,0,0,0,0,0,0,0,0
2002,310033,2,1,2,2,2,2,2,2,2,2,2,2
2002,310034,1,1,6,6,6,6,6,6,6,6,6,6
2002,310035,1,1,0,0,0,0,0,0,0,0,0,0
2002,310036,1,1,0,0,0,0,0,0,0,0,0,0
2002,310037,1,1,0,0,0,0,0,0,0,0,0,0
2002,310038,1,1,27,27,27,27,27,27,27,27,27,27
2002,310038,2,1,0,0,0,0,0,0,0,0,0,0
2002,310039,1,1,0,0,0,0,0,0,0,0,0,0
2002,310040,1,1,9,9,9,9,9,9,9,9,9,9
2002,310041,1,1,19,19,19,19,19,19,19,19,19,19
2002,310042,1,1,0,0,0,0,0,0,0,0,0,0
2002,310043,1,1,0,0,0,0,0,0,0,0,0,0
2002,310043,2,1,0,0,0,0,0,0,0,0,0,0
2002,310044,1,1,0,0,0,0,0,0,0,0,0,0
2002,310044,2,1,0,0,0,0,0,0,0,0,0,0
2002,310045,1,1,18,18,18,18,18,18,18,18,18,18
2002,310046,1,1,0,0,0,0,0,0,0,0,0,0
2002,310046,2,1,0,0,0,0,0,0,0,0,0,0
2002,310047,1,1,0,0,0,0,0,0,0,0,0,0
2002,310047,2,1,0,0,0,0,0,0,0,0,0,0
2002,310048,1,1,0,0,0,0,0,0,0,0,0,0
2002,310049,1,1,0,0,0,0,0,0,0,0,0,0
2002,310050,1,1,0,0,0,0,0,0,0,0,0,0
2002,310051,1,1,0,0,0,0,0,0,0,0,0,0
2002,310052,1,1,0,0,0,0,0,0,0,0,0,0
2002,310052,2,1,0,0,0,0,0,0,0,0,0,0
2002,310053,1,1,0,0,0,0,0,0,0,0,0,0
2002,310053,2,1,0,0,0,0,0,0,0,0,0,0
2002,310054,0,1,0,0,0,0,0,0,0,0,0,0
2002,310054,1,1,0,0,0,0,0,0,0,0,0,0
2002,310054,2,1,0,0,0,0,0,0,0,0,0,0
2002,310055,1,1,19,19,19,19,19,19,19,19,19,19
2002,310055,2,1,0,0,0,0,0,0,0,0,0,0
2002,310056,1,1,0,0,0,0,0,0,0,0,0,0
2002,310056,2,1,0,0,0,0,0,0,0,0,0,0
2002,310057,1,1,0,0,0,0,0,0,0,0,0,0