YEAR,ST_CASE,veh_no,per_no,P1,P2,P3,P4,P5,P6,P7,P8,P9,P10
2002,320065,1,1,0,0,0,0,0,0,0,0,0,7
2002,320065,2,1,0,0,0,0,0,0,0,0,0,0
2002,320066,1,1,24,24,24,24,24,24,24,24,24,24
2002,320066,2,1,0,0,0,0,0,0,0,0,0,0
2002,320067,1,1,15,15,15,15,15,15,15,15,15,15
2002,320068,1,1,0,0,0,0,0,0,0,0,0,0
2002,320068,2,1,0,0,0,0,0,0,0,0,0,0
2002,320069,1,1,0,0,0,0,0,0,0,0,0,0
2002,320070,1,1,10,10,10,10,10,10,10,10,10,10
2002,320071,0,1,16,16,16,16,16,16,16,16,16,16
2002,320071,1,1,0,0,0,0,0,0,0,0,0,0
2002,320072,1,1,11,11,11,11,11,11,11,11,11,11
2002,320073,1,1,14,14,14,14,14,14,14,14,14,14
2002,320074,1,1,21,21,21,21,21,21,21,21,21,21
2002,320074,2,1,0,0,0,0,0,0,0,0,0,0
2002,320074,3,1,0,0,0,0,0,0,0,0,0,0
2002,320075,0,1,22,22,22,22,22,22,22,22,22,22
2002,320076,1,1,0,0,0,0,0,12,0,0,9,0
2002,320076,2,1,0,0,0,0,0,0,0,0,0,0
2002,320076,3,1,15,0,0,0,0,0,0,0,0,0
2002,320077,1,1,8,8,8,8,8,8,8,8,8,8
2002,320078,1,1,0,13,6,0,11,21,17,11,15,8
2002,320079,1,1,0,0,0,0,0,0,0,0,0,0
2002,320079,2,1,0,0,0,0,0,0,0,0,0,0
2002,320080,1,1,20,20,20,20,20,20,20,20,20,20
2002,320080,2,1,0,0,0,0,0,0,0,0,0,0
2002,320081,0,1,20,0,0,65,0,0,7,51,18,43
2002,320081,1,1,0,11,0,0,0,0,0,0,0,0
2002,320082,1,1,12,12,12,12,12,12,12,12,12,12
2002,320083,1,1,0,0,0,0,0,0,0,0,0,0
2002,320083,2,1,0,0,0,0,0,0,0,0,0,0
2002,320083,3,1,0,0,0,0,0,0,0,0,0,0
2002,320083,4,1,0,0,0,0,0,0,0,0,0,0
2002,320083,5,1,0,0,0,0,0,0,0,0,0,0
2002,320083,6,1,0,0,0,0,0,0,0,0,0,0
2002,320084,1,1,0,0,0,0,0,0,0,0,0,0
2002,320084,2,1,0,0,0,0,0,21,0,0,0,0
2002,320085,1,1,18,0,17,11,0,10,0,32,36,0
2002,320086,1,1,0,0,0,0,0,0,0,0,0,0
2002,320086,2,1,0,25,0,0,0,0,0,0,0,0
2002,320087,1,1,27,27,27,27,27,27,27,27,27,27
2002,320088,1,1,21,21,21,21,21,21,21,21,21,21
2002,320088,2,1,0,0,0,0,0,0,0,3,0,0
2002,320089,0,1,0,0,0,0,0,0,0,0,0,0
2002,320089,1,1,0,0,0,0,19,0,0,9,21,18
2002,320090,1,1,0,0,0,0,0,0,16,12,0,19
2002,320090,2,1,0,0,0,0,0,0,0,0,0,0
2002,320091,1,1,0,0,0,0,0,0,0,0,0,0
2002,320092,1,1,0,0,0,0,0,0,0,0,0,0
2002,320092,2,1,0,0,0,0,0,0,0,0,0,0
2002,320093,1,1,29,29,29,29,29,29,29,29,29,29
2002,320093,2,1,0,0,0,0,0,0,0,0,0,0
2002,320094,0,1,0,0,0,0,0,0,0,0,0,0
2002,320094,1,1,21,21,21,21,21,21,21,21,21,21
2002,320095,1,1,0,0,0,0,0,0,0,0,0,0
2002,320096,1,1,0,0,0,0,0,0,0,0,0,0
2002,320096,2,1,0,0,0,0,0,0,0,0,0,0
2002,320097,0,1,22,22,22,22,22,22,22,22,22,22
2002,320097,1,1,0,0,0,0,0,0,0,0,0,0
2002,320098,1,1,0,0,9,0,11,0,11,12,0,0
2002,320098,2,1,0,0,0,11,0,0,0,0,0,0
2002,320099,1,1,20,20,20,20,20,20,20,20,20,20
2002,320100,1,1,18,0,6,23,0,20,9,11,27,0
2002,320101,1,1,0,0,0,0,0,0,0,0,0,0
2002,320101,2,1,0,0,0,0,0,0,0,0,0,0
2002,320101,3,1,0,0,0,0,0,0,0,0,0,0
2002,320102,1,1,0,0,0,0,0,0,0,0,0,0
2002,320102,2,1,12,0,0,0,8,0,11,0,0,0
2002,320102,3,1,0,5,0,0,0,0,0,0,0,0
2002,320103,1,1,0,0,0,0,0,0,0,0,0,0
2002,320103,2,1,0,0,0,0,0,0,0,0,0,0
2002,320104,1,1,19,19,19,19,19,19,19,19,19,19
2002,320104,2,1,18,0,0,0,0,13,0,12,0,0
2002,320105,0,1,29,0,0,32,23,0,0,30,41,0
2002,320105,1,1,0,0,0,32,0,0,0,0,0,0
2002,320106,0,1,0,7,0,0,0,0,0,0,0,0
2002,320106,1,1,0,0,0,0,0,0,0,0,0,0
2002,320107,1,1,17,17,17,17,17,17,17,17,17,17
2002,320107,2,1,0,0,0,0,0,0,0,0,0,0
2002,320108,1,1,7,7,7,7,7,7,7,7,7,7
2002,320109,1,1,11,11,11,11,11,11,11,11,11,11
2002,320110,1,1,0,0,0,0,0,0,0,0,0,0
2002,320111,1,1,0,0,0,0,0,0,0,0,0,0
2002,320111,2,1,0,0,0,0,7,0,0,0,0,0
2002,320112,1,1,0,0,0,0,0,0,0,0,0,0
2002,320113,1,1,0,0,0,0,0,0,0,0,0,0
2002,320114,1,1,0,0,0,0,0,0,0,0,0,0
2002,320115,1,1,0,0,0,0,0,0,0,0,0,0
2002,320115,2,1,0,0,0,0,0,0,0,0,0,0
2002,320116,1,1,28,28,28,28,28,28,28,28,28,28
2002,320116,2,1,0,0,0,0,0,0,8,0,0,0
2002,320117,1,1,0,0,0,0,0,0,0,0,0,0
2002,320118,1,1,0,0,0,0,0,0,0,0,0,0
2002,320119,0,1,0,0,0,0,0,0,0,0,0,0
2002,320119,1,1,0,9,0,0,0,0,0,0,0,0
2002,320120,1,1,20,20,20,20,20,20,20,20,20,20
2002,320121,1,1,0,0,0,0,0,0,0,0,0,0
2002,320121,2,1,0,0,0,0,0,0,0,0,0,0
2002,320121,3,1,0,0,0,0,0,0,0,0,0,0
2002,320122,1,1,0,0,0,0,0,0,0,0,0,0
2002,320122,2,1,0,0,0,0,0,0,11,0,0,0
2002,320123,0,1,0,0,0,0,0,0,0,0,0,0
2002,320123,1,1,0,0,0,0,0,0,0,0,0,0
2002,320124,1,1,0,0,0,0,0,0,0,0,0,0
2002,320124,2,1,0,0,0,0,0,0,0,0,0,0
2002,320124,3,1,0,0,0,0,0,0,5,0,0,0
2002,320124,4,1,0,0,0,0,0,0,0,0,0,0
2002,320125,1,1,14,14,14,14,14,14,14,14,14,14
2002,320126,1,1,0,0,0,0,0,0,0,0,0,0
2002,320126,2,1,0,0,0,0,0,0,0,0,0,0
2002,320127,1,1,0,0,0,0,0,0,0,0,0,0
2002,320127,2,1,0,0,0,0,0,0,0,0,0,0
2002,320128,1,1,0,0,0,0,0,0,0,0,0,0
2002,320129,1,1,17,17,17,17,17,17,17,17,17,17
2002,320129,2,1,0,0,0,0,0,0,0,0,0,0
2002,320129,3,1,0,0,0,0,0,0,0,0,0,0
2002,320129,4,1,31,7,0,0,0,0,0,0,0,0
2002,320129,5,1,0,0,0,13,10,0,20,0,0,0
2002,320129,6,1,0,0,9,0,26,0,15,15,0,0
2002,320130,1,1,0,0,0,0,0,0,0,0,0,0
2002,320131,1,1,0,0,0,0,0,0,0,0,0,0
2002,320131,2,1,0,0,0,0,0,0,0,0,0,0
2002,320132,0,1,0,0,0,0,0,0,0,0,0,0
2002,320132,1,1,0,0,0,0,0,0,0,0,0,0
2002,320132,2,1,0,0,0,0,0,0,0,0,0,5
2002,320132,3,1,0,0,0,0,0,0,0,0,0,0
2002,320132,4,1,0,0,0,0,0,0,0,0,0,0
2002,320133,1,1,0,0,0,0,14,0,25,0,0,0
2002,320133,2,1,0,0,0,0,0,0,0,0,0,0
2002,320134,1,1,0,0,0,0,0,0,0,0,0,0
2002,320134,2,1,0,0,0,0,0,0,0,0,0,0
2002,320135,1,1,0,0,0,0,0,0,0,0,0,0
2002,320135,2,1,0,0,0,0,0,0,0,0,9,0
2002,320135,3,1,0,0,0,0,0,0,0,0,0,0
2002,320136,1,1,0,0,0,0,0,0,0,0,0,0
2002,320136,2,1,0,8,0,0,0,0,5,0,16,0
2002,320137,1,1,19,19,19,19,19,19,19,19,19,19
2002,320138,1,1,19,19,19,19,19,19,19,19,19,19
2002,320138,2,1,0,0,0,0,0,0,0,0,0,0
2002,320138,3,1,0,0,7,0,0,0,0,0,0,0
2002,320138,4,1,0,0,0,0,0,0,0,0,0,0
2002,320139,1,1,0,0,0,0,0,0,0,0,0,0
2002,320139,2,1,0,0,0,0,0,0,0,0,0,0
2002,320140,1,1,0,0,0,0,0,0,0,0,0,0
2002,320140,2,1,0,0,0,0,0,0,0,0,0,0
2002,320141,0,1,0,0,0,0,0,0,0,0,0,0
2002,320141,1,1,7,0,6,0,0,0,0,0,0,0
2002,320142,1,1,17,17,17,17,17,17,17,17,17,17
2002,320142,2,1,0,0,0,0,0,0,0,0,0,0
2002,320143,0,1,0,0,0,0,0,0,0,0,0,0
2002,320143,1,1,0,0,0,0,0,0,0,0,0,0
2002,320144,1,1,0,0,0,0,0,0,0,0,0,0
2002,320145,1,1,0,0,0,0,0,0,0,0,0,0
2002,320145,2,1,16,0,0,0,0,21,0,0,0,0
2002,320146,1,1,0,0,0,0,0,0,0,0,0,0
2002,320146,2,1,0,0,0,0,0,0,0,0,0,0
2002,320147,1,1,0,0,0,0,0,0,0,0,0,0
2002,320148,1,1,0,0,0,0,0,0,0,0,0,0
2002,320148,2,1,0,0,0,0,0,0,0,0,0,0
2002,320149,1,1,0,0,0,0,0,0,0,0,0,0
2002,320149,2,1,22,0,0,0,0,0,0,0,0,0
2002,320150,1,1,0,0,0,0,0,0,0,0,0,0
2002,320151,0,1,2,2,2,2,2,2,2,2,2,2
2002,320151,1,1,0,0,0,0,0,0,0,0,0,0
2002,320152,1,1,0,0,0,0,0,0,0,0,0,0
2002,320153,0,1,0,0,0,0,0,0,0,0,0,0
2002,320153,1,1,0,0,0,0,0,0,0,0,0,0
2002,320154,1,1,0,0,0,0,0,0,0,0,0,0
2002,320154,2,1,0,0,0,0,0,0,0,0,0,0
2002,320154,3,1,0,0,0,0,0,0,0,0,0,0
2002,320155,1,1,20,20,20,20,20,20,20,20,20,20
2002,320156,0,1,0,0,0,0,0,0,0,0,0,0
2002,320156,1,1,0,0,0,0,0,0,0,0,0,0
2002,320157,1,1,2,8,4,9,4,15,18,19,24,7
2002,320157,2,1,0,0,0,0,0,0,0,0,0,0
2002,320158,0,1,0,0,0,0,0,0,0,0,0,0
2002,320158,1,1,13,0,19,0,0,11,0,0,27,16
2002,320159,0,1,0,0,0,0,0,0,0,0,0,0
2002,320159,1,1,11,11,11,11,11,11,11,11,11,11
2002,320160,0,1,0,0,0,0,0,0,0,0,0,0
2002,320160,1,1,0,0,0,0,0,0,0,0,0,0
2002,320161,1,1,18,18,18,18,18,18,18,18,18,18
2002,320161,2,1,0,0,0,0,0,0,0,0,0,0
2002,320162,1,1,8,8,8,8,8,8,8,8,8,8
2002,320163,0,1,0,0,0,0,0,0,0,0,0,0
2002,320163,1,1,28,28,28,28,28,28,28,28,28,28
2002,320164,1,1,0,0,0,0,0,0,0,0,0,0
2002,320164,2,1,0,0,0,0,0,0,0,0,0,0
2002,320165,1,1,0,22,35,12,20,25,21,0,0,8
2002,320166,1,1,0,0,0,0,0,0,0,0,0,0
2002,320167,1,1,0,0,0,0,0,0,0,0,0,0
2002,320167,2,1,0,0,0,0,0,0,0,0,0,0
2002,320168,1,1,0,0,0,0,0,0,0,0,0,0
2002,320168,2,1,0,0,0,0,0,0,0,0,0,0
2002,320169,1,1,24,29,31,0,8,15,9,16,16,4
2002,320170,1,1,0,23,19,0,8,24,15,11,7,3
2002,320171,1,1,7,0,0,0,0,0,0,4,0,0
2002,320172,1,1,0,0,0,0,0,0,0,0,0,0
2002,320173,1,1,0,0,0,0,0,0,0,0,0,0
2002,320173,2,1,0,0,0,0,0,0,0,0,0,0
2002,320174,0,1,26,26,26,26,26,26,26,26,26,26
2002,320174,1,1,0,0,0,0,0,0,0,0,0,0
2002,320175,1,1,0,0,0,0,0,0,0,0,0,0
2002,320176,1,1,0,0,0,0,0,0,0,0,0,0
2002,320177,1,1,23,23,23,23,23,23,23,23,23,23
2002,320178,1,1,0,0,0,0,0,0,0,0,0,0
2002,320179,0,1,18,18,18,18,18,18,18,18,18,18
2002,320179,1,1,0,0,0,0,0,0,0,0,0,0
2002,320180,1,1,0,0,0,2,0,0,0,0,0,12
2002,320181,0,1,13,0,0,16,0,0,0,0,0,0
2002,320181,1,1,0,0,0,10,0,0,0,0,0,0
2002,320182,0,1,0,0,0,0,0,0,0,0,0,0
2002,320182,1,1,0,0,0,0,0,0,0,0,0,0
2002,320183,1,1,0,0,0,0,0,0,0,0,0,0
2002,320184,1,1,0,0,0,0,0,0,0,0,0,0
2002,320185,0,1,0,0,0,0,0,0,0,0,0,0
2002,320185,1,1,0,0,0,0,0,0,0,0,0,0
2002,320186,1,1,0,0,0,0,0,0,0,0,0,0
2002,320186,2,1,0,0,31,0,0,0,0,0,0,0
2002,320186,3,1,0,0,0,0,0,0,0,0,0,0
2002,320186,4,1,0,0,0,0,0,0,12,0,0,0
2002,320186,5,1,0,0,0,0,0,0,0,0,0,0
2002,320186,6,1,0,0,0,0,0,0,0,0,0,0
2002,320187,1,1,16,16,16,16,16,16,16,16,16,16
2002,320187,2,1,0,0,0,0,0,0,0,0,0,0
2002,320187,3,1,0,0,0,0,0,0,0,26,0,0
2002,320188,1,1,0,0,0,0,0,0,0,0,0,0
2002,320188,2,1,0,0,0,0,0,0,0,0,0,0
2002,320189,1,1,9,9,9,9,9,9,9,9,9,9
2002,320190,1,1,0,0,0,0,0,0,0,0,0,0
2002,320190,2,1,0,0,0,0,0,0,0,0,0,0
2002,320191,1,1,15,15,15,15,15,15,15,15,15,15
2002,320192,1,1,0,0,0,0,0,0,0,0,0,0
2002,320192,2,1,21,10,14,17,23,0,11,10,11,13
2002,320193,1,1,7,7,7,7,7,7,7,7,7,7
2002,320193,2,1,0,0,0,0,0,0,0,0,0,0
2002,320194,0,1,17,0,0,15,14,0,0,0,23,0
2002,320194,1,1,18,18,18,18,18,18,18,18,18,18
2002,320195,1,1,20,20,20,20,20,20,20,20,20,20
2002,320195,2,1,9,9,9,9,9,9,9,9,9,9
2002,320196,1,1,0,0,0,0,0,0,0,0,0,0
2002,320197,1,1,19,19,19,19,19,19,19,19,19,19
2002,320198,1,1,0,0,0,0,0,0,0,0,0,0
2002,320198,2,1,0,0,0,0,0,0,0,0,0,0
2002,320198,3,1,0,0,0,0,0,0,0,0,0,0
2002,320198,4,1,0,0,15,4,0,0,0,0,0,0
2002,320199,1,1,0,0,0,0,0,0,0,0,0,0
2002,320200,1,1,4,4,4,4,4,4,4,4,4,4
2002,320200,2,1,0,0,0,0,0,0,0,0,0,0
2002,320200,3,1,0,0,0,0,0,0,0,0,0,0
2002,320201,1,1,0,0,0,0,0,0,0,0,0,0
2002,320202,0,1,27,27,27,27,27,27,27,27,27,27
2002,320202,1,1,0,0,0,0,0,0,0,0,0,0
2002,320203,1,1,7,0,0,0,0,0,0,0,0,0
2002,320204,1,1,0,0,0,0,0,0,0,0,0,0
2002,320204,2,1,0,0,0,0,0,0,0,0,0,0
2002,320205,1,1,0,0,0,0,0,0,0,0,0,0
2002,320206,1,1,0,0,0,0,0,0,0,0,0,0
2002,320207,0,1,0,24,6,0,12,15,0,19,0,22
2002,320207,1,1,15,0,0,0,18,11,0,0,0,0
2002,320208,1,1,14,14,14,14,14,14,14,14,14,14
2002,320209,0,1,32,32,32,32,32,32,32,32,32,32
2002,320209,1,1,16,16,16,16,16,16,16,16,16,16
2002,320210,1,1,0,0,0,0,0,0,0,0,0,0
2002,320211,1,1,0,0,0,14,7,24,0,0,0,0
2002,320211,2,1,0,0,0,0,0,0,0,0,0,0
2002,320211,3,1,0,0,0,0,0,0,0,0,0,0
2002,320211,4,1,0,0,0,0,0,0,0,0,0,0
2002,320211,5,1,0,0,0,0,0,0,0,0,0,0
2002,320212,0,1,0,0,14,0,19,10,0,21,0,8
2002,320212,1,1,0,0,0,0,0,0,0,0,0,0
2002,320213,0,1,13,13,13,13,13,13,13,13,13,13
2002,320213,1,1,0,0,0,0,6,4,0,0,0,14
2002,320214,1,1,0,0,0,0,0,0,0,0,0,0
2002,320214,2,1,0,0,0,0,0,0,0,0,0,0
2002,320214,3,1,0,0,0,0,0,0,0,0,0,0
2002,320215,1,1,0,0,0,0,0,0,0,0,0,0
2002,320215,2,1,0,0,0,0,0,0,3,0,0,0
2002,320216,1,1,5,5,5,5,5,5,5,5,5,5
2002,320216,2,1,0,0,0,0,0,0,0,0,0,0
2002,320217,1,1,26,26,26,26,26,26,26,26,26,26
2002,320217,2,1,0,0,0,0,0,0,0,0,0,0
2002,320218,1,1,0,0,0,15,19,0,0,0,30,0
2002,320219,1,1,0,0,18,0,0,0,15,0,0,0
2002,320220,1,1,11,11,11,11,11,11,11,11,11,11
2002,320221,1,1,13,13,13,13,13,13,13,13,13,13
2002,320222,1,1,0,0,0,0,0,0,0,0,0,0
2002,320223,1,1,0,0,0,0,0,0,0,0,0,0
2002,320223,2,1,0,15,0,0,0,11,0,14,5,0
2002,320223,3,1,0,0,0,0,0,0,0,0,0,0
2002,320223,4,1,0,0,0,0,0,0,0,0,0,0
2002,320224,1,1,0,0,0,0,0,0,0,0,0,0
2002,320224,2,1,0,0,0,0,0,0,0,0,0,0
2002,320225,1,1,26,14,11,0,17,13,26,31,34,17
2002,320226,1,1,0,0,0,0,0,0,0,0,0,0
2002,320226,2,1,0,0,0,0,0,0,0,0,0,0
2002,320226,3,1,0,0,0,12,0,0,0,0,0,0
2002,320227,1,1,0,0,0,0,0,0,0,0,0,0
2002,320228,1,1,15,11,12,11,6,13,15,19,15,15
2002,320229,1,1,17,17,17,17,17,17,17,17,17,17
2002,320230,1,1,5,5,5,5,5,5,5,5,5,5
2002,320231,1,1,0,0,0,0,0,0,0,0,0,0
2002,320231,2,1,0,0,0,0,0,0,0,0,0,0
2002,320232,1,1,0,0,0,0,0,0,0,0,0,0
2002,320232,2,1,0,0,0,0,0,0,0,0,0,0
2002,320233,1,1,0,0,0,0,0,0,0,0,0,0
2002,320234,0,1,0,0,0,0,0,0,0,0,0,0
2002,320234,1,1,0,0,0,0,0,0,19,0,0,0
2002,320235,0,1,26,26,26,26,26,26,26,26,26,26
2002,320235,1,1,17,17,17,17,17,17,17,17,17,17
2002,320236,1,1,7,7,7,7,7,7,7,7,7,7
2002,320237,1,1,0,0,0,0,11,4,0,20,17,0
2002,320238,0,1,0,0,0,0,0,0,0,0,0,0
2002,320238,1,1,0,0,0,0,0,0,0,0,0,0
2002,320239,1,1,18,18,18,18,18,18,18,18,18,18
2002,320240,1,1,0,0,0,0,0,0,0,0,0,0
2002,320241,1,1,0,0,0,0,0,0,0,0,0,0
2002,320241,2,1,0,0,0,0,0,0,0,0,0,0
2002,320242,1,1,0,0,0,0,0,0,0,13,8,0
2002,320242,2,1,0,0,0,0,0,0,0,0,0,0
2002,320243,1,1,0,0,0,0,0,0,0,0,0,0
2002,320244,1,1,14,0,0,0,11,18,20,0,0,0
2002,320245,1,1,0,0,0,0,0,0,0,0,0,0
2002,320246,1,1,0,0,0,0,0,0,0,0,0,0
2002,320246,2,1,0,28,0,0,0,0,0,0,0,0
2002,320247,1,1,0,0,0,0,0,0,0,0,0,0
2002,320247,2,1,0,0,0,0,0,0,0,0,0,0
2002,320248,1,1,0,0,0,0,0,32,32,0,0,0
2002,320249,1,1,0,0,0,0,0,0,0,0,0,0
2002,320250,1,1,0,0,0,0,0,0,0,0,13,0
2002,320250,2,1,22,22,22,22,22,22,22,22,22,22
2002,320250,3,1,0,0,0,0,0,0,0,0,14,0
2002,320251,1,1,10,10,10,10,10,10,10,10,10,10
2002,320251,2,1,0,0,0,0,0,0,0,0,0,0
2002,320252,1,1,0,0,0,0,0,0,0,0,0,0
2002,320253,1,1,0,0,0,0,0,0,0,0,0,0
2002,320253,2,1,0,0,0,0,0,0,0,0,0,0
2002,320254,1,1,6,20,0,0,0,0,0,0,19,0
2002,320255,1,1,0,0,0,0,0,0,0,0,0,0
2002,320255,2,1,0,0,0,0,0,0,0,0,0,0
2002,320256,1,1,0,0,0,0,0,0,0,0,0,0
2002,320256,2,1,0,0,0,0,0,0,0,0,3,0
2002,320256,3,1,0,0,0,6,0,0,0,0,0,0
2002,320257,1,1,0,0,0,0,0,0,0,0,0,0
2002,320258,1,1,11,11,11,11,11,11,11,11,11,11
2002,320259,1,1,0,0,0,0,0,0,0,0,0,0
2002,320259,2,1,0,0,0,0,0,0,0,0,0,0
2002,320260,1,1,0,0,0,0,0,0,0,0,0,0
2002,320261,0,1,0,4,0,0,0,10,0,0,0,0
2002,320261,1,1,0,0,18,0,0,0,0,0,9,0
2002,320262,1,1,17,30,24,25,13,25,26,17,12,26
2002,320263,1,1,18,18,18,18,18,18,18,18,18,18
2002,320264,1,1,0,0,0,0,0,0,0,0,0,0
2002,320264,2,1,0,0,0,0,0,0,0,0,0,0
2002,320264,3,1,0,0,0,0,18,0,0,0,0,0
2002,320265,1,1,0,0,0,0,0,13,0,13,0,0
2002,320266,1,1,0,0,0,0,0,0,0,0,0,0
2002,320266,2,1,0,0,0,0,0,0,0,0,9,0
2002,320267,0,1,0,0,0,0,0,0,0,0,0,0
2002,320267,1,1,0,0,0,0,0,0,0,0,0,0
2002,320268,0,1,0,0,0,0,0,0,0,0,0,0
2002,320268,1,1,0,0,0,0,0,0,21,7,13,0
2002,320269,1,1,0,0,0,0,0,0,0,0,0,0
2002,320269,2,1,0,0,0,0,12,0,0,0,0,0
2002,320270,1,1,0,0,0,0,0,0,0,0,0,0
2002,320271,1,1,0,0,0,0,0,0,0,0,0,0
2002,320272,1,1,0,0,0,0,0,0,0,0,0,0
2002,320273,1,1,0,0,0,0,0,0,0,0,0,0
2002,320274,1,1,6,0,0,0,11,0,0,0,0,0
2002,320274,2,1,0,11,0,0,0,0,0,10,0,0
2002,320275,1,1,0,0,0,0,0,0,0,0,0,0
2002,320275,2,1,0,0,0,0,0,0,11,0,0,0
2002,320275,3,1,0,0,0,0,0,0,0,0,0,0
2002,320276,1,1,21,21,21,21,21,21,21,21,21,21
2002,320277,1,1,0,0,17,23,0,0,0,0,0,0
2002,320277,2,1,0,3,0,15,10,0,0,0,0,0
2002,320278,0,1,0,0,0,0,0,0,0,0,0,0
2002,320278,1,1,0,0,0,0,0,0,0,0,0,0
2002,320279,1,1,13,40,26,17,14,17,9,24,12,35
2002,320280,1,1,0,0,0,0,0,0,0,0,0,0
2002,320281,1,1,0,0,0,0,0,0,0,0,0,0
2002,320282,1,1,21,21,21,21,21,21,21,21,21,21
2002,320282,2,1,22,0,0,0,0,0,0,0,0,0
2002,320283,0,1,0,0,0,0,0,0,0,0,0,0
2002,320283,0,2,0,0,0,0,0,0,0,0,0,0
2002,320283,0,3,0,0,0,34,0,0,0,0,0,0
2002,320283,0,4,0,0,4,0,0,0,0,0,0,11
2002,320283,1,1,5,0,0,0,10,0,0,0,0,16
2002,320284,1,1,0,0,0,0,0,0,0,0,0,0
2002,320285,1,1,7,7,7,7,7,7,7,7,7,7
2002,320286,1,1,0,0,0,0,0,0,0,0,0,0
2002,320287,1,1,0,5,0,0,0,0,0,0,0,0
2002,320287,2,1,14,23,4,0,16,20,13,17,0,9
2002,320288,1,1,0,0,0,0,0,0,0,0,0,0
2002,320289,1,1,25,25,25,25,25,25,25,25,25,25
2002,320290,1,1,0,15,0,7,18,0,0,0,0,0
2002,320291,0,1,0,0,0,0,0,0,0,8,29,0
2002,320291,0,2,0,0,0,0,0,0,0,0,0,0
2002,320291,1,1,0,0,0,0,0,0,0,0,0,0
2002,320292,1,1,11,11,11,11,11,11,11,11,11,11
2002,320292,2,1,0,16,15,0,0,0,0,0,3,0
2002,320292,3,1,0,0,8,23,0,0,0,0,0,5
2002,320293,1,1,0,0,0,0,0,0,0,0,0,0
2002,320293,2,1,0,0,0,0,0,0,0,0,0,0
2002,320294,0,1,0,0,0,0,0,0,0,0,0,0
2002,320294,1,1,0,0,0,0,0,0,0,0,0,0
2002,320295,0,1,21,21,21,21,21,21,21,21,21,21
2002,320295,1,1,0,0,0,0,0,0,0,0,0,0
2002,320296,1,1,16,16,16,16,16,16,16,16,16,16
2002,320296,2,1,0,0,0,0,0,0,0,0,0,0
2002,320297,0,1,10,0,0,0,0,0,13,0,0,0
2002,320297,1,1,0,0,0,0,0,0,0,0,0,0
2002,320298,1,1,16,0,19,16,29,10,21,11,15,16
2002,320299,1,1,5,0,0,16,10,0,0,0,13,0
2002,320300,1,1,3,3,3,3,3,3,3,3,3,3
2002,320301,1,1,6,6,6,6,6,6,6,6,6,6
2002,320302,0,1,0,0,0,0,0,0,0,0,0,0
2002,320302,1,1,0,15,0,0,0,7,15,5,0,0
2002,320303,1,1,12,12,12,12,12,12,12,12,12,12
2002,320304,1,1,22,22,22,22,22,22,22,22,22,22
2002,320304,2,1,0,0,0,0,0,0,0,0,0,0
2002,320305,1,1,22,22,22,22,22,22,22,22,22,22
2002,320306,1,1,8,8,8,8,8,8,8,8,8,8
2002,320306,2,1,0,0,0,0,0,0,0,0,0,0
2002,320307,1,1,22,22,22,22,22,22,22,22,22,22
2002,320308,1,1,4,16,13,4,4,6,10,9,6,14
2002,320308,2,1,0,0,0,0,0,0,0,0,0,0
2002,320309,1,1,26,0,0,0,0,15,0,0,0,0
2002,320309,2,1,2,18,0,0,0,0,0,0,0,0
2002,320310,0,1,0,0,0,0,0,0,0,0,0,0
2002,320310,1,1,0,0,0,0,0,0,0,0,0,0
2002,320311,1,1,0,0,13,0,0,0,0,0,0,0
2002,320312,1,1,0,0,0,0,0,0,0,0,0,0
2002,320313,1,1,0,0,0,0,0,0,0,0,0,0
2002,320314,1,1,0,0,0,0,0,0,0,0,0,0
2002,320315,1,1,0,0,0,0,0,0,0,0,0,0
2002,320316,1,1,7,7,7,7,7,7,7,7,7,7
2002,320316,2,1,0,0,0,0,0,0,0,0,0,0
2002,320316,3,1,0,0,0,0,0,0,0,0,0,0
2002,320317,1,1,26,26,26,26,26,26,26,26,26,26
2002,320318,1,1,0,0,0,0,0,0,0,0,0,0
2002,320318,2,1,0,0,0,0,0,0,0,0,0,0
2002,320319,1,1,0,0,0,0,0,0,0,0,0,0
2002,320319,2,1,0,0,0,0,0,0,0,0,0,0
2002,320319,3,1,0,0,0,16,27,0,17,13,0,13
2002,320320,1,1,0,0,0,0,0,0,0,0,0,0
2002,320320,2,1,0,17,0,0,28,0,0,0,0,0
2002,320321,1,1,0,3,0,0,0,0,0,0,0,0
2002,320321,2,1,0,0,0,0,0,0,0,0,0,0
2002,320321,3,1,0,0,33,0,0,0,25,0,0,0
2002,320322,1,1,0,0,0,0,0,0,0,0,0,0
2002,320322,2,1,0,0,0,0,0,0,0,0,0,0
2002,320323,1,1,0,0,0,0,0,0,0,0,0,0
2002,320324,1,1,0,0,0,0,0,0,0,0,0,0
2002,320324,2,1,0,0,0,0,0,0,0,0,0,0
2002,320325,0,1,27,27,27,27,27,27,27,27,27,27
2002,320325,1,1,0,0,0,0,0,0,0,0,0,0
2002,320326,1,1,0,0,16,0,0,0,0,0,0,0
2002,320326,2,1,0,0,0,0,0,0,0,0,0,0
2002,320327,1,1,17,17,17,17,17,17,17,17,17,17
2002,320328,1,1,0,29,30,0,0,0,0,28,0,13
2002,320329,1,1,0,0,0,0,0,0,0,0,0,0