YEAR,ST_CASE,veh_no,per_no,P1,P2,P3,P4,P5,P6,P7,P8,P9,P10
2002,340157,1,1,14,14,14,14,14,14,14,14,14,14
2002,340158,1,1,0,0,0,0,0,0,0,0,0,0
2002,340159,0,1,0,0,0,0,0,0,0,0,0,0
2002,340159,1,1,0,0,0,0,0,0,0,0,0,0
2002,340160,1,1,19,19,19,19,19,19,19,19,19,19
2002,340160,2,1,0,0,0,0,0,0,0,0,0,0
2002,340161,0,1,28,22,19,20,31,18,16,22,9,0
2002,340161,1,1,0,0,0,0,16,0,0,0,0,0
2002,340162,1,1,30,30,30,30,30,30,30,30,30,30
2002,340164,1,1,16,16,16,16,16,16,16,16,16,16
2002,340165,0,1,0,0,0,0,0,0,0,0,0,0
2002,340165,1,1,0,0,0,0,0,0,0,9,14,0
2002,340166,0,1,0,0,0,0,0,0,0,0,0,0
2002,340166,0,2,0,19,0,0,0,0,0,0,0,0
2002,340166,0,3,0,7,0,0,0,0,0,0,0,0
2002,340166,1,1,0,0,0,0,0,0,0,0,0,0
2002,340166,2,1,0,0,0,23,0,0,0,0,0,0
2002,340167,1,1,18,18,18,18,18,18,18,18,18,18
2002,340168,1,1,0,0,0,0,0,0,0,22,0,0
2002,340168,2,1,0,0,0,0,12,0,0,0,0,0
2002,340168,3,1,0,0,0,0,0,0,0,0,0,0
2002,340169,1,1,0,0,0,0,0,0,0,0,0,0
2002,340170,1,1,0,0,0,0,0,0,0,0,0,0
2002,340170,2,1,0,0,0,0,0,0,0,0,0,0
2002,340171,1,1,0,0,0,0,0,0,0,0,0,0
2002,340171,2,1,0,0,0,0,0,0,0,0,0,0
2002,340172,1,1,0,0,0,0,0,0,0,0,0,0
2002,340172,2,1,0,0,0,0,0,0,0,0,0,0
2002,340173,1,1,0,0,0,0,0,0,0,0,0,0
2002,340173,2,1,0,0,0,0,0,0,0,0,0,0
2002,340174,1,1,0,0,0,0,0,9,0,12,0,10
2002,340175,1,1,0,0,0,0,0,0,0,0,0,0
2002,340176,1,1,0,0,0,0,0,0,0,0,0,0
2002,340176,2,1,28,28,28,28,28,28,28,28,28,28
2002,340177,1,1,0,0,0,0,0,0,0,0,0,0
2002,340179,1,1,0,0,0,0,0,0,0,0,0,0
2002,340179,2,1,10,10,10,10,10,10,10,10,10,10
2002,340180,1,1,18,18,18,18,18,18,18,18,18,18
2002,340181,1,1,0,0,0,0,0,0,0,0,0,0
2002,340181,2,1,0,0,0,0,0,0,0,6,0,0
2002,340182,1,1,0,0,0,0,0,0,0,0,0,0
2002,340183,0,1,0,0,0,0,0,0,0,0,0,0
2002,340183,1,1,0,0,0,0,0,0,0,0,0,0
2002,340184,1,1,0,0,0,0,0,0,0,0,0,0
2002,340184,2,1,0,0,0,0,0,0,0,0,0,0
2002,340185,0,1,0,0,0,0,0,0,0,0,0,0
2002,340185,1,1,0,0,0,0,0,0,0,0,0,0
2002,340186,1,1,0,0,0,0,0,0,0,0,0,0
2002,340187,1,1,0,0,0,0,0,0,0,0,0,0
2002,340188,1,1,0,0,0,0,0,0,0,0,0,0
2002,340189,1,1,0,0,0,0,0,0,0,0,0,0
2002,340190,0,1,0,0,0,0,0,0,0,0,0,0
2002,340190,0,2,0,0,8,0,5,0,20,3,0,0
2002,340190,1,1,0,0,0,0,0,0,0,0,0,2
2002,340191,0,1,0,0,0,0,0,0,0,0,0,0
2002,340191,1,1,0,0,0,0,0,19,8,0,27,8
2002,340192,1,1,0,0,0,0,0,0,0,0,0,0
2002,340193,0,1,0,0,0,0,0,0,0,0,0,0
2002,340193,1,1,0,0,0,0,0,0,0,0,0,0
2002,340194,1,1,0,0,0,0,0,0,0,0,0,0
2002,340195,1,1,20,20,20,20,20,20,20,20,20,20
2002,340196,1,1,0,0,0,0,0,0,0,0,0,0
2002,340196,2,1,0,0,0,0,0,0,0,0,0,0
2002,340197,1,1,0,0,0,0,0,0,0,0,0,0
2002,340197,2,1,26,0,0,0,0,0,0,0,0,0
2002,340198,1,1,4,4,4,4,4,4,4,4,4,4
2002,340199,0,1,0,0,0,0,0,0,0,0,0,0
2002,340199,1,1,0,0,0,0,0,0,0,0,0,0
2002,340200,1,1,27,27,27,27,27,27,27,27,27,27
2002,340201,1,1,1,1,1,1,1,1,1,1,1,1
2002,340202,0,1,0,0,0,0,0,0,0,0,0,0
2002,340202,1,1,0,0,0,0,0,0,0,0,0,0
2002,340203,1,1,0,0,0,19,0,0,0,0,0,0
2002,340203,2,1,0,0,0,0,0,0,0,0,0,0
2002,340204,1,1,0,0,0,0,0,0,0,0,0,0
2002,340204,2,1,0,0,0,0,0,0,0,0,0,0
2002,340205,1,1,12,12,12,12,12,12,12,12,12,12
2002,340206,1,1,0,0,0,0,0,0,0,0,0,0
2002,340207,1,1,0,0,0,0,0,0,0,0,0,0
2002,340207,2,1,0,0,0,0,0,0,0,0,0,0
2002,340208,1,1,0,0,0,0,0,0,0,0,0,0
2002,340208,2,1,0,0,0,0,0,0,0,0,0,0
2002,340209,0,1,0,0,0,0,0,0,0,0,0,0
2002,340209,1,1,0,0,0,0,0,0,0,0,0,0
2002,340209,2,1,0,0,0,0,0,0,0,0,0,0
2002,340210,1,1,5,5,5,5,5,5,5,5,5,5
2002,340211,1,1,0,0,0,0,0,0,0,0,0,0
2002,340211,2,1,0,0,0,0,0,0,0,6,18,0
2002,340212,1,1,0,0,0,0,0,0,0,0,0,0
2002,340213,1,1,0,0,0,0,0,0,0,0,0,0
2002,340214,1,1,0,0,0,0,0,0,0,3,0,0
2002,340214,2,1,0,0,0,0,0,0,0,0,0,0
2002,340215,1,1,0,0,0,0,0,0,0,0,0,0
2002,340215,2,1,0,0,0,0,0,0,0,0,0,0
2002,340216,0,1,0,0,0,0,0,0,0,0,0,0
2002,340216,1,1,0,0,0,0,0,0,0,0,0,0
2002,340217,0,1,0,0,0,0,0,0,0,0,0,0
2002,340217,1,1,0,0,0,0,0,0,0,0,0,0
2002,340218,1,1,0,0,0,0,0,0,0,0,0,0
2002,340218,2,1,29,14,14,22,18,17,6,0,0,0
2002,340219,0,1,13,0,9,0,20,16,9,0,21,21
2002,340219,1,1,0,0,0,0,0,0,0,0,0,0
2002,340220,1,1,0,0,0,11,10,0,14,0,0,0
2002,340222,0,1,43,43,43,43,43,43,43,43,43,43
2002,340222,1,1,0,0,0,12,0,0,0,0,0,0
2002,340223,1,1,0,0,0,0,0,0,0,0,0,0
2002,340224,1,1,21,0,0,0,4,2,16,0,0,15
2002,340225,1,1,6,6,6,6,6,6,6,6,6,6
2002,340226,0,1,0,0,0,0,0,0,0,0,0,0
2002,340226,1,1,0,0,0,0,0,0,0,0,0,0
2002,340227,0,1,0,0,0,0,0,0,0,0,0,0
2002,340227,1,1,0,0,0,0,0,9,0,0,0,0
2002,340228,1,1,14,14,14,14,14,14,14,14,14,14
2002,340229,1,1,9,9,9,9,9,9,9,9,9,9
2002,340230,1,1,0,6,0,10,0,0,0,8,0,0
2002,340231,1,1,0,0,0,0,0,0,0,0,0,0
2002,340231,2,1,1,1,1,1,1,1,1,1,1,1
2002,340232,1,1,0,0,0,0,0,0,0,0,0,0
2002,340232,2,1,0,0,0,0,0,0,0,0,0,0
2002,340233,1,1,0,0,0,0,0,0,0,0,0,0
2002,340233,2,1,0,0,31,0,6,0,0,0,0,11
2002,340234,1,1,0,0,0,0,0,0,0,0,0,0
2002,340234,2,1,0,0,0,0,0,0,0,0,0,0
2002,340235,0,1,0,0,20,0,14,7,0,21,29,0
2002,340235,1,1,0,5,0,0,15,0,0,0,0,0
2002,340236,1,1,0,0,0,0,0,0,0,0,0,0
2002,340236,2,1,0,0,17,0,0,0,0,0,0,12
2002,340237,1,1,0,0,0,0,0,0,0,0,0,0
2002,340238,0,1,0,0,0,0,0,0,0,0,0,0
2002,340238,1,1,0,0,0,0,0,0,0,0,0,0
2002,340239,0,1,0,0,0,0,0,0,0,0,0,0
2002,340239,1,1,0,0,0,0,0,0,0,0,0,0
2002,340241,1,1,0,0,0,0,0,0,0,0,0,0
2002,340243,1,1,0,0,0,0,0,0,0,0,0,0
2002,340244,1,1,0,0,0,0,0,0,0,0,0,0
2002,340244,2,1,0,0,0,0,0,0,0,0,0,0
2002,340245,1,1,0,0,0,0,0,0,0,0,0,0
2002,340245,2,1,0,0,0,0,0,0,0,0,0,0
2002,340247,1,1,0,0,0,0,0,0,0,0,0,0
2002,340247,2,1,0,0,0,0,0,0,0,0,0,0
2002,340247,3,1,0,0,0,0,0,0,0,0,0,0
2002,340248,0,1,0,0,0,0,0,0,0,0,0,0
2002,340248,1,1,26,26,26,26,26,26,26,26,26,26
2002,340249,1,1,0,0,0,0,0,0,0,0,0,0
2002,340250,1,1,0,0,0,0,0,0,0,0,0,0
2002,340250,2,1,0,0,0,0,0,0,0,0,0,0
2002,340251,0,1,16,16,16,16,16,16,16,16,16,16
2002,340251,1,1,0,0,0,0,0,0,0,0,0,0
2002,340252,0,1,0,0,0,0,0,0,0,0,0,0
2002,340252,1,1,0,0,0,0,0,0,0,0,0,0
2002,340253,1,1,18,18,18,18,18,18,18,18,18,18
2002,340254,1,1,0,0,0,0,0,0,0,0,0,0
2002,340255,1,1,0,0,0,0,0,0,0,0,0,0
2002,340255,2,1,0,0,0,0,0,0,0,0,0,0
2002,340256,1,1,0,0,0,0,0,0,0,0,0,0
2002,340257,1,1,24,24,24,24,24,24,24,24,24,24
2002,340257,2,1,0,0,0,0,0,0,0,0,0,0
2002,340258,1,1,0,0,0,0,0,0,0,0,0,0
2002,340259,1,1,0,0,0,0,0,0,0,0,0,0
2002,340259,2,1,0,0,0,0,0,0,0,0,0,0
2002,340259,3,1,2,0,0,0,0,0,0,0,0,0
2002,340260,1,2,0,0,0,0,0,0,9,0,0,0
2002,340260,2,1,0,0,0,0,0,0,0,0,0,0
2002,340262,1,1,0,0,0,12,16,0,0,0,2,11
2002,340262,2,1,15,15,15,15,15,15,15,15,15,15
2002,340263,1,1,0,0,0,0,0,0,0,20,0,0
2002,340263,2,1,0,0,0,0,0,0,0,0,0,0
2002,340264,1,1,15,15,15,15,15,15,15,15,15,15
2002,340265,0,1,0,0,13,0,0,0,0,0,2,0
2002,340265,1,1,13,0,17,12,4,25,8,9,13,0
2002,340266,0,1,0,0,0,0,0,0,0,0,0,0
2002,340266,1,1,8,0,0,0,0,0,0,0,0,0
2002,340267,1,1,35,35,35,35,35,35,35,35,35,35
2002,340268,1,1,0,0,11,11,29,0,0,0,12,0
2002,340268,2,1,0,0,0,0,0,0,0,0,0,0
2002,340269,1,1,0,0,0,0,0,0,0,0,0,0
2002,340269,2,1,0,0,0,0,4,17,0,0,0,0
2002,340270,1,1,0,0,0,0,0,0,0,0,0,0
2002,340271,1,1,0,0,0,0,0,0,0,0,0,0
2002,340272,1,1,0,0,0,0,0,0,0,0,0,0
2002,340272,2,1,0,0,0,0,0,0,0,0,0,0
2002,340273,1,1,0,0,6,0,0,0,0,0,0,0
2002,340273,2,1,0,0,0,0,0,0,0,0,0,0
2002,340274,1,1,0,0,0,0,0,0,0,0,6,0
2002,340274,2,1,28,28,28,28,28,28,28,28,28,28
2002,340275,1,1,0,0,0,0,0,0,0,0,0,0
2002,340276,1,1,0,0,0,0,0,0,0,0,0,0
2002,340276,2,1,0,0,0,0,0,0,0,0,0,0
2002,340277,1,1,0,0,0,0,0,0,0,0,0,0
2002,340277,2,1,0,0,0,0,0,20,0,0,0,0
2002,340278,1,1,16,16,16,16,16,16,16,16,16,16
2002,340279,1,1,20,20,20,20,20,20,20,20,20,20
2002,340280,1,1,0,0,0,0,0,0,0,0,0,0
2002,340281,1,1,12,12,12,12,12,12,12,12,12,12
2002,340282,1,1,0,0,0,0,0,0,0,0,0,0
2002,340282,2,1,0,0,0,0,0,0,0,0,0,0
2002,340283,1,1,0,0,0,0,0,0,0,0,0,0
2002,340283,2,1,19,19,19,19,19,19,19,19,19,19
2002,340284,1,1,7,26,13,18,36,13,23,14,27,23
2002,340285,1,1,15,15,15,15,15,15,15,15,15,15
2002,340285,2,1,20,0,7,13,0,13,0,0,18,0
2002,340286,1,1,0,0,0,0,0,0,0,0,0,0
2002,340286,2,1,0,0,0,0,0,0,0,0,0,13
2002,340287,0,1,0,0,0,0,19,0,0,0,0,0
2002,340287,1,1,0,0,0,0,0,10,0,0,0,0
2002,340288,1,1,6,6,6,6,6,6,6,6,6,6
2002,340288,2,1,6,6,6,6,6,6,6,6,6,6
2002,340289,1,1,0,0,0,0,0,17,0,0,0,0
2002,340289,2,1,0,0,0,0,0,0,0,0,0,0
2002,340289,3,1,0,0,0,0,0,0,0,0,0,0
2002,340290,1,1,10,10,10,10,10,10,10,10,10,10
2002,340291,1,1,0,0,0,0,0,0,0,18,0,0
2002,340291,2,1,0,0,0,0,0,0,0,0,0,0
2002,340292,1,1,9,9,9,9,9,9,9,9,9,9
2002,340293,1,1,0,0,0,0,0,0,0,0,0,0
2002,340293,2,1,0,0,0,0,0,0,0,0,0,0
2002,340293,3,1,0,9,0,0,0,0,0,0,0,0
2002,340294,1,1,0,0,0,0,0,0,0,0,0,0
2002,340294,2,1,0,0,0,0,0,0,0,0,0,0
2002,340294,3,1,0,0,0,0,0,0,0,0,0,0
2002,340295,1,1,0,0,0,0,0,0,0,0,0,0
2002,340296,1,1,0,0,0,0,0,0,0,0,0,0
2002,340296,2,1,0,0,0,0,0,0,0,0,0,0
2002,340296,3,1,0,0,0,0,0,0,0,0,0,0
2002,340297,1,1,0,0,0,0,0,0,0,0,0,0
2002,340297,2,1,0,0,0,0,0,0,0,0,0,0
2002,340297,3,1,0,0,0,0,0,0,0,0,0,0
2002,340298,1,1,0,0,0,0,0,0,0,0,0,0
2002,340298,2,1,0,0,0,0,0,0,0,0,0,0
2002,340299,1,1,0,0,0,0,0,0,0,0,0,0
2002,340299,2,1,0,0,0,0,0,0,0,0,0,0
2002,340300,0,1,35,35,35,35,35,35,35,35,35,35
2002,340300,1,1,0,0,0,0,0,0,0,0,0,0
2002,340301,1,1,14,7,0,8,19,0,0,9,0,9
2002,340303,1,1,20,20,20,20,20,20,20,20,20,20
2002,340303,2,1,0,0,0,0,0,0,0,0,0,0
2002,340304,1,1,0,0,0,0,0,0,0,0,0,0
2002,340304,2,1,0,0,0,0,0,0,0,0,28,0
2002,340305,1,1,23,15,15,25,32,25,12,14,17,13
2002,340306,1,1,19,19,19,19,19,19,19,19,19,19
2002,340307,1,1,22,22,22,22,22,22,22,22,22,22
2002,340308,0,1,0,0,0,0,0,0,0,0,0,0
2002,340308,1,1,8,0,0,0,0,0,0,7,0,0
2002,340309,0,1,0,0,0,0,0,0,0,0,0,0
2002,340309,1,1,0,0,0,0,19,0,0,0,0,0
2002,340310,1,1,0,0,0,0,0,0,0,0,0,0
2002,340311,0,1,34,34,34,34,34,34,34,34,34,34
2002,340311,1,1,0,0,0,0,0,0,0,0,0,0
2002,340312,1,1,1,1,1,1,1,1,1,1,1,1
2002,340313,1,1,11,11,11,11,11,11,11,11,11,11
2002,340314,1,1,0,0,0,0,0,0,0,0,0,0
2002,340315,1,1,0,0,0,0,0,0,0,0,0,0
2002,340315,2,1,0,0,0,0,0,0,0,0,0,0
2002,340316,1,1,8,8,8,8,8,8,8,8,8,8
2002,340317,1,1,0,0,0,0,0,0,0,0,0,0
2002,340318,0,1,0,0,0,0,0,0,0,0,0,0
2002,340318,1,1,0,0,0,0,0,0,0,0,0,0
2002,340319,0,1,26,26,26,26,26,26,26,26,26,26
2002,340319,1,1,0,12,0,0,0,0,0,0,0,0
2002,340320,0,1,7,7,7,7,7,7,7,7,7,7
2002,340320,1,1,0,0,0,0,0,0,0,0,0,0
2002,340320,2,1,0,0,0,0,0,0,0,0,0,0
2002,340321,1,1,0,0,0,0,0,0,0,0,0,0
2002,340322,1,1,0,0,0,0,0,0,0,0,0,0
2002,340322,2,1,0,0,0,0,0,0,0,0,0,0
2002,340323,1,1,0,0,0,0,0,0,0,0,0,0
2002,340324,1,1,31,31,31,31,31,31,31,31,31,31
2002,340325,1,1,25,36,21,27,17,4,23,0,16,16
2002,340326,1,1,0,0,0,0,0,0,0,0,0,0
2002,340326,2,1,0,0,0,0,0,0,0,0,0,0
2002,340328,1,1,18,27,10,11,18,9,32,12,29,16
2002,340329,1,1,0,0,0,0,0,0,0,0,5,0
2002,340329,2,1,0,0,0,0,0,0,0,0,0,0
2002,340330,1,1,1,1,1,1,1,1,1,1,1,1
2002,340331,1,1,9,9,9,9,9,9,9,9,9,9
2002,340332,1,1,1,1,1,1,1,1,1,1,1,1
2002,340332,2,1,0,0,0,0,0,0,0,0,0,0
2002,340333,1,1,0,0,0,0,0,0,0,0,0,0
2002,340334,1,1,0,0,0,0,0,0,0,0,0,0
2002,340334,2,1,0,0,0,0,0,0,0,0,0,0
2002,340335,1,1,0,0,0,0,0,0,0,25,0,0
2002,340335,2,1,13,13,13,13,13,13,13,13,13,13
2002,340336,0,1,0,0,0,0,0,0,0,0,0,0
2002,340336,1,1,0,0,0,0,0,0,0,0,0,0
2002,340337,1,1,0,0,0,0,0,0,0,0,0,0
2002,340337,2,1,0,0,0,0,0,0,0,0,0,0
2002,340338,1,1,0,0,0,0,0,0,0,0,0,0
2002,340338,2,1,0,0,0,0,0,0,0,0,0,0
2002,340338,3,1,0,0,0,0,0,0,0,0,19,0
2002,340339,1,1,3,3,3,3,3,3,3,3,3,3
2002,340339,2,1,0,0,0,0,0,0,0,10,0,0
2002,340339,3,1,10,0,12,0,6,0,10,25,0,9
2002,340340,1,1,0,0,0,0,0,0,0,0,0,0
2002,340340,2,1,0,0,0,0,0,0,0,0,0,0
2002,340341,1,1,0,0,0,0,0,0,0,0,0,0
2002,340341,2,1,0,0,0,0,0,0,0,0,0,0
2002,340342,1,1,0,0,0,0,0,0,0,0,0,0
2002,340342,2,1,13,13,13,13,13,13,13,13,13,13
2002,340343,1,1,16,18,19,22,0,23,0,27,13,12
2002,340344,1,1,2,2,2,2,2,2,2,2,2,2
2002,340345,1,1,22,22,22,22,22,22,22,22,22,22
2002,340346,1,1,0,0,0,0,0,0,0,0,0,0
2002,340346,2,1,0,0,0,0,0,0,0,0,0,0
2002,340347,0,1,0,0,0,0,0,0,0,0,0,0
2002,340347,1,1,12,0,0,0,0,0,0,0,0,0
2002,340348,1,1,0,0,0,0,0,0,0,0,0,0
2002,340349,0,1,24,24,24,24,24,24,24,24,24,24
2002,340349,1,1,0,0,0,0,0,0,0,0,0,0
2002,340350,0,1,0,0,0,0,0,0,0,0,0,0
2002,340350,1,1,23,23,23,23,23,23,23,23,23,23
2002,340351,1,1,17,17,17,17,17,17,17,17,17,17
2002,340351,2,1,0,0,0,0,13,0,10,0,0,0
2002,340352,1,1,29,13,0,16,6,24,0,11,0,12
2002,340352,2,1,0,0,0,0,0,0,15,0,0,0
2002,340352,3,1,10,22,17,10,23,24,0,16,8,11
2002,340353,0,1,0,0,0,0,0,0,0,0,0,0
2002,340353,1,1,0,0,0,0,0,0,0,0,0,0
2002,340354,1,1,0,0,0,0,0,0,0,0,0,0
2002,340355,1,1,0,0,0,0,0,0,0,0,0,0
2002,340356,1,1,15,22,0,0,0,29,0,0,0,15
2002,340356,2,1,0,0,0,0,0,0,0,0,0,0
2002,340357,1,1,10,10,10,10,10,10,10,10,10,10
2002,340358,1,1,0,0,0,0,0,0,0,0,0,0
2002,340358,2,1,0,0,0,0,0,0,0,0,0,0
2002,340359,0,1,0,0,7,0,0,0,0,0,0,0
2002,340359,1,1,0,0,0,0,0,0,0,0,0,0
2002,340360,0,1,24,24,24,24,24,24,24,24,24,24
2002,340360,1,1,0,0,0,0,0,0,0,0,0,0
2002,340361,1,1,0,0,0,0,0,0,0,0,0,0
2002,340361,2,1,0,0,0,0,0,0,0,0,0,0
2002,340362,1,1,0,0,17,10,0,0,0,0,0,0
2002,340363,0,1,0,0,0,0,0,0,0,0,0,0
2002,340363,1,1,0,0,0,0,0,0,0,0,0,0
2002,340364,0,1,0,0,0,0,0,0,0,0,0,0
2002,340364,1,1,0,0,0,0,0,0,0,0,0,0
2002,340365,1,1,0,0,25,0,0,0,0,0,9,0
2002,340366,1,1,0,0,0,0,0,0,0,0,0,0
2002,340366,2,1,0,0,0,0,0,0,0,0,0,0
2002,340366,3,1,0,0,0,0,0,0,0,0,0,0
2002,340367,1,1,16,16,16,16,16,16,16,16,16,16
2002,340368,0,1,0,0,0,0,0,0,0,0,0,0
2002,340368,1,1,0,0,0,0,0,0,0,0,0,0
2002,340369,0,1,22,22,22,22,22,22,22,22,22,22
2002,340369,1,1,0,0,0,0,0,0,0,0,0,0
2002,340370,0,1,0,0,0,0,0,0,0,0,0,0
2002,340370,1,1,7,7,7,7,7,7,7,7,7,7
2002,340372,1,1,0,0,0,0,0,0,0,0,0,0
2002,340372,2,1,0,25,0,0,12,0,0,0,9,0
2002,340372,3,1,0,0,0,0,0,0,0,0,0,0
2002,340372,4,1,0,0,0,0,0,0,0,30,4,16
2002,340372,5,1,0,0,20,22,0,19,0,0,0,8
2002,340372,6,1,0,0,0,0,0,0,0,19,0,0
2002,340373,1,1,6,0,0,0,0,0,0,0,0,0
2002,340374,1,1,0,0,0,0,0,0,0,0,0,0
2002,340375,1,1,0,0,0,0,0,0,0,0,0,0
2002,340375,2,1,0,0,0,0,0,0,0,0,0,0
2002,340376,1,1,0,0,0,0,0,0,0,0,0,0
2002,340377,1,1,0,0,0,0,9,0,0,0,0,0
2002,340377,2,1,0,0,0,0,0,0,0,0,0,0
2002,340378,1,1,0,0,0,0,0,0,0,11,19,25
2002,340379,0,1,0,0,13,0,0,0,0,21,0,0
2002,340379,1,1,0,0,0,0,0,0,0,0,0,4
2002,340380,0,1,0,0,0,0,0,0,0,0,0,0
2002,340380,1,1,0,0,19,0,0,0,0,19,0,0
2002,340381,1,1,9,9,9,9,9,9,9,9,9,9
2002,340382,1,2,6,0,22,33,21,0,25,0,22,21
2002,340383,0,1,0,0,0,0,0,0,0,0,0,0
2002,340383,1,1,0,0,0,0,0,0,0,0,0,0
2002,340384,1,1,0,0,0,0,0,18,0,0,0,13
2002,340384,2,1,11,0,0,0,0,0,21,0,0,0
2002,340384,3,1,0,0,0,0,0,0,0,0,0,0
2002,340385,1,1,0,0,0,0,0,0,0,0,0,0
2002,340385,2,1,0,0,0,0,0,0,0,0,0,0
2002,340386,1,1,33,33,33,33,33,33,33,33,33,33
2002,340386,2,1,0,0,0,0,15,0,0,0,0,0
2002,340387,1,2,0,0,0,0,0,0,0,0,0,0
2002,340388,0,1,0,0,0,0,0,0,0,0,0,0
2002,340388,1,1,0,0,0,0,0,0,0,0,0,0
2002,340389,1,1,0,0,0,0,0,0,0,0,0,0
2002,340389,2,1,12,20,0,14,0,15,0,0,18,22
2002,340390,1,1,0,0,0,0,0,0,0,0,0,0
2002,340390,2,1,0,0,0,0,0,0,0,0,0,0
2002,340391,0,1,13,13,13,13,13,13,13,13,13,13
2002,340391,1,1,0,0,0,0,0,0,0,0,0,0
2002,340392,1,1,23,23,23,23,23,23,23,23,23,23
2002,340393,1,1,0,0,0,0,0,22,0,0,0,0
2002,340394,0,1,0,0,0,0,0,0,0,0,0,0
2002,340394,1,1,0,0,0,0,0,0,0,0,0,0
2002,340394,2,1,0,0,24,0,0,0,0,0,19,0
2002,340396,1,1,0,0,0,0,0,0,0,5,0,2
2002,340397,0,1,0,0,0,0,0,0,0,0,0,0
2002,340397,1,1,0,0,0,0,0,0,0,15,0,0
2002,340398,0,1,0,0,0,0,0,0,0,0,0,0
2002,340398,1,1,0,0,0,0,0,0,11,0,0,0
2002,340399,1,1,0,23,0,0,0,12,0,0,35,0
2002,340399,2,1,0,0,0,0,0,0,0,0,0,0
2002,340400,1,1,0,0,0,0,0,0,0,0,0,0
2002,340400,2,1,0,0,0,0,0,0,0,0,0,0
2002,340400,3,1,0,0,0,0,15,0,0,0,0,0
2002,340401,1,1,18,18,18,18,18,18,18,18,18,18
2002,340401,2,1,0,14,0,0,0,0,0,11,6,0
2002,340401,3,1,0,0,3,0,8,13,0,0,7,12
2002,340402,1,1,0,0,0,0,0,0,0,0,0,0
2002,340402,2,1,0,0,0,0,0,0,0,0,0,0
2002,340403,0,1,29,29,29,29,29,29,29,29,29,29
2002,340403,1,1,7,16,8,13,25,3,18,12,0,21
2002,340403,2,1,0,19,0,0,0,0,0,0,19,0
2002,340404,1,1,0,0,0,0,0,0,0,0,0,0
2002,340404,2,1,0,0,0,0,0,0,0,0,0,0
2002,340405,0,1,3,3,3,3,3,3,3,3,3,3
2002,340405,1,1,0,0,0,0,0,0,0,0,0,0
2002,340406,1,1,0,0,0,0,0,0,0,0,0,0
2002,340406,2,1,0,0,0,0,0,0,0,0,0,0
2002,340407,1,1,0,0,0,0,0,0,0,0,0,0
2002,340408,1,1,20,20,20,20,20,20,20,20,20,20
2002,340408,2,1,0,0,0,0,0,0,0,0,0,0
2002,340409,1,1,0,0,0,0,0,0,0,0,0,0
2002,340410,1,1,25,25,25,25,25,25,25,25,25,25
2002,340412,1,1,0,0,0,0,0,13,0,0,0,0
2002,340412,2,1,0,0,0,0,0,0,0,0,0,0
2002,340413,1,1,13,13,13,13,13,13,13,13,13,13
2002,340414,1,1,0,0,0,0,0,0,0,0,0,0
2002,340415,0,1,0,0,0,0,0,0,0,0,0,0
2002,340415,1,1,0,0,0,0,0,0,0,0,0,0
2002,340416,1,1,16,16,16,16,16,16,16,16,16,16
2002,340417,1,1,33,33,33,33,33,33,33,33,33,33
2002,340418,1,1,0,0,0,0,0,0,0,0,0,0
2002,340420,1,1,0,0,0,0,0,0,0,0,0,0
2002,340420,2,1,0,0,0,0,0,0,0,0,0,0
2002,340420,3,1,0,0,0,0,0,0,0,0,0,0
2002,340421,1,1,0,0,0,0,0,0,0,0,0,0
2002,340421,2,1,0,0,0,0,0,0,0,0,0,0
2002,340422,0,1,0,0,0,0,0,0,0,0,0,0
2002,340422,1,1,0,0,0,0,0,0,0,0,0,0
2002,340423,1,1,0,0,0,0,0,0,0,0,0,0
2002,340425,0,1,40,40,40,40,40,40,40,40,40,40
2002,340425,1,1,0,0,0,0,0,0,0,0,0,0
2002,340426,1,1,0,0,0,0,0,0,0,0,0,0
2002,340426,2,1,0,0,0,0,0,0,0,0,0,0
2002,340427,1,1,17,17,17,17,17,17,17,17,17,17
2002,340428,1,1,0,0,0,0,0,0,0,0,0,0
2002,340428,2,1,0,0,0,0,0,0,0,0,0,0
2002,340429,1,1,0,0,0,0,0,0,0,0,0,0
2002,340429,2,1,0,0,0,0,0,0,0,0,0,0
2002,340430,0,1,16,16,16,16,16,16,16,16,16,16
2002,340430,1,1,13,13,13,13,13,13,13,13,13,13
2002,340431,1,1,0,0,0,0,0,0,0,0,0,0
2002,340431,2,1,0,0,0,0,0,0,0,0,0,0
2002,340432,1,1,4,4,4,4,4,4,4,4,4,4
2002,340433,1,1,0,0,0,0,0,0,0,0,0,0
2002,340434,1,1,0,0,20,12,0,0,0,0,0,0
2002,340434,2,1,0,0,0,0,0,0,0,0,0,0
2002,340434,3,1,0,0,0,0,6,0,0,0,0,0
2002,340436,1,1,0,0,0,0,0,12,0,0,0,0
2002,340436,2,1,0,0,0,0,0,0,0,0,0,0
2002,340437,1,1,0,0,21,0,0,0,0,0,0,0
2002,340437,2,1,20,20,20,20,20,20,20,20,20,20
2002,340438,1,1,11,12,4,0,10,22,30,17,0,0
2002,340439,1,1,0,0,0,0,0,0,0,0,0,0
2002,340439,2,1,0,0,0,0,0,0,0,0,0,0
2002,340441,1,1,0,0,0,0,0,0,0,0,0,0
2002,340441,2,1,0,0,0,0,0,0,0,0,0,0
2002,340441,3,1,11,0,0,0,0,0,0,0,0,0
2002,340442,1,1,0,0,0,0,0,0,0,0,0,0
2002,340443,1,1,0,0,0,0,0,0,0,0,0,0
2002,340444,1,1,0,0,0,0,0,0,0,0,0,0