YEAR,ST_CASE,veh_no,per_no,P1,P2,P3,P4,P5,P6,P7,P8,P9,P10
2002,340444,2,1,0,0,0,0,0,0,0,0,0,0
2002,340445,0,1,0,0,0,0,0,0,0,0,0,0
2002,340445,1,1,0,0,0,0,0,0,0,0,0,0
2002,340446,1,1,0,0,0,0,0,0,0,0,0,0
2002,340447,1,1,0,0,0,0,0,0,0,0,0,25
2002,340447,2,1,0,0,0,0,0,0,0,0,0,0
2002,340448,0,1,31,24,0,0,0,4,22,0,21,0
2002,340448,0,2,0,27,8,0,5,4,6,10,7,0
2002,340448,0,3,0,14,17,42,25,0,0,9,29,10
2002,340448,0,4,0,18,13,0,0,0,11,18,0,8
2002,340448,1,1,14,14,14,14,14,14,14,14,14,14
2002,340449,1,1,0,0,0,0,0,0,0,0,0,0
2002,340449,2,1,0,0,0,11,0,0,0,0,0,0
2002,340450,1,1,0,12,0,0,0,0,0,0,0,0
2002,340450,2,1,0,0,0,21,0,0,0,0,0,3
2002,340451,1,1,0,0,0,0,0,7,0,6,0,0
2002,340451,2,1,0,0,18,0,0,0,0,0,0,0
2002,340451,3,1,0,0,0,0,0,0,0,0,0,0
2002,340452,0,1,0,0,0,0,0,0,0,0,0,0
2002,340452,1,1,0,0,0,0,7,0,0,0,0,0
2002,340453,0,1,0,17,5,0,0,0,0,0,0,0
2002,340453,1,1,0,0,0,0,0,0,0,0,0,0
2002,340454,0,1,46,46,46,46,46,46,46,46,46,46
2002,340454,1,1,0,0,19,13,0,0,0,0,0,0
2002,340455,0,1,17,17,17,17,17,17,17,17,17,17
2002,340455,1,1,18,18,18,18,18,18,18,18,18,18
2002,340456,1,1,0,0,0,0,0,0,0,0,0,0
2002,340457,1,1,9,9,9,9,9,9,9,9,9,9
2002,340458,1,1,0,0,0,0,0,0,0,0,0,0
2002,340458,2,1,0,0,0,8,0,0,0,0,0,0
2002,340460,0,1,0,0,0,0,0,0,0,0,0,0
2002,340460,1,1,21,0,0,0,0,0,0,0,0,0
2002,340461,1,1,0,16,0,0,0,0,0,4,0,0
2002,340461,2,1,0,0,0,0,0,0,0,0,0,0
2002,340462,1,1,0,0,0,0,0,0,0,0,0,0
2002,340463,1,1,0,0,0,0,0,0,0,0,0,0
2002,340464,1,1,0,0,0,0,0,0,21,0,0,0
2002,340464,2,1,0,0,0,0,0,0,0,0,0,0
2002,340465,1,1,16,16,16,16,16,16,16,16,16,16
2002,340466,1,1,0,0,0,0,0,0,5,20,5,0
2002,340467,1,1,0,0,0,0,0,0,0,0,0,0
2002,340467,2,1,0,0,0,0,0,0,0,0,0,0
2002,340468,0,1,11,11,11,11,11,11,11,11,11,11
2002,340468,1,1,4,4,4,4,4,4,4,4,4,4
2002,340469,0,1,0,0,0,0,0,0,0,0,0,0
2002,340469,1,1,12,0,0,0,0,0,5,0,0,0
2002,340470,0,1,0,0,0,0,0,0,0,0,0,0
2002,340470,1,1,0,0,0,0,0,0,0,0,0,0
2002,340471,1,1,13,13,13,13,13,13,13,13,13,13
2002,340474,1,1,0,0,0,0,0,0,0,0,0,0
2002,340475,1,1,22,22,22,22,22,22,22,22,22,22
2002,340476,1,1,38,38,38,38,38,38,38,38,38,38
2002,340476,2,1,0,0,9,0,0,0,0,0,0,0
2002,340477,1,1,0,0,0,0,0,0,0,0,0,0
2002,340477,2,1,0,0,0,0,0,0,0,0,0,0
2002,340478,0,1,0,0,0,0,0,0,0,0,0,0
2002,340478,1,1,0,0,0,0,0,0,0,0,0,0
2002,340479,1,1,0,0,0,0,0,0,0,0,0,0
2002,340480,0,1,21,40,14,0,16,24,0,19,21,0
2002,340480,1,1,0,0,0,0,0,0,0,0,0,0
2002,340481,1,1,18,18,18,18,18,18,18,18,18,18
2002,340481,2,1,0,0,0,0,0,0,0,0,0,0
2002,340482,1,1,18,18,18,18,18,18,18,18,18,18
2002,340482,2,1,16,26,15,15,17,39,13,14,14,28
2002,340483,1,1,18,18,18,18,18,18,18,18,18,18
2002,340483,2,1,0,28,0,0,0,0,0,26,0,0
2002,340484,0,1,0,0,0,0,0,0,0,0,0,0
2002,340484,1,1,14,0,0,0,14,0,0,0,0,0
2002,340485,1,1,0,0,0,0,0,0,0,0,0,13
2002,340485,2,1,0,0,0,0,0,0,0,0,0,0
2002,340486,1,1,4,4,4,4,4,4,4,4,4,4
2002,340487,0,1,15,15,15,15,15,15,15,15,15,15
2002,340487,1,1,0,0,0,0,0,0,0,0,0,0
2002,340488,1,1,8,8,8,8,8,8,8,8,8,8
2002,340489,1,1,0,0,0,0,0,0,0,0,0,0
2002,340489,2,1,0,0,0,0,0,0,0,0,0,0
2002,340490,1,1,0,0,0,0,0,0,0,0,0,0
2002,340491,1,1,14,14,14,14,14,14,14,14,14,14
2002,340492,0,1,0,26,32,33,19,28,0,22,0,16
2002,340492,1,1,28,0,14,0,0,24,0,11,0,0
2002,340493,0,1,25,25,25,25,25,25,25,25,25,25
2002,340493,1,1,0,0,0,0,0,0,0,0,0,0
2002,340494,0,1,10,10,10,10,10,10,10,10,10,10
2002,340494,1,1,0,0,0,32,0,0,0,0,22,0
2002,340495,1,1,0,0,0,0,0,0,0,0,0,0
2002,340497,1,1,30,30,30,30,30,30,30,30,30,30
2002,340498,1,1,22,22,22,22,22,22,22,22,22,22
2002,340498,2,1,0,15,19,18,0,0,0,0,0,0
2002,340499,1,1,0,0,0,0,0,0,0,13,0,17
2002,340500,1,1,29,29,29,29,29,29,29,29,29,29
2002,340500,2,1,39,39,39,39,39,39,39,39,39,39
2002,340501,1,1,0,0,0,0,0,0,0,0,0,0
2002,340502,1,1,14,14,14,14,14,14,14,14,14,14
2002,340502,2,1,0,0,12,11,22,0,0,5,0,11
2002,340504,0,1,0,0,0,0,0,0,0,0,0,0
2002,340504,1,1,0,0,0,0,5,0,0,0,0,0
2002,340505,1,1,20,20,20,20,20,20,20,20,20,20
2002,340506,1,1,0,0,0,0,0,0,0,0,0,0
2002,340507,1,1,20,19,0,6,0,0,0,0,7,0
2002,340508,1,1,0,0,0,0,0,0,0,0,0,0
2002,340508,2,1,0,0,0,0,0,0,0,0,0,0
2002,340509,0,1,29,29,29,29,29,29,29,29,29,29
2002,340509,1,1,0,0,0,0,0,0,0,0,0,0
2002,340510,0,1,28,28,28,28,28,28,28,28,28,28
2002,340510,1,1,0,0,0,0,0,0,0,0,0,0
2002,340511,1,1,0,0,0,0,0,0,0,0,0,0
2002,340511,2,1,0,0,0,0,0,0,0,0,0,0
2002,340512,0,1,0,0,0,0,0,0,0,0,0,0
2002,340512,1,1,18,18,18,18,18,18,18,18,18,18
2002,340513,1,1,0,0,0,0,0,0,0,0,0,0
2002,340513,2,1,24,0,0,0,0,0,0,0,0,0
2002,340513,3,1,0,0,0,0,0,0,0,0,0,0
2002,340513,4,1,0,0,50,0,0,0,0,0,0,0
2002,340513,5,1,0,0,0,0,0,0,0,0,0,0
2002,340514,0,1,0,0,0,0,0,0,0,0,0,0
2002,340514,1,1,0,0,0,0,0,0,0,0,0,0
2002,340515,0,1,0,0,0,0,0,0,0,0,0,0
2002,340515,1,1,6,6,6,6,6,6,6,6,6,6
2002,340516,1,1,0,0,0,0,0,16,20,14,0,31
2002,340517,0,1,0,0,0,0,0,0,0,0,0,0
2002,340517,1,1,0,0,0,0,0,0,0,0,0,0
2002,340518,1,1,0,0,0,0,0,0,0,0,0,0
2002,340519,1,1,21,21,21,21,21,21,21,21,21,21
2002,340520,1,1,14,0,0,0,0,0,0,0,0,0
2002,340520,2,1,0,9,0,0,14,0,0,5,0,5
2002,340520,3,1,22,22,22,22,22,22,22,22,22,22
2002,340521,1,1,0,0,0,0,0,0,0,0,0,0
2002,340521,2,1,0,0,0,0,0,0,0,0,0,0
2002,340522,1,1,0,0,0,0,0,0,0,0,0,0
2002,340523,1,1,0,0,0,0,0,0,0,0,0,0
2002,340523,2,1,0,0,0,0,0,0,0,0,0,0
2002,340524,0,1,0,0,0,0,0,0,0,0,0,0
2002,340524,0,2,0,15,0,0,0,0,0,0,12,0
2002,340524,1,1,13,0,0,0,19,0,0,26,0,0
2002,340525,1,1,0,0,0,0,0,0,0,0,0,0
2002,340525,2,1,16,0,0,0,0,0,0,0,0,0
2002,340525,3,1,0,0,0,0,0,0,0,0,0,0
2002,340526,0,1,0,0,0,0,0,0,0,0,0,0
2002,340526,1,1,0,0,0,0,0,0,0,0,0,0
2002,340527,1,1,0,0,0,0,0,0,0,0,0,0
2002,340527,2,1,0,0,0,1,0,0,0,0,0,0
2002,340528,0,1,0,0,0,0,0,0,0,0,0,0
2002,340528,1,1,0,21,0,0,0,0,0,0,0,18
2002,340529,0,1,0,0,0,0,0,0,0,0,0,0
2002,340529,1,1,0,0,0,0,0,0,0,0,0,8
2002,340530,0,1,19,19,19,19,19,19,19,19,19,19
2002,340530,1,1,0,0,0,0,0,0,0,0,0,0
2002,340531,0,1,27,27,27,27,27,27,27,27,27,27
2002,340531,1,1,0,0,0,0,0,0,0,0,0,0
2002,340532,1,1,15,15,15,15,15,15,15,15,15,15
2002,340533,1,1,11,11,11,11,11,11,11,11,11,11
2002,340534,0,1,0,0,0,0,0,0,0,0,0,0
2002,340534,1,1,0,0,0,0,0,0,0,0,0,0
2002,340535,1,1,0,0,7,0,0,0,0,0,0,0
2002,340535,2,1,0,0,0,0,0,0,0,0,0,0
2002,340536,1,1,13,13,13,13,13,13,13,13,13,13
2002,340537,0,1,0,0,0,0,0,0,0,0,0,0
2002,340537,1,1,0,0,0,0,0,0,0,0,0,0
2002,340539,0,1,0,9,0,0,14,0,0,0,0,7
2002,340539,1,1,0,0,0,0,0,0,0,0,0,0
2002,340539,2,1,0,0,0,0,0,0,0,0,0,15
2002,340540,0,1,19,0,0,18,0,27,0,0,0,0
2002,340540,1,1,0,0,0,32,0,0,0,0,0,0
2002,340541,0,1,0,0,0,0,0,0,0,0,0,0
2002,340541,1,1,0,0,0,0,0,0,0,0,0,0
2002,340542,1,1,0,0,0,0,0,0,0,0,0,0
2002,340542,2,1,5,0,0,0,0,7,0,0,14,13
2002,340543,1,1,0,0,0,0,0,0,0,0,0,0
2002,340543,2,1,0,7,0,0,0,0,0,0,0,0
2002,340543,3,1,0,0,0,0,0,0,0,0,0,0
2002,340544,1,1,0,0,0,0,0,0,0,0,0,0
2002,340544,2,1,0,0,0,0,0,0,0,0,0,0
2002,340544,3,1,0,0,0,0,0,0,0,0,0,0
2002,340544,4,1,0,0,0,0,0,0,0,0,0,0
2002,340544,5,1,0,0,0,0,0,0,0,0,0,0
2002,340545,1,1,0,0,0,11,32,16,8,0,29,0
2002,340546,1,1,0,0,0,0,0,0,0,0,0,0
2002,340546,2,1,0,0,0,0,0,0,0,0,0,0
2002,340547,1,1,7,7,7,7,7,7,7,7,7,7
2002,340547,2,1,0,0,0,0,0,0,0,0,0,0
2002,340548,1,1,0,0,0,14,0,0,21,14,26,0
2002,340548,2,1,0,0,0,0,0,0,0,0,0,0
2002,340549,1,1,0,0,0,0,0,0,0,19,0,0
2002,340549,2,1,0,7,0,0,0,0,0,0,0,0
2002,340550,1,1,0,0,0,0,15,0,0,0,28,0
2002,340551,1,1,0,0,0,0,0,0,0,0,0,0
2002,340552,1,1,0,0,0,0,0,0,0,0,0,0
2002,340552,2,1,0,0,0,0,0,0,0,0,0,0
2002,340553,0,1,0,0,0,0,0,0,0,0,0,0
2002,340553,1,1,0,0,0,0,0,0,0,0,0,0
2002,340554,1,1,0,0,0,0,0,0,0,0,0,0
2002,340555,0,1,0,0,0,0,0,0,0,0,0,0
2002,340555,1,1,0,0,0,0,0,0,0,0,0,0
2002,340556,1,1,0,0,0,0,0,0,0,0,0,0
2002,340556,2,1,0,0,0,0,0,0,0,0,0,0
2002,340557,0,1,0,0,0,0,0,0,0,0,0,0
2002,340557,1,1,0,7,0,0,0,0,14,17,16,0
2002,340558,1,1,45,33,13,0,0,0,0,21,25,18
2002,340559,1,1,0,0,0,14,0,0,0,0,0,0
2002,340559,2,1,0,0,0,0,0,0,0,0,0,0
2002,340561,0,1,25,25,25,25,25,25,25,25,25,25
2002,340561,1,1,0,0,0,0,8,0,0,0,0,0
2002,340562,1,1,0,0,0,0,0,0,0,0,0,0
2002,340563,1,1,0,0,0,0,0,0,0,0,0,0
2002,340563,2,1,0,0,0,0,0,0,0,0,0,22
2002,340564,1,1,0,0,0,0,0,0,0,0,0,0
2002,340564,2,1,0,0,0,0,0,0,0,0,0,0
2002,340565,1,1,22,22,22,22,22,22,22,22,22,22
2002,340565,2,1,0,0,0,0,0,0,0,0,0,0
2002,340567,1,1,9,9,9,9,9,9,9,9,9,9
2002,340568,1,1,0,0,0,0,0,0,0,0,0,0
2002,340569,1,1,0,0,0,0,0,0,0,0,0,0
2002,340569,2,1,0,0,0,0,0,0,0,0,0,0
2002,340570,0,1,0,0,0,0,0,0,0,0,0,0
2002,340570,1,1,0,0,0,0,0,30,0,0,0,0
2002,340571,1,1,13,13,13,13,13,13,13,13,13,13
2002,340572,0,1,0,0,0,0,0,0,0,0,0,0
2002,340572,1,1,0,4,0,0,0,0,0,0,0,0
2002,340573,0,1,24,24,24,24,24,24,24,24,24,24
2002,340573,1,1,0,0,0,0,0,0,0,0,0,0
2002,340574,1,1,0,0,0,0,0,0,0,0,0,0
2002,340574,2,1,0,0,0,0,0,0,0,0,0,0
2002,340576,1,1,0,10,9,0,0,5,0,5,0,13
2002,340576,2,1,0,0,0,0,0,0,0,0,0,0
2002,340577,0,1,0,0,0,0,0,0,0,0,0,0
2002,340577,1,1,0,0,0,0,0,0,0,0,0,0
2002,340578,1,1,1,1,1,1,1,1,1,1,1,1
2002,340578,2,1,0,0,0,0,0,0,0,0,0,0
2002,340579,0,1,24,24,24,24,24,24,24,24,24,24
2002,340579,1,1,0,0,0,0,0,0,0,0,0,0
2002,340580,1,1,0,0,0,0,0,0,0,0,0,0
2002,340580,2,1,6,0,0,0,0,0,0,0,0,0
2002,340582,1,1,2,2,2,2,2,2,2,2,2,2
2002,340583,1,1,0,0,0,0,0,0,0,0,0,0
2002,340583,2,1,0,0,0,0,0,0,0,0,0,0
2002,340584,1,1,0,0,0,0,0,0,0,0,0,0
2002,340586,1,1,0,0,0,0,0,0,0,0,0,0
2002,340587,1,1,10,10,10,10,10,10,10,10,10,10
2002,340588,1,1,0,0,0,0,3,0,0,0,0,0
2002,340588,2,1,0,0,0,0,0,0,0,0,0,0
2002,340588,3,1,0,0,0,0,0,0,0,0,0,0
2002,340589,1,1,10,15,0,0,7,11,0,0,8,15
2002,340590,0,1,0,0,0,0,0,0,0,0,0,0
2002,340590,1,1,0,0,0,0,0,0,0,0,0,0
2002,340591,1,1,24,24,24,24,24,24,24,24,24,24
2002,340592,1,1,4,4,4,4,4,4,4,4,4,4
2002,340592,2,1,0,0,13,0,0,0,0,0,0,0
2002,340593,1,1,0,0,0,0,0,0,0,0,0,0
2002,340593,2,1,0,0,0,0,0,0,0,0,0,0
2002,340594,1,1,19,19,19,19,19,19,19,19,19,19
2002,340595,1,1,0,21,9,0,0,12,25,0,0,5
2002,340597,1,1,0,0,0,0,0,0,0,0,0,0
2002,340597,2,1,0,0,0,0,9,0,0,0,0,0
2002,340599,0,1,29,29,29,29,29,29,29,29,29,29
2002,340599,1,1,13,0,0,0,0,0,0,0,0,0
2002,340600,0,1,51,51,51,51,51,51,51,51,51,51
2002,340600,1,1,0,0,0,0,0,0,0,0,0,0
2002,340601,0,1,34,34,34,34,34,34,34,34,34,34
2002,340601,1,1,0,0,0,0,0,0,0,0,0,0
2002,340602,0,1,0,0,0,12,0,0,5,0,0,10
2002,340602,1,1,0,0,0,0,0,0,0,0,0,0
2002,340603,1,1,13,13,13,13,13,13,13,13,13,13
2002,340604,1,1,0,0,11,23,16,7,0,4,16,11
2002,340605,1,1,0,0,0,0,0,0,0,0,0,0
2002,340605,2,1,0,0,0,0,24,0,0,0,0,0
2002,340606,0,1,0,14,12,0,0,36,0,0,10,0
2002,340606,1,1,0,0,0,0,0,0,0,0,0,0
2002,340607,1,1,0,0,0,0,0,0,0,0,0,0
2002,340608,1,1,2,2,2,2,2,2,2,2,2,2
2002,340608,2,1,0,0,0,0,0,0,0,0,0,0
2002,340609,1,1,10,24,0,0,5,0,0,12,18,16
2002,340610,1,1,0,0,0,0,0,0,0,0,0,0
2002,340610,2,1,0,0,0,0,0,0,0,0,0,0
2002,340612,1,1,0,0,0,0,0,0,0,0,0,0
2002,340613,1,1,0,0,0,0,0,0,0,0,0,0
2002,340613,2,1,0,0,0,0,0,0,0,0,0,0
2002,340614,1,1,0,0,29,0,6,0,0,16,0,0
2002,340615,1,1,12,12,12,12,12,12,12,12,12,12
2002,340616,0,1,16,34,30,28,0,0,16,17,12,0
2002,340616,0,2,0,0,0,22,0,0,0,18,23,0
2002,340616,1,1,0,19,0,0,0,0,22,13,34,23
2002,340616,2,1,10,10,10,10,10,10,10,10,10,10
2002,340617,0,1,0,0,0,0,0,0,0,0,0,0
2002,340617,1,1,0,0,0,16,0,0,13,10,22,8
2002,340618,1,1,0,0,0,0,0,0,0,0,0,0
2002,340618,2,1,0,0,0,0,0,0,0,0,0,0
2002,340619,1,1,28,28,28,28,28,28,28,28,28,28
2002,340620,1,1,16,16,16,16,16,16,16,16,16,16
2002,340620,2,1,0,0,0,18,0,0,0,0,0,0
2002,340620,3,1,0,0,0,0,9,10,0,0,0,8
2002,340620,4,1,0,7,0,0,0,0,0,0,0,13
2002,340620,5,1,0,0,0,0,0,0,0,0,0,0
2002,340621,1,1,0,0,0,0,0,0,0,0,0,0
2002,340621,2,1,4,0,0,0,0,10,0,0,0,16
2002,340623,1,1,14,0,0,0,0,0,0,0,0,0
2002,340623,2,1,0,0,0,5,0,0,0,0,0,0
2002,340624,1,1,0,0,0,0,0,0,0,0,0,0
2002,340624,2,1,24,24,24,24,24,24,24,24,24,24
2002,340625,1,1,0,0,0,0,0,0,0,0,0,0
2002,340625,2,1,0,0,0,0,0,0,0,0,0,0
2002,340626,0,1,0,0,0,0,0,0,0,0,0,0
2002,340626,0,2,22,0,27,23,29,13,12,0,0,7
2002,340626,1,1,3,3,3,3,3,3,3,3,3,3
2002,340627,1,1,0,0,0,0,0,0,0,0,0,0
2002,340628,1,1,10,0,0,11,0,0,22,0,0,0
2002,340629,1,1,17,0,0,0,7,0,0,0,0,0
2002,340630,0,1,0,0,0,0,0,0,0,0,0,0
2002,340630,1,1,0,0,0,0,0,0,0,0,0,0
2002,340631,0,1,0,0,0,0,0,0,0,0,0,0
2002,340631,0,2,0,0,0,0,0,0,0,0,0,0
2002,340631,1,1,0,0,0,0,0,0,0,0,0,0
2002,340632,0,1,2,2,2,2,2,2,2,2,2,2
2002,340632,1,1,0,0,0,0,0,0,0,0,0,0
2002,340633,1,1,0,0,0,0,0,0,0,0,0,0
2002,340633,2,1,10,0,12,0,0,0,0,0,17,0
2002,340633,3,1,0,16,0,0,17,0,0,0,0,0
2002,340633,4,1,0,8,0,19,0,0,0,12,8,0
2002,340634,1,1,14,14,14,14,14,14,14,14,14,14
2002,340635,1,1,19,19,19,19,19,19,19,19,19,19
2002,340636,1,1,14,14,14,14,14,14,14,14,14,14
2002,340636,2,1,0,0,12,0,0,0,0,0,0,0
2002,340637,0,1,0,0,0,0,0,0,0,0,0,0
2002,340637,1,1,0,0,0,0,0,0,0,0,0,0
2002,340638,1,1,0,0,0,0,0,0,0,0,0,19
2002,340639,1,1,0,0,0,0,0,0,0,0,0,0
2002,340640,0,1,0,0,0,0,0,0,0,0,0,0
2002,340640,1,1,15,15,15,15,15,15,15,15,15,15
2002,340642,1,1,38,38,38,38,38,38,38,38,38,38
2002,340642,2,1,24,0,0,0,0,0,0,0,0,0
2002,340643,0,1,0,0,0,0,0,0,0,0,0,0
2002,340643,1,1,0,0,0,0,0,0,0,0,0,0
2002,340644,0,1,0,0,0,0,0,0,0,0,0,0
2002,340644,1,1,0,0,0,0,0,0,0,0,0,0
2002,340647,0,1,0,0,0,0,0,0,0,0,0,0
2002,340647,1,1,0,0,0,0,0,0,0,0,0,0
2002,340648,0,1,0,0,0,0,0,0,0,0,0,0
2002,340648,0,2,0,0,0,0,13,0,0,0,0,0
2002,340648,1,1,0,0,0,0,0,0,0,0,0,0
2002,340649,1,1,0,0,0,0,0,0,0,0,0,0
2002,340650,1,1,0,0,0,0,0,0,0,0,0,0
2002,340652,0,1,0,0,0,0,0,0,0,0,0,0
2002,340652,1,1,0,0,0,0,0,0,0,0,0,0
2002,340653,1,1,0,0,0,0,0,0,0,0,0,0
2002,340654,1,1,0,0,0,0,0,0,0,0,0,0
2002,340655,1,1,0,0,0,0,0,0,0,0,0,0
2002,340656,1,1,0,0,0,0,0,0,0,0,0,0
2002,340657,0,1,25,25,25,25,25,25,25,25,25,25
2002,340657,1,1,0,5,0,0,0,0,8,0,0,0
2002,340658,1,1,18,18,18,18,18,18,18,18,18,18
2002,340659,1,1,0,0,0,0,0,0,0,24,0,0
2002,340659,3,1,0,0,0,0,0,0,0,0,0,0
2002,340660,1,1,0,0,0,0,0,0,0,0,0,0
2002,340661,1,1,25,25,25,25,25,25,25,25,25,25
2002,340662,1,1,0,0,0,0,0,0,0,0,0,0
2002,340664,0,1,0,0,0,0,0,0,0,0,0,0
2002,340664,1,1,8,8,8,8,8,8,8,8,8,8
2002,340665,1,1,0,0,0,0,6,0,0,0,0,0
2002,340665,2,1,0,0,0,0,0,0,0,0,0,0
2002,340666,0,1,0,0,0,0,0,0,0,0,0,0
2002,340666,0,2,0,0,6,0,0,0,0,0,0,0
2002,340666,0,3,0,0,3,0,0,0,0,0,0,0
2002,340666,1,1,0,0,0,0,0,0,0,0,0,0
2002,340667,1,1,0,0,0,0,0,0,0,0,0,0
2002,340667,2,1,0,0,0,0,0,0,0,0,0,0
2002,340668,0,1,35,35,35,35,35,35,35,35,35,35
2002,340668,1,1,0,0,0,14,0,0,14,0,16,0
2002,340669,1,1,15,15,15,15,15,15,15,15,15,15
2002,340669,2,1,0,0,0,0,0,0,0,0,0,0
2002,340670,0,1,0,0,0,0,0,0,0,0,0,0
2002,340670,1,1,0,0,0,0,0,0,0,0,0,0
2002,340671,1,1,0,0,0,0,0,0,0,0,0,0
2002,340672,1,1,0,0,0,0,0,0,0,0,0,0
2002,340673,1,1,0,0,0,0,0,0,0,0,0,0
2002,340673,2,1,28,0,19,0,0,0,0,8,0,0
2002,340674,1,1,0,0,0,0,0,0,0,0,0,0
2002,340674,2,1,0,0,0,23,0,0,0,0,17,0
2002,340674,3,1,0,7,0,0,0,0,0,0,0,0
2002,340674,4,1,0,0,0,0,0,0,0,0,0,0
2002,340674,5,1,0,0,0,0,0,0,0,0,0,0
2002,340674,6,1,0,0,0,0,0,0,0,0,16,0
2002,340676,1,1,0,0,0,0,0,0,0,0,0,0
2002,340677,0,1,0,0,0,0,0,0,0,0,0,0
2002,340677,1,1,0,0,0,0,0,12,0,0,0,0
2002,340678,1,1,0,0,0,0,0,0,0,0,0,0
2002,340679,0,1,5,5,5,5,5,5,5,5,5,5
2002,340679,1,1,0,0,0,6,0,0,0,0,14,0
2002,340680,0,1,0,0,0,0,0,0,0,0,0,0
2002,340680,1,1,0,0,0,0,0,0,0,0,0,0
2002,340681,1,1,0,0,0,0,0,0,0,0,0,0
2002,340682,1,1,0,0,0,0,0,0,0,0,0,0
2002,340683,1,1,0,0,0,0,0,0,0,0,0,0
2002,340683,2,1,0,0,0,0,0,0,0,0,0,0
2002,340683,3,1,0,0,0,0,0,0,0,0,0,0
2002,340683,4,1,0,0,0,0,24,19,0,0,0,0
2002,340683,5,1,0,0,0,0,0,0,0,0,0,0
2002,340684,0,1,31,31,31,31,31,31,31,31,31,31
2002,340684,1,1,0,0,0,23,0,0,0,8,0,11
2002,340685,1,1,0,0,0,0,0,0,0,0,0,0
2002,340685,2,1,0,0,0,0,0,17,0,0,0,0
2002,340686,0,1,13,13,13,13,13,13,13,13,13,13
2002,340686,1,1,0,0,0,0,0,0,0,0,0,0
2002,340686,2,1,0,0,0,0,0,0,0,0,0,0
2002,340687,1,1,0,0,0,0,0,0,0,0,0,0
2002,340687,2,1,0,0,0,0,0,0,0,0,0,0
2002,340687,3,1,0,11,9,0,7,10,0,25,6,9
2002,340688,1,1,0,0,0,0,0,0,0,0,0,0
2002,340689,0,1,0,0,0,0,0,0,0,0,0,0
2002,340689,1,1,18,0,0,0,0,0,0,0,0,0
2002,340690,0,1,0,0,0,0,0,0,0,0,0,0
2002,340690,1,1,12,0,0,0,0,0,0,0,0,0
2002,340691,1,1,0,0,0,0,0,0,0,0,0,0
2002,340692,0,1,0,0,0,8,0,0,8,0,0,42
2002,340692,1,1,5,0,0,0,0,0,0,0,0,0
2002,340693,0,1,9,0,27,0,33,0,0,0,0,0
2002,340693,1,1,0,0,0,0,0,0,0,0,0,0
2002,340694,1,1,0,0,0,22,0,0,0,0,0,0
2002,340694,2,1,0,0,0,0,0,0,0,0,0,0
2002,340695,1,1,0,0,0,0,0,0,0,0,0,0
2002,340695,2,1,0,0,0,0,0,0,0,0,0,0
2002,340696,1,1,0,0,0,0,0,0,0,0,0,0
2002,340696,2,1,0,0,0,0,0,0,0,0,0,0
2002,340697,0,1,22,22,22,22,22,22,22,22,22,22
2002,340697,1,1,0,11,16,0,0,0,0,0,0,15
2002,340698,1,1,0,0,0,0,0,0,0,0,0,0
2002,340698,2,1,0,12,0,0,0,0,0,0,0,0
2002,340698,3,1,0,0,0,0,0,0,0,0,0,0
2002,340698,4,1,0,0,0,0,0,0,0,0,0,0
2002,340699,1,1,0,0,0,0,7,0,0,0,0,0
2002,340700,1,1,0,0,0,0,0,0,0,0,0,0
2002,340700,2,1,0,0,0,0,0,0,0,0,0,0
2002,340701,1,1,0,0,0,0,0,0,0,0,0,0
2002,340701,2,1,0,0,0,0,0,0,0,0,0,0
2002,340702,1,1,0,0,0,0,0,0,0,0,0,0
2002,340702,2,1,0,0,0,0,0,0,0,0,0,0
2002,340703,1,1,0,0,0,0,0,0,0,0,0,0
2002,340703,2,1,0,0,0,0,0,0,0,0,0,0
2002,340703,3,1,0,0,0,0,0,0,0,0,0,0
2002,340704,1,1,22,22,22,22,22,22,22,22,22,22
2002,340705,1,1,24,24,24,24,24,24,24,24,24,24
2002,340706,1,1,0,0,0,0,0,0,0,0,13,0
2002,340706,2,1,0,0,0,0,0,0,0,0,0,0
2002,340707,0,1,0,0,0,0,0,0,0,0,0,0
2002,340707,1,1,0,0,0,0,0,0,0,0,0,0
2002,340708,1,1,0,0,0,0,0,0,0,0,0,0
2002,340708,2,1,0,0,0,0,0,0,0,0,0,0
2002,340708,3,1,0,0,0,0,0,0,0,0,0,0
2002,340709,1,1,0,13,0,0,0,0,0,0,0,0
2002,340709,2,1,0,0,0,0,0,0,0,0,0,0
2002,340710,1,1,24,24,24,24,24,24,24,24,24,24
2002,340711,1,1,0,0,0,0,0,0,0,0,0,0
2002,340711,2,1,17,17,17,17,17,17,17,17,17,17
2002,340712,1,1,0,0,0,0,0,0,0,0,0,0
2002,340712,2,1,0,0,0,0,0,0,0,0,0,0
2002,340713,1,1,0,0,0,0,0,0,0,0,0,0
2002,340713,2,1,0,0,0,0,0,0,0,0,0,0
2002,340714,1,1,19,19,19,19,19,19,19,19,19,19
2002,340715,1,1,0,0,0,0,0,0,0,0,0,0
2002,340716,0,1,18,14,35,45,40,22,0,0,0,0
2002,340716,1,1,0,0,0,0,0,0,0,0,0,0
2002,340717,1,1,0,0,0,0,0,0,0,0,0,0
2002,340717,2,1,22,22,22,22,22,22,22,22,22,22
2002,340718,1,1,18,18,18,18,18,18,18,18,18,18
2002,340719,0,1,28,0,0,0,0,0,23,0,0,0