YEAR,ST_CASE,veh_no,per_no,P1,P2,P3,P4,P5,P6,P7,P8,P9,P10
2002,350274,1,1,0,25,17,20,10,28,22,4,20,16
2002,350275,1,1,4,4,4,4,4,4,4,4,4,4
2002,350275,2,1,12,14,9,26,12,15,18,5,19,19
2002,350276,1,1,0,0,0,0,0,0,0,0,0,0
2002,350277,1,1,0,0,0,0,0,0,0,0,0,0
2002,350278,1,1,0,0,0,0,0,0,0,0,0,0
2002,350279,0,1,0,0,0,0,0,0,0,0,0,0
2002,350279,1,1,0,0,0,0,0,0,0,0,0,0
2002,350280,1,1,0,0,0,0,0,0,0,0,0,0
2002,350281,1,1,18,18,18,18,18,18,18,18,18,18
2002,350282,1,1,13,0,14,29,20,17,19,12,12,8
2002,350283,1,1,0,0,0,0,0,0,0,0,0,0
2002,350283,2,1,0,0,0,0,0,0,0,0,0,0
2002,350284,1,1,0,0,0,0,0,0,0,0,0,0
2002,350285,0,1,0,0,0,0,0,0,0,0,0,0
2002,350285,1,1,0,0,0,0,0,0,0,0,0,0
2002,350286,1,1,0,0,0,0,0,0,0,0,0,0
2002,350287,1,1,0,0,0,0,0,0,0,0,0,0
2002,350288,1,1,0,0,0,0,0,0,0,0,0,0
2002,350289,1,1,0,0,0,0,0,0,0,0,0,0
2002,350290,1,1,0,23,18,26,18,25,3,10,10,22
2002,350291,1,1,15,15,15,15,15,15,15,15,15,15
2002,350292,1,1,0,0,0,0,0,0,0,0,0,0
2002,350292,2,1,0,0,0,0,0,0,0,0,0,0
2002,350293,1,1,0,0,17,0,0,12,0,0,0,0
2002,350293,2,1,0,0,0,0,0,0,0,0,0,0
2002,350294,1,1,0,0,0,0,0,0,11,0,0,0
2002,350294,2,1,0,0,0,0,0,0,0,13,0,0
2002,350295,0,1,0,0,0,0,0,0,0,0,0,0
2002,350295,1,1,0,0,0,0,0,0,11,0,0,0
2002,350296,1,1,0,0,0,0,0,0,0,0,4,0
2002,350296,2,1,0,0,0,0,0,0,0,0,0,0
2002,350297,1,1,19,19,19,19,19,19,19,19,19,19
2002,350298,1,1,0,23,22,15,5,18,7,21,10,9
2002,350299,1,1,20,20,20,20,20,20,20,20,20,20
2002,350300,1,1,0,0,0,0,0,0,0,0,0,0
2002,350300,2,1,10,10,10,10,10,10,10,10,10,10
2002,350300,3,1,0,0,0,0,0,0,0,0,0,0
2002,350300,4,1,0,0,0,0,0,0,0,0,0,0
2002,350301,1,1,0,0,0,0,0,0,0,0,0,0
2002,350302,1,1,0,0,0,0,0,0,0,0,0,0
2002,350302,2,1,15,15,15,15,15,15,15,15,15,15
2002,350303,1,1,0,0,0,0,0,0,0,0,0,0
2002,350304,1,1,0,0,0,0,0,0,0,0,0,0
2002,350304,2,2,0,0,0,0,0,0,0,0,0,0
2002,350305,1,1,21,21,21,21,21,21,21,21,21,21
2002,350306,1,1,25,4,18,16,18,11,21,15,4,15
2002,350306,2,1,0,0,0,0,0,0,0,0,0,0
2002,350307,1,1,18,18,18,18,18,18,18,18,18,18
2002,350308,0,1,30,30,30,30,30,30,30,30,30,30
2002,350308,1,1,12,24,0,17,22,9,7,7,20,24
2002,350309,1,1,16,16,16,16,16,16,16,16,16,16
2002,350310,1,1,19,19,19,19,19,19,19,19,19,19
2002,350311,1,1,2,2,2,2,2,2,2,2,2,2
2002,350311,2,1,0,0,0,0,0,0,0,0,0,0
2002,350312,0,1,0,0,0,0,0,0,0,0,0,0
2002,350312,1,1,0,0,0,0,0,0,0,0,0,0
2002,350313,1,1,31,31,31,31,31,31,31,31,31,31
2002,350313,2,1,0,0,0,0,0,0,0,0,0,0
2002,350314,1,1,0,0,0,0,0,0,0,0,0,0
2002,350314,2,1,0,0,0,0,0,0,0,0,0,0
2002,350315,1,1,3,3,3,3,3,3,3,3,3,3
2002,350315,2,1,10,10,10,10,10,10,10,10,10,10
2002,350316,1,1,14,14,14,14,14,14,14,14,14,14
2002,350318,0,1,30,30,30,30,30,30,30,30,30,30
2002,350318,1,1,0,10,0,0,0,0,0,0,0,0
2002,350318,2,1,0,0,0,0,0,0,0,0,0,0
2002,350319,1,1,0,0,0,0,0,0,0,0,0,0
2002,350320,1,1,0,0,0,0,0,0,0,0,0,0
2002,350320,2,1,13,13,13,13,13,13,13,13,13,13
2002,350321,1,1,0,0,0,0,0,16,0,0,0,0
2002,350321,2,1,9,10,14,5,5,13,9,5,32,6
2002,350322,1,1,0,0,0,0,0,0,0,0,0,0
2002,350323,1,1,16,16,16,16,16,16,16,16,16,16
2002,350324,1,1,0,0,0,0,0,0,0,0,0,0
2002,350325,1,1,0,0,21,0,28,8,0,0,0,0
2002,350326,1,1,22,22,22,22,22,22,22,22,22,22
2002,350327,1,1,0,0,0,0,0,0,0,0,0,0
2002,350327,2,1,8,0,0,0,0,0,0,0,0,0
2002,350328,1,1,0,0,0,0,0,0,0,0,0,0
2002,350328,2,1,0,0,0,0,0,0,0,0,0,0
2002,350330,1,1,23,5,11,2,9,18,0,0,9,18
2002,350330,2,2,0,0,0,0,0,0,0,0,0,0
2002,350331,1,1,0,0,0,0,0,0,0,0,0,0
2002,350331,2,1,25,21,30,22,31,14,4,13,28,43
2002,350332,0,1,39,39,39,39,39,39,39,39,39,39
2002,350332,1,1,0,0,0,0,0,0,0,0,0,0
2002,350333,1,1,17,17,17,17,17,17,17,17,17,17
2002,350333,2,1,19,8,8,16,0,0,16,21,0,0
2002,350334,1,1,0,12,0,0,6,0,0,0,0,0
2002,350334,2,1,0,0,0,0,0,0,0,0,0,0
2002,350335,1,1,0,0,0,0,0,0,0,0,0,0
2002,350335,2,1,0,0,0,0,0,0,0,0,0,0
2002,350337,1,1,11,17,20,9,20,12,8,11,0,3
2002,350338,1,1,14,0,10,0,7,12,4,0,0,6
2002,350338,2,1,0,0,0,0,0,0,0,0,0,0
2002,350339,1,1,17,17,17,17,17,17,17,17,17,17
2002,350340,1,1,0,0,0,0,0,0,0,0,0,0
2002,350340,2,1,0,0,0,0,0,0,0,0,0,0
2002,350341,1,1,0,0,0,0,0,0,0,0,0,0
2002,350341,2,1,4,16,13,17,16,13,6,5,21,19
2002,350342,1,1,7,7,7,7,7,7,7,7,7,7
2002,350343,1,1,0,0,0,0,0,0,0,0,0,0
2002,350343,2,1,0,0,0,0,0,0,0,0,0,0
2002,350345,1,1,15,0,18,0,0,0,0,0,0,0
2002,350346,1,1,0,0,0,0,0,0,0,0,0,0
2002,350347,1,1,18,18,18,18,18,18,18,18,18,18
2002,350348,1,1,28,28,28,28,28,28,28,28,28,28
2002,350349,1,1,22,22,22,22,22,22,22,22,22,22
2002,350349,2,1,0,0,0,0,32,31,0,0,0,0
2002,350350,1,1,0,0,0,0,0,0,0,0,0,0
2002,350350,2,1,0,0,0,0,0,0,0,0,0,0
2002,350350,3,1,0,0,0,0,0,0,0,0,0,0
2002,350350,4,1,3,23,12,0,0,0,0,0,0,0
2002,350350,5,1,0,0,0,0,0,0,0,0,0,0
2002,350350,6,1,0,0,0,0,0,0,0,0,0,0
2002,350350,7,1,0,0,0,0,0,0,0,0,0,0
2002,350350,8,1,0,0,0,0,0,0,0,0,0,0
2002,350350,9,1,0,0,0,0,0,0,0,0,0,0
2002,350350,10,1,0,0,0,0,0,0,0,0,0,0
2002,350350,11,1,0,0,0,0,0,0,0,0,0,0
2002,350350,12,1,0,0,0,0,0,0,0,0,0,0
2002,350351,1,1,0,5,0,0,0,0,0,0,0,0
2002,350351,2,1,0,0,0,0,0,0,0,0,0,0
2002,350351,3,1,0,0,0,0,0,0,0,0,0,0
2002,350351,4,1,0,0,0,0,0,0,0,0,0,0
2002,350351,5,1,0,0,0,0,0,0,0,0,0,0
2002,350351,6,1,0,0,0,0,0,0,0,0,0,0
2002,350351,7,1,0,0,0,0,0,0,0,0,0,0
2002,350352,1,1,0,0,0,0,0,0,0,3,0,0
2002,350354,1,1,0,0,0,0,0,0,0,0,0,0
2002,350355,1,1,0,0,0,0,0,0,0,0,0,0
2002,350356,1,1,14,10,7,25,5,17,3,0,26,21
2002,350357,1,1,15,7,12,17,16,9,12,19,16,13
2002,350357,2,1,0,0,0,0,0,0,0,0,0,0
2002,350358,1,1,0,12,0,0,0,0,0,0,0,0
2002,350359,1,1,0,0,0,0,0,0,0,0,0,0
2002,350359,2,1,0,44,9,0,0,0,0,0,0,0
2002,350360,1,1,22,8,6,4,14,4,11,0,11,17
2002,350360,2,1,0,0,0,0,0,0,0,0,0,0
2002,350361,0,1,0,32,0,0,0,0,19,24,11,0
2002,350361,0,2,0,0,9,0,0,0,0,0,0,31
2002,350361,1,1,0,0,0,0,0,0,0,0,0,0
2002,350362,0,1,35,35,35,35,35,35,35,35,35,35
2002,350362,1,1,0,0,0,0,0,0,0,0,0,0
2002,350363,1,1,20,20,20,20,20,20,20,20,20,20
2002,350364,1,1,0,0,25,27,0,0,0,0,0,0
2002,350365,1,1,0,0,0,0,0,0,0,0,0,0
2002,350366,0,1,38,38,38,38,38,38,38,38,38,38
2002,350366,1,1,0,0,0,0,0,0,0,0,0,0
2002,350367,1,1,16,16,16,16,16,16,16,16,16,16
2002,350368,1,1,5,5,5,5,5,5,5,5,5,5
2002,350369,1,1,14,14,14,14,14,14,14,14,14,14
2002,350370,1,1,0,0,0,0,0,0,0,0,0,0
2002,350371,1,1,13,13,13,13,13,13,13,13,13,13
2002,350372,1,1,0,0,0,0,0,0,0,0,16,0
2002,350372,2,1,25,25,25,25,25,25,25,25,25,25
2002,350373,1,1,0,0,0,0,0,0,0,0,0,0
2002,350374,1,1,19,19,19,19,19,19,19,19,19,19
2002,350375,1,1,14,14,3,22,11,15,12,17,23,22
2002,350376,1,1,18,18,18,18,18,18,18,18,18,18
2002,350376,2,1,0,0,0,0,0,0,0,0,0,0
2002,350377,1,1,0,0,0,0,0,0,0,0,0,0
2002,350378,1,1,0,0,0,0,0,0,0,0,0,0
2002,350378,2,1,0,0,0,0,0,0,0,0,0,0
2002,350379,1,1,16,10,4,14,11,20,18,15,25,13
2002,350379,2,1,0,0,0,0,0,0,0,0,0,0
2002,350380,0,1,10,10,10,10,10,10,10,10,10,10
2002,350380,1,1,0,0,0,0,0,0,0,0,0,0
2002,350381,1,1,0,0,0,0,0,0,0,0,0,0
2002,350381,2,1,0,0,0,0,0,0,0,0,0,0
2002,350382,0,1,0,0,0,0,0,0,0,0,0,0
2002,350382,1,1,0,0,0,0,0,0,0,0,0,0
2002,350383,1,1,0,0,0,0,0,0,0,0,0,0
2002,350384,1,1,0,0,0,0,0,0,0,0,0,0
2002,350384,2,1,14,2,8,19,9,17,26,14,18,11
2002,350385,1,1,0,0,0,0,0,0,0,0,0,0
2002,350386,1,1,0,0,0,0,0,0,0,0,0,0
2002,350386,2,1,0,0,0,0,0,0,0,0,0,0
2002,350386,3,1,0,0,0,0,0,0,0,0,0,0
2002,350387,1,1,2,2,2,2,2,2,2,2,2,2
2002,350388,1,1,0,0,0,0,0,0,0,0,0,0
2002,350388,2,1,0,0,0,0,0,0,0,0,0,0
2002,350389,1,1,18,8,12,0,25,19,0,13,27,11
2002,350389,2,1,0,0,0,0,0,31,0,0,0,0
2002,350390,0,1,26,23,18,2,32,15,16,15,22,39
2002,350390,1,1,0,0,0,0,0,0,0,0,0,0
2002,350391,1,1,0,0,0,0,0,0,0,0,0,0
2002,350392,1,1,0,0,0,0,0,0,0,0,0,0
2002,350392,2,1,0,0,0,0,0,0,0,0,0,0
2002,350393,0,1,18,20,33,43,12,35,19,19,20,21
2002,350393,1,1,0,0,0,0,0,0,0,0,0,0
2002,350394,1,1,0,0,0,0,0,0,0,0,0,0
2002,350395,1,1,0,0,0,0,0,0,0,0,0,0
2002,350395,2,1,0,0,0,0,0,0,0,0,0,0
2002,350396,1,1,0,0,0,0,0,0,0,0,0,0
2002,350396,2,1,0,0,0,0,0,0,0,0,0,0
2002,350397,1,1,0,0,0,0,23,0,0,0,0,0
2002,350398,0,1,0,0,0,0,0,0,0,0,0,0
2002,350398,1,1,0,0,0,0,9,0,0,0,0,15
2002,350399,1,1,16,8,5,13,6,0,4,14,0,14
2002,350400,1,1,0,0,0,0,0,0,0,0,0,0
2002,350400,2,1,0,0,0,0,0,0,0,0,0,0
2002,350400,3,1,0,0,0,0,0,0,0,0,0,0
2002,350401,0,1,19,15,6,13,24,17,6,11,0,18
2002,350401,1,1,0,0,0,0,0,0,0,0,0,0
2002,350402,1,1,0,0,0,0,0,0,0,0,0,0
2002,350402,2,1,0,0,0,0,0,0,0,0,0,0
2002,350403,1,1,0,0,0,0,0,0,0,0,0,0
2002,350403,2,1,0,0,0,0,0,19,0,0,0,0
2002,350404,1,1,0,0,0,0,0,0,0,0,0,0
2002,350404,2,1,0,5,0,0,0,0,0,0,17,0
2002,350405,1,1,15,16,9,8,17,29,15,9,0,14
2002,350405,2,1,0,0,0,0,0,0,0,0,0,0
2002,350406,1,1,18,11,0,8,23,8,8,10,15,15
2002,350406,2,1,13,19,18,9,19,12,8,17,45,11
2002,350408,1,1,13,13,13,13,13,13,13,13,13,13
2002,350409,1,1,0,0,0,0,0,0,0,0,0,0
2002,350410,1,1,26,20,17,6,25,17,24,17,25,17
2002,350411,1,1,9,7,15,0,24,9,23,0,25,0
2002,350412,1,1,24,24,24,24,24,24,24,24,24,24
2002,350413,1,2,0,0,0,0,0,0,0,0,0,0
2002,350413,2,1,0,0,16,0,0,0,7,0,0,12
2002,360001,1,1,0,0,0,0,0,0,0,0,0,0
2002,360001,2,1,0,0,0,0,0,0,0,0,0,0
2002,360002,1,1,30,16,30,8,7,22,0,20,11,14
2002,360003,1,1,0,0,0,0,0,0,0,0,0,0
2002,360004,0,1,0,0,0,0,0,0,0,0,0,0
2002,360004,1,1,0,0,0,0,0,0,0,0,0,0
2002,360005,1,1,0,0,0,0,0,0,0,0,0,0
2002,360006,0,1,23,23,23,23,23,23,23,23,23,23
2002,360006,1,1,0,0,0,0,0,0,0,0,0,0
2002,360007,1,1,0,0,0,0,18,0,0,0,0,0
2002,360008,1,1,24,9,16,6,6,31,24,11,11,29
2002,360009,1,1,0,0,0,0,10,0,0,0,0,0
2002,360009,2,1,0,18,0,0,0,0,7,0,0,0
2002,360010,1,1,0,0,0,0,0,0,0,0,0,0
2002,360010,2,1,0,0,0,0,0,0,0,0,0,0
2002,360011,1,1,0,0,0,0,0,0,0,0,0,22
2002,360012,1,1,0,0,0,0,0,0,0,0,0,0
2002,360012,2,1,0,0,0,0,0,0,0,0,0,0
2002,360013,1,1,0,0,0,0,0,0,0,0,0,0
2002,360013,2,1,0,0,0,0,0,0,0,0,0,0
2002,360014,1,1,0,0,0,0,0,0,0,0,0,0
2002,360014,2,1,6,0,0,0,0,0,0,0,0,0
2002,360014,3,1,0,0,0,0,0,0,0,0,0,0
2002,360015,1,1,5,14,13,4,20,5,5,11,12,6
2002,360016,0,1,25,25,25,25,25,25,25,25,25,25
2002,360016,1,1,0,0,0,0,0,0,0,0,0,0
2002,360017,1,1,0,0,0,0,0,0,0,0,0,0
2002,360018,1,1,17,0,0,0,0,0,0,0,0,0
2002,360019,0,1,0,20,0,0,0,0,18,0,0,0
2002,360019,1,1,5,8,6,12,14,13,3,24,9,26
2002,360020,0,1,0,0,0,0,0,0,0,0,0,0
2002,360020,1,1,0,0,0,0,0,0,0,0,0,0
2002,360021,1,1,0,0,0,0,0,0,0,0,0,0
2002,360021,2,1,0,0,0,0,0,0,0,0,0,0
2002,360022,1,1,0,0,0,0,0,0,0,0,0,0
2002,360022,2,1,0,0,0,0,0,0,0,0,0,0
2002,360022,3,1,0,0,0,0,0,0,0,0,8,0
2002,360023,1,1,0,0,0,0,0,0,0,0,0,0
2002,360023,2,1,23,23,25,15,22,26,12,36,14,25
2002,360024,1,1,0,0,0,0,0,0,0,0,0,0
2002,360025,1,1,0,0,12,0,0,0,0,0,0,0
2002,360026,1,1,0,0,0,0,0,0,0,0,0,0
2002,360027,1,1,14,9,3,16,16,27,34,7,23,15
2002,360028,1,1,0,0,0,0,0,0,0,0,0,0
2002,360029,1,1,0,0,0,0,0,0,0,0,0,0
2002,360029,2,1,0,0,0,0,0,0,0,0,0,0
2002,360030,1,1,0,0,0,0,0,0,0,0,0,0
2002,360031,1,1,0,0,0,0,0,0,0,0,0,0
2002,360032,1,1,0,0,0,0,0,0,0,0,0,0
2002,360032,2,1,0,0,0,17,0,0,0,0,0,0
2002,360033,1,1,0,0,6,0,0,0,0,0,0,0
2002,360034,0,1,0,0,0,0,0,0,0,0,0,0
2002,360034,1,1,0,0,0,0,0,0,0,0,0,0
2002,360035,1,1,0,0,0,0,0,0,0,0,0,0
2002,360035,2,1,0,0,0,0,0,0,0,0,0,0
2002,360036,1,1,18,18,18,18,18,18,18,18,18,18
2002,360037,1,1,0,0,8,0,0,0,0,0,0,0
2002,360037,2,1,0,0,0,0,0,0,0,0,0,0
2002,360038,1,1,0,0,0,0,0,0,0,0,0,0
2002,360038,2,1,0,0,0,0,0,0,0,0,0,0
2002,360039,1,1,0,0,0,0,0,0,0,0,0,0
2002,360039,2,1,0,0,0,0,0,0,0,0,0,0
2002,360040,0,1,3,3,3,3,3,3,3,3,3,3
2002,360040,1,1,0,0,0,0,0,0,0,0,0,0
2002,360041,1,1,0,0,0,0,0,0,0,0,0,0
2002,360041,2,1,0,0,0,0,0,0,0,16,0,0
2002,360042,0,1,2,2,2,2,2,2,2,2,2,2
2002,360042,1,1,0,0,0,0,0,0,0,0,0,0
2002,360043,1,1,0,0,0,0,0,0,0,0,0,0
2002,360043,2,1,0,0,0,0,0,0,0,0,0,0
2002,360044,0,1,0,19,0,0,28,23,0,0,0,43
2002,360044,1,1,0,0,0,0,0,0,0,0,0,0
2002,360045,1,1,0,7,29,14,9,12,19,10,7,11
2002,360045,2,1,0,0,0,0,0,0,0,0,5,0
2002,360046,1,1,8,11,24,18,11,19,14,11,15,22
2002,360046,2,1,0,0,0,0,0,0,0,0,0,0
2002,360047,0,1,0,0,0,0,0,0,0,0,0,0
2002,360047,1,1,0,0,0,0,5,0,0,0,0,0
2002,360047,2,1,0,0,0,0,0,0,0,0,0,0
2002,360048,1,1,4,0,0,26,0,21,19,0,20,0
2002,360049,1,1,0,0,0,0,0,0,0,0,0,0
2002,360049,2,1,0,0,0,0,0,0,0,0,0,0
2002,360050,1,1,0,0,0,0,0,0,0,0,0,0
2002,360050,2,1,0,0,0,0,14,0,0,0,0,0
2002,360051,1,1,0,16,0,0,0,0,0,0,0,0
2002,360051,2,1,0,23,0,0,0,0,0,0,0,0
2002,360052,1,1,0,0,0,0,0,0,0,0,0,0
2002,360052,2,1,2,2,2,2,2,2,2,2,2,2
2002,360053,1,1,0,0,0,0,0,0,0,0,0,0
2002,360053,2,1,0,0,0,0,0,0,0,0,0,0
2002,360054,1,1,0,0,0,0,0,0,0,0,0,0
2002,360055,0,1,21,21,21,21,21,21,21,21,21,21
2002,360055,1,1,0,0,0,0,0,0,0,0,0,0
2002,360056,1,1,15,15,15,15,15,15,15,15,15,15
2002,360056,2,1,0,0,0,0,0,0,0,0,0,0
2002,360057,0,1,0,0,0,0,0,0,0,0,0,0
2002,360057,1,1,0,0,0,0,0,0,0,0,0,0
2002,360058,1,1,0,0,0,0,0,0,0,0,0,0
2002,360058,2,1,21,11,0,0,0,0,0,0,0,0
2002,360059,1,1,10,10,10,10,10,10,10,10,10,10
2002,360060,0,1,3,17,10,12,26,15,14,11,17,16
2002,360060,1,1,0,26,0,17,0,0,0,9,0,0
2002,360061,1,1,0,0,0,21,0,0,0,0,0,0
2002,360062,1,1,19,19,19,19,19,19,19,19,19,19
2002,360063,1,2,0,25,17,0,33,0,19,14,0,0
2002,360064,1,1,0,0,0,0,0,0,0,0,5,0
2002,360064,2,1,0,0,0,0,0,0,0,0,0,0
2002,360065,1,1,0,0,0,0,0,0,0,0,0,0
2002,360065,2,1,0,0,0,0,0,0,0,0,0,0
2002,360066,1,1,38,38,38,38,38,38,38,38,38,38
2002,360067,1,1,0,0,0,0,0,0,0,0,0,0
2002,360067,2,1,0,0,0,0,0,0,0,0,0,0
2002,360068,1,1,26,26,26,26,26,26,26,26,26,26
2002,360069,0,1,31,31,31,31,31,31,31,31,31,31
2002,360069,1,1,0,0,0,0,0,0,0,0,0,0
2002,360070,1,1,0,0,0,0,0,0,0,0,0,0
2002,360070,2,1,0,0,0,0,0,0,0,0,0,0
2002,360071,0,1,0,0,0,0,9,0,0,14,0,0
2002,360071,1,1,0,0,0,0,0,0,0,0,0,0
2002,360071,2,1,0,0,0,0,0,0,0,0,0,0
2002,360072,1,1,6,0,0,0,0,0,0,23,23,0
2002,360073,1,1,0,0,0,0,0,0,0,0,0,0
2002,360073,2,1,0,0,0,0,0,0,0,0,0,0
2002,360074,1,1,0,0,0,0,0,0,0,0,0,0
2002,360074,2,1,0,0,0,0,0,0,0,0,0,0
2002,360074,3,1,0,0,0,0,0,0,0,0,0,0
2002,360075,1,1,0,0,0,0,0,0,0,0,0,0
2002,360076,1,1,0,0,0,0,0,0,0,0,0,0
2002,360076,2,1,0,0,0,0,0,0,0,0,0,0
2002,360077,0,1,1,1,1,1,1,1,1,1,1,1
2002,360077,1,1,0,0,0,0,0,0,0,0,0,0
2002,360078,0,1,0,0,0,0,0,0,0,0,0,0
2002,360078,1,1,0,0,0,0,0,0,0,0,0,0
2002,360079,0,1,0,0,0,0,0,0,0,0,0,0
2002,360079,1,1,0,0,0,0,0,0,0,0,0,10
2002,360080,0,1,0,0,0,0,0,0,0,0,0,0
2002,360080,1,1,0,0,0,0,0,0,0,0,0,0
2002,360081,1,1,17,24,10,21,27,9,20,21,29,18
2002,360082,1,1,0,0,0,0,0,0,0,0,0,0
2002,360082,2,1,0,0,0,0,0,0,0,0,0,0
2002,360083,1,1,18,18,18,18,18,18,18,18,18,18
2002,360084,1,1,0,0,0,0,0,0,0,0,0,0
2002,360084,2,1,0,0,0,0,0,0,0,0,0,0
2002,360085,1,1,0,0,0,0,0,0,0,0,0,0
2002,360085,2,1,0,0,0,0,0,0,0,19,0,0
2002,360086,1,1,19,16,11,8,7,18,11,16,18,11
2002,360087,1,1,0,0,0,0,0,0,0,0,0,0
2002,360088,1,1,0,0,0,0,0,0,0,0,0,0
2002,360089,0,1,0,0,0,0,0,0,0,0,0,0
2002,360089,1,1,0,0,0,0,0,0,0,0,0,0
2002,360090,1,1,0,0,0,0,0,0,0,0,0,0
2002,360090,2,1,0,0,0,0,0,0,0,0,0,0
2002,360091,1,1,9,9,9,9,9,9,9,9,9,9
2002,360092,0,1,0,0,23,0,0,16,35,0,0,0
2002,360092,1,1,0,0,0,0,0,0,0,9,0,0
2002,360093,1,1,16,23,26,4,30,32,24,27,32,11
2002,360094,1,1,0,0,0,0,0,0,0,0,0,0
2002,360094,2,1,0,0,0,0,0,0,0,0,0,0
2002,360095,1,1,0,0,0,0,0,0,0,0,0,0
2002,360095,2,1,0,0,0,0,0,0,0,0,0,0
2002,360096,0,1,0,0,0,0,0,0,0,0,0,0
2002,360096,1,1,0,0,0,0,0,0,0,0,0,0
2002,360097,1,1,16,16,16,16,16,16,16,16,16,16
2002,360098,0,1,0,0,0,0,0,0,0,0,0,0
2002,360098,1,1,0,0,0,0,0,0,0,0,0,0
2002,360099,1,1,0,0,0,0,0,0,21,22,0,0
2002,360100,1,1,0,0,0,0,0,0,0,0,0,0
2002,360100,2,1,0,0,0,0,0,0,0,0,0,0
2002,360101,1,1,11,11,11,11,11,11,11,11,11,11
2002,360102,1,1,0,0,0,0,0,0,0,0,0,0
2002,360102,2,1,0,0,0,0,0,0,0,0,0,0
2002,360103,1,1,0,0,0,0,0,0,0,0,0,0
2002,360103,2,1,23,9,6,23,13,10,2,7,3,11
2002,360104,1,1,0,0,0,0,38,0,0,0,0,0
2002,360104,2,1,0,0,0,0,0,0,0,0,0,0
2002,360105,1,1,23,23,23,23,23,23,23,23,23,23
2002,360106,1,1,17,17,17,17,17,17,17,17,17,17
2002,360107,1,1,0,0,0,0,0,0,0,0,0,0
2002,360108,1,1,0,0,0,0,0,0,0,0,0,0
2002,360109,0,1,9,9,9,9,9,9,9,9,9,9
2002,360109,1,1,0,0,0,0,0,0,0,0,0,0
2002,360110,1,1,0,0,0,0,0,0,0,0,0,0
2002,360111,1,1,0,0,0,13,0,0,0,0,0,16
2002,360112,1,1,0,0,0,0,0,0,0,0,19,0
2002,360112,2,1,0,0,0,0,0,0,0,0,0,0
2002,360113,0,1,26,0,0,0,19,0,17,10,0,0
2002,360113,0,2,13,9,13,7,0,0,23,13,0,16
2002,360113,1,1,0,0,0,0,0,0,0,0,0,0
2002,360114,1,1,0,0,0,0,0,0,0,0,0,0
2002,360114,2,1,0,0,0,0,0,0,0,0,0,0
2002,360114,3,1,0,0,0,5,0,0,0,0,0,0
2002,360114,4,1,0,0,9,0,0,0,0,0,0,0
2002,360115,1,1,0,0,0,0,0,0,0,0,0,0
2002,360115,2,1,0,0,0,0,0,0,0,0,0,0
2002,360115,3,1,0,0,0,0,0,0,0,0,0,0
2002,360116,1,1,0,0,0,0,0,0,0,0,0,0
2002,360116,2,1,0,0,0,0,0,0,0,0,0,0
2002,360117,1,1,0,0,0,0,0,0,0,0,0,0
2002,360117,2,1,0,0,0,0,0,0,0,0,0,0
2002,360118,1,1,0,0,0,0,0,0,0,0,0,0
2002,360118,2,1,0,0,0,0,0,0,0,0,0,0
2002,360119,1,1,0,0,0,0,0,0,0,0,0,0
2002,360120,1,1,14,14,14,14,14,14,14,14,14,14
2002,360121,1,1,22,22,22,22,22,22,22,22,22,22
2002,360122,1,1,0,0,0,0,0,0,0,0,0,0
2002,360122,2,1,9,20,19,10,27,16,7,26,10,9
2002,360123,1,1,11,11,11,11,11,11,11,11,11,11
2002,360124,1,1,19,6,13,7,12,11,19,17,13,6
2002,360124,2,1,7,11,18,23,13,8,9,15,8,12
2002,360125,1,1,0,0,0,0,0,0,0,0,0,0
2002,360125,2,1,0,0,0,0,0,11,0,0,0,0
2002,360125,3,1,0,0,0,9,0,0,0,0,0,0
2002,360126,1,1,0,27,0,0,0,0,0,0,0,21
2002,360127,1,1,0,0,0,0,0,0,0,0,0,0
2002,360127,2,1,0,0,0,0,0,0,0,0,0,0
2002,360127,3,1,0,0,0,0,0,0,0,0,0,0
2002,360127,4,1,0,0,0,0,0,0,0,0,0,0
2002,360127,5,1,0,0,0,0,0,0,0,0,0,0
2002,360128,1,1,0,0,0,0,0,0,0,0,0,0
2002,360128,2,1,0,0,0,0,0,0,0,0,0,0
2002,360129,1,1,0,14,21,0,0,0,0,16,0,27
2002,360130,1,1,8,0,0,0,0,0,0,0,0,0
2002,360131,1,1,14,14,14,14,14,14,14,14,14,14
2002,360132,1,1,0,0,0,0,0,0,0,0,0,0
2002,360132,2,1,0,0,0,0,0,0,0,0,0,0
2002,360133,0,1,0,0,0,0,21,0,0,0,0,0
2002,360133,1,1,0,0,0,0,0,0,0,0,0,0
2002,360134,1,1,0,0,16,0,0,0,0,0,0,0
2002,360134,3,1,0,21,21,0,0,0,0,11,0,23
2002,360135,1,1,0,0,0,0,0,0,0,0,0,0
2002,360135,2,1,0,0,0,0,0,0,0,0,0,0
2002,360136,1,1,15,15,15,15,15,15,15,15,15,15
2002,360137,0,1,2,0,0,0,0,0,0,0,19,0
2002,360137,0,2,31,16,0,19,6,0,12,8,0,43
2002,360137,0,3,30,13,0,0,0,0,0,0,0,0
2002,360137,1,1,0,14,19,23,10,29,22,20,9,0
2002,360138,0,1,0,18,12,0,0,0,25,0,0,15
2002,360138,1,1,0,0,0,0,0,0,0,0,0,0