YEAR,ST_CASE,veh_no,per_no,P1,P2,P3,P4,P5,P6,P7,P8,P9,P10
2002,360139,1,1,0,0,0,0,0,0,0,0,0,0
2002,360139,2,1,0,0,0,0,0,0,0,0,0,0
2002,360140,0,1,0,0,0,0,9,0,0,0,0,0
2002,360140,1,1,0,0,0,0,0,0,0,0,0,0
2002,360141,1,1,0,0,0,0,0,0,0,17,0,0
2002,360142,1,1,23,17,11,12,32,2,6,6,14,19
2002,360143,1,1,14,14,14,14,14,14,14,14,14,14
2002,360144,1,1,26,0,27,28,14,19,16,32,15,19
2002,360144,2,1,0,0,0,0,0,0,0,0,0,0
2002,360144,3,1,0,0,0,0,0,0,0,0,0,0
2002,360145,0,1,0,0,0,0,0,24,0,21,0,0
2002,360145,0,2,11,27,0,15,0,9,28,31,26,20
2002,360145,1,1,0,0,0,0,0,0,0,0,0,0
2002,360146,1,1,0,0,0,0,0,0,0,0,0,0
2002,360146,2,1,0,0,0,6,0,0,0,0,16,0
2002,360147,1,1,0,0,0,25,0,0,0,0,0,10
2002,360148,1,1,9,9,9,9,9,9,9,9,9,9
2002,360149,1,1,0,0,0,0,0,0,0,0,0,0
2002,360149,2,1,0,0,0,0,0,0,0,0,0,0
2002,360149,3,1,0,0,0,0,0,0,0,0,0,0
2002,360150,1,1,19,13,9,6,28,0,6,10,27,14
2002,360151,0,1,3,3,3,3,3,3,3,3,3,3
2002,360151,1,1,0,0,0,0,0,0,0,0,0,0
2002,360152,0,1,14,14,14,14,14,14,14,14,14,14
2002,360152,1,1,0,0,0,0,0,0,0,0,0,0
2002,360153,1,1,0,0,0,0,0,0,0,0,0,0
2002,360153,2,1,0,0,0,0,0,0,0,0,0,0
2002,360153,3,1,0,0,16,0,0,0,0,0,0,0
2002,360154,1,1,0,0,0,0,0,0,0,0,0,0
2002,360154,2,1,0,0,0,0,0,0,0,0,0,0
2002,360155,1,1,0,0,0,0,0,0,0,0,0,0
2002,360155,2,1,0,0,0,0,0,0,0,0,0,0
2002,360156,1,1,0,0,0,0,0,0,0,0,0,0
2002,360156,2,1,0,0,0,0,0,0,0,0,0,0
2002,360157,1,1,21,13,20,12,4,11,15,15,22,39
2002,360157,2,1,0,0,0,0,0,0,0,0,0,0
2002,360158,1,1,0,0,0,0,0,0,0,0,0,0
2002,360158,2,1,0,0,0,0,0,0,0,0,0,0
2002,360159,1,1,0,0,0,0,0,0,0,0,0,0
2002,360160,1,1,15,15,15,15,15,15,15,15,15,15
2002,360161,1,1,0,0,0,0,0,5,0,0,0,0
2002,360161,2,1,0,0,0,0,0,0,0,0,0,0
2002,360161,3,1,0,0,0,0,0,0,0,0,0,0
2002,360162,1,1,0,0,0,0,0,0,0,0,0,0
2002,360163,1,1,7,26,17,7,18,11,18,22,15,21
2002,360164,1,1,0,0,0,0,0,0,0,0,15,0
2002,360165,1,1,0,0,0,0,0,0,0,0,0,0
2002,360166,1,1,0,23,0,0,0,0,0,0,0,0
2002,360166,2,1,0,27,0,0,0,0,0,0,0,0
2002,360167,1,1,11,24,26,15,14,22,31,16,5,6
2002,360168,1,1,0,0,0,0,15,0,0,0,0,11
2002,360169,0,1,14,14,14,14,14,14,14,14,14,14
2002,360169,1,1,13,13,13,13,13,13,13,13,13,13
2002,360170,1,1,0,0,0,12,0,0,0,0,0,0
2002,360170,2,1,17,22,9,10,0,21,0,53,10,0
2002,360171,1,1,0,0,0,0,0,0,0,0,0,0
2002,360171,2,1,0,0,0,0,0,0,0,0,0,0
2002,360172,1,1,0,0,14,0,0,0,0,0,0,0
2002,360172,2,1,0,0,0,0,0,0,0,0,0,0
2002,360173,0,1,0,0,0,0,0,0,0,0,0,0
2002,360173,0,2,11,15,0,0,0,0,13,30,18,25
2002,360173,1,1,0,23,3,4,30,13,9,21,16,0
2002,360174,1,1,14,14,14,14,14,14,14,14,14,14
2002,360175,1,1,0,0,0,0,0,0,0,0,0,0
2002,360175,2,1,0,0,0,0,0,0,0,0,0,0
2002,360176,1,1,0,0,0,20,0,0,0,0,0,0
2002,360176,2,1,0,0,0,0,0,0,0,0,0,0
2002,360177,1,1,0,0,0,0,0,0,0,9,0,0
2002,360177,2,1,0,0,0,9,0,0,0,0,0,0
2002,360178,1,1,0,0,0,0,0,0,0,0,0,0
2002,360179,1,1,0,0,0,0,0,0,0,0,0,0
2002,360180,1,1,0,0,0,0,0,0,0,0,0,0
2002,360181,1,1,11,11,11,11,11,11,11,11,11,11
2002,360181,2,1,0,0,0,0,0,0,0,0,0,0
2002,360182,0,1,0,20,0,0,0,0,0,0,0,12
2002,360182,1,1,0,0,0,0,0,0,0,0,0,0
2002,360183,1,1,0,12,16,9,8,16,8,10,9,18
2002,360184,1,1,24,24,24,24,24,24,24,24,24,24
2002,360184,2,1,13,0,4,0,0,0,0,0,0,0
2002,360185,0,1,0,0,0,0,0,0,0,0,0,0
2002,360185,1,1,0,0,0,0,0,0,0,0,0,0
2002,360186,1,1,0,0,0,20,0,0,0,0,0,17
2002,360186,2,1,0,0,0,0,0,0,0,0,0,0
2002,360187,0,1,0,0,0,0,0,0,0,0,0,0
2002,360187,1,1,0,0,0,0,0,0,0,0,0,0
2002,360188,1,1,22,22,22,22,22,22,22,22,22,22
2002,360189,1,1,12,12,12,12,12,12,12,12,12,12
2002,360190,1,1,0,0,0,0,0,0,0,0,0,0
2002,360191,1,1,11,18,0,0,0,0,0,0,0,0
2002,360192,1,1,0,26,0,0,0,0,0,0,0,0
2002,360193,0,1,0,0,0,0,0,0,0,0,0,0
2002,360193,1,1,0,0,0,0,0,0,0,0,13,24
2002,360194,1,1,19,19,19,19,19,19,19,19,19,19
2002,360195,1,1,0,22,33,0,0,0,22,40,0,0
2002,360195,2,1,0,0,0,0,0,0,10,0,12,0
2002,360196,1,1,21,21,21,21,21,21,21,21,21,21
2002,360196,2,1,0,0,0,0,0,0,0,0,12,0
2002,360197,1,1,23,4,0,0,0,0,23,0,4,0
2002,360198,1,1,0,0,0,0,0,0,0,0,0,0
2002,360198,2,1,12,42,28,26,27,11,17,22,20,10
2002,360199,0,1,22,22,22,22,22,22,22,22,22,22
2002,360199,1,1,0,0,0,0,0,0,0,0,0,0
2002,360200,1,1,0,0,0,0,6,6,0,0,0,0
2002,360201,1,1,0,0,0,0,0,0,0,0,0,0
2002,360202,0,1,0,0,0,0,0,9,0,0,0,0
2002,360202,1,1,0,0,0,0,0,0,0,0,0,0
2002,360203,1,1,0,0,0,0,0,0,0,0,0,0
2002,360203,2,1,0,0,0,0,0,0,0,0,0,0
2002,360204,1,1,0,0,0,0,0,0,0,0,0,10
2002,360205,1,1,4,4,4,4,4,4,4,4,4,4
2002,360206,1,1,0,0,0,0,0,0,0,0,0,0
2002,360206,2,1,0,0,0,0,0,0,0,0,0,0
2002,360206,3,1,0,0,0,0,0,0,0,0,0,0
2002,360207,1,1,16,16,16,16,16,16,16,16,16,16
2002,360208,1,1,9,17,12,0,0,0,0,0,0,14
2002,360209,1,1,0,0,0,23,17,18,18,0,0,0
2002,360209,2,1,0,0,0,0,0,0,0,0,0,0
2002,360210,1,1,0,0,16,0,0,0,0,0,0,0
2002,360210,2,1,0,0,0,0,0,0,0,0,0,0
2002,360211,1,1,0,0,0,0,6,0,0,0,0,0
2002,360211,2,1,0,14,0,0,0,0,0,0,0,0
2002,360212,1,1,0,0,0,16,0,0,0,0,19,0
2002,360213,1,1,0,0,0,0,0,0,0,0,0,0
2002,360213,2,1,0,0,0,0,0,0,0,0,0,0
2002,360214,1,1,6,6,11,11,2,0,15,17,16,15
2002,360215,1,1,0,0,0,0,36,18,0,0,11,0
2002,360216,1,1,0,0,0,13,0,0,24,0,0,0
2002,360217,1,1,0,0,0,0,0,0,0,14,0,0
2002,360218,1,1,0,0,0,0,0,0,0,0,0,0
2002,360218,2,1,0,0,0,0,0,0,0,0,0,0
2002,360219,1,1,0,0,0,0,0,0,0,0,14,0
2002,360219,2,1,0,0,0,0,0,0,0,0,0,0
2002,360220,1,1,0,0,0,0,0,0,0,0,0,0
2002,360220,2,1,0,0,0,0,0,0,0,0,0,0
2002,360221,0,1,0,0,0,0,0,0,0,0,0,0
2002,360221,1,1,0,0,0,0,0,0,0,0,0,0
2002,360222,1,1,0,0,0,0,0,0,0,0,0,0
2002,360222,2,1,0,0,0,0,0,0,0,0,0,0
2002,360223,1,1,0,0,0,0,0,0,0,13,0,0
2002,360223,2,1,0,0,0,0,0,0,0,0,0,0
2002,360224,1,1,0,0,0,0,0,0,0,0,0,0
2002,360224,2,1,0,26,3,0,11,0,0,0,0,15
2002,360225,1,1,0,0,0,0,0,0,0,0,0,0
2002,360225,2,1,0,0,0,0,0,0,0,0,0,0
2002,360225,3,1,0,0,0,0,0,0,0,0,0,0
2002,360226,1,1,11,11,11,11,11,11,11,11,11,11
2002,360227,1,1,7,3,3,12,21,0,0,13,0,16
2002,360228,1,1,0,17,36,0,21,13,30,0,18,16
2002,360229,1,1,5,25,5,23,10,12,33,4,36,18
2002,360229,2,1,0,0,0,0,0,0,0,0,0,0
2002,360230,1,1,0,0,0,10,0,0,0,3,0,0
2002,360230,2,1,0,16,0,0,0,0,1,20,0,0
2002,360231,0,1,9,0,0,0,0,0,0,0,0,0
2002,360231,1,1,0,0,0,0,0,0,0,0,0,5
2002,360232,1,1,0,0,0,0,0,0,0,0,0,0
2002,360233,0,1,0,0,0,0,0,0,0,0,0,0
2002,360233,1,1,0,0,0,0,0,0,0,0,0,0
2002,360234,0,1,0,0,0,0,0,0,0,0,0,0
2002,360234,1,1,0,0,0,0,0,0,0,0,0,0
2002,360235,0,1,26,26,26,26,26,26,26,26,26,26
2002,360235,1,1,13,29,39,17,11,16,11,20,11,2
2002,360236,0,1,0,0,0,0,0,0,0,0,0,0
2002,360236,1,1,0,0,0,0,0,0,0,0,0,0
2002,360237,1,1,0,0,0,0,0,0,11,21,0,22
2002,360238,1,1,28,28,28,28,28,28,28,28,28,28
2002,360239,1,1,10,9,7,12,12,8,11,10,8,20
2002,360240,0,1,9,9,9,9,9,9,9,9,9,9
2002,360240,1,1,0,0,0,0,0,0,0,0,0,0
2002,360241,1,1,0,0,0,6,0,0,0,0,15,0
2002,360241,2,1,0,14,0,7,0,0,0,28,45,14
2002,360242,1,1,0,0,0,0,19,0,0,0,16,0
2002,360242,2,1,0,0,0,0,0,0,0,0,0,0
2002,360243,0,1,0,0,0,0,0,0,0,0,0,0
2002,360243,1,1,0,0,0,0,0,0,0,0,0,0
2002,360244,1,1,24,24,24,24,24,24,24,24,24,24
2002,360245,0,1,0,0,0,0,0,0,0,0,0,0
2002,360245,1,1,19,7,12,21,20,20,19,21,11,9
2002,360246,1,1,0,0,0,0,0,0,0,0,0,0
2002,360246,2,1,0,0,0,0,0,0,0,0,0,0
2002,360247,1,1,0,5,0,6,20,24,0,0,0,0
2002,360248,1,1,0,0,0,0,0,0,5,0,0,0
2002,360248,2,1,0,0,0,2,0,0,0,0,0,0
2002,360249,1,1,0,0,0,0,0,8,0,0,0,0
2002,360250,1,1,0,0,0,0,0,21,0,0,0,0
2002,360250,2,1,0,0,0,0,0,0,0,0,0,0
2002,360251,1,1,0,0,0,0,0,0,0,0,0,0
2002,360252,0,1,0,0,0,0,0,0,0,0,0,0
2002,360252,0,2,0,0,0,0,0,0,0,0,0,0
2002,360252,1,1,0,0,0,0,0,0,0,0,0,0
2002,360253,1,1,0,0,0,0,0,0,0,0,0,0
2002,360254,1,1,0,0,0,0,0,0,0,0,0,0
2002,360255,1,1,15,15,15,15,15,15,15,15,15,15
2002,360256,0,1,0,0,19,22,0,0,33,28,0,0
2002,360256,1,1,0,0,0,0,0,9,0,0,0,0
2002,360257,1,1,0,0,0,0,0,0,0,0,0,0
2002,360257,2,1,0,0,0,0,0,0,0,0,0,0
2002,360258,1,1,11,16,9,0,4,0,6,0,9,21
2002,360258,2,1,0,0,0,0,0,0,0,0,0,0
2002,360259,1,1,7,7,7,7,7,7,7,7,7,7
2002,360260,1,1,0,0,0,0,0,0,0,0,0,0
2002,360260,2,1,0,0,0,0,0,0,0,0,0,0
2002,360261,1,1,11,0,0,0,0,0,0,0,0,0
2002,360261,2,1,0,0,0,0,0,0,0,0,0,0
2002,360262,1,1,0,0,0,0,0,0,0,0,0,0
2002,360262,2,1,16,16,16,16,16,16,16,16,16,16
2002,360263,1,1,0,13,0,0,0,0,0,0,0,0
2002,360263,2,1,16,0,0,4,0,16,0,0,0,0
2002,360264,1,1,0,0,0,0,0,0,0,11,0,0
2002,360265,1,1,22,22,22,22,22,22,22,22,22,22
2002,360266,1,1,19,19,19,19,19,19,19,19,19,19
2002,360267,0,1,0,0,0,0,0,0,0,0,0,0
2002,360267,1,1,0,0,0,0,0,0,0,0,0,0
2002,360268,1,1,14,19,18,25,33,5,17,13,25,28
2002,360269,1,1,12,30,19,0,16,9,35,20,15,24
2002,360270,1,1,0,0,0,0,0,0,0,0,0,0
2002,360270,2,1,0,0,0,4,0,12,0,0,0,0
2002,360271,0,1,0,0,0,0,0,0,0,0,0,0
2002,360271,1,1,17,0,0,0,0,0,0,0,0,0
2002,360272,1,1,0,0,0,0,0,0,0,0,0,0
2002,360272,2,1,21,21,21,21,21,21,21,21,21,21
2002,360273,1,1,8,5,4,10,9,18,33,20,13,3
2002,360274,1,1,0,0,0,0,0,0,0,0,0,0
2002,360275,1,1,20,0,15,0,0,13,0,0,0,0
2002,360276,0,1,0,0,0,0,0,0,0,0,0,0
2002,360276,1,1,0,0,0,0,0,0,0,0,0,0
2002,360277,1,1,0,0,0,0,0,0,5,21,0,0
2002,360278,1,1,18,13,8,6,16,35,19,21,11,18
2002,360279,0,1,0,0,0,0,0,0,0,0,0,0
2002,360279,1,1,0,0,0,0,0,0,0,0,0,0
2002,360280,1,1,0,0,0,0,0,0,0,0,0,0
2002,360281,1,1,0,0,0,0,0,0,0,0,0,0
2002,360281,2,1,0,0,0,0,0,0,0,0,0,0
2002,360282,0,1,0,0,0,0,0,0,0,0,0,0
2002,360282,0,2,0,0,0,0,0,0,0,0,8,7
2002,360282,1,1,0,0,0,0,0,0,0,0,0,0
2002,360283,1,1,0,0,0,0,0,0,0,0,0,0
2002,360283,2,1,0,0,0,0,0,0,0,0,0,0
2002,360284,1,1,0,0,0,0,0,0,0,16,0,0
2002,360285,1,1,0,0,12,0,0,0,0,0,0,0
2002,360286,1,1,0,0,0,0,0,0,0,0,0,0
2002,360286,2,1,0,0,0,0,0,0,0,0,0,0
2002,360287,1,1,0,0,0,0,0,0,0,0,18,0
2002,360287,2,1,25,25,25,25,25,25,25,25,25,25
2002,360288,1,1,0,0,0,0,0,0,0,0,0,0
2002,360289,1,1,17,17,17,17,17,17,17,17,17,17
2002,360290,1,1,0,0,0,0,0,0,0,0,0,0
2002,360291,1,1,3,3,3,3,3,3,3,3,3,3
2002,360291,2,1,0,0,0,0,0,0,0,0,0,0
2002,360292,0,1,0,0,0,0,0,0,0,0,0,0
2002,360292,1,1,0,0,0,0,0,0,0,0,0,0
2002,360293,1,1,0,0,0,0,0,0,0,0,0,0
2002,360293,2,1,0,0,0,0,0,0,0,0,0,0
2002,360294,0,1,0,8,0,0,0,0,0,0,0,0
2002,360294,1,1,0,0,0,0,0,0,0,0,0,0
2002,360295,0,1,0,7,0,0,0,0,0,0,0,0
2002,360295,1,1,0,0,0,0,0,0,0,0,0,0
2002,360296,1,1,0,0,0,0,0,0,0,0,0,0
2002,360296,2,1,0,0,0,0,0,0,0,0,0,0
2002,360297,1,1,0,0,0,0,0,0,0,0,0,8
2002,360298,1,1,0,0,0,0,0,0,0,0,0,0
2002,360298,2,1,0,0,0,0,0,0,0,0,0,0
2002,360299,0,1,0,0,0,0,0,0,0,0,0,0
2002,360299,1,1,0,0,0,0,0,0,0,0,0,0
2002,360300,1,1,22,22,22,22,22,22,22,22,22,22
2002,360301,1,1,0,0,0,0,0,0,0,0,0,0
2002,360301,2,1,0,0,0,0,0,0,0,0,0,0
2002,360302,1,1,0,0,0,0,0,0,0,0,0,0
2002,360302,2,1,2,2,2,2,2,2,2,2,2,2
2002,360303,1,1,0,0,0,0,0,0,0,0,0,0
2002,360304,0,1,0,13,0,23,0,0,0,0,0,0
2002,360304,1,1,0,0,0,0,0,0,0,0,0,0
2002,360305,1,1,0,0,0,0,0,0,0,0,0,0
2002,360305,2,1,0,0,0,0,0,0,0,0,0,0
2002,360305,3,1,0,0,0,0,0,0,0,0,0,0
2002,360305,4,1,0,0,0,0,0,0,0,0,0,0
2002,360305,5,1,0,0,0,0,0,0,0,0,0,0
2002,360306,1,1,0,0,0,0,0,0,0,0,0,0
2002,360306,2,1,0,0,0,0,0,0,0,0,0,0
2002,360307,1,1,0,0,0,0,0,0,0,0,0,0
2002,360307,2,1,0,0,0,0,0,0,0,0,0,0
2002,360308,1,1,0,0,0,0,0,0,0,0,0,0
2002,360309,1,1,11,19,16,26,3,9,6,18,20,6
2002,360310,1,1,12,0,0,0,0,0,0,0,0,0
2002,360311,1,1,0,0,0,0,0,0,0,0,0,0
2002,360311,2,1,0,0,0,0,0,0,0,0,0,0
2002,360312,1,1,0,0,0,0,0,0,0,0,0,0
2002,360312,2,1,0,0,0,0,0,0,0,0,0,0
2002,360313,1,1,0,0,0,0,0,0,0,0,0,0
2002,360314,1,1,0,0,0,0,0,0,0,0,0,0
2002,360315,1,1,13,13,13,13,13,13,13,13,13,13
2002,360316,0,1,0,0,0,0,17,0,16,0,0,17
2002,360316,1,1,0,10,0,0,0,0,0,0,0,0
2002,360317,0,1,0,0,0,0,0,0,0,0,0,0
2002,360317,1,1,0,0,0,0,0,0,0,0,0,0
2002,360318,1,1,0,21,0,0,0,24,0,0,0,0
2002,360319,1,1,17,12,20,7,16,18,15,16,16,25
2002,360320,1,1,0,0,0,0,0,0,0,0,0,0
2002,360321,1,1,0,0,0,0,0,0,0,0,0,0
2002,360322,1,1,0,0,0,0,0,0,0,0,0,0
2002,360322,2,1,0,0,0,0,0,0,0,0,0,0
2002,360323,1,1,19,19,19,19,19,19,19,19,19,19
2002,360324,1,1,0,0,0,0,0,0,0,0,0,0
2002,360325,1,1,19,19,19,19,19,19,19,19,19,19
2002,360326,1,1,0,0,0,0,0,0,0,0,0,0
2002,360327,1,1,10,0,0,0,0,0,7,21,0,0
2002,360328,1,1,0,0,0,0,0,0,0,0,0,0
2002,360328,2,1,0,0,0,0,0,0,0,0,0,0
2002,360329,0,1,0,0,0,0,0,0,0,0,0,0
2002,360329,1,1,0,0,0,0,0,0,0,0,0,0
2002,360330,1,1,0,0,0,0,0,0,0,0,0,8
2002,360331,1,1,0,0,0,0,0,0,0,0,0,0
2002,360331,2,1,0,0,0,0,0,0,0,0,0,0
2002,360332,1,1,0,0,0,0,0,0,0,0,0,0
2002,360333,1,1,0,3,31,9,28,0,10,2,11,11
2002,360334,1,1,7,7,7,7,7,7,7,7,7,7
2002,360334,2,1,9,9,9,9,9,9,9,9,9,9
2002,360335,1,1,0,0,0,0,0,0,10,0,0,0
2002,360335,2,1,0,0,0,0,0,0,0,0,0,0
2002,360335,3,1,0,0,0,0,0,0,0,0,0,0
2002,360336,1,1,0,0,0,0,0,0,0,0,0,0
2002,360336,2,1,0,0,0,0,0,0,0,0,0,0
2002,360337,1,1,2,2,2,2,2,2,2,2,2,2
2002,360338,1,1,0,0,0,0,0,0,0,0,0,0
2002,360338,2,1,0,0,0,0,0,0,0,0,0,0
2002,360339,1,1,0,10,5,12,0,12,12,21,0,7
2002,360340,1,1,14,0,23,3,0,0,18,13,14,0
2002,360341,0,1,0,0,0,0,0,0,0,0,0,0
2002,360341,1,1,0,0,0,0,0,0,0,0,0,0
2002,360342,0,1,0,0,0,0,2,0,0,0,0,0
2002,360342,1,1,0,16,0,27,20,12,7,0,21,0
2002,360343,1,1,14,0,11,0,19,12,0,0,0,0
2002,360344,1,1,0,0,0,0,0,0,0,0,0,0
2002,360345,1,1,0,0,0,9,0,0,0,0,0,6
2002,360345,2,1,0,0,0,0,0,0,0,0,0,0
2002,360346,1,1,0,0,0,0,0,0,30,0,0,0
2002,360346,2,1,0,0,0,0,0,0,0,0,0,0
2002,360347,1,1,20,20,20,20,20,20,20,20,20,20
2002,360348,0,1,0,0,0,0,0,0,0,0,0,0
2002,360348,1,1,0,0,0,0,0,0,0,0,0,0
2002,360349,1,1,0,0,13,0,0,0,0,0,0,0
2002,360349,2,1,0,0,0,0,0,0,0,0,0,0
2002,360350,1,1,0,0,0,0,0,0,0,0,0,0
2002,360351,1,1,0,0,0,0,0,0,0,0,0,0
2002,360351,2,1,0,0,0,0,0,0,0,0,0,0
2002,360352,1,1,8,0,0,0,0,0,0,0,0,0
2002,360353,1,1,0,0,0,0,0,0,0,0,0,0
2002,360353,2,1,0,0,0,0,0,0,0,0,0,0
2002,360354,0,1,18,0,20,0,14,0,0,0,0,15
2002,360354,1,1,0,0,0,0,0,0,0,0,0,0
2002,360355,1,1,15,0,0,0,0,0,0,0,0,0
2002,360356,0,1,16,16,16,16,16,16,16,16,16,16
2002,360356,1,1,0,0,0,5,17,0,0,0,0,7
2002,360357,0,1,0,0,0,0,0,0,0,0,0,27
2002,360357,1,1,0,0,0,0,0,0,0,0,0,0
2002,360358,1,1,30,30,30,30,30,30,30,30,30,30
2002,360358,2,1,0,0,0,0,0,0,0,0,0,0
2002,360359,0,1,26,26,26,26,26,26,26,26,26,26
2002,360359,1,1,0,0,0,0,0,0,0,0,0,0
2002,360360,1,1,8,8,8,8,8,8,8,8,8,8
2002,360361,1,1,0,0,0,0,0,0,0,0,0,0
2002,360361,2,1,0,0,0,0,0,0,0,0,0,0
2002,360362,1,1,0,0,0,0,0,0,0,0,0,0
2002,360362,2,1,0,0,0,0,0,0,0,0,0,0
2002,360363,1,1,0,0,0,0,19,0,13,0,0,27
2002,360364,0,1,13,0,0,0,21,0,0,0,0,0
2002,360364,1,1,0,0,0,14,0,0,0,0,0,0
2002,360365,1,1,0,0,0,0,0,0,0,0,0,0
2002,360365,2,1,0,0,0,0,0,0,0,0,0,0
2002,360366,1,1,0,0,0,0,0,0,0,0,0,0
2002,360366,2,1,0,0,0,0,0,0,0,0,0,0
2002,360366,3,1,0,0,0,0,0,0,0,0,0,0
2002,360367,1,1,16,16,16,16,16,16,16,16,16,16
2002,360368,1,1,0,0,0,0,0,0,0,0,0,0
2002,360368,2,1,1,1,1,1,1,1,1,1,1,1
2002,360369,1,1,0,0,0,0,16,0,0,0,5,0
2002,360369,2,1,0,0,0,0,0,0,0,0,0,0
2002,360370,1,1,0,0,11,0,0,29,0,0,0,0
2002,360371,0,1,0,31,0,0,0,0,0,0,0,0
2002,360371,1,1,0,0,0,0,0,0,0,0,0,0
2002,360372,1,1,0,0,0,0,0,0,0,0,0,0
2002,360372,2,1,0,0,0,0,0,0,0,0,0,0
2002,360373,1,1,16,14,15,4,19,21,23,15,30,12
2002,360374,1,1,0,0,0,0,0,0,0,0,0,0
2002,360375,1,1,19,0,0,0,10,0,0,0,0,0
2002,360375,2,1,0,0,0,0,0,0,0,0,0,0
2002,360376,1,1,0,0,0,0,0,0,0,0,0,0
2002,360376,2,1,0,0,0,0,0,0,0,0,0,0
2002,360377,1,1,0,0,0,0,0,0,0,0,0,0
2002,360377,2,1,0,0,0,0,0,0,0,0,0,0
2002,360378,1,1,0,0,0,0,0,0,0,0,0,0
2002,360378,2,1,0,0,0,0,0,0,0,0,0,0
2002,360379,1,1,0,0,0,7,0,0,0,0,0,10
2002,360379,2,1,9,7,0,0,0,0,0,0,0,0
2002,360379,3,1,0,0,0,0,0,0,0,0,0,0
2002,360380,1,1,0,0,0,12,25,0,12,0,0,29
2002,360381,1,1,7,17,11,20,24,22,16,5,13,11
2002,360381,2,1,4,8,0,8,7,8,9,0,11,11
2002,360382,1,1,0,0,0,0,0,0,0,0,0,0
2002,360382,2,1,0,0,0,0,0,0,0,0,0,0
2002,360383,1,1,15,15,12,15,23,0,0,12,15,8
2002,360384,1,1,0,0,0,0,0,0,0,0,0,0
2002,360384,2,1,0,0,15,0,0,0,16,0,0,0
2002,360384,3,1,0,0,0,0,0,0,0,0,0,0
2002,360385,0,1,0,0,23,0,0,0,0,0,0,0
2002,360385,1,1,0,0,0,0,0,0,0,0,0,0
2002,360386,1,1,18,18,18,18,18,18,18,18,18,18
2002,360387,0,1,0,0,0,0,0,0,0,0,0,0
2002,360387,1,1,0,0,0,0,0,0,0,0,0,0
2002,360388,1,1,15,32,0,0,16,6,6,0,16,22
2002,360389,0,1,0,11,0,0,0,0,11,0,0,0
2002,360389,1,1,0,0,0,0,0,0,0,0,0,0
2002,360390,1,1,0,0,0,0,0,0,0,0,0,0
2002,360390,2,1,0,0,0,0,0,0,0,0,0,0
2002,360391,1,1,0,13,0,0,0,0,0,0,0,0
2002,360391,2,1,0,0,0,0,0,0,0,0,0,0
2002,360392,1,1,1,1,1,1,1,1,1,1,1,1
2002,360392,2,1,0,0,14,0,26,29,0,0,0,0
2002,360393,0,1,0,0,12,12,0,17,0,0,0,0
2002,360393,1,1,0,0,0,0,0,0,0,0,0,0
2002,360394,0,1,0,0,0,0,0,0,0,0,0,0
2002,360394,1,1,0,15,0,0,0,0,0,0,0,0
2002,360395,1,1,0,0,0,0,0,0,0,0,0,0
2002,360395,2,1,0,0,0,0,0,0,0,0,0,0
2002,360396,1,1,0,0,0,0,0,0,0,0,0,0
2002,360396,2,1,0,0,0,0,0,0,0,0,0,0
2002,360397,1,1,14,13,22,4,18,15,9,13,28,29
2002,360398,1,1,0,0,0,0,0,11,0,0,0,0
2002,360398,2,1,0,0,0,0,0,0,0,0,0,0
2002,360399,1,1,18,18,18,18,18,18,18,18,18,18
2002,360400,1,1,0,0,0,0,0,0,0,0,0,0
2002,360400,2,1,0,0,0,0,0,0,0,0,0,0
2002,360400,3,1,0,0,0,0,0,0,0,0,0,0
2002,360401,0,1,12,0,0,30,10,0,0,0,0,0
2002,360401,1,1,7,0,0,0,0,0,0,0,0,0
2002,360402,1,1,0,0,0,0,14,0,0,0,0,0
2002,360402,2,1,0,0,0,0,0,0,0,0,0,0
2002,360403,1,1,0,0,0,30,0,0,0,0,0,0
2002,360403,2,1,0,0,0,0,0,0,0,0,0,0
2002,360403,3,1,0,0,0,0,0,0,12,0,0,0
2002,360404,1,1,0,0,0,0,0,0,0,0,0,0
2002,360404,2,1,0,0,0,0,0,0,0,0,0,0
2002,360405,0,1,0,0,0,0,0,0,5,0,0,0
2002,360405,1,1,0,0,0,0,0,0,0,0,0,0
2002,360406,0,1,0,0,21,16,0,28,18,24,34,0
2002,360406,1,1,0,0,0,0,0,0,0,0,0,0
2002,360407,1,1,5,0,22,16,8,15,11,36,20,11
2002,360408,1,1,26,0,24,22,15,23,21,31,4,25
2002,360409,1,1,0,0,0,0,0,0,0,0,0,0
2002,360410,1,1,0,0,0,0,0,0,0,0,0,0
2002,360410,2,1,0,0,0,0,0,0,0,0,0,0
2002,360410,3,1,0,0,0,0,0,0,0,0,0,0
2002,360411,1,1,0,0,0,0,0,0,0,0,0,0
2002,360412,1,1,0,0,0,0,0,0,0,0,0,0
2002,360412,2,1,0,0,0,0,0,0,0,0,0,0
2002,360413,1,1,0,0,0,0,0,20,0,0,0,0
2002,360413,2,1,0,0,0,0,0,0,0,0,0,0
2002,360414,1,1,0,0,0,0,0,0,0,0,0,0
2002,360414,2,1,0,0,0,0,0,0,0,0,0,0
2002,360415,0,1,0,0,0,0,0,0,0,0,0,0
2002,360415,0,2,0,0,0,0,0,0,0,0,0,0
2002,360415,1,1,0,0,0,0,0,0,0,0,0,0
2002,360415,2,1,0,0,0,0,0,0,0,0,0,0
2002,360416,1,1,0,0,0,0,0,0,0,0,0,0
2002,360417,1,1,0,0,0,0,0,0,0,0,0,0
2002,360417,2,1,0,0,0,0,0,0,0,0,0,0
2002,360418,1,1,0,0,0,0,0,0,0,0,0,0