YEAR,ST_CASE,veh_no,per_no,P1,P2,P3,P4,P5,P6,P7,P8,P9,P10
2002,360699,1,1,0,0,0,0,0,0,0,0,0,0
2002,360700,1,1,0,0,0,0,0,0,0,0,0,0
2002,360700,2,1,0,0,0,0,0,0,0,0,0,0
2002,360701,1,1,23,31,0,12,0,17,0,0,0,29
2002,360702,0,1,32,0,0,0,0,15,14,0,0,0
2002,360702,1,1,0,0,0,0,0,0,0,0,0,0
2002,360703,0,1,0,0,0,0,0,0,0,0,0,0
2002,360703,1,1,0,0,20,0,0,0,0,0,0,0
2002,360704,1,1,0,0,0,0,0,0,0,0,0,0
2002,360704,2,1,20,0,0,0,0,0,0,0,0,0
2002,360705,1,1,0,0,0,0,0,0,11,0,0,0
2002,360705,2,1,20,26,12,4,15,10,9,0,21,18
2002,360705,3,1,0,0,0,0,0,0,0,0,0,0
2002,360706,1,1,0,0,0,0,0,0,0,0,0,0
2002,360706,2,1,0,0,0,0,0,0,0,0,0,0
2002,360707,1,1,0,0,0,0,0,0,0,0,0,0
2002,360707,2,1,0,0,0,0,0,0,0,0,0,0
2002,360708,1,1,0,0,0,0,0,0,13,14,6,0
2002,360709,1,1,0,0,0,0,0,0,0,0,0,0
2002,360710,0,1,0,0,0,0,0,0,0,0,0,0
2002,360710,1,1,0,15,0,0,0,0,0,0,0,0
2002,360711,1,1,0,0,0,0,0,0,0,0,0,0
2002,360712,1,1,0,0,0,0,0,0,0,0,0,0
2002,360713,1,1,0,0,0,0,0,0,0,0,0,0
2002,360713,2,1,15,0,0,0,18,0,0,0,0,0
2002,360714,0,1,0,0,0,0,0,0,0,0,0,0
2002,360714,1,1,0,0,0,0,0,0,0,0,0,0
2002,360715,0,1,0,0,0,0,0,0,0,0,0,0
2002,360715,0,2,0,0,0,0,0,0,0,0,0,0
2002,360715,1,1,0,0,0,0,0,0,0,0,0,0
2002,360716,0,1,0,0,0,0,0,0,0,0,0,0
2002,360716,1,1,0,0,0,0,0,0,0,0,0,0
2002,360717,1,1,0,0,35,0,0,0,0,0,15,0
2002,360717,2,1,0,0,0,0,0,0,0,0,0,0
2002,360718,1,1,24,24,24,24,24,24,24,24,24,24
2002,360719,1,1,12,11,0,25,13,12,8,17,0,4
2002,360719,2,1,4,0,0,20,0,0,0,0,0,0
2002,360720,0,1,0,0,0,0,0,0,0,0,0,0
2002,360720,1,1,0,0,0,0,0,0,0,0,0,0
2002,360721,1,1,11,43,24,0,22,7,14,25,0,0
2002,360722,1,1,0,13,0,0,0,0,0,0,0,0
2002,360723,0,1,0,0,0,0,0,0,0,0,0,0
2002,360723,0,2,0,0,0,11,0,0,14,24,0,20
2002,360723,1,1,0,0,0,0,0,0,0,0,0,0
2002,360724,0,1,21,0,0,0,36,0,17,0,10,16
2002,360724,0,2,33,0,2,10,15,23,28,0,35,14
2002,360724,1,1,18,12,11,14,18,11,5,7,10,21
2002,360725,1,1,26,11,11,13,20,21,13,15,28,13
2002,360726,0,1,0,0,0,0,0,0,21,15,0,0
2002,360726,1,1,0,0,0,0,0,0,0,0,0,0
2002,360727,1,1,24,23,16,9,7,25,0,16,18,22
2002,360728,1,1,21,0,0,0,0,0,0,0,0,0
2002,360728,2,1,0,0,0,7,0,0,0,0,0,0
2002,360729,1,1,0,0,0,0,0,0,0,0,0,0
2002,360729,2,1,28,0,0,0,0,0,11,0,0,0
2002,360730,1,1,0,0,0,0,0,0,0,0,0,0
2002,360730,2,1,0,0,0,0,6,0,0,0,0,0
2002,360731,1,1,0,0,0,0,0,0,0,0,0,0
2002,360732,1,1,0,0,0,0,0,24,0,0,0,0
2002,360733,1,1,0,4,0,0,0,0,0,0,0,0
2002,360734,1,1,0,0,0,0,0,18,0,0,16,27
2002,360735,1,1,0,0,0,0,0,0,0,0,0,0
2002,360736,1,1,0,0,0,0,0,0,0,0,0,0
2002,360736,2,1,0,0,0,0,0,0,0,0,0,0
2002,360737,1,1,0,0,0,0,0,0,0,0,0,0
2002,360737,2,1,0,0,0,0,0,0,0,0,5,0
2002,360738,1,1,0,0,6,0,0,3,0,0,0,0
2002,360739,0,1,0,0,0,0,0,0,0,0,0,0
2002,360739,1,1,0,0,0,2,0,0,0,0,0,0
2002,360740,1,1,0,0,0,0,0,0,0,0,0,15
2002,360741,1,1,0,0,0,0,0,0,0,0,0,0
2002,360741,2,1,28,28,28,28,28,28,28,28,28,28
2002,360742,0,1,0,0,0,0,0,0,0,0,0,0
2002,360742,1,1,0,0,0,0,0,0,0,0,0,0
2002,360743,1,1,0,0,14,0,0,0,0,0,13,0
2002,360744,1,1,0,0,0,20,0,0,0,0,0,0
2002,360744,2,1,0,0,0,0,0,9,0,0,0,0
2002,360745,0,1,0,0,0,0,0,0,0,0,0,0
2002,360745,1,1,0,20,0,0,0,0,0,0,0,0
2002,360746,1,1,0,0,0,0,0,0,0,0,0,0
2002,360746,2,1,0,0,0,0,0,0,0,0,0,0
2002,360747,0,1,0,0,0,0,0,0,0,0,0,0
2002,360747,0,2,0,0,0,0,0,0,0,0,0,0
2002,360747,0,3,0,0,0,0,0,0,0,0,0,0
2002,360747,0,4,0,0,0,0,0,0,0,0,0,0
2002,360747,1,1,0,0,0,0,0,0,0,0,0,0
2002,360748,1,1,0,0,0,0,0,0,0,0,0,0
2002,360748,2,1,0,0,0,0,0,0,0,0,0,0
2002,360749,1,1,0,0,0,0,0,0,0,0,0,0
2002,360749,2,1,0,0,0,0,0,0,0,0,0,0
2002,360750,1,1,0,0,0,0,0,0,0,0,0,0
2002,360750,2,1,0,0,0,0,0,0,0,0,0,0
2002,360751,1,1,0,12,0,0,0,0,25,0,0,0
2002,360751,2,1,0,0,0,0,0,0,0,0,0,0
2002,360752,1,1,0,0,0,0,0,0,0,0,0,0
2002,360753,1,1,16,0,0,0,0,0,0,0,0,0
2002,360753,2,1,0,0,0,0,0,0,0,0,0,0
2002,360754,1,1,0,0,0,0,0,0,0,0,0,0
2002,360754,2,1,0,0,0,0,0,0,0,0,0,0
2002,360755,1,1,0,0,0,0,0,0,0,0,0,0
2002,360756,1,1,0,0,0,0,0,0,0,0,0,0
2002,360756,2,1,0,0,0,0,0,0,0,0,0,0
2002,360757,1,1,0,0,0,0,0,0,0,0,0,0
2002,360757,2,1,12,8,10,5,4,41,12,2,11,31
2002,360758,0,1,25,25,21,29,0,0,3,0,20,0
2002,360758,1,1,0,6,0,0,8,0,0,0,0,0
2002,360759,1,1,0,0,0,0,0,0,0,0,0,0
2002,360760,1,1,0,0,14,0,0,7,0,0,0,0
2002,360761,0,1,0,0,0,0,0,0,0,0,0,0
2002,360761,0,2,0,0,0,0,0,0,48,0,0,0
2002,360761,1,1,0,0,0,0,0,0,0,0,0,0
2002,360761,2,1,0,0,0,0,0,0,0,0,0,0
2002,360762,0,1,0,0,0,0,21,0,0,0,0,28
2002,360762,1,1,0,0,15,0,0,0,0,0,0,0
2002,360763,0,1,0,11,0,0,0,0,0,0,0,0
2002,360763,1,1,0,0,0,0,0,0,0,0,0,0
2002,360764,0,1,0,0,0,0,0,0,0,0,0,0
2002,360764,1,1,0,0,0,0,0,0,0,0,0,0
2002,360765,0,1,0,0,0,0,0,0,0,0,0,0
2002,360765,1,1,0,0,0,0,0,0,0,0,0,0
2002,360766,1,1,0,0,0,0,0,0,0,0,0,0
2002,360766,2,1,0,0,0,0,0,0,0,0,0,0
2002,360767,1,1,0,0,0,0,0,0,0,0,0,0
2002,360767,2,1,0,0,0,0,0,0,0,0,0,0
2002,360767,3,1,0,0,0,0,0,0,0,0,0,0
2002,360768,1,1,16,12,4,20,17,24,9,10,17,9
2002,360768,2,1,0,0,0,0,0,0,0,0,0,0
2002,360769,0,1,0,0,0,0,0,0,0,0,0,0
2002,360769,1,1,0,0,0,0,0,0,0,0,39,13
2002,360770,1,1,0,0,0,0,0,0,0,0,0,0
2002,360771,1,1,15,20,15,12,0,42,25,18,14,0
2002,360772,1,1,0,0,0,0,0,0,13,17,18,0
2002,360772,2,1,0,0,0,0,0,0,0,0,11,0
2002,360773,1,1,0,0,0,0,0,0,0,0,0,0
2002,360773,2,1,0,0,0,0,0,0,0,0,0,0
2002,360773,3,1,0,0,15,0,0,0,0,0,0,0
2002,360774,1,1,0,0,0,0,0,0,0,0,0,0
2002,360774,2,1,0,0,0,0,0,0,0,0,0,0
2002,360775,1,1,0,0,0,0,0,0,0,0,0,0
2002,360775,2,1,0,0,0,0,21,0,0,0,0,0
2002,360776,1,1,0,0,0,0,0,0,0,0,0,0
2002,360777,0,1,0,0,0,0,0,0,0,0,0,0
2002,360777,1,1,0,0,0,0,0,0,0,0,10,0
2002,360778,1,1,9,0,12,33,12,19,19,14,23,8
2002,360778,2,1,0,0,0,0,0,0,0,0,0,0
2002,360779,0,1,0,0,0,38,0,0,0,8,11,0
2002,360779,1,1,0,0,0,0,0,0,0,0,0,0
2002,360780,0,1,28,28,28,28,28,28,28,28,28,28
2002,360780,1,1,0,0,0,0,0,0,0,0,0,0
2002,360781,0,1,0,0,0,0,0,21,0,0,0,0
2002,360781,1,1,0,0,0,0,0,0,0,0,0,0
2002,360782,1,1,22,22,22,22,22,22,22,22,22,22
2002,360783,1,1,0,17,10,0,19,31,15,29,16,27
2002,360784,1,1,0,0,0,0,0,0,0,3,0,0
2002,360785,1,1,12,16,11,11,11,16,13,7,0,2
2002,360786,1,1,3,3,5,12,5,13,0,28,10,10
2002,360787,1,1,14,14,14,14,14,14,14,14,14,14
2002,360788,1,1,0,0,0,0,0,0,0,0,0,0
2002,360788,2,1,0,0,0,0,0,0,0,0,0,0
2002,360789,1,1,0,0,0,0,0,0,0,0,0,0
2002,360789,2,1,0,0,0,0,0,0,0,0,0,0
2002,360790,1,1,0,0,0,0,0,0,0,13,0,0
2002,360790,2,1,0,0,0,0,0,0,0,0,0,0
2002,360791,1,1,0,0,0,0,0,0,0,0,0,10
2002,360792,1,1,0,0,0,0,0,0,0,0,0,0
2002,360792,2,1,0,0,0,0,0,0,0,0,0,0
2002,360793,1,1,0,0,0,0,0,0,0,0,0,0
2002,360793,2,1,0,0,0,0,0,0,17,0,0,0
2002,360794,0,1,0,0,0,0,0,0,0,0,0,0
2002,360794,1,1,0,24,14,14,0,13,2,19,9,0
2002,360795,1,1,14,16,0,0,0,0,0,0,19,0
2002,360795,2,1,0,5,0,22,0,35,12,0,0,16
2002,360796,0,1,0,0,0,0,5,0,0,0,0,0
2002,360796,1,1,9,13,14,10,8,14,20,4,21,10
2002,360797,1,1,0,0,0,0,0,0,0,0,0,0
2002,360798,1,1,0,10,0,0,6,0,15,11,0,0
2002,360799,1,1,0,0,0,0,0,0,0,0,0,0
2002,360800,1,1,0,0,0,7,9,0,0,0,0,0
2002,360800,2,1,18,13,19,13,12,10,13,18,5,15
2002,360801,1,1,18,18,18,18,18,18,18,18,18,18
2002,360802,1,1,0,0,0,0,0,0,0,0,0,0
2002,360803,1,1,0,0,0,0,0,0,0,0,0,0
2002,360803,2,1,0,0,0,0,0,0,0,0,0,0
2002,360804,1,1,18,18,18,18,18,18,18,18,18,18
2002,360805,1,1,0,0,0,0,0,0,0,0,0,0
2002,360806,1,1,0,0,0,0,0,0,0,0,0,0
2002,360806,2,1,0,0,0,0,0,0,0,0,0,0
2002,360807,1,1,0,0,0,0,0,0,0,0,0,0
2002,360807,2,1,0,0,0,0,0,0,0,0,0,0
2002,360808,1,1,11,11,7,9,5,13,9,15,13,7
2002,360808,2,1,0,0,0,0,0,0,0,0,0,0
2002,360809,1,1,0,0,0,0,0,0,0,0,0,0
2002,360810,1,1,6,18,0,9,31,0,0,0,6,12
2002,360810,2,1,0,0,0,8,20,0,3,0,0,0
2002,360811,0,1,0,0,20,0,24,16,21,12,0,0
2002,360811,1,1,0,0,0,0,0,0,0,0,0,0
2002,360811,2,1,0,0,0,0,0,0,0,0,0,0
2002,360812,1,1,0,0,0,0,0,0,0,0,0,0
2002,360812,2,1,0,0,18,0,0,0,0,0,0,0
2002,360813,0,1,12,0,0,0,0,13,38,0,16,0
2002,360813,1,1,0,0,0,0,0,0,0,0,0,0
2002,360814,1,1,0,0,0,0,0,0,0,0,0,0
2002,360814,2,1,0,0,0,0,0,0,0,0,0,0
2002,360815,0,1,18,0,0,0,0,0,0,0,0,0
2002,360815,1,1,0,0,0,0,0,0,0,0,0,0
2002,360816,1,1,0,0,0,0,0,0,0,0,0,0
2002,360816,2,1,0,0,0,0,0,0,0,0,0,0
2002,360817,1,1,12,12,12,12,12,12,12,12,12,12
2002,360818,1,1,0,0,0,0,0,0,0,0,0,0
2002,360818,2,1,0,0,0,0,0,0,0,0,0,0
2002,360819,1,1,0,0,0,0,0,0,0,0,0,0
2002,360819,2,1,0,0,0,0,0,0,0,0,0,0
2002,360820,1,1,0,0,0,0,0,0,0,0,0,0
2002,360820,2,1,0,0,0,0,0,0,0,0,0,0
2002,360821,1,1,0,0,0,0,0,0,0,0,0,0
2002,360821,2,1,0,0,0,0,0,0,0,0,0,0
2002,360822,1,1,26,26,26,26,26,26,26,26,26,26
2002,360823,1,1,0,0,0,0,0,0,2,0,0,0
2002,360823,2,1,0,0,0,0,0,0,0,0,0,0
2002,360824,1,1,0,0,44,0,6,0,0,0,13,0
2002,360824,2,1,0,0,0,0,0,0,0,0,0,0
2002,360824,3,1,0,0,0,0,0,0,0,0,0,0
2002,360825,1,1,0,0,20,0,0,0,0,0,0,0
2002,360825,2,1,0,0,0,0,0,0,0,0,6,0
2002,360825,3,1,0,0,0,0,0,0,0,0,0,0
2002,360826,1,1,0,0,0,0,0,0,0,0,0,0
2002,360826,2,1,0,0,0,0,0,0,0,0,0,0
2002,360827,1,1,14,0,0,0,0,17,0,0,0,0
2002,360827,2,1,0,0,0,0,0,0,0,0,0,0
2002,360828,1,1,0,0,0,0,0,0,0,0,0,0
2002,360828,2,1,0,0,0,0,0,0,0,0,0,0
2002,360829,0,1,0,19,31,0,0,23,0,0,0,0
2002,360829,1,1,0,0,0,0,0,0,0,0,0,0
2002,360830,1,1,7,0,0,0,0,0,0,0,0,0
2002,360831,0,1,0,0,0,0,0,0,0,0,0,0
2002,360831,1,1,0,0,0,0,0,0,0,0,0,0
2002,360832,1,1,0,0,0,0,0,0,0,0,0,0
2002,360833,1,1,0,0,0,0,0,0,0,0,0,0
2002,360833,2,1,0,0,0,0,0,0,0,0,0,0
2002,360834,1,1,0,0,0,0,0,0,0,0,0,0
2002,360835,1,1,0,0,0,0,0,0,0,0,0,0
2002,360835,2,1,0,0,0,0,0,0,0,0,0,0
2002,360836,1,1,13,13,13,13,13,13,13,13,13,13
2002,360837,1,1,24,24,24,24,24,24,24,24,24,24
2002,360838,0,1,18,18,18,18,18,18,18,18,18,18
2002,360838,1,1,29,14,10,23,6,19,31,14,17,9
2002,360839,1,1,0,0,0,0,0,0,12,0,0,0
2002,360839,2,1,0,0,0,0,0,0,0,0,22,0
2002,360840,0,1,0,0,0,0,0,0,0,0,0,0
2002,360840,1,1,0,0,0,0,0,0,0,0,0,0
2002,360840,2,1,0,0,0,0,0,0,0,0,0,0
2002,360841,1,1,0,0,0,0,0,0,0,0,0,0
2002,360841,2,1,0,0,0,0,0,0,0,0,0,0
2002,360842,0,1,0,0,0,0,0,0,0,0,0,0
2002,360842,1,1,0,0,0,0,0,21,0,19,0,8
2002,360843,1,1,0,20,0,0,0,0,0,0,0,0
2002,360844,1,1,0,7,0,0,21,13,0,8,20,0
2002,360845,1,1,26,26,26,26,26,26,26,26,26,26
2002,360846,1,1,14,0,0,5,0,0,0,14,0,0
2002,360847,1,1,22,0,12,0,25,0,10,0,0,0
2002,360848,0,1,0,0,11,5,46,15,12,6,16,28
2002,360848,1,1,16,0,0,0,0,0,0,0,0,0
2002,360848,2,1,9,0,0,0,0,0,0,0,0,0
2002,360849,1,1,0,0,0,9,0,0,0,0,0,0
2002,360850,1,1,0,0,24,0,0,0,0,0,0,0
2002,360851,1,1,0,0,0,0,0,0,0,0,0,10
2002,360851,2,1,0,0,0,0,0,0,0,0,0,0
2002,360852,1,1,0,0,0,0,0,0,0,0,0,0
2002,360853,1,1,0,0,0,0,0,0,0,0,0,0
2002,360853,2,1,0,0,0,0,0,0,0,0,0,0
2002,360854,1,1,0,0,0,0,0,0,0,0,0,0
2002,360854,2,1,0,0,0,0,0,0,0,0,0,0
2002,360854,3,1,0,0,0,0,0,0,0,0,0,0
2002,360855,1,1,0,0,0,0,0,0,0,0,0,0
2002,360856,1,1,0,0,0,0,0,0,0,0,0,7
2002,360857,1,1,0,14,0,0,0,0,23,14,0,0
2002,360858,0,1,0,0,0,0,0,0,0,0,0,0
2002,360858,1,1,0,0,10,5,0,0,0,0,13,8
2002,360859,1,1,22,0,0,0,0,0,25,0,0,0
2002,360860,1,1,0,0,0,0,0,0,0,0,0,0
2002,360860,2,1,0,0,0,0,0,0,0,0,0,0
2002,360861,0,1,0,0,0,0,0,0,0,0,0,0
2002,360861,1,1,0,0,0,0,0,0,0,0,0,0
2002,360862,1,1,0,0,18,0,0,0,0,0,0,0
2002,360862,2,1,0,0,0,0,0,0,0,0,0,0
2002,360863,1,1,0,0,0,0,0,0,0,0,0,0
2002,360863,2,1,0,0,0,0,0,0,0,0,0,0
2002,360864,1,1,0,0,0,0,0,0,0,0,0,0
2002,360864,2,1,0,0,0,0,0,0,0,0,0,0
2002,360865,1,1,20,20,20,20,20,20,20,20,20,20
2002,360866,1,1,0,0,0,0,0,11,0,0,0,0
2002,360866,2,1,0,0,0,0,0,10,0,0,0,0
2002,360867,1,1,0,0,0,16,0,17,7,0,0,26
2002,360868,1,1,26,0,37,20,25,17,9,0,21,6
2002,360869,1,1,0,0,0,0,0,0,0,0,0,0
2002,360870,1,1,0,0,0,0,0,0,0,0,0,0
2002,360870,2,1,0,0,0,0,0,0,0,0,0,0
2002,360871,0,1,0,0,0,0,0,0,0,0,0,0
2002,360871,1,1,0,0,0,0,0,0,0,0,0,0
2002,360872,0,1,0,23,0,0,0,0,0,0,0,0
2002,360872,1,1,0,0,0,0,0,0,0,0,0,0
2002,360873,0,1,0,0,0,0,0,0,0,0,0,0
2002,360873,1,1,11,11,11,11,11,11,11,11,11,11
2002,360874,1,1,18,18,20,22,16,19,11,23,8,19
2002,360874,2,1,12,6,13,17,5,0,21,8,7,12
2002,360875,0,1,0,0,0,0,0,0,0,0,0,0
2002,360875,1,1,0,0,0,0,0,0,0,0,0,0
2002,360876,1,1,0,0,0,0,0,0,0,0,9,0
2002,360876,2,1,0,0,0,0,0,0,0,0,0,0
2002,360877,0,1,0,0,0,0,0,22,0,28,0,0
2002,360877,0,2,0,0,0,0,35,0,0,0,0,0
2002,360877,1,1,0,0,16,0,0,0,0,0,0,0
2002,360878,1,1,0,0,0,0,0,0,0,0,0,0
2002,360878,2,1,0,0,0,0,0,0,0,0,0,0
2002,360879,1,1,0,0,0,7,0,0,0,0,0,0
2002,360880,0,1,0,0,0,0,0,0,0,0,0,0
2002,360880,1,1,0,0,0,0,0,0,0,0,0,0
2002,360881,0,1,0,0,0,0,18,0,0,0,0,0
2002,360881,1,1,0,0,0,0,0,0,0,0,0,0
2002,360882,0,1,0,0,0,0,0,0,0,0,0,0
2002,360882,1,1,0,0,0,0,0,0,0,0,0,0
2002,360883,1,1,0,0,0,0,0,0,0,0,0,0
2002,360883,2,1,0,0,0,0,0,0,0,0,0,0
2002,360884,1,1,0,9,0,0,0,0,0,0,0,0
2002,360885,1,1,0,0,0,0,0,0,0,0,0,0
2002,360886,1,1,0,0,0,0,0,0,0,0,0,0
2002,360887,1,1,28,28,28,28,28,28,28,28,28,28
2002,360888,0,1,0,0,0,0,0,0,0,12,0,0
2002,360888,1,1,0,0,0,0,0,0,0,0,0,0
2002,360889,1,1,0,0,0,0,0,0,0,0,0,0
2002,360890,1,1,0,3,10,18,0,0,0,0,0,0
2002,360891,1,1,0,0,0,0,0,0,0,0,0,0
2002,360891,2,1,0,0,0,0,0,0,0,0,0,0
2002,360892,1,1,0,0,0,0,0,0,0,0,0,0
2002,360893,1,1,21,30,11,22,17,6,8,19,18,9
2002,360894,1,1,20,20,20,20,20,20,20,20,20,20
2002,360895,1,1,0,0,0,0,0,0,0,0,4,0
2002,360895,2,1,0,0,0,0,0,0,0,0,0,0
2002,360895,3,1,1,1,1,1,1,1,1,1,1,1
2002,360896,0,1,15,15,15,15,15,15,15,15,15,15
2002,360896,1,1,15,18,6,17,12,15,15,8,0,13
2002,360897,0,1,0,0,0,0,0,0,0,0,0,0
2002,360897,1,1,0,0,0,0,0,0,0,0,0,0
2002,360898,1,1,0,0,0,0,0,0,0,0,0,0
2002,360898,2,1,0,0,0,0,0,0,0,0,0,0
2002,360899,1,1,0,0,0,0,0,0,13,0,0,0
2002,360900,1,1,28,10,26,24,24,25,15,21,32,13
2002,360900,2,1,0,0,0,0,0,9,0,0,0,0
2002,360901,0,1,0,0,0,0,0,0,0,0,0,0
2002,360901,1,1,0,0,0,0,11,0,0,0,0,0
2002,360902,0,1,0,0,0,0,0,0,0,0,0,0
2002,360902,1,1,0,0,0,0,0,0,0,0,0,0
2002,360903,1,1,0,0,0,0,0,0,0,0,0,0
2002,360903,2,1,0,0,0,24,0,0,31,0,0,0
2002,360904,0,1,0,0,6,0,0,15,0,0,0,23
2002,360904,1,1,0,0,18,0,0,0,0,0,12,0
2002,360905,0,1,0,13,0,0,0,0,0,0,0,0
2002,360905,1,1,0,0,0,0,0,0,0,0,0,0
2002,360906,1,1,0,0,18,0,0,0,0,0,0,0
2002,360907,1,1,0,0,0,0,0,0,0,0,0,0
2002,360907,2,1,0,0,0,0,0,0,0,0,0,0
2002,360908,0,1,0,0,0,0,0,0,0,0,0,0
2002,360908,1,1,18,0,0,0,0,34,0,20,0,0
2002,360909,1,1,0,0,0,0,0,0,0,0,0,0
2002,360909,2,1,0,0,0,0,0,0,0,0,0,0
2002,360910,0,1,0,0,0,0,0,0,0,0,0,0
2002,360910,1,1,0,0,3,0,0,21,0,0,0,0
2002,360911,1,1,0,0,0,0,0,0,0,0,0,0
2002,360911,2,1,0,31,0,0,0,0,0,8,0,0
2002,360912,1,1,0,0,0,0,0,0,0,0,0,0
2002,360913,1,1,0,0,0,0,0,0,0,0,0,0
2002,360914,1,1,0,0,0,0,0,0,0,0,24,0
2002,360915,0,1,11,11,11,11,11,11,11,11,11,11
2002,360915,1,1,0,0,0,0,0,0,0,0,0,0
2002,360916,1,1,0,0,0,0,0,0,0,0,0,0
2002,360916,2,1,0,0,0,0,0,0,0,0,0,0
2002,360917,0,1,0,0,0,0,0,0,0,0,0,0
2002,360917,1,1,6,10,13,10,16,21,4,15,3,8
2002,360918,0,1,0,0,0,0,0,0,0,0,0,0
2002,360918,1,1,0,0,0,0,0,0,0,0,0,0
2002,360919,1,1,0,0,0,0,0,0,0,0,0,0
2002,360919,2,1,0,0,13,0,0,0,0,0,0,17
2002,360919,3,1,0,0,0,0,0,0,0,0,0,0
2002,360920,1,1,21,21,20,13,33,33,19,18,18,25
2002,360921,1,1,7,7,7,7,7,7,7,7,7,7
2002,360922,1,1,0,0,0,0,0,0,0,0,0,0
2002,360922,2,1,0,0,0,0,0,0,0,0,0,0
2002,360923,1,1,0,5,0,0,0,0,0,0,0,0
2002,360924,1,1,0,13,0,0,0,0,11,0,0,0
2002,360925,1,1,27,27,27,27,27,27,27,27,27,27
2002,360926,1,1,0,0,0,0,0,0,0,0,0,0
2002,360926,2,1,0,0,0,0,0,0,0,0,0,0
2002,360927,1,1,0,0,0,0,0,0,0,0,0,0
2002,360928,1,1,0,0,0,0,0,0,0,0,0,0
2002,360929,0,1,0,0,0,0,0,0,0,0,0,0
2002,360929,1,1,0,0,0,0,0,0,0,0,0,0
2002,360930,1,1,0,0,0,0,0,0,0,0,0,0
2002,360931,0,1,13,0,0,17,0,0,0,0,0,0
2002,360931,1,1,0,0,0,0,0,0,14,0,24,0
2002,360932,1,1,0,0,0,0,0,0,0,0,0,0
2002,360932,2,1,0,0,13,0,0,0,0,0,0,0
2002,360933,1,1,0,0,0,0,0,0,0,0,0,0
2002,360934,0,1,0,0,0,34,0,0,0,0,0,0
2002,360934,1,1,0,0,0,11,0,0,17,0,0,17
2002,360934,2,1,0,0,0,0,0,0,0,0,0,0
2002,360935,1,1,0,0,0,0,0,0,0,0,0,0
2002,360935,2,1,0,0,0,0,0,0,0,0,0,0
2002,360936,1,1,0,0,0,0,0,0,0,0,0,0
2002,360936,2,1,0,0,0,0,0,0,0,0,0,0
2002,360937,0,1,2,2,2,2,2,2,2,2,2,2
2002,360937,1,1,0,0,0,0,0,0,0,0,0,0
2002,360937,2,1,0,0,0,0,0,0,0,0,0,0
2002,360938,1,1,7,5,5,21,14,16,4,9,13,8
2002,360938,2,1,0,0,17,0,26,0,0,0,0,0
2002,360939,1,1,0,0,0,0,0,0,0,0,0,0
2002,360939,2,1,26,27,22,21,5,2,36,0,8,8
2002,360940,1,1,0,0,0,0,0,0,0,0,0,0
2002,360940,2,1,0,0,0,0,0,0,0,0,0,0
2002,360941,1,1,0,0,0,0,0,0,0,0,0,0
2002,360941,2,1,0,0,0,0,0,15,0,0,5,0
2002,360942,1,1,0,0,0,0,0,0,0,0,0,0
2002,360942,2,1,19,19,19,19,19,19,19,19,19,19
2002,360943,0,1,0,0,0,0,20,0,0,0,0,0
2002,360943,1,1,0,0,0,0,0,0,0,0,0,0
2002,360943,2,1,0,0,0,0,0,0,0,0,0,0
2002,360944,0,1,0,0,0,0,0,0,0,0,0,0
2002,360944,1,1,0,0,0,0,0,0,0,0,0,0
2002,360945,1,1,21,21,21,21,21,21,21,21,21,21
2002,360945,2,1,0,0,0,0,0,0,0,0,0,0
2002,360946,1,1,0,0,0,0,0,0,0,0,18,0
2002,360946,2,1,0,0,0,0,0,0,0,0,0,0
2002,360947,1,1,0,0,0,0,0,0,0,0,0,0
2002,360947,2,1,0,0,0,0,0,0,0,0,0,0
2002,360948,1,1,0,0,0,0,0,0,0,0,0,0
2002,360948,2,1,0,0,0,0,0,0,0,0,0,0
2002,360949,1,1,0,0,0,0,0,0,0,0,0,0
2002,360949,2,1,0,0,0,0,0,0,0,0,0,0
2002,360950,1,1,0,0,0,0,0,0,0,0,0,0
2002,360950,2,1,0,0,0,0,0,0,0,0,0,0
2002,360951,1,1,1,0,0,0,0,3,0,0,0,0
2002,360951,2,1,1,1,1,1,1,1,1,1,1,1
2002,360951,3,1,0,0,0,0,0,0,0,0,0,0
2002,360952,0,1,0,0,0,0,0,0,0,0,0,0
2002,360952,1,1,0,0,0,0,0,0,0,0,0,0
2002,360953,1,1,0,0,0,0,0,0,0,0,0,0
2002,360953,2,1,0,0,0,0,0,23,0,0,0,0
2002,360954,1,1,0,0,0,0,0,0,0,0,0,0
2002,360955,1,1,20,2,15,0,15,8,5,6,3,0
2002,360956,1,1,0,0,0,0,0,0,0,0,0,0
2002,360957,0,1,0,0,0,0,0,0,0,0,0,0
2002,360957,1,1,0,0,0,0,0,0,0,0,0,0
2002,360958,0,1,18,0,0,0,18,0,0,0,16,38
2002,360958,1,1,0,0,0,0,0,0,0,0,0,0
2002,360958,2,1,0,0,0,0,0,0,0,0,0,0
2002,360959,1,1,0,0,0,0,0,0,23,0,0,0
2002,360959,2,1,12,12,12,12,12,12,12,12,12,12
2002,360960,0,1,21,0,0,0,0,0,0,0,0,0
2002,360960,1,1,12,16,7,0,20,8,14,18,11,0
2002,360961,1,1,14,11,19,14,33,16,13,17,29,10
2002,360962,0,1,0,0,0,0,0,0,0,0,0,0
2002,360962,1,1,0,0,0,0,0,0,0,0,0,0
2002,360963,1,1,0,0,0,0,7,0,0,0,0,0
2002,360964,0,1,0,0,0,0,0,0,0,0,0,0
2002,360964,1,1,0,0,0,0,0,0,0,0,0,0
2002,360965,1,1,21,3,11,8,10,16,6,6,18,5
2002,360966,0,1,0,0,8,0,0,0,0,0,0,0
2002,360966,1,1,0,0,0,0,0,0,0,0,0,0
2002,360967,1,1,0,0,0,10,0,0,0,0,0,0
2002,360968,1,1,0,0,0,0,0,0,0,0,0,0
2002,360968,2,1,0,0,0,0,0,0,0,0,0,0