YEAR,ST_CASE,veh_no,per_no,P1,P2,P3,P4,P5,P6,P7,P8,P9,P10
2002,360969,1,1,18,18,18,18,18,18,18,18,18,18
2002,360970,1,1,0,0,0,0,0,0,0,0,0,0
2002,360970,2,1,0,0,0,0,0,0,0,0,0,0
2002,360971,2,1,0,0,0,0,0,0,0,0,0,0
2002,360972,0,1,0,0,0,11,0,0,0,0,0,0
2002,360972,1,1,0,0,0,0,0,0,0,0,0,0
2002,360973,1,1,0,0,0,0,0,0,0,0,0,0
2002,360974,0,1,16,17,19,13,0,0,22,0,0,0
2002,360974,1,1,0,0,0,0,0,0,0,0,0,0
2002,360975,1,1,0,0,0,0,0,0,0,0,0,0
2002,360975,2,1,0,0,0,0,0,0,0,0,0,0
2002,360975,3,1,0,0,0,0,0,0,0,0,0,0
2002,360976,1,1,0,0,0,0,0,0,0,0,0,0
2002,360977,1,1,0,0,0,0,0,0,0,0,21,0
2002,360977,2,1,0,0,0,0,0,0,0,0,0,0
2002,360978,1,1,0,0,0,0,0,0,0,0,0,0
2002,360978,2,1,0,0,0,0,0,0,0,0,0,0
2002,360979,1,1,0,0,0,0,0,0,0,0,0,0
2002,360980,0,1,0,0,0,0,0,0,0,0,0,0
2002,360980,1,1,0,0,0,0,0,0,0,27,0,26
2002,360981,1,1,0,0,0,0,0,0,0,0,0,0
2002,360981,2,1,11,0,0,0,0,0,29,0,0,12
2002,360982,1,1,0,0,0,0,0,0,0,0,15,0
2002,360983,1,1,0,0,0,0,8,0,0,0,0,0
2002,360983,2,1,0,0,0,0,0,0,0,0,0,0
2002,360984,1,1,0,0,0,0,0,0,0,10,0,0
2002,360984,2,1,0,0,0,0,0,0,0,0,0,0
2002,360984,3,1,0,0,0,0,0,8,0,0,0,0
2002,360985,0,1,0,0,0,0,0,0,0,0,0,0
2002,360985,1,1,0,0,0,0,0,0,0,0,0,0
2002,360986,0,1,0,0,0,0,0,0,0,0,0,0
2002,360986,1,1,0,0,0,0,0,0,0,0,0,0
2002,360987,1,1,0,0,0,0,0,0,0,0,0,0
2002,360988,1,1,3,34,29,5,23,25,10,19,5,7
2002,360988,2,1,0,0,0,17,0,0,0,0,0,0
2002,360989,0,1,0,0,0,0,0,0,0,0,0,26
2002,360989,1,1,0,0,0,32,0,0,0,0,0,0
2002,360990,0,1,0,0,0,0,0,0,0,0,0,29
2002,360990,1,1,0,0,0,0,0,0,0,0,0,0
2002,360991,1,1,0,0,0,0,0,0,0,0,0,0
2002,360991,2,1,0,0,0,0,17,0,0,0,0,0
2002,360992,1,1,0,0,0,0,0,0,0,0,0,0
2002,360992,2,1,0,0,8,0,0,0,0,0,0,0
2002,360993,0,1,0,0,0,0,0,0,0,0,25,0
2002,360993,1,1,0,0,0,0,0,0,0,0,0,0
2002,360994,1,1,0,15,0,0,0,20,21,0,0,0
2002,360995,1,1,0,0,0,0,0,0,0,0,0,0
2002,360995,2,1,0,0,0,0,0,0,0,0,0,0
2002,360996,1,1,0,0,0,0,0,0,0,0,0,0
2002,360996,2,1,0,0,0,0,0,0,0,0,0,0
2002,360996,3,1,0,0,0,0,0,0,12,0,0,0
2002,360996,4,1,0,0,0,0,0,0,0,0,0,0
2002,360997,1,1,0,0,0,0,0,0,0,0,0,0
2002,360997,2,1,0,15,14,0,0,13,0,0,0,0
2002,360998,0,1,0,0,0,0,0,0,0,0,11,0
2002,360998,1,1,0,0,0,0,0,0,0,0,0,0
2002,360999,1,1,12,8,10,23,0,17,14,22,8,7
2002,360999,2,1,17,15,0,0,0,0,0,0,0,0
2002,360999,3,1,0,0,0,0,0,0,0,0,0,0
2002,360999,4,1,0,0,0,0,0,0,0,12,0,0
2002,361000,1,1,0,0,0,0,0,0,0,0,0,0
2002,361000,2,1,0,0,0,0,0,0,0,0,0,0
2002,361001,1,1,0,0,0,0,0,0,0,0,0,0
2002,361001,2,1,0,0,0,0,0,0,0,0,0,0
2002,361002,0,1,0,0,0,0,0,0,0,0,0,0
2002,361002,1,1,0,0,0,0,0,0,0,9,0,0
2002,361003,1,1,0,0,0,14,0,0,0,0,0,0
2002,361004,0,1,0,0,17,0,0,0,0,0,0,0
2002,361004,1,1,0,0,0,0,0,0,0,0,0,0
2002,361005,1,1,18,7,19,0,15,0,0,11,28,13
2002,361005,2,1,11,11,11,11,11,11,11,11,11,11
2002,361006,1,1,0,0,0,0,0,0,0,0,0,0
2002,361007,1,1,0,0,0,0,0,0,0,0,0,0
2002,361007,2,1,0,0,0,0,0,0,0,0,0,0
2002,361008,0,1,3,7,8,19,0,0,0,0,0,19
2002,361008,1,1,0,40,14,23,6,32,8,24,20,0
2002,361008,2,1,0,0,0,0,0,0,14,0,0,0
2002,361009,1,1,24,0,0,0,0,18,0,0,19,0
2002,361010,1,1,3,3,3,3,3,3,3,3,3,3
2002,361011,0,1,16,0,0,0,0,0,0,0,14,0
2002,361011,1,1,0,0,0,0,0,0,0,0,0,0
2002,361012,0,1,0,0,0,0,0,0,0,0,0,22
2002,361012,1,1,0,0,0,0,0,0,0,22,0,0
2002,361013,1,1,0,0,0,0,0,0,0,0,0,0
2002,361014,1,1,0,0,0,0,0,17,11,0,0,0
2002,361015,1,1,29,29,29,29,29,29,29,29,29,29
2002,361016,1,1,0,18,0,0,18,0,0,0,11,19
2002,361017,1,1,0,0,6,0,24,0,11,0,0,0
2002,361018,1,1,0,0,0,0,0,22,0,0,0,39
2002,361019,1,1,0,0,0,0,0,0,0,0,0,0
2002,361019,2,1,0,0,0,0,0,0,0,0,0,0
2002,361020,1,1,0,0,0,0,0,0,0,0,0,0
2002,361020,2,1,0,0,0,0,0,0,0,0,0,0
2002,361021,1,1,0,0,0,0,0,0,0,0,0,0
2002,361021,2,1,0,0,0,0,0,0,0,0,0,0
2002,361022,1,1,0,24,0,22,0,0,0,0,0,0
2002,361023,1,1,0,0,0,0,0,0,0,0,0,0
2002,361023,2,1,0,0,0,0,0,0,0,0,0,0
2002,361024,1,1,19,19,19,19,19,19,19,19,19,19
2002,361025,0,1,0,0,0,9,0,0,0,0,0,0
2002,361025,1,1,0,0,0,0,0,0,0,0,0,0
2002,361026,0,1,0,0,0,0,16,0,0,0,0,0
2002,361026,1,1,0,0,0,0,0,0,0,0,0,0
2002,361027,0,1,0,0,20,0,14,0,24,0,0,0
2002,361027,1,1,0,0,6,0,0,0,0,0,0,0
2002,361028,1,1,29,29,29,29,29,29,29,29,29,29
2002,361029,1,1,0,0,0,0,22,23,33,0,0,0
2002,361030,1,1,1,1,1,1,1,1,1,1,1,1
2002,361030,2,1,0,0,0,0,0,0,0,0,0,0
2002,361030,3,1,0,0,0,0,0,0,0,0,0,3
2002,361031,1,1,0,0,0,0,0,0,0,0,0,0
2002,361031,2,1,0,0,0,0,0,0,0,0,0,0
2002,361032,1,1,0,0,0,0,0,0,0,0,0,0
2002,361032,2,1,0,0,0,0,0,0,0,0,0,0
2002,361033,1,1,19,0,0,0,0,0,0,0,15,0
2002,361034,1,1,9,0,19,15,0,0,25,20,0,11
2002,361035,0,1,0,0,0,0,36,0,0,6,0,0
2002,361035,0,2,0,0,0,0,0,0,0,0,0,0
2002,361035,1,1,0,0,0,0,0,0,18,0,0,11
2002,361035,2,1,0,0,0,0,0,0,0,0,0,0
2002,361035,3,1,0,0,0,0,0,0,0,0,0,0
2002,361036,0,1,0,0,0,0,0,0,0,0,0,0
2002,361036,1,1,0,0,0,0,0,0,0,0,0,0
2002,361036,2,1,13,0,0,0,0,0,0,0,0,0
2002,361037,1,1,8,0,0,0,0,0,0,0,0,0
2002,361037,2,1,0,0,0,0,0,0,0,0,0,0
2002,361037,3,1,0,0,0,0,0,0,0,0,0,0
2002,361037,4,1,0,0,0,0,0,0,0,0,0,0
2002,361038,1,1,0,34,0,0,0,0,0,0,0,0
2002,361039,0,1,0,0,0,0,0,0,0,0,0,0
2002,361039,1,1,0,0,0,0,0,0,0,0,0,0
2002,361040,1,1,0,0,0,0,0,0,0,0,0,0
2002,361040,2,1,0,0,0,0,0,0,0,0,0,0
2002,361041,1,1,0,0,0,0,0,0,32,0,0,0
2002,361041,2,1,0,0,0,16,0,3,0,0,0,0
2002,361042,0,1,0,15,0,0,0,0,0,0,0,0
2002,361042,1,1,0,0,0,0,0,0,0,0,0,0
2002,361043,0,1,0,0,19,0,0,0,0,26,13,0
2002,361043,1,1,28,0,0,16,0,0,0,0,12,0
2002,361044,1,1,7,0,0,0,13,0,25,0,14,0
2002,361045,1,1,20,13,2,23,29,17,15,14,8,0
2002,361046,1,1,15,15,15,15,15,15,15,15,15,15
2002,361047,1,1,0,0,0,0,0,0,0,0,0,0
2002,361048,0,1,0,0,0,0,0,0,0,0,0,0
2002,361048,1,1,0,12,0,0,0,0,0,0,0,0
2002,361049,1,1,0,0,0,0,0,0,0,0,0,0
2002,361049,2,1,0,0,0,0,0,0,0,0,0,0
2002,361050,0,1,0,0,0,0,0,0,0,0,0,0
2002,361050,1,1,0,0,0,0,0,0,0,0,0,0
2002,361051,1,1,0,0,0,0,0,0,0,0,0,0
2002,361051,2,1,0,0,0,0,0,0,0,0,0,0
2002,361052,1,1,13,13,13,13,13,13,13,13,13,13
2002,361053,1,1,0,0,0,0,0,0,0,0,34,0
2002,361053,2,1,0,0,0,0,0,0,0,0,0,0
2002,361054,0,1,0,0,0,0,0,0,0,0,0,0
2002,361054,1,1,0,0,0,0,0,0,0,0,0,0
2002,361055,1,1,9,17,11,2,20,26,4,15,10,11
2002,361055,2,1,0,0,0,0,0,0,0,0,0,0
2002,361056,1,1,0,12,0,0,0,0,0,0,0,0
2002,361057,1,1,0,0,0,0,0,0,0,0,0,0
2002,361057,2,1,0,2,0,0,0,0,0,0,0,0
2002,361058,1,1,4,21,17,11,22,23,20,27,11,20
2002,361058,2,1,5,7,0,12,0,0,0,7,0,0
2002,361059,1,1,0,0,0,0,0,0,0,0,0,0
2002,361059,2,1,0,0,0,0,0,0,0,0,0,0
2002,361060,1,1,0,0,0,0,0,0,0,0,0,0
2002,361060,2,1,0,0,0,0,0,0,0,0,0,0
2002,361061,1,1,0,0,0,0,0,0,0,0,0,0
2002,361061,2,1,0,0,0,0,0,0,0,0,0,0
2002,361062,1,1,0,0,0,0,0,0,0,0,0,0
2002,361063,0,1,0,19,0,50,0,0,0,18,0,0
2002,361063,1,1,0,0,0,0,0,0,0,0,0,0
2002,361064,0,1,0,0,0,0,0,0,0,0,0,0
2002,361064,1,1,0,0,0,0,0,0,20,0,0,0
2002,361065,0,1,0,0,0,0,0,0,0,0,0,0
2002,361065,1,1,0,0,0,0,0,0,0,0,0,0
2002,361066,1,1,0,0,0,0,0,0,0,0,0,0
2002,361066,2,1,0,0,0,0,0,0,0,0,0,0
2002,361068,0,1,32,0,16,0,0,0,0,28,0,0
2002,361068,1,1,0,0,0,0,0,0,24,0,0,0
2002,361069,0,1,0,0,0,0,0,0,0,0,0,0
2002,361069,1,1,6,0,8,0,0,0,11,0,0,0
2002,361069,2,1,0,0,0,0,0,0,0,0,0,0
2002,361070,1,1,0,0,0,0,0,0,0,0,0,0
2002,361070,2,1,0,0,0,0,0,0,0,0,0,0
2002,361070,3,1,0,0,0,0,0,0,0,0,0,0
2002,361072,0,1,0,0,0,0,0,0,0,0,0,0
2002,361072,1,1,0,0,0,0,0,0,0,0,0,18
2002,361073,1,1,0,0,0,0,0,0,0,0,0,0
2002,361073,2,1,0,0,0,0,0,0,0,0,0,0
2002,361074,0,1,0,0,0,0,0,0,0,0,0,0
2002,361074,1,1,0,0,0,0,0,0,0,0,0,0
2002,361075,1,1,0,0,0,0,0,0,0,0,0,0
2002,361075,2,1,0,0,0,0,0,0,0,0,0,0
2002,361076,1,1,0,0,0,0,0,0,0,0,0,0
2002,361077,1,1,29,14,5,17,26,24,19,5,9,10
2002,361077,2,1,0,0,0,0,0,0,0,0,0,0
2002,361078,0,1,0,0,0,0,0,0,0,0,0,0
2002,361078,1,1,0,0,0,0,0,0,0,0,0,0
2002,361079,1,1,0,0,0,0,0,0,0,0,0,0
2002,361079,2,1,0,0,0,0,0,0,0,0,0,0
2002,361080,1,1,0,13,14,12,0,0,13,0,0,0
2002,361081,1,1,13,19,24,11,20,19,24,21,24,23
2002,361082,2,1,27,0,12,0,0,0,7,16,10,0
2002,361083,1,1,0,0,0,0,0,0,0,0,0,0
2002,361083,2,1,8,20,0,0,0,0,0,0,24,12
2002,361084,0,1,0,0,0,0,0,11,0,0,0,0
2002,361084,1,1,0,0,0,0,0,0,0,0,0,0
2002,361084,2,1,0,0,0,0,0,0,0,0,0,0
2002,361085,0,1,0,0,16,0,0,0,0,0,0,0
2002,361085,1,1,0,0,0,0,0,0,0,0,0,0
2002,361086,0,1,0,0,0,0,22,0,0,0,0,0
2002,361086,1,1,0,0,0,0,0,0,0,0,0,0
2002,361086,2,1,25,19,13,5,15,0,18,8,6,8
2002,361087,1,1,0,0,0,0,0,0,0,0,0,0
2002,361087,2,1,0,0,0,0,0,0,0,0,0,0
2002,361088,1,1,0,0,0,0,0,0,0,0,0,0
2002,361088,2,1,23,0,0,0,0,0,0,0,0,0
2002,361089,0,1,0,0,0,0,0,0,0,0,0,0
2002,361089,1,1,0,0,0,0,0,0,0,0,0,0
2002,361090,0,1,0,0,0,0,0,0,0,0,0,0
2002,361090,1,1,0,0,0,0,0,0,0,0,0,0
2002,361091,1,1,0,0,0,0,28,0,0,0,0,0
2002,361091,2,1,0,0,0,0,0,0,0,0,0,0
2002,361092,0,1,0,0,0,0,0,0,0,0,0,0
2002,361092,1,1,0,0,13,0,0,0,0,0,0,0
2002,361093,1,1,8,18,24,5,5,22,10,23,7,18
2002,361093,2,1,0,0,0,0,0,0,0,0,0,0
2002,361093,3,1,0,0,0,0,0,0,0,0,0,0
2002,361094,1,1,0,0,0,15,0,0,0,0,0,0
2002,361094,2,1,0,0,0,0,0,0,0,0,0,0
2002,361095,1,1,0,0,0,0,0,0,0,0,0,0
2002,361096,1,1,2,2,2,2,2,2,2,2,2,2
2002,361096,2,1,0,0,0,0,0,0,0,0,0,0
2002,361097,1,1,11,21,10,16,21,21,15,18,21,3
2002,361098,1,1,0,0,0,0,0,0,0,0,0,0
2002,361098,2,1,0,0,0,0,0,0,0,0,0,0
2002,361099,0,1,15,15,15,15,15,15,15,15,15,15
2002,361099,1,1,0,23,0,0,0,0,0,0,0,0
2002,361100,0,1,0,0,0,0,0,0,0,0,0,0
2002,361100,1,1,17,0,0,0,0,0,0,0,3,0
2002,361101,0,1,0,0,0,0,0,0,0,0,0,0
2002,361101,1,1,0,0,0,0,0,0,0,0,0,0
2002,361102,0,1,0,0,0,0,0,0,0,0,0,0
2002,361102,1,1,0,0,0,0,0,0,0,0,0,0
2002,361103,1,1,5,6,5,2,9,6,22,13,15,15
2002,361103,2,1,0,0,0,5,0,0,0,12,27,0
2002,361104,1,1,0,0,0,0,0,0,0,3,0,0
2002,361104,2,1,0,0,0,0,0,0,0,0,0,0
2002,361105,1,1,0,0,0,0,0,0,0,0,0,0
2002,361106,1,1,0,0,0,0,0,0,0,0,0,0
2002,361107,1,1,0,0,0,0,0,0,0,0,0,0
2002,361107,2,1,0,0,0,0,0,0,0,0,0,23
2002,361108,1,1,0,0,0,0,0,0,0,0,0,0
2002,361108,2,1,0,0,0,0,0,0,0,0,0,0
2002,361109,0,1,0,0,0,0,0,0,0,0,0,0
2002,361109,1,1,0,0,0,0,0,0,0,0,0,7
2002,361110,1,1,0,0,0,0,0,0,0,0,0,0
2002,361110,2,1,0,0,0,0,0,0,0,0,0,0
2002,361111,1,1,0,0,0,0,0,0,0,0,0,0
2002,361111,2,1,0,0,0,0,0,0,0,0,0,0
2002,361112,1,1,0,0,0,0,0,0,0,0,0,0
2002,361113,1,1,0,0,0,0,0,0,0,0,0,0
2002,361114,0,1,0,0,0,0,0,0,0,0,0,0
2002,361114,1,1,0,0,0,0,0,0,0,0,0,0
2002,361115,1,1,0,0,0,0,0,0,0,0,0,0
2002,361115,2,1,0,0,0,0,0,0,0,0,0,0
2002,361116,0,1,0,0,0,0,0,0,0,0,0,0
2002,361116,0,2,0,0,0,0,0,0,0,0,0,0
2002,361116,0,3,0,0,0,0,0,0,10,0,0,0
2002,361116,1,1,15,0,26,14,27,0,0,25,30,9
2002,361117,0,1,0,0,0,0,0,0,0,0,0,0
2002,361117,1,1,0,0,0,0,0,0,0,0,0,0
2002,361118,1,1,0,0,0,0,0,0,0,0,6,0
2002,361119,1,1,0,0,0,0,0,0,0,0,0,0
2002,361120,1,1,0,0,0,0,0,0,0,0,0,0
2002,361120,2,1,0,0,0,0,0,0,0,0,0,0
2002,361121,1,1,29,22,23,27,19,20,21,11,23,25
2002,361122,1,1,4,4,4,4,4,4,4,4,4,4
2002,361122,2,1,0,20,0,0,0,0,0,0,0,22
2002,361123,1,1,0,0,0,0,0,0,0,0,0,0
2002,361123,2,1,0,0,0,0,0,0,0,0,0,0
2002,361124,1,1,21,21,21,21,21,21,21,21,21,21
2002,361125,0,1,0,0,0,0,0,0,0,0,0,0
2002,361125,1,1,0,0,0,0,0,0,0,0,0,0
2002,361126,1,1,22,0,0,0,0,0,0,0,0,0
2002,361126,2,1,0,0,0,0,0,0,0,0,0,0
2002,361127,1,1,0,0,0,0,0,0,0,0,0,0
2002,361127,2,1,0,0,0,0,0,0,0,0,0,0
2002,361129,0,1,0,0,28,28,0,40,33,0,0,0
2002,361129,1,1,0,0,0,0,0,0,0,0,0,0
2002,361130,0,1,0,0,0,36,0,0,0,0,16,0
2002,361130,1,1,0,8,0,0,0,13,0,0,0,8
2002,361131,1,1,0,0,0,0,0,0,0,0,0,0
2002,361132,0,1,0,0,0,0,0,0,0,0,0,0
2002,361132,1,1,0,0,0,0,0,0,0,0,0,0
2002,361133,1,1,29,17,26,12,11,19,9,22,31,7
2002,361134,1,1,0,0,0,0,0,0,0,0,0,0
2002,361135,0,1,0,0,0,22,0,0,0,0,38,21
2002,361135,1,1,0,0,0,0,0,0,0,8,0,0
2002,361136,1,1,12,18,11,4,25,11,3,5,2,16
2002,361138,1,1,0,0,0,0,0,0,0,0,0,0
2002,361138,2,1,0,0,0,0,0,0,0,0,0,0
2002,361139,1,1,0,0,0,0,0,0,0,0,0,0
2002,361140,0,1,0,0,0,0,0,0,0,0,0,0
2002,361140,1,1,0,0,0,0,8,0,0,0,0,0
2002,361141,0,1,0,0,0,15,0,25,41,0,0,0
2002,361141,1,1,16,26,0,24,0,0,0,9,0,0
2002,361142,1,1,0,0,0,0,0,0,0,0,0,0
2002,361142,2,1,0,0,0,0,0,0,0,0,0,0
2002,361143,0,1,0,0,0,0,0,0,0,0,0,0
2002,361143,1,1,0,0,0,0,0,5,0,0,0,0
2002,361144,1,1,0,0,0,0,0,0,0,0,0,0
2002,361144,2,1,0,0,0,0,0,0,0,0,0,0
2002,361145,0,1,0,0,0,0,0,0,0,0,0,0
2002,361145,1,1,0,0,0,0,0,0,0,0,0,0
2002,361145,2,1,0,0,0,0,0,0,0,0,0,0
2002,361146,0,1,0,0,0,0,0,0,0,0,0,0
2002,361146,1,1,0,0,11,0,0,0,0,0,0,0
2002,361147,1,1,0,0,0,0,13,0,0,21,0,0
2002,361147,2,1,22,22,22,22,22,22,22,22,22,22
2002,361148,1,1,0,0,0,0,0,0,0,0,0,0
2002,361149,1,1,0,0,0,0,0,0,0,0,0,0
2002,361149,2,1,0,0,0,0,0,0,0,0,0,3
2002,361150,1,2,0,0,0,0,0,0,0,0,0,0
2002,361150,2,1,11,0,0,13,0,0,0,0,0,0
2002,361150,3,1,0,0,0,0,0,0,0,0,26,0
2002,361151,0,1,0,0,0,0,0,0,0,0,0,0
2002,361151,1,1,0,0,0,0,0,0,0,0,0,0
2002,361152,1,1,15,0,44,0,0,0,21,0,0,0
2002,361153,1,1,0,0,0,0,0,0,0,0,0,0
2002,361153,2,1,0,0,0,0,0,0,0,0,0,0
2002,361154,1,1,10,0,0,0,0,0,0,0,0,7
2002,361154,2,1,0,0,0,0,0,0,0,0,0,0
2002,361155,0,1,0,0,0,0,0,0,0,18,0,0
2002,361155,1,1,0,0,0,0,0,0,0,0,16,22
2002,361156,1,1,0,0,0,0,0,0,0,0,0,0
2002,361156,2,1,12,12,12,12,12,12,12,12,12,12
2002,361157,0,1,0,0,0,0,0,0,17,0,19,0
2002,361157,1,1,19,9,25,11,7,14,19,9,21,7
2002,361158,1,1,0,0,0,0,0,0,0,0,0,0
2002,361159,1,1,0,0,0,0,0,0,11,0,0,0
2002,361159,2,1,0,0,0,0,0,0,0,0,0,0
2002,361160,1,1,29,29,29,29,29,29,29,29,29,29
2002,361161,0,1,23,18,9,9,19,44,18,22,21,3
2002,361161,1,1,0,0,0,0,18,0,0,0,0,0
2002,361162,1,1,0,20,0,0,28,0,0,0,0,0
2002,361162,2,1,0,0,0,0,0,0,0,0,0,0
2002,361163,0,1,0,0,0,0,0,0,0,0,22,0
2002,361163,1,1,0,0,0,0,0,0,0,0,0,0
2002,361164,1,1,0,0,0,0,0,0,0,0,0,0
2002,361165,0,1,0,0,0,0,0,0,0,0,0,0
2002,361165,1,1,0,0,0,0,0,0,0,0,0,0
2002,361166,0,1,0,0,0,0,0,20,0,0,0,0
2002,361166,1,1,0,0,0,0,0,0,0,0,0,0
2002,361167,1,1,0,0,0,0,0,0,0,0,0,0
2002,361167,2,1,0,0,0,0,0,0,0,0,0,0
2002,361168,1,1,0,0,0,0,0,0,0,0,0,0
2002,361168,2,1,0,0,11,0,0,0,0,0,0,0
2002,361169,1,1,0,0,0,0,0,0,0,0,0,0
2002,361170,1,1,13,13,13,13,13,13,13,13,13,13
2002,361170,2,1,0,0,0,0,0,0,0,0,0,0
2002,361170,3,1,17,0,0,0,0,0,0,0,0,0
2002,361171,1,1,10,40,28,0,0,0,0,0,0,0
2002,361171,2,1,0,13,0,12,0,24,0,0,0,15
2002,361172,1,1,11,19,18,44,0,0,0,0,0,27
2002,361172,2,1,0,0,0,0,0,0,0,33,11,0
2002,361173,0,1,0,0,0,0,0,0,0,0,0,0
2002,361173,1,1,0,0,0,0,0,0,0,0,0,0
2002,361174,0,1,0,0,0,0,12,0,0,0,0,7
2002,361174,0,2,0,0,0,18,0,0,0,0,0,32
2002,361174,0,3,0,0,11,0,0,0,0,0,0,0
2002,361174,1,1,0,0,0,0,0,0,0,0,0,0
2002,361175,0,1,0,0,0,0,0,0,0,0,0,0
2002,361175,0,2,0,0,0,0,0,0,0,0,0,0
2002,361175,0,3,24,0,0,0,0,0,0,0,0,0
2002,361175,1,1,0,0,0,0,0,0,0,0,0,0
2002,361176,1,1,0,0,0,9,0,0,0,0,0,0
2002,361177,1,1,14,14,14,14,14,14,14,14,14,14
2002,361178,1,1,11,11,11,11,11,11,11,11,11,11
2002,361178,2,1,0,30,11,0,0,0,0,0,0,0
2002,361179,1,1,4,4,4,4,4,4,4,4,4,4
2002,361180,1,1,0,0,0,32,29,0,18,0,0,0
2002,361181,0,1,0,0,0,0,0,0,0,0,0,0
2002,361181,0,2,0,8,0,0,0,0,0,0,8,0
2002,361181,1,1,15,9,19,27,22,13,29,8,0,23
2002,361182,0,1,0,0,0,0,20,0,0,0,0,28
2002,361182,1,1,0,0,0,0,0,0,0,0,0,0
2002,361183,1,1,0,0,0,0,0,0,0,0,0,0
2002,361184,1,1,0,0,0,0,0,0,0,0,0,0
2002,361185,0,1,0,0,0,0,0,0,0,0,0,0
2002,361185,1,1,0,0,0,0,0,0,0,0,0,0
2002,361186,0,1,0,21,16,0,0,0,0,0,9,0
2002,361186,1,1,11,0,0,0,0,0,0,0,0,0
2002,361187,1,1,0,0,17,0,0,0,14,0,0,0
2002,361188,0,1,0,0,0,0,0,0,0,0,0,0
2002,361188,1,1,0,0,0,0,0,0,0,0,0,0
2002,361189,1,1,0,0,14,0,17,0,0,0,21,0
2002,361190,1,1,0,0,0,0,0,0,0,0,0,0
2002,361190,2,1,0,0,0,0,0,0,0,0,0,0
2002,361191,1,1,0,0,0,0,0,0,0,0,0,0
2002,361191,2,1,0,0,0,0,0,0,0,0,0,0
2002,361192,1,1,0,0,0,0,0,0,0,0,0,0
2002,361192,2,1,25,14,0,0,9,0,28,0,12,0
2002,361193,1,1,0,0,0,0,12,18,0,0,0,0
2002,361194,1,1,0,0,0,0,0,0,0,0,0,0
2002,361194,2,1,0,0,0,0,0,0,0,0,0,0
2002,361195,1,1,9,30,0,27,21,0,19,21,0,0
2002,361196,1,1,19,17,21,0,23,18,8,14,11,12
2002,361197,1,1,0,0,0,0,0,0,0,0,0,5
2002,361197,2,1,0,0,0,0,0,0,0,0,0,0
2002,361198,1,1,0,0,0,0,0,0,0,0,0,0
2002,361199,1,1,0,0,0,0,15,0,0,0,0,0
2002,361199,2,1,0,0,0,0,0,0,0,0,0,0
2002,361200,1,1,0,0,0,0,0,0,0,0,0,0
2002,361201,0,1,0,0,0,0,0,0,0,0,0,0
2002,361201,1,1,0,0,0,0,0,0,0,0,0,0
2002,361202,1,1,0,0,0,0,0,0,0,0,0,0
2002,361203,1,1,0,0,0,0,0,0,0,0,0,3
2002,361203,2,1,5,5,5,5,5,5,5,5,5,5
2002,361204,0,1,23,23,23,23,23,23,23,23,23,23
2002,361204,1,1,0,0,0,0,0,0,0,0,0,0
2002,361205,1,1,0,0,0,0,0,0,0,0,0,0
2002,361205,2,1,21,21,21,21,21,21,21,21,21,21
2002,361206,0,1,0,0,0,0,0,0,0,0,0,0
2002,361206,1,1,0,0,0,0,0,0,0,0,0,0
2002,361207,0,1,0,6,9,16,0,0,0,0,0,0
2002,361207,1,1,14,0,0,0,0,0,0,0,0,0
2002,361208,1,1,0,0,0,0,0,0,0,0,0,0
2002,361208,2,1,0,0,0,0,0,0,0,0,0,0
2002,361208,3,1,0,0,0,0,0,0,0,0,0,0
2002,361209,1,1,9,0,0,13,0,0,0,0,0,0
2002,361210,1,1,0,0,0,0,0,0,0,0,0,0
2002,361211,0,1,0,34,0,0,25,9,0,16,0,0
2002,361211,1,1,0,0,0,0,0,0,0,0,0,0
2002,361212,1,1,0,0,19,0,18,0,0,0,0,0
2002,361212,2,1,0,0,0,0,0,0,0,0,0,0
2002,361212,3,1,2,0,0,0,0,0,0,0,0,0
2002,361213,1,1,13,19,6,10,14,11,17,12,2,15
2002,361214,0,1,0,0,0,0,0,0,0,0,0,0
2002,361214,1,1,0,0,0,0,0,0,0,0,0,0
2002,361215,1,1,12,20,19,12,8,16,21,26,4,0
2002,361216,1,1,19,19,19,19,19,19,19,19,19,19
2002,361217,0,1,9,9,9,9,9,9,9,9,9,9
2002,361217,1,1,0,0,0,0,0,0,0,0,9,0
2002,361218,0,1,0,0,0,0,0,0,0,0,0,0
2002,361218,1,1,0,0,0,0,0,0,0,0,0,0
2002,361219,1,1,12,12,0,3,24,33,8,24,0,22
2002,361220,0,1,0,0,0,0,0,0,0,0,0,0
2002,361220,1,1,0,0,0,0,0,0,0,0,0,0
2002,361221,0,1,5,5,5,5,5,5,5,5,5,5
2002,361221,1,1,0,0,0,0,0,0,0,17,0,0
2002,361222,0,1,0,0,0,0,0,0,0,0,0,0
2002,361222,1,1,0,0,0,0,0,0,0,0,0,0
2002,361223,1,1,0,0,0,0,0,0,0,0,0,0
2002,361223,2,1,0,0,0,0,0,0,0,0,0,0
2002,361223,3,1,0,0,0,0,0,0,0,0,0,0
2002,361223,4,1,16,10,10,5,12,23,17,12,9,42
2002,361224,1,1,0,0,0,0,0,0,0,0,0,0
2002,361224,2,1,0,0,0,0,0,0,0,0,0,0
2002,361225,1,1,19,19,19,19,19,19,19,19,19,19
2002,361226,0,1,0,7,31,0,0,0,7,3,15,17
2002,361226,1,1,0,0,21,0,0,0,0,0,0,0
2002,361227,1,1,0,0,0,25,0,0,0,0,0,0
2002,361228,1,1,0,0,0,0,0,0,15,11,0,0
2002,361229,1,1,0,0,0,0,0,0,0,0,0,0
2002,361229,2,1,0,0,0,0,0,0,0,0,0,0
2002,361230,0,1,0,0,0,0,0,0,0,0,0,0
2002,361230,1,1,0,0,0,0,0,0,0,0,0,0
2002,361231,0,1,0,0,27,0,0,0,0,0,0,15
2002,361231,1,1,0,0,0,0,0,0,0,0,0,19
2002,361232,0,1,0,0,0,0,0,0,0,0,0,0