YEAR,ST_CASE,veh_no,per_no,P1,P2,P3,P4,P5,P6,P7,P8,P9,P10
2002,361232,1,1,0,0,0,0,0,0,0,8,0,0
2002,361233,0,1,3,3,3,3,3,3,3,3,3,3
2002,361233,1,1,0,0,0,0,0,0,0,0,0,0
2002,361234,1,1,5,5,5,5,5,5,5,5,5,5
2002,361234,2,1,0,0,0,0,0,11,0,0,0,0
2002,361235,1,1,0,0,0,0,0,0,0,0,0,0
2002,361235,2,1,0,0,0,0,0,0,0,0,0,0
2002,361236,1,1,0,0,0,0,0,0,0,0,0,0
2002,361236,2,1,0,0,0,0,0,0,0,0,0,0
2002,361237,0,1,0,0,0,0,0,0,0,0,0,0
2002,361237,1,1,0,0,0,0,0,0,0,0,0,0
2002,361238,1,1,0,0,0,0,0,0,0,0,0,0
2002,361238,2,1,0,0,0,0,0,0,0,0,0,0
2002,361239,1,1,0,0,0,0,0,0,0,0,0,0
2002,361239,2,1,0,0,0,0,0,0,0,0,0,0
2002,361240,1,1,0,0,13,0,0,21,17,0,0,0
2002,361240,2,1,0,6,0,0,0,0,0,0,0,0
2002,361240,3,1,0,0,0,0,0,0,0,0,0,0
2002,361241,0,1,0,0,0,0,0,0,0,0,0,0
2002,361241,1,1,0,0,0,0,0,0,0,0,0,0
2002,361242,1,1,0,0,0,0,0,0,0,0,0,0
2002,361243,1,1,3,26,10,15,35,19,22,18,12,27
2002,361243,2,1,0,0,0,0,0,0,0,0,0,0
2002,361243,3,1,0,0,0,0,0,0,0,0,0,0
2002,361243,4,1,0,0,0,0,0,0,0,0,0,0
2002,361244,1,1,4,4,4,4,4,4,4,4,4,4
2002,361245,1,1,0,0,0,0,0,0,0,0,22,0
2002,361246,1,1,0,0,0,0,0,0,0,0,0,0
2002,361247,1,1,0,0,0,20,0,0,0,0,0,0
2002,361248,1,1,0,0,0,0,0,9,0,0,0,6
2002,361249,0,1,0,0,0,0,0,0,0,0,0,0
2002,361249,1,1,0,0,0,0,0,0,0,0,0,0
2002,361250,0,1,0,14,0,0,0,0,0,0,0,0
2002,361250,1,1,0,10,0,0,0,0,0,0,0,0
2002,361250,2,1,0,0,0,0,0,0,0,0,0,0
2002,361250,3,1,0,23,0,0,0,0,11,0,0,0
2002,361251,0,1,31,31,31,31,31,31,31,31,31,31
2002,361251,1,1,0,0,22,0,0,40,0,0,15,0
2002,361252,1,1,15,10,18,9,14,16,38,5,17,15
2002,361253,1,1,0,0,0,0,0,0,0,0,0,0
2002,361253,2,1,0,0,0,10,0,0,0,0,0,0
2002,361254,1,1,13,21,0,27,0,15,0,21,37,21
2002,361255,0,1,0,0,0,20,0,0,0,0,0,0
2002,361255,1,1,0,0,0,0,0,0,0,0,0,0
2002,361256,0,1,0,0,0,0,26,0,0,5,0,0
2002,361256,1,1,0,0,0,0,0,0,0,0,0,0
2002,361257,1,1,0,0,0,12,0,0,0,15,0,0
2002,361258,0,1,0,0,0,0,0,0,0,0,0,0
2002,361258,1,1,0,0,0,0,15,0,9,0,0,0
2002,361259,0,1,0,0,0,0,0,0,0,0,0,0
2002,361259,1,1,24,15,8,12,18,8,9,20,0,20
2002,361260,1,1,0,0,0,0,0,0,0,0,8,0
2002,361260,2,1,0,0,0,0,0,0,0,0,0,0
2002,361260,3,1,0,0,0,0,0,0,0,0,0,0
2002,361261,1,1,0,0,0,0,0,0,0,0,0,0
2002,361262,1,1,0,0,0,0,0,0,0,0,0,0
2002,361262,2,1,0,0,0,0,0,0,0,0,0,0
2002,361262,3,1,0,0,0,0,36,0,0,0,0,0
2002,361263,1,1,0,0,0,0,0,0,0,0,0,0
2002,361263,2,1,0,0,0,0,0,0,0,0,0,0
2002,361263,3,1,0,0,0,0,0,0,0,0,0,0
2002,361264,0,1,0,0,21,0,0,0,0,14,33,0
2002,361264,1,1,0,0,0,0,0,0,0,0,0,0
2002,361265,0,1,0,0,0,0,0,0,0,0,0,0
2002,361265,1,1,0,8,0,0,0,0,0,0,0,0
2002,361266,1,1,15,13,0,10,12,20,0,13,0,21
2002,361267,0,1,0,0,0,0,0,0,15,0,0,0
2002,361267,1,1,0,0,0,0,0,0,0,0,0,0
2002,361268,1,1,0,0,0,0,0,0,0,0,0,0
2002,361268,2,1,0,0,0,0,0,0,0,0,0,0
2002,361269,1,1,0,0,0,0,0,0,0,0,0,0
2002,361269,2,1,0,0,0,7,0,0,0,0,0,0
2002,361270,0,1,0,0,15,31,0,0,0,0,0,39
2002,361270,1,1,0,0,23,0,0,0,0,0,0,0
2002,361271,0,1,29,0,0,0,0,35,0,6,17,0
2002,361271,1,1,0,0,0,0,0,0,0,0,0,0
2002,361272,1,1,21,30,14,28,38,30,25,17,18,25
2002,361273,1,1,0,0,0,0,0,0,0,0,0,0
2002,361273,2,1,0,0,0,0,0,0,0,0,0,0
2002,361273,3,1,0,0,0,0,0,0,0,0,0,0
2002,361274,1,1,0,0,14,0,0,0,0,0,0,0
2002,361274,2,1,0,0,0,0,0,0,0,19,0,0
2002,361275,1,1,0,0,0,0,0,0,0,0,0,0
2002,361276,0,1,24,0,0,0,11,0,0,0,0,0
2002,361277,0,1,0,0,0,0,0,0,0,0,0,6
2002,361277,1,1,0,0,0,0,0,0,0,0,0,0
2002,361278,1,1,0,0,0,0,0,0,0,0,0,0
2002,361278,2,1,0,0,0,0,0,0,0,0,0,5
2002,361279,1,1,0,0,0,0,0,0,0,0,23,0
2002,361280,0,1,0,0,0,0,0,0,0,0,0,0
2002,361280,1,1,0,0,28,0,0,0,0,0,0,0
2002,361281,0,1,0,0,0,0,0,0,0,0,0,0
2002,361281,1,1,0,0,0,0,0,0,0,0,0,0
2002,361282,1,1,0,0,0,0,0,0,0,0,0,0
2002,361282,2,1,0,0,0,0,0,0,0,0,0,0
2002,361283,1,1,0,0,0,0,0,0,0,0,12,0
2002,361284,0,1,0,18,0,0,0,0,18,0,13,0
2002,361284,1,1,0,0,0,0,0,0,22,0,0,0
2002,361285,0,1,0,0,0,0,0,0,0,0,0,0
2002,361285,1,1,0,0,0,0,0,0,0,0,0,0
2002,361286,0,1,0,0,0,0,0,0,0,0,0,0
2002,361286,1,1,0,0,0,0,0,0,0,0,0,0
2002,361287,1,1,25,18,19,28,8,17,28,14,25,17
2002,361288,0,1,24,0,10,11,38,0,0,0,12,0
2002,361288,1,1,13,15,19,12,19,23,15,11,8,18
2002,361289,1,1,13,0,26,0,8,0,8,0,0,0
2002,361289,2,1,0,0,0,0,0,16,0,0,0,0
2002,361290,1,1,10,10,10,10,10,10,10,10,10,10
2002,361290,2,1,0,0,0,0,14,0,0,0,0,0
2002,361291,0,1,0,0,0,0,0,0,0,0,0,0
2002,361291,1,1,0,0,0,0,0,0,0,0,0,0
2002,361292,0,1,0,0,15,0,0,0,0,0,0,0
2002,361292,1,1,34,0,29,0,28,0,0,0,0,0
2002,361293,1,1,0,0,0,0,0,0,0,0,0,0
2002,361294,0,1,0,0,0,0,0,0,0,0,0,0
2002,361294,1,1,0,0,0,0,0,11,0,0,0,0
2002,361295,0,1,0,0,15,0,0,0,0,0,0,0
2002,361295,1,1,0,0,0,0,0,0,0,0,0,0
2002,361296,0,1,0,0,0,0,0,0,0,0,0,0
2002,361296,1,1,0,0,0,0,11,0,0,0,0,0
2002,361297,0,1,0,0,0,15,0,0,0,0,0,0
2002,361297,1,1,0,0,0,0,0,0,0,0,0,0
2002,361298,0,1,0,0,0,9,0,3,0,0,0,0
2002,361298,0,2,0,0,0,0,0,0,0,0,0,0
2002,361298,1,1,0,0,0,0,0,0,0,0,0,0
2002,361299,0,1,0,0,0,0,0,12,0,0,0,0
2002,361299,1,1,0,0,0,0,0,0,0,0,0,0
2002,361300,1,1,11,11,11,11,11,11,11,11,11,11
2002,361301,0,1,0,11,0,0,0,0,0,0,0,0
2002,361301,1,1,0,0,0,0,0,0,4,0,0,0
2002,361302,0,1,0,0,11,3,0,0,0,0,0,20
2002,361302,1,1,0,0,0,0,0,0,0,0,0,0
2002,361303,1,1,0,0,0,0,0,0,0,0,0,0
2002,361303,2,1,14,0,0,0,0,0,0,0,0,19
2002,361304,1,1,0,0,15,0,0,0,0,0,0,0
2002,361305,1,1,0,0,0,0,0,0,0,0,0,0
2002,361305,2,1,0,0,0,0,0,0,0,0,0,0
2002,361306,0,1,0,0,0,0,0,0,0,0,0,0
2002,361306,1,1,0,0,0,0,0,0,0,0,0,0
2002,361307,1,1,0,0,0,16,0,0,0,0,0,0
2002,361307,2,1,0,0,0,0,0,0,0,0,0,0
2002,361308,1,1,0,0,0,0,0,0,0,0,0,0
2002,361308,2,1,0,0,0,0,0,0,0,0,0,0
2002,361308,3,1,0,0,0,0,0,0,0,0,0,0
2002,361309,0,1,16,16,16,16,16,16,16,16,16,16
2002,361309,1,1,0,0,0,0,0,0,0,0,0,0
2002,361310,1,1,0,0,0,28,0,0,0,0,10,0
2002,361310,2,1,0,0,0,0,0,0,0,0,0,0
2002,361311,0,1,0,0,0,0,18,0,0,0,0,0
2002,361311,1,1,12,0,25,9,19,0,13,13,0,0
2002,361312,0,1,0,0,27,28,0,17,20,0,0,0
2002,361312,1,1,0,0,0,0,0,0,0,0,0,0
2002,361312,2,1,0,0,0,0,0,0,0,0,0,0
2002,361313,0,1,0,0,0,0,0,0,0,0,0,0
2002,361313,1,1,0,0,0,0,0,0,0,0,0,0
2002,361314,1,1,0,0,0,0,0,0,0,0,0,0
2002,361315,0,1,20,0,0,0,0,38,0,0,0,59
2002,361315,1,1,0,0,19,0,0,0,0,0,0,0
2002,361316,1,1,7,0,0,0,0,0,0,0,19,0
2002,361316,2,1,0,0,0,0,5,0,0,0,24,0
2002,361317,1,1,0,0,0,0,11,0,0,0,0,0
2002,361318,0,1,0,0,0,0,0,0,17,18,0,0
2002,361318,1,1,0,0,0,0,0,0,0,0,0,0
2002,361319,1,1,0,0,0,0,0,0,0,18,0,0
2002,361319,2,1,0,0,0,0,0,0,0,0,0,0
2002,361319,3,1,0,0,8,0,0,0,0,0,0,0
2002,361320,0,1,0,0,0,0,0,0,0,0,0,0
2002,361320,1,1,0,0,0,0,0,0,0,0,0,0
2002,361321,1,1,0,0,17,0,0,0,0,0,0,0
2002,361323,0,1,0,0,0,0,0,0,0,0,0,0
2002,361323,1,1,0,0,0,0,0,0,0,0,0,0
2002,361324,1,1,0,0,0,0,0,0,27,0,0,0
2002,361324,2,1,0,0,0,0,0,0,0,0,0,0
2002,361325,1,1,0,0,0,0,0,0,0,12,0,26
2002,361326,1,1,9,0,0,0,0,0,20,0,0,5
2002,361327,1,1,0,0,0,0,0,0,0,0,3,0
2002,361328,1,1,5,0,0,0,0,0,0,13,0,0
2002,361329,0,1,0,14,32,15,0,0,46,31,24,0
2002,361329,0,2,11,8,15,31,12,7,26,0,34,32
2002,361329,1,1,11,12,11,12,16,13,14,12,24,11
2002,361329,2,1,0,0,0,0,0,0,0,0,0,0
2002,361330,1,1,24,4,9,24,7,15,23,17,0,19
2002,361331,1,1,0,0,0,0,0,0,0,0,0,0
2002,361331,2,1,0,0,0,0,13,0,0,0,0,0
2002,361331,3,1,0,0,0,0,0,0,0,0,0,0
2002,361332,0,1,0,0,0,0,0,0,0,0,0,0
2002,361332,1,1,0,0,0,16,0,0,0,0,0,0
2002,361333,0,1,0,0,0,0,0,0,0,0,0,0
2002,361333,1,1,0,0,0,0,0,0,0,0,0,0
2002,361334,1,1,0,0,0,0,0,0,0,0,0,0
2002,361334,2,1,0,0,0,0,0,0,0,0,0,0
2002,361335,0,1,0,0,0,0,0,9,0,0,0,0
2002,361335,1,1,0,0,0,0,0,0,0,0,0,0
2002,361336,0,1,0,0,0,25,0,10,34,0,0,0
2002,361336,1,1,14,0,0,0,0,0,0,0,0,0
2002,361336,2,1,0,0,12,0,0,0,0,0,23,5
2002,361338,1,1,0,0,0,0,0,0,0,0,0,0
2002,361338,2,1,0,0,0,0,0,0,0,0,0,0
2002,361338,3,1,0,0,0,0,0,0,0,0,0,0
2002,361338,4,1,0,9,0,0,0,0,0,0,0,0
2002,361339,0,1,0,0,0,0,0,0,0,0,0,0
2002,361339,1,1,6,21,14,0,8,22,22,18,5,0
2002,361340,0,1,0,0,27,0,0,19,19,0,0,24
2002,361340,1,1,0,0,0,0,0,0,0,0,0,0
2002,361342,1,1,0,0,0,0,14,0,0,0,0,0
2002,361342,2,1,0,17,0,0,0,0,0,0,0,0
2002,361343,0,1,0,0,0,0,0,23,0,0,0,0
2002,361343,1,1,0,0,0,0,0,0,0,0,0,0
2002,361344,0,1,0,0,0,0,0,0,0,0,0,0
2002,361344,1,1,0,0,0,0,0,0,0,0,0,0
2002,361345,0,1,0,0,19,0,0,0,0,0,0,0
2002,361345,1,1,0,0,0,0,0,0,0,3,0,0
2002,361345,2,1,0,0,0,0,0,0,0,0,0,0
2002,361346,1,1,0,0,0,0,0,26,5,15,0,0
2002,361346,2,1,0,0,0,18,0,0,0,0,0,23
2002,361346,3,1,0,0,0,0,10,0,0,0,0,0
2002,361346,4,1,0,0,0,14,0,0,0,0,0,0
2002,361347,0,1,0,0,0,0,0,0,0,0,0,0
2002,361347,1,1,0,0,0,0,0,0,0,0,0,0
2002,361348,0,1,0,0,0,0,0,14,0,0,0,7
2002,361348,1,1,0,0,0,0,0,0,0,0,0,0
2002,361349,0,1,0,0,0,0,5,0,0,0,0,0
2002,361349,1,1,0,0,0,0,0,0,0,0,0,0
2002,361350,0,1,0,0,0,0,0,0,0,0,0,0
2002,361350,1,1,0,0,9,0,0,0,0,0,8,0
2002,361351,1,1,0,0,0,0,0,0,0,0,0,0
2002,361351,2,1,0,0,0,0,0,0,0,0,0,0
2002,361352,0,1,0,0,26,0,0,8,0,0,25,0
2002,361352,1,1,0,0,23,0,0,0,0,7,0,0
2002,361353,1,1,0,0,0,0,0,0,0,0,0,0
2002,361353,2,1,0,0,0,0,0,0,0,0,0,0
2002,361354,0,1,0,0,0,0,0,0,0,0,0,0
2002,361354,0,2,0,0,0,0,0,0,0,0,0,0
2002,361354,1,1,0,0,0,0,0,0,0,0,0,0
2002,361354,2,1,0,0,0,0,0,0,0,0,0,0
2002,361355,0,1,0,0,0,0,0,0,0,0,12,0
2002,361355,1,1,0,0,0,22,0,0,0,0,0,0
2002,361356,0,1,0,0,0,0,0,0,0,0,0,0
2002,361356,1,1,0,0,0,0,0,0,0,0,0,0
2002,361357,1,1,0,0,0,0,0,0,0,0,0,0
2002,361357,2,1,0,0,0,0,0,0,0,9,0,0
2002,361357,3,1,0,0,0,0,0,0,0,0,0,0
2002,361358,1,1,0,0,0,0,0,0,0,0,0,0
2002,361358,2,1,0,0,0,0,0,0,0,0,0,0
2002,361359,0,1,0,0,0,0,0,0,0,0,0,0
2002,361359,1,1,0,0,0,0,0,0,0,0,0,0
2002,361360,1,1,0,0,7,0,0,0,16,0,0,0
2002,361361,1,1,0,6,0,0,8,0,0,24,0,0
2002,361361,2,1,0,0,0,0,6,0,0,0,0,0
2002,361362,1,1,0,0,0,0,0,0,0,0,0,0
2002,361363,0,1,0,0,0,0,35,0,0,39,0,32
2002,361363,1,1,0,0,0,0,0,0,0,0,0,0
2002,361364,1,1,7,7,7,7,7,7,7,7,7,7
2002,361364,2,1,0,0,0,0,0,0,0,0,0,0
2002,361365,1,1,12,23,22,2,19,27,6,21,15,19
2002,361365,2,1,0,0,0,0,0,0,0,0,0,0
2002,361367,1,1,0,0,0,0,0,0,0,0,0,0
2002,361367,2,1,0,0,0,0,0,0,25,0,0,0
2002,361368,1,1,0,0,0,0,12,0,0,0,0,0
2002,361369,1,1,0,0,0,0,0,0,0,0,0,11
2002,361369,2,1,0,0,0,0,0,0,0,0,0,0
2002,361370,1,1,0,0,0,0,0,0,0,0,0,0
2002,361370,2,1,0,0,0,0,0,0,0,0,0,0
2002,361371,1,1,0,0,0,0,0,0,0,0,0,0
2002,361371,2,1,0,0,0,0,0,0,0,0,0,0
2002,361372,1,1,0,0,0,0,0,0,0,0,0,0
2002,361373,1,1,0,0,0,0,0,0,0,0,0,0
2002,361373,2,1,0,0,0,0,0,0,0,0,0,0
2002,361373,3,1,0,0,0,0,0,0,0,0,0,0
2002,361374,1,1,0,0,0,0,11,0,0,0,0,8
2002,361374,2,1,0,0,0,0,0,0,0,0,0,0
2002,361375,0,1,0,0,0,0,0,0,0,0,0,0
2002,361375,1,1,0,0,0,0,0,0,0,0,0,0
2002,361376,0,1,0,0,0,30,0,0,0,0,0,0
2002,361376,1,1,0,15,0,0,12,0,0,17,0,0
2002,361377,0,1,0,0,0,0,0,0,0,0,0,0
2002,361377,1,1,0,0,0,9,0,0,0,0,0,0
2002,361378,1,1,0,0,0,0,0,0,0,0,0,0
2002,361378,2,1,0,0,0,0,0,0,0,0,0,0
2002,361378,3,1,0,0,0,0,0,0,0,0,0,0
2002,361379,0,1,0,0,0,0,26,16,0,0,0,0
2002,361379,1,1,7,13,0,0,0,6,0,0,0,0
2002,361380,0,1,0,0,0,0,0,0,0,0,0,0
2002,361380,1,1,0,0,0,0,0,0,0,0,0,0
2002,361381,0,1,18,36,0,0,0,0,27,0,9,0
2002,361381,1,1,0,0,0,0,0,0,0,0,0,0
2002,361382,1,1,0,0,0,0,0,0,0,0,0,0
2002,361384,0,1,0,0,0,0,0,0,0,0,0,0
2002,361384,1,1,0,0,0,0,0,0,0,14,0,0
2002,361385,0,1,0,0,0,0,0,0,0,0,0,0
2002,361385,1,1,0,0,0,0,0,0,0,22,0,0
2002,361386,1,1,12,23,39,16,18,22,11,21,13,23
2002,361387,1,1,0,0,0,0,0,0,0,0,0,0
2002,361387,2,1,0,0,0,0,0,0,0,0,0,0
2002,361388,0,1,0,0,0,0,0,0,0,0,0,0
2002,361388,1,1,0,0,0,0,0,0,0,0,0,0
2002,361390,1,1,19,19,19,19,19,19,19,19,19,19
2002,361391,1,1,0,0,0,0,0,0,0,0,0,0
2002,361392,0,1,18,0,28,18,18,0,18,27,0,0
2002,361392,1,1,0,0,0,8,0,0,0,0,0,0
2002,361393,0,1,0,0,0,0,0,0,0,0,0,0
2002,361393,1,2,0,0,0,0,0,0,0,0,0,0
2002,361394,0,1,0,0,0,0,0,0,0,25,50,23
2002,361394,1,1,16,0,12,13,0,0,0,16,6,0
2002,361394,2,1,5,2,0,0,0,31,13,9,0,11
2002,361395,1,1,0,0,0,0,0,0,0,0,0,0
2002,361395,2,1,0,0,0,0,0,0,0,0,0,0
2002,361396,0,1,18,18,18,18,18,18,18,18,18,18
2002,361396,1,1,0,0,0,0,0,0,14,0,0,0
2002,361396,2,1,0,0,0,0,0,0,0,0,0,0
2002,361397,1,1,0,0,0,0,0,21,0,0,0,0
2002,361398,0,1,0,0,12,0,0,0,0,0,0,0
2002,361398,1,1,0,0,0,0,0,4,0,0,0,0
2002,361399,0,1,0,0,0,0,0,0,0,0,0,0
2002,361399,1,1,0,0,0,0,0,0,0,0,0,0
2002,361400,0,1,8,8,8,8,8,8,8,8,8,8
2002,361400,1,1,0,9,0,0,0,0,0,0,0,0
2002,361401,0,1,0,0,0,0,2,0,0,0,0,0
2002,361401,1,1,0,0,0,0,0,0,0,0,0,0
2002,361402,0,1,0,0,0,0,0,0,0,0,0,0
2002,361402,1,1,0,0,0,0,0,0,0,0,0,0
2002,361403,1,1,0,0,0,0,0,0,0,0,0,0
2002,361403,2,1,0,0,0,0,0,0,0,0,0,0
2002,361403,3,1,0,0,0,0,0,0,0,0,0,0
2002,361404,1,1,0,0,0,0,0,0,0,0,0,0
2002,361404,2,1,0,0,0,0,0,0,0,0,0,0
2002,361405,0,1,0,0,0,0,0,0,0,0,0,0
2002,361405,1,1,0,0,0,0,0,0,0,0,0,0
2002,361406,0,1,0,0,0,0,0,0,0,0,0,0
2002,361406,1,1,0,0,19,0,0,0,0,0,0,0
2002,361408,1,1,0,0,0,0,0,0,0,0,0,0
2002,361408,2,1,0,0,0,0,0,0,0,0,0,0
2002,361409,1,1,0,0,0,0,0,0,0,0,0,0
2002,361410,1,1,17,17,17,17,17,17,17,17,17,17
2002,361410,2,1,0,0,0,0,0,0,0,0,0,0
2002,361412,0,1,0,0,0,0,0,0,0,0,0,0
2002,361412,0,2,0,0,0,0,0,0,0,0,0,0
2002,361412,1,1,0,0,0,0,0,0,0,0,0,0
2002,361413,0,1,0,0,0,0,0,0,0,0,0,23
2002,361413,1,1,0,0,0,0,0,0,0,0,0,0
2002,361414,0,1,0,20,0,0,0,7,28,11,0,12
2002,361414,1,1,0,0,13,0,0,0,0,0,15,0
2002,361415,1,1,0,0,0,0,0,0,9,0,0,14
2002,361415,2,1,0,13,0,3,21,0,0,17,9,0
2002,361416,0,1,14,32,0,0,0,21,0,12,0,23
2002,361416,1,1,28,28,29,5,25,20,0,0,6,0
2002,361417,0,1,0,0,0,0,19,0,7,0,6,10
2002,361417,1,1,0,0,0,0,5,0,0,0,0,0
2002,361418,1,1,0,0,0,22,7,28,0,0,9,0
2002,361419,1,1,17,17,17,17,17,17,17,17,17,17
2002,361419,2,1,0,0,0,0,0,0,0,0,0,0
2002,361420,1,1,0,24,0,0,0,20,0,0,36,0
2002,361421,1,1,0,11,7,14,0,22,10,0,14,3
2002,361421,2,1,12,0,11,0,0,0,0,0,0,0
2002,361422,0,1,15,0,2,0,0,17,0,19,0,0
2002,361422,0,2,0,0,0,14,9,29,29,0,0,0
2002,361422,1,1,0,0,0,0,4,0,0,20,22,0
2002,361423,1,1,0,0,0,0,0,0,0,0,0,0
2002,361423,2,1,0,10,22,0,0,0,0,0,0,0
2002,370001,0,1,0,0,0,0,0,0,0,0,0,0
2002,370001,1,1,0,0,0,0,0,0,0,0,0,0
2002,370001,2,1,0,0,0,0,0,0,0,0,0,0
2002,370001,3,1,0,0,0,0,0,0,0,0,0,0
2002,370001,4,1,0,0,0,0,0,0,0,0,0,0
2002,370002,1,1,0,0,0,0,0,0,0,0,0,0
2002,370002,2,1,0,0,0,0,0,0,0,0,0,0
2002,370003,1,1,0,0,0,0,0,0,0,0,0,0
2002,370004,0,1,0,0,0,0,0,0,0,0,0,0
2002,370004,1,1,0,0,0,0,0,0,0,0,0,0
2002,370005,1,1,0,0,0,0,0,0,0,0,0,0
2002,370006,1,1,0,0,0,0,0,0,0,0,0,0
2002,370007,1,1,0,0,0,0,0,0,0,0,0,0
2002,370007,2,1,0,0,0,0,0,0,0,0,0,0
2002,370008,0,1,0,0,0,0,0,0,0,0,0,0
2002,370008,0,2,0,0,0,0,0,0,0,0,0,0
2002,370008,1,1,0,0,0,0,0,0,14,0,0,0
2002,370009,1,1,0,0,0,0,0,0,0,0,0,0
2002,370009,2,1,0,0,0,0,0,0,0,0,0,0
2002,370010,1,1,0,0,0,0,0,0,0,0,0,0
2002,370010,2,1,0,0,0,0,0,0,0,0,0,0
2002,370011,1,1,16,16,16,16,16,16,16,16,16,16
2002,370012,1,1,0,0,0,0,0,0,0,0,0,0
2002,370013,1,1,0,0,0,0,0,0,0,0,0,0
2002,370014,0,1,30,30,30,30,30,30,30,30,30,30
2002,370014,1,1,0,0,0,0,20,0,0,0,0,17
2002,370016,1,1,25,21,25,24,14,30,0,0,21,24
2002,370017,1,1,0,0,0,0,0,0,0,0,0,0
2002,370017,2,1,0,0,0,0,0,0,0,0,0,0
2002,370018,1,1,0,0,0,0,0,0,0,0,0,0
2002,370019,1,1,24,21,0,8,19,4,15,14,0,16
2002,370020,1,1,0,0,0,0,0,0,0,0,0,0
2002,370020,2,1,0,0,0,0,0,0,0,0,0,0
2002,370021,0,1,0,0,0,0,0,0,0,0,0,0
2002,370021,1,1,0,0,0,0,0,0,0,0,0,0
2002,370022,1,1,0,0,0,0,0,0,0,0,0,0
2002,370023,1,1,0,0,0,0,0,0,0,0,0,0
2002,370024,1,1,0,0,0,0,0,0,0,0,0,0
2002,370025,1,1,0,0,0,0,0,0,0,0,19,0
2002,370025,2,1,5,5,5,5,5,5,5,5,5,5
2002,370026,1,1,28,0,0,0,0,0,0,0,0,21
2002,370027,1,1,0,0,0,0,12,0,0,0,0,0
2002,370027,2,1,0,0,0,0,11,0,13,0,0,0
2002,370028,1,1,18,18,18,18,18,18,18,18,18,18
2002,370029,1,1,12,12,12,12,12,12,12,12,12,12
2002,370029,2,1,24,24,24,24,24,24,24,24,24,24
2002,370030,1,1,0,0,11,0,0,0,0,0,0,0
2002,370030,2,1,3,3,3,3,3,3,3,3,3,3
2002,370031,1,1,0,0,0,0,0,0,0,0,0,0
2002,370032,1,1,0,0,0,0,0,0,11,0,0,0
2002,370032,2,1,0,0,0,0,0,0,0,0,0,0
2002,370033,1,1,0,0,0,0,0,0,0,0,0,0
2002,370033,2,1,0,0,0,0,0,0,0,0,0,0
2002,370034,0,1,20,20,20,20,20,20,20,20,20,20
2002,370034,1,1,0,0,0,0,0,0,0,0,0,0
2002,370035,1,1,0,0,0,0,0,0,0,0,0,0
2002,370036,1,1,0,0,0,0,0,0,0,0,0,0
2002,370037,1,1,24,21,19,13,14,19,10,20,21,29
2002,370038,1,1,0,0,0,0,0,0,0,0,0,0
2002,370038,2,1,0,0,0,0,0,0,0,0,0,0
2002,370039,1,1,0,0,14,0,18,23,5,0,15,0
2002,370040,0,1,0,0,0,0,0,0,0,0,0,0
2002,370040,1,1,0,0,0,0,0,0,0,0,0,0
2002,370042,1,1,0,0,0,0,0,0,0,0,0,0
2002,370043,0,1,0,0,0,0,0,0,0,0,0,0
2002,370043,1,1,0,10,0,0,0,0,0,0,0,0
2002,370044,1,1,21,21,21,21,21,21,21,21,21,21
2002,370045,0,1,0,0,0,0,0,0,0,0,0,0
2002,370045,1,1,0,0,0,0,0,0,0,0,0,0
2002,370046,1,1,0,12,0,0,0,0,0,6,0,0
2002,370046,2,1,0,0,0,0,0,0,0,0,0,0
2002,370047,0,1,0,0,0,0,0,0,0,0,0,0
2002,370047,1,1,0,0,0,0,0,0,0,0,0,0
2002,370048,1,1,0,0,0,0,0,0,0,0,0,0
2002,370048,2,1,0,0,0,0,0,0,0,0,0,0
2002,370049,1,1,27,27,27,27,27,27,27,27,27,27
2002,370050,1,1,15,15,15,15,15,15,15,15,15,15
2002,370051,1,1,0,0,0,0,0,0,0,0,0,0
2002,370053,1,1,0,0,0,0,0,0,0,0,0,0
2002,370053,2,1,0,0,0,0,0,0,0,0,0,0
2002,370054,1,1,15,15,15,15,15,15,15,15,15,15
2002,370055,1,1,7,9,28,15,23,17,24,19,19,39
2002,370056,1,1,14,14,14,14,14,14,14,14,14,14
2002,370057,1,1,0,0,0,0,0,0,0,0,0,0
2002,370058,1,1,20,20,20,20,20,20,20,20,20,20
2002,370058,2,1,0,0,0,0,0,0,9,0,0,0
2002,370059,1,1,0,0,0,0,0,0,0,0,0,0
2002,370059,2,1,0,0,0,0,0,0,0,0,0,0
2002,370060,1,1,0,0,0,0,0,0,0,0,0,0
2002,370060,2,1,0,0,0,0,0,0,0,0,0,0
2002,370061,1,1,0,0,0,0,0,0,0,0,0,0
2002,370062,0,1,12,12,12,12,12,12,12,12,12,12
2002,370062,1,1,0,18,0,0,0,0,0,0,0,0
2002,370063,1,1,0,0,0,0,0,0,0,0,0,0
2002,370063,2,1,23,23,23,23,23,23,23,23,23,23
2002,370064,1,1,7,7,7,7,7,7,7,7,7,7
2002,370065,1,1,0,0,0,0,0,0,0,0,0,0
2002,370066,1,1,24,24,24,24,24,24,24,24,24,24
2002,370067,1,1,19,19,19,19,19,19,19,19,19,19
2002,370068,1,1,0,0,0,0,0,0,0,0,0,0
2002,370068,2,1,0,0,0,0,0,0,0,0,0,0
2002,370069,0,1,7,7,7,7,7,7,7,7,7,7
2002,370069,1,1,0,0,0,13,0,0,0,0,0,0
2002,370070,1,1,0,0,0,0,0,0,0,0,0,0
2002,370070,2,1,19,0,0,24,0,6,0,9,0,0
2002,370071,1,1,0,0,0,0,0,0,0,0,0,0
2002,370072,1,1,0,0,0,0,0,0,0,0,0,0
2002,370072,2,1,0,0,0,0,0,0,0,0,0,0
2002,370074,0,1,0,0,0,0,0,0,0,0,0,0
2002,370074,1,1,0,0,0,0,0,0,0,0,0,0
2002,370075,1,1,0,0,0,0,25,0,0,0,0,0
2002,370075,2,1,0,0,0,0,0,0,0,0,0,0