YEAR,ST_CASE,veh_no,per_no,P1,P2,P3,P4,P5,P6,P7,P8,P9,P10
2002,370076,1,1,0,0,0,0,0,0,0,0,0,0
2002,370076,2,1,0,0,0,0,0,0,0,0,0,0
2002,370077,1,1,0,0,0,0,0,0,0,0,0,0
2002,370077,2,1,0,27,0,0,0,0,0,0,0,0
2002,370077,3,1,0,0,0,0,0,0,0,0,0,0
2002,370078,1,1,0,0,0,0,0,0,0,0,0,0
2002,370079,1,1,0,0,0,0,0,0,0,0,0,0
2002,370079,2,1,0,0,0,0,0,0,0,0,0,0
2002,370080,1,1,0,0,0,0,0,0,0,0,0,0
2002,370081,1,1,0,0,0,0,0,0,0,0,0,0
2002,370082,1,1,20,21,5,0,13,6,20,13,13,10
2002,370082,2,1,0,0,0,0,0,16,15,0,0,0
2002,370083,1,1,0,0,0,0,0,0,0,0,0,0
2002,370084,1,1,0,0,0,0,0,0,0,0,0,0
2002,370084,2,1,8,0,0,0,0,0,0,0,0,0
2002,370085,1,1,0,0,0,0,0,0,0,0,0,0
2002,370085,2,1,0,0,0,0,0,0,0,0,0,0
2002,370086,1,1,26,19,11,0,20,14,5,28,11,6
2002,370087,1,1,0,0,0,0,0,0,0,0,0,0
2002,370088,1,1,22,27,31,27,20,19,23,11,15,25
2002,370088,2,1,0,0,0,0,0,0,0,0,0,0
2002,370089,1,1,0,0,0,0,0,0,0,0,0,0
2002,370089,2,1,0,0,0,0,0,0,0,0,0,0
2002,370090,1,1,0,0,15,0,0,0,0,21,0,21
2002,370091,1,1,0,0,0,0,0,0,0,0,0,0
2002,370092,1,1,10,10,10,10,10,10,10,10,10,10
2002,370093,1,1,29,29,29,29,29,29,29,29,29,29
2002,370094,2,1,0,0,0,3,0,0,0,0,0,0
2002,370095,1,1,20,0,0,0,0,0,0,0,0,0
2002,370095,2,1,0,0,0,0,0,0,0,0,0,0
2002,370096,1,1,0,0,0,11,0,5,0,0,0,17
2002,370097,1,1,15,15,15,15,15,15,15,15,15,15
2002,370098,0,1,15,15,15,15,15,15,15,15,15,15
2002,370098,1,1,0,0,0,0,0,0,0,0,0,0
2002,370099,1,1,0,0,0,0,0,0,0,0,0,0
2002,370100,1,1,0,13,8,15,13,20,9,33,0,14
2002,370101,1,1,5,5,5,5,5,5,5,5,5,5
2002,370101,2,1,0,0,0,0,0,0,0,0,0,0
2002,370101,3,1,0,0,0,0,0,0,0,0,0,4
2002,370102,0,1,0,0,0,0,0,0,0,0,0,0
2002,370102,1,1,0,0,0,0,0,0,0,0,0,0
2002,370103,1,1,0,0,0,0,0,0,0,0,0,0
2002,370104,0,1,0,0,0,0,0,0,0,0,0,0
2002,370104,0,2,0,0,0,0,0,0,0,0,0,0
2002,370104,1,1,0,0,0,0,0,0,0,11,0,0
2002,370105,1,1,0,0,0,0,0,0,0,0,0,0
2002,370106,1,1,0,0,0,0,0,0,0,0,0,0
2002,370106,2,1,0,0,0,0,0,0,0,0,0,0
2002,370107,0,1,27,27,27,27,27,27,27,27,27,27
2002,370107,1,1,0,0,0,0,0,0,0,0,11,0
2002,370108,1,1,12,7,25,3,7,18,0,18,11,21
2002,370108,2,1,0,0,0,0,0,0,0,0,0,0
2002,370108,3,1,0,0,0,0,0,0,0,0,0,0
2002,370109,1,1,4,17,6,4,0,5,9,8,6,0
2002,370109,2,1,0,24,0,0,0,0,0,31,0,10
2002,370110,0,1,0,0,0,0,0,0,0,0,0,0
2002,370110,1,1,0,0,0,0,0,0,0,0,0,0
2002,370111,1,1,0,0,0,0,0,0,0,0,0,0
2002,370111,2,1,0,0,0,0,0,0,0,0,0,0
2002,370112,1,1,0,0,0,0,0,0,0,0,0,0
2002,370113,0,1,0,0,0,0,0,0,0,0,0,0
2002,370113,1,1,0,0,0,0,0,0,0,0,0,0
2002,370114,1,1,0,0,0,0,0,0,0,0,0,0
2002,370114,2,1,0,0,0,0,0,0,2,0,0,0
2002,370115,1,1,0,0,0,0,0,0,0,0,0,0
2002,370115,2,1,0,0,0,0,0,0,0,0,0,0
2002,370116,1,1,13,13,13,13,13,13,13,13,13,13
2002,370117,1,1,0,0,0,0,0,0,0,0,0,0
2002,370118,1,1,34,8,15,11,16,15,29,7,19,24
2002,370119,1,1,0,0,0,0,0,0,0,0,0,0
2002,370120,1,1,0,0,0,0,0,0,0,0,0,0
2002,370121,1,1,0,0,0,0,0,0,0,0,0,0
2002,370122,0,1,31,21,15,15,14,31,11,11,27,30
2002,370122,1,1,0,0,0,23,0,0,0,0,0,0
2002,370122,2,1,0,9,0,22,0,0,0,0,0,0
2002,370123,1,1,0,0,0,0,0,0,0,0,0,0
2002,370123,2,1,0,0,0,0,0,0,0,0,0,0
2002,370124,1,1,0,0,0,0,0,0,0,0,0,0
2002,370124,2,1,0,0,0,0,0,0,0,0,0,0
2002,370125,1,1,5,10,31,8,24,28,19,7,8,21
2002,370126,1,1,0,0,0,0,22,29,19,0,0,14
2002,370127,1,1,0,0,0,0,0,0,0,0,0,0
2002,370127,2,1,0,0,0,0,0,0,0,0,0,0
2002,370128,1,1,0,0,0,0,0,0,0,0,0,0
2002,370128,2,1,0,0,0,0,0,0,0,0,0,0
2002,370129,0,1,0,0,0,0,0,0,0,0,0,0
2002,370129,1,1,0,0,0,0,0,0,0,0,0,0
2002,370129,2,1,0,0,0,0,0,0,0,0,0,0
2002,370130,1,1,14,14,14,14,14,14,14,14,14,14
2002,370131,1,1,18,18,18,18,18,18,18,18,18,18
2002,370132,1,1,0,0,0,0,9,0,0,0,0,0
2002,370132,2,1,0,0,0,0,0,0,0,0,4,0
2002,370133,1,1,0,0,0,0,0,0,0,0,0,0
2002,370133,2,1,20,20,20,20,20,20,20,20,20,20
2002,370135,1,1,0,0,0,0,0,0,0,0,0,0
2002,370135,2,1,0,0,0,0,0,0,0,0,0,0
2002,370136,1,1,0,0,0,0,0,0,0,0,0,0
2002,370136,2,1,15,15,15,15,15,15,15,15,15,15
2002,370137,1,1,0,0,0,0,0,0,0,0,0,0
2002,370137,2,1,0,0,0,0,0,0,0,0,0,0
2002,370138,1,1,0,0,0,0,0,0,0,0,0,0
2002,370139,1,1,21,4,12,8,10,10,9,11,18,15
2002,370139,2,1,0,0,0,0,0,0,0,0,0,0
2002,370140,1,1,0,0,0,0,0,0,0,0,0,0
2002,370141,1,1,18,18,18,18,18,18,18,18,18,18
2002,370142,0,1,26,26,26,26,26,26,26,26,26,26
2002,370142,1,1,0,0,0,0,0,0,0,0,0,0
2002,370143,1,1,0,0,0,0,0,0,0,0,0,0
2002,370144,1,1,11,11,11,11,11,11,11,11,11,11
2002,370145,1,1,0,0,0,0,0,0,0,0,0,0
2002,370146,1,1,0,0,0,0,0,0,0,0,0,0
2002,370146,2,1,0,0,0,0,0,0,0,0,0,0
2002,370146,3,1,0,0,0,0,0,0,0,0,0,0
2002,370147,1,1,0,0,0,0,0,0,0,0,0,0
2002,370147,2,1,0,0,0,0,0,0,0,0,0,0
2002,370148,1,1,27,27,27,27,27,27,27,27,27,27
2002,370149,1,1,0,0,0,0,0,0,0,0,0,0
2002,370149,2,1,0,0,0,0,0,0,0,0,0,0
2002,370149,3,1,0,0,0,0,0,0,0,0,0,0
2002,370150,1,1,0,0,0,11,0,0,0,0,0,0
2002,370151,1,1,0,0,0,0,0,0,0,0,0,0
2002,370152,1,1,0,0,0,0,0,0,0,0,0,0
2002,370152,2,1,0,0,0,0,0,0,0,0,0,0
2002,370153,1,1,0,0,0,0,0,0,0,0,0,0
2002,370153,2,1,0,0,0,0,0,0,0,0,0,0
2002,370154,1,1,5,0,0,0,19,0,0,0,0,0
2002,370155,1,1,0,0,0,0,0,0,0,0,0,0
2002,370155,2,1,0,0,22,0,0,0,0,0,0,0
2002,370155,3,1,0,0,0,0,0,0,0,0,0,0
2002,370156,1,1,0,0,0,0,0,0,0,0,0,0
2002,370157,0,1,18,18,18,18,18,18,18,18,18,18
2002,370157,1,1,0,0,0,0,7,0,0,0,0,0
2002,370158,0,1,0,0,39,0,0,0,0,0,0,0
2002,370158,1,1,0,0,0,0,0,0,0,0,0,0
2002,370159,1,1,0,0,0,0,0,0,0,0,0,0
2002,370160,1,1,0,0,0,0,0,0,0,0,0,0
2002,370160,2,1,0,0,0,0,0,0,0,0,0,0
2002,370161,1,1,0,0,0,0,0,0,0,0,0,0
2002,370162,1,1,13,22,16,22,18,20,22,13,25,28
2002,370163,1,1,0,0,0,0,0,0,0,0,0,0
2002,370163,2,1,0,0,0,0,0,0,0,0,0,0
2002,370164,0,1,2,2,2,2,2,2,2,2,2,2
2002,370164,1,1,13,10,7,14,12,19,5,9,26,10
2002,370165,1,1,0,0,0,0,0,0,0,0,0,0
2002,370165,2,1,0,0,0,0,0,0,0,0,0,0
2002,370166,1,1,0,0,0,0,0,0,0,0,0,0
2002,370167,1,1,9,9,9,9,9,9,9,9,9,9
2002,370167,2,1,0,0,0,0,0,0,0,0,0,0
2002,370168,1,1,0,0,0,0,0,0,0,0,0,0
2002,370169,1,1,0,0,0,0,0,0,0,0,0,0
2002,370170,1,1,23,23,23,23,23,23,23,23,23,23
2002,370171,1,1,0,0,0,0,0,0,0,0,0,0
2002,370171,2,1,0,0,0,0,0,0,0,0,0,0
2002,370172,1,1,0,0,0,0,0,0,0,0,0,0
2002,370172,2,1,0,0,0,0,0,0,0,0,0,0
2002,370173,1,1,33,33,33,33,33,33,33,33,33,33
2002,370174,1,1,0,0,0,0,0,0,0,0,0,0
2002,370174,2,1,0,0,0,0,0,0,0,0,0,0
2002,370175,1,1,13,9,0,0,0,14,0,0,0,0
2002,370176,1,1,0,0,0,0,0,0,0,0,0,0
2002,370177,1,1,24,24,24,24,24,24,24,24,24,24
2002,370177,2,1,0,0,0,0,0,0,0,0,0,0
2002,370178,0,1,23,23,23,23,23,23,23,23,23,23
2002,370178,1,1,0,0,0,0,0,0,0,0,0,0
2002,370179,0,1,0,0,0,0,0,0,0,0,0,0
2002,370179,1,1,0,0,0,0,0,0,0,0,0,0
2002,370180,1,1,0,0,0,0,0,0,0,0,0,0
2002,370181,1,1,24,24,24,24,24,24,24,24,24,24
2002,370182,1,1,17,12,11,24,14,15,17,2,12,0
2002,370183,1,1,0,0,0,0,0,0,0,0,0,0
2002,370184,1,1,0,0,0,0,0,0,0,0,0,0
2002,370184,2,1,0,0,0,0,0,0,0,0,0,0
2002,370184,3,1,0,0,0,0,0,0,0,0,0,0
2002,370184,4,1,0,0,0,0,0,0,0,0,0,0
2002,370185,1,1,6,0,0,0,0,0,0,0,0,0
2002,370185,2,1,0,0,0,0,0,0,0,0,0,0
2002,370186,1,1,0,0,0,0,0,0,0,0,0,0
2002,370186,2,1,0,0,0,0,0,0,0,0,0,0
2002,370187,1,1,0,0,0,0,0,0,0,0,0,0
2002,370187,2,1,0,0,0,0,0,0,0,0,0,0
2002,370187,3,1,0,0,0,0,0,0,0,0,0,0
2002,370188,1,1,27,27,27,27,27,27,27,27,27,27
2002,370188,2,1,15,0,0,0,0,32,0,17,0,0
2002,370189,1,1,18,18,18,18,18,18,18,18,18,18
2002,370190,1,1,4,4,4,4,4,4,4,4,4,4
2002,370191,1,1,0,0,0,12,0,15,0,18,0,0
2002,370191,2,1,0,0,0,0,0,0,8,0,21,0
2002,370193,1,1,0,0,0,0,0,0,0,4,0,0
2002,370194,1,1,0,0,0,0,0,0,0,19,0,0
2002,370195,1,1,15,15,15,15,15,15,15,15,15,15
2002,370196,1,1,9,25,0,7,5,12,18,0,0,18
2002,370197,1,1,0,0,0,0,0,0,0,0,0,0
2002,370198,1,1,0,0,0,0,0,0,0,0,0,0
2002,370198,2,1,0,0,0,0,0,0,0,0,0,0
2002,370199,1,1,0,0,0,0,0,0,0,0,0,0
2002,370199,2,1,0,0,0,0,0,0,0,0,0,0
2002,370200,1,1,0,0,0,0,0,0,0,0,0,0
2002,370200,2,1,0,0,0,0,0,0,0,0,0,0
2002,370201,1,1,3,20,26,16,16,38,18,17,33,32
2002,370202,1,1,16,20,13,20,15,0,12,5,18,22
2002,370203,1,1,0,0,0,0,0,0,0,0,0,0
2002,370203,2,1,0,0,0,0,0,0,31,0,0,0
2002,370203,3,1,0,0,0,0,0,0,0,0,0,0
2002,370203,4,1,0,0,0,0,0,0,0,0,0,0
2002,370203,5,1,0,0,0,0,0,0,0,0,0,0
2002,370203,6,1,0,0,0,0,0,0,0,0,0,0
2002,370203,7,1,0,0,0,0,0,0,0,0,0,0
2002,370204,1,1,0,0,0,0,0,0,0,0,0,0
2002,370204,2,1,0,0,0,0,27,0,0,0,0,0
2002,370205,1,1,10,10,10,10,10,10,10,10,10,10
2002,370206,1,1,0,0,0,0,0,0,0,0,0,0
2002,370207,1,1,22,22,22,22,22,22,22,22,22,22
2002,370208,1,1,0,0,13,0,0,0,0,0,0,0
2002,370209,1,1,0,0,0,0,0,0,0,0,0,0
2002,370210,1,1,0,0,0,0,0,0,0,0,0,0
2002,370211,1,1,13,12,11,0,15,0,18,21,4,11
2002,370211,2,1,0,0,0,0,0,0,0,0,0,0
2002,370212,1,1,0,0,0,0,0,0,0,0,0,0
2002,370212,2,1,0,0,0,0,0,0,0,0,0,0
2002,370212,3,1,0,0,0,0,19,0,0,0,0,0
2002,370213,0,1,0,0,0,0,0,0,0,0,0,0
2002,370213,1,1,0,0,0,0,0,0,0,0,0,0
2002,370214,0,1,35,35,35,35,35,35,35,35,35,35
2002,370214,1,1,0,0,0,0,0,0,0,0,0,0
2002,370215,0,1,0,0,0,0,0,0,0,0,0,0
2002,370215,1,1,0,0,0,0,0,0,0,10,0,0
2002,370216,1,1,0,0,0,0,0,0,0,0,0,0
2002,370217,0,1,0,0,0,0,0,0,0,0,0,0
2002,370217,1,1,0,0,0,0,0,0,0,0,0,0
2002,370217,2,1,0,0,0,0,10,0,0,0,0,0
2002,370217,3,1,0,0,0,0,0,0,0,0,13,0
2002,370217,4,1,0,0,0,0,0,0,0,0,0,0
2002,370218,1,1,0,0,0,0,0,0,0,0,0,0
2002,370218,2,1,0,0,0,0,0,0,0,0,0,0
2002,370219,1,1,0,0,0,0,0,0,0,14,0,0
2002,370219,2,1,0,0,0,0,0,0,0,0,0,0
2002,370220,1,1,0,0,0,0,0,0,0,0,0,0
2002,370220,2,1,0,0,0,0,0,0,0,0,15,0
2002,370221,1,1,0,0,0,0,0,0,0,0,0,0
2002,370222,1,1,13,13,13,13,13,13,13,13,13,13
2002,370222,2,1,0,0,0,0,0,0,0,0,0,0
2002,370223,1,1,22,22,22,22,22,22,22,22,22,22
2002,370224,1,1,0,0,0,0,0,0,0,0,0,0
2002,370225,1,1,0,0,0,0,0,0,0,0,0,32
2002,370225,2,1,0,0,0,0,0,0,0,0,0,0
2002,370226,1,1,0,0,22,13,0,0,0,35,0,0
2002,370227,1,1,11,11,10,16,9,0,9,10,7,15
2002,370228,1,1,0,0,0,0,0,0,0,0,0,0
2002,370229,1,1,0,0,0,0,0,0,0,0,0,0
2002,370230,1,1,0,0,0,0,0,0,0,0,0,0
2002,370230,2,1,0,0,0,0,0,0,0,0,0,0
2002,370231,0,1,0,0,0,0,0,0,0,0,0,0
2002,370231,1,1,0,5,0,0,0,0,0,0,0,0
2002,370232,0,1,15,15,15,15,15,15,15,15,15,15
2002,370232,1,1,0,0,0,0,0,0,0,0,0,13
2002,370233,1,1,0,0,0,0,0,0,0,0,0,0
2002,370234,1,1,8,8,8,8,8,8,8,8,8,8
2002,370235,1,1,14,36,18,12,23,0,15,0,31,0
2002,370236,1,1,13,13,13,13,13,13,13,13,13,13
2002,370237,1,1,0,0,0,0,0,0,0,0,0,0
2002,370237,2,1,0,0,0,0,0,0,0,0,0,0
2002,370238,1,1,0,0,0,0,0,0,0,0,0,0
2002,370238,2,1,0,0,0,0,0,0,0,0,0,0
2002,370239,1,1,0,0,0,0,0,0,0,0,0,0
2002,370239,2,1,0,0,0,0,0,0,0,0,0,0
2002,370239,3,1,0,0,0,0,0,0,0,0,0,0
2002,370240,0,1,0,0,0,0,0,0,0,0,0,0
2002,370240,1,1,0,0,0,0,0,0,0,0,0,0
2002,370241,1,1,0,0,0,0,0,0,0,0,0,0
2002,370241,2,1,0,0,0,0,0,0,0,0,0,0
2002,370241,3,1,0,0,0,0,0,0,0,0,0,0
2002,370242,1,1,0,0,0,0,0,0,0,0,0,0
2002,370243,1,1,21,21,21,21,21,21,21,21,21,21
2002,370244,0,1,0,0,0,0,0,0,0,0,0,0
2002,370244,1,1,0,0,0,0,0,0,0,0,0,0
2002,370245,0,1,24,24,24,24,24,24,24,24,24,24
2002,370245,1,1,0,0,0,0,0,0,0,0,0,0
2002,370246,1,1,15,15,15,15,15,15,15,15,15,15
2002,370246,2,1,0,0,0,0,11,8,6,0,0,0
2002,370247,1,1,0,0,0,0,0,0,0,0,0,0
2002,370247,2,1,0,0,0,0,0,0,0,0,0,0
2002,370248,0,1,11,11,11,11,11,11,11,11,11,11
2002,370248,1,1,0,0,0,0,0,0,0,0,0,0
2002,370249,1,1,0,0,0,0,0,0,0,0,0,0
2002,370249,2,1,0,0,0,0,0,0,0,0,0,0
2002,370249,3,1,0,0,0,0,15,0,0,0,0,0
2002,370250,0,1,24,24,24,24,24,24,24,24,24,24
2002,370250,1,1,0,0,0,0,0,0,0,0,0,0
2002,370251,1,1,0,0,0,0,0,0,0,0,0,0
2002,370251,2,1,0,0,0,0,0,0,0,0,0,0
2002,370252,1,1,11,18,17,8,10,8,24,0,0,15
2002,370253,1,1,0,0,0,0,0,0,0,0,0,0
2002,370253,2,1,0,0,0,0,0,0,0,0,0,0
2002,370254,1,1,17,17,17,17,17,17,17,17,17,17
2002,370255,1,1,0,0,0,0,0,0,0,0,0,0
2002,370256,1,1,14,14,14,14,14,14,14,14,14,14
2002,370257,1,1,0,0,0,0,0,0,0,0,0,0
2002,370258,1,1,0,0,0,0,0,0,0,0,0,0
2002,370258,2,1,0,0,0,0,0,0,0,0,0,0
2002,370259,1,1,3,3,3,3,3,3,3,3,3,3
2002,370259,2,1,12,0,0,0,0,0,0,0,16,0
2002,370260,1,1,6,0,0,0,0,0,0,0,0,0
2002,370260,2,1,0,0,0,0,0,0,0,0,0,0
2002,370260,3,1,11,11,11,11,11,11,11,11,11,11
2002,370261,1,1,0,0,0,0,0,0,0,9,0,0
2002,370262,1,1,0,0,0,0,0,0,0,0,0,0
2002,370262,2,1,0,0,0,0,0,0,0,0,0,0
2002,370263,1,1,0,0,0,0,0,0,0,0,0,0
2002,370264,0,1,0,0,0,0,0,0,0,0,0,0
2002,370264,1,1,0,0,0,0,0,0,0,0,0,0
2002,370265,1,1,11,11,11,11,11,11,11,11,11,11
2002,370266,1,1,0,0,0,0,0,0,0,0,0,0
2002,370266,2,1,0,0,0,0,0,20,0,0,0,0
2002,370267,1,1,29,29,29,29,29,29,29,29,29,29
2002,370268,1,1,0,0,0,22,24,0,0,0,0,0
2002,370269,1,1,0,0,0,0,0,0,0,0,0,0
2002,370269,2,1,0,0,0,0,0,0,0,0,0,0
2002,370270,0,1,0,0,0,0,0,0,0,0,0,0
2002,370270,1,1,0,0,0,0,0,0,0,0,0,0
2002,370271,1,1,0,0,0,0,0,0,0,0,0,0
2002,370271,2,1,0,0,0,0,0,0,0,0,0,0
2002,370272,1,1,19,19,19,19,19,19,19,19,19,19
2002,370273,1,1,4,4,4,4,4,4,4,4,4,4
2002,370273,2,1,0,0,0,0,0,0,0,0,0,0
2002,370274,1,1,0,0,0,0,0,0,0,0,0,0
2002,370274,2,1,0,0,0,0,0,0,0,0,0,0
2002,370275,1,1,0,0,0,0,0,0,0,0,0,0
2002,370276,1,1,0,0,0,0,0,0,0,0,0,0
2002,370277,1,1,0,0,0,0,0,0,0,0,0,0
2002,370277,2,1,0,0,0,0,0,0,0,0,0,0
2002,370278,0,1,0,0,0,0,0,0,0,0,0,0
2002,370278,1,1,7,9,10,13,38,9,4,6,12,16
2002,370279,0,1,31,31,31,31,31,31,31,31,31,31
2002,370279,1,1,13,0,0,0,0,0,0,4,0,0
2002,370280,1,1,22,22,22,22,22,22,22,22,22,22
2002,370281,0,1,0,0,0,0,0,0,0,0,0,0
2002,370281,1,1,0,0,0,0,0,0,20,0,16,0
2002,370282,1,1,16,16,16,16,16,16,16,16,16,16
2002,370283,1,1,0,0,0,0,0,0,0,0,0,0
2002,370284,1,1,0,0,0,0,0,0,0,0,0,0
2002,370285,1,1,0,0,0,0,0,0,0,0,0,0
2002,370285,2,1,0,0,0,0,0,0,0,0,0,0
2002,370286,1,1,0,0,0,0,0,0,0,0,0,0
2002,370286,2,1,0,0,0,0,0,0,0,0,0,0
2002,370287,1,1,0,0,0,0,0,0,0,0,0,0
2002,370287,2,1,0,0,0,0,0,0,0,0,0,0
2002,370288,1,1,24,24,24,24,24,24,24,24,24,24
2002,370289,1,1,0,0,0,0,0,0,0,0,0,0
2002,370289,2,1,0,0,0,0,0,0,0,0,0,0
2002,370289,3,1,0,0,0,0,0,0,0,0,0,0
2002,370289,4,1,0,0,0,0,0,0,0,0,0,0
2002,370290,1,1,0,0,0,0,0,0,0,0,0,0
2002,370291,1,1,0,0,0,0,0,0,0,0,0,0
2002,370291,2,1,0,0,0,0,0,0,0,0,0,0
2002,370291,3,1,0,0,0,0,0,0,0,0,0,0
2002,370292,1,1,14,22,14,17,22,8,8,14,14,21
2002,370293,1,1,0,0,0,0,0,0,0,0,0,0
2002,370293,2,1,0,0,0,0,29,0,0,0,0,0
2002,370294,1,1,13,0,15,8,0,19,0,6,10,4
2002,370295,1,1,0,0,0,0,0,0,15,0,0,0
2002,370296,1,1,0,0,0,0,0,0,0,0,0,0
2002,370297,1,1,0,0,0,18,0,0,0,0,0,0
2002,370298,0,1,17,17,17,17,17,17,17,17,17,17
2002,370298,1,1,0,0,0,0,0,0,9,0,0,0
2002,370299,1,1,7,7,7,7,7,7,7,7,7,7
2002,370300,1,1,0,0,0,0,0,0,11,0,0,0
2002,370300,2,1,0,0,0,0,0,0,0,0,0,0
2002,370301,1,1,0,0,0,0,0,0,0,0,0,0
2002,370301,2,1,0,0,0,0,0,0,0,0,0,0
2002,370301,3,1,0,0,0,0,0,0,0,0,0,0
2002,370302,1,1,0,0,27,0,8,24,0,28,22,0
2002,370303,1,1,14,0,0,12,0,16,0,10,0,10
2002,370304,1,1,15,15,15,15,15,15,15,15,15,15
2002,370305,1,1,7,7,7,7,7,7,7,7,7,7
2002,370306,1,1,14,14,14,14,14,14,14,14,14,14
2002,370306,2,1,7,7,7,7,7,7,7,7,7,7
2002,370307,1,1,0,0,0,0,0,0,0,0,0,0
2002,370308,1,1,0,0,0,0,0,0,0,0,0,0
2002,370309,1,1,0,0,0,0,0,0,0,0,0,0
2002,370309,2,1,0,0,0,0,0,0,0,0,0,0
2002,370310,1,1,0,0,0,0,0,0,0,0,0,0
2002,370310,2,1,0,0,0,0,0,0,0,0,0,0
2002,370311,1,1,0,0,0,0,0,0,0,0,0,0
2002,370312,1,1,6,6,6,6,6,6,6,6,6,6
2002,370312,2,1,0,0,0,0,0,0,0,0,0,0
2002,370313,1,1,0,0,8,0,0,0,18,18,8,26
2002,370313,2,1,0,0,0,0,0,0,0,11,0,0
2002,370314,1,1,0,0,0,0,0,0,0,0,0,0
2002,370315,1,1,0,0,0,0,0,0,0,0,0,0
2002,370315,2,1,0,0,0,0,0,0,0,0,0,0
2002,370316,1,1,33,29,16,0,19,0,22,0,0,0
2002,370317,1,1,0,0,0,0,0,0,0,0,0,0
2002,370318,1,1,0,0,0,0,0,0,0,0,0,0
2002,370319,1,1,0,0,0,0,0,0,0,0,0,0
2002,370320,1,1,2,2,2,2,2,2,2,2,2,2
2002,370321,1,1,15,15,15,15,15,15,15,15,15,15
2002,370322,1,1,0,0,0,0,0,0,0,0,0,0
2002,370322,2,1,0,0,0,0,0,0,0,0,0,0
2002,370323,1,1,0,0,0,0,0,0,0,0,0,0
2002,370324,1,1,0,0,0,0,0,0,0,0,0,0
2002,370324,2,1,0,0,0,0,0,0,0,0,0,0
2002,370325,1,1,0,0,0,0,0,0,0,0,0,0
2002,370325,2,1,0,0,0,0,0,0,0,0,0,0
2002,370326,1,1,0,0,0,0,0,0,0,0,0,0
2002,370326,2,1,0,0,0,0,0,0,0,0,0,0
2002,370327,1,1,7,7,7,7,7,7,7,7,7,7
2002,370328,1,1,0,0,0,0,0,0,0,0,0,0
2002,370328,2,1,0,0,0,10,0,0,0,0,0,0
2002,370329,1,1,0,0,0,0,0,0,0,0,0,0
2002,370329,2,1,0,0,0,0,0,0,0,0,0,0
2002,370330,1,1,20,20,20,20,20,20,20,20,20,20
2002,370331,1,1,0,0,0,0,0,0,0,0,0,0
2002,370331,2,1,0,0,0,0,0,0,20,0,0,0
2002,370332,1,1,0,0,0,0,0,0,0,0,0,0
2002,370332,2,1,0,0,0,0,0,0,0,0,0,0
2002,370333,1,1,0,0,0,0,0,0,0,0,0,0
2002,370333,2,1,0,0,0,0,0,0,0,0,0,0
2002,370334,1,1,0,0,0,0,0,0,0,0,0,0
2002,370334,2,1,0,0,0,0,0,0,0,0,0,0
2002,370335,1,1,0,0,0,0,0,0,0,0,0,0
2002,370335,2,1,0,0,0,0,0,0,0,0,0,0
2002,370336,1,1,0,0,0,0,0,23,0,0,0,0
2002,370337,1,1,0,0,0,0,0,0,0,0,0,0
2002,370337,2,1,0,0,0,0,0,0,0,0,0,0
2002,370338,1,1,0,0,0,0,0,0,0,0,0,0
2002,370338,2,1,0,0,0,0,0,0,0,0,0,0
2002,370338,3,1,0,0,0,0,0,0,0,0,0,0
2002,370338,4,1,0,0,0,0,0,0,0,0,0,0
2002,370339,1,1,0,0,0,0,0,0,0,0,0,0
2002,370339,2,1,0,0,0,0,0,0,0,0,0,0
2002,370340,1,1,0,0,0,0,0,0,0,0,0,0
2002,370341,1,1,0,0,0,0,0,0,0,0,0,0
2002,370342,1,1,0,0,0,0,0,16,0,0,0,0
2002,370342,2,1,0,0,0,0,0,0,0,0,0,0
2002,370343,1,1,20,20,20,20,20,20,20,20,20,20
2002,370344,1,1,0,0,0,0,0,0,0,0,0,0
2002,370345,1,1,0,0,0,0,0,0,0,0,0,0
2002,370345,2,1,0,0,0,0,0,0,0,0,0,0
2002,370346,1,1,0,0,0,0,0,0,0,0,0,0
2002,370346,2,1,0,0,0,0,0,0,0,0,0,0
2002,370347,1,1,20,20,20,20,20,20,20,20,20,20
2002,370347,2,1,0,0,0,16,0,0,0,0,0,0
2002,370348,1,1,0,0,0,0,0,0,0,0,0,0
2002,370348,2,1,16,16,16,16,16,16,16,16,16,16
2002,370349,1,1,0,0,0,0,0,0,0,0,0,0
2002,370350,1,1,0,0,0,0,0,0,0,0,0,0
2002,370350,2,1,0,0,0,0,0,0,0,0,0,0
2002,370351,1,1,0,32,18,24,20,0,0,0,0,20
2002,370351,2,1,0,0,0,0,0,0,0,0,0,0
2002,370352,1,1,0,0,0,0,0,0,0,0,0,0
2002,370352,2,1,0,0,0,0,0,0,0,0,0,0
2002,370353,1,1,0,0,0,0,0,0,0,0,0,0
2002,370353,2,1,0,0,0,0,0,0,0,0,0,0
2002,370354,1,1,8,8,8,8,8,8,8,8,8,8
2002,370355,1,1,0,0,0,0,0,0,0,0,0,0
2002,370355,2,1,0,14,0,0,0,0,0,0,0,0
2002,370356,1,1,18,18,18,18,18,18,18,18,18,18
2002,370357,1,1,0,0,0,0,0,0,0,0,0,0
2002,370357,2,1,0,0,0,0,0,0,0,0,0,0
2002,370358,0,1,35,33,21,15,24,8,19,26,14,20
2002,370358,1,1,0,0,0,0,0,0,0,0,0,0
2002,370359,1,1,0,0,0,0,0,0,0,0,0,0
2002,370360,1,1,0,0,0,0,0,0,0,0,0,0
2002,370360,2,1,0,0,0,0,0,0,0,0,0,0
2002,370361,1,1,3,3,3,3,3,3,3,3,3,3
2002,370361,2,1,0,0,0,0,0,0,0,0,0,0