YEAR,ST_CASE,veh_no,per_no,P1,P2,P3,P4,P5,P6,P7,P8,P9,P10
2002,370363,1,1,0,0,0,0,0,0,0,0,0,0
2002,370364,1,1,0,0,0,0,0,0,0,0,0,0
2002,370364,2,1,0,0,0,0,0,0,0,0,0,0
2002,370365,1,1,0,0,0,0,0,0,0,17,0,0
2002,370365,2,1,0,0,0,0,0,0,0,0,0,0
2002,370365,3,1,0,0,0,0,0,0,0,0,0,0
2002,370365,4,1,0,0,0,0,0,0,0,0,0,0
2002,370366,1,1,0,0,0,0,0,0,0,0,0,0
2002,370367,1,1,0,0,0,0,0,0,0,0,0,0
2002,370367,2,1,0,0,0,0,0,0,0,0,0,0
2002,370368,1,1,0,0,0,0,0,0,0,0,0,0
2002,370368,2,1,0,0,0,0,0,0,7,0,0,0
2002,370369,1,1,0,0,0,0,0,0,0,0,0,0
2002,370370,1,1,19,19,19,19,19,19,19,19,19,19
2002,370370,2,1,0,0,0,0,0,0,0,0,0,0
2002,370371,0,1,19,19,19,19,19,19,19,19,19,19
2002,370371,1,1,4,6,0,0,0,0,0,0,0,0
2002,370372,1,1,0,0,0,0,0,0,0,0,0,0
2002,370372,2,1,0,0,0,0,0,0,0,0,0,0
2002,370373,0,1,40,40,40,40,40,40,40,40,40,40
2002,370373,1,1,0,0,0,0,0,0,0,0,0,0
2002,370374,1,1,0,0,0,0,8,0,0,0,0,0
2002,370374,2,1,14,10,14,0,14,18,0,26,14,7
2002,370375,0,1,0,0,0,0,0,0,0,0,0,0
2002,370375,1,1,0,0,14,4,0,0,0,0,7,0
2002,370376,1,1,0,0,0,0,0,0,0,0,0,0
2002,370376,2,1,0,0,11,0,0,0,0,0,0,0
2002,370377,1,1,0,0,0,0,0,0,0,0,0,0
2002,370377,2,1,0,0,0,0,0,0,0,0,0,0
2002,370378,0,1,26,14,26,35,30,0,38,21,0,35
2002,370378,1,1,0,0,13,0,0,0,0,0,0,0
2002,370379,1,1,0,0,0,0,0,0,19,0,0,0
2002,370380,1,1,0,0,0,0,0,0,0,0,0,0
2002,370380,2,1,0,0,0,0,0,0,4,0,0,0
2002,370381,1,1,0,0,0,0,0,0,0,0,0,0
2002,370381,2,1,0,0,0,0,0,0,0,0,0,0
2002,370382,0,1,19,19,19,19,19,19,19,19,19,19
2002,370382,1,1,10,0,0,0,0,0,0,0,0,0
2002,370384,0,1,17,17,17,17,17,17,17,17,17,17
2002,370384,1,1,0,0,0,0,0,0,0,0,0,0
2002,370385,1,1,0,0,0,0,0,0,0,0,0,0
2002,370385,2,1,0,0,7,4,0,0,0,0,0,0
2002,370386,1,1,12,12,12,12,12,12,12,12,12,12
2002,370387,1,1,0,0,0,0,0,0,0,0,0,0
2002,370387,2,1,0,0,0,0,0,0,0,0,0,0
2002,370388,1,1,0,0,0,0,0,0,0,0,0,0
2002,370388,2,1,0,0,0,0,0,0,0,0,0,0
2002,370389,1,1,0,12,0,0,0,0,0,25,0,0
2002,370390,1,1,0,0,0,0,0,0,0,0,0,0
2002,370390,2,1,0,0,0,0,0,0,0,0,0,0
2002,370391,1,1,0,0,0,0,0,0,0,0,0,0
2002,370391,2,1,0,0,0,0,0,0,0,0,0,0
2002,370392,1,1,13,24,15,1,0,8,18,29,9,13
2002,370392,2,1,0,0,0,0,0,0,0,0,0,0
2002,370393,1,1,0,0,0,0,0,0,0,0,0,0
2002,370393,2,1,0,0,0,0,0,0,0,0,0,0
2002,370394,0,1,0,0,0,0,0,0,0,0,0,0
2002,370394,0,2,0,0,0,0,6,0,13,0,0,0
2002,370394,1,1,0,0,0,0,0,0,0,0,0,0
2002,370395,1,1,9,9,9,9,9,9,9,9,9,9
2002,370396,0,1,40,34,0,34,29,19,36,20,0,19
2002,370396,1,1,13,15,18,0,4,3,17,10,19,13
2002,370396,2,1,0,0,0,0,0,0,0,0,0,0
2002,370397,1,1,0,0,0,0,0,0,0,0,0,0
2002,370398,1,1,0,0,0,0,0,0,0,0,0,0
2002,370399,0,1,39,39,39,39,39,39,39,39,39,39
2002,370399,1,1,0,0,14,0,0,0,0,0,0,0
2002,370400,1,1,23,23,23,23,23,23,23,23,23,23
2002,370401,0,1,0,0,0,0,0,0,0,0,0,0
2002,370401,1,1,0,0,0,0,0,0,0,0,0,0
2002,370402,1,1,0,0,0,0,0,0,0,0,0,0
2002,370403,1,1,0,0,27,0,3,0,0,0,0,0
2002,370404,1,1,0,0,0,0,0,0,0,0,0,0
2002,370405,1,1,0,0,0,0,0,16,0,0,0,0
2002,370406,1,1,14,14,14,14,14,14,14,14,14,14
2002,370406,2,1,0,0,6,0,0,0,0,0,0,0
2002,370407,1,1,0,0,0,0,0,0,0,0,0,0
2002,370408,1,1,0,0,0,0,0,0,0,0,0,0
2002,370409,1,1,18,18,18,18,18,18,18,18,18,18
2002,370410,1,1,0,0,0,0,0,0,0,0,0,0
2002,370410,2,1,0,0,0,0,0,0,0,0,0,0
2002,370411,1,1,0,0,0,0,0,0,0,0,0,0
2002,370411,2,1,21,0,0,0,0,0,0,0,0,0
2002,370412,0,1,21,0,4,19,16,0,21,16,7,20
2002,370412,1,1,0,0,0,0,0,0,0,0,0,0
2002,370413,0,1,0,0,0,0,0,0,0,0,0,0
2002,370413,1,1,0,0,0,0,0,0,0,24,0,0
2002,370414,1,1,0,0,0,0,0,0,0,0,0,0
2002,370414,2,1,0,0,0,0,0,0,13,0,0,0
2002,370415,0,1,0,0,0,0,0,0,0,0,0,0
2002,370415,1,1,0,0,0,0,0,0,0,0,0,0
2002,370416,1,1,0,0,0,0,0,0,0,0,0,0
2002,370417,1,1,0,0,0,0,0,0,0,0,0,0
2002,370418,1,1,15,15,15,15,15,15,15,15,15,15
2002,370419,1,1,0,0,0,0,0,0,0,0,0,0
2002,370419,2,1,0,0,0,0,0,0,0,0,0,0
2002,370420,1,1,9,9,9,9,9,9,9,9,9,9
2002,370420,2,1,0,0,0,0,0,0,0,0,0,0
2002,370421,1,1,0,0,0,0,0,0,0,0,0,0
2002,370422,2,1,0,0,0,0,0,0,0,0,0,0
2002,370423,0,1,26,26,26,26,26,26,26,26,26,26
2002,370423,1,1,32,16,24,16,0,5,0,19,18,16
2002,370424,1,1,4,9,17,30,0,8,9,3,6,18
2002,370425,1,1,0,0,0,0,0,0,0,0,0,0
2002,370425,2,1,0,0,0,0,0,0,0,0,0,0
2002,370426,1,1,15,15,15,15,15,15,15,15,15,15
2002,370427,1,1,0,0,0,0,0,0,0,0,0,0
2002,370428,0,1,7,7,7,7,7,7,7,7,7,7
2002,370428,1,1,0,0,0,0,5,0,0,19,0,0
2002,370429,1,1,17,17,17,17,17,17,17,17,17,17
2002,370430,1,1,0,0,0,0,0,0,0,0,0,0
2002,370431,1,1,10,9,13,14,14,5,20,14,32,11
2002,370432,1,1,16,16,16,16,16,16,16,16,16,16
2002,370433,1,1,0,0,0,0,0,0,0,0,0,0
2002,370433,2,1,0,0,0,0,0,0,0,0,0,0
2002,370434,1,1,8,12,12,12,0,10,6,13,6,26
2002,370435,1,1,0,0,0,0,0,0,0,0,0,0
2002,370435,2,1,0,0,0,0,0,0,0,0,0,0
2002,370436,1,1,0,0,0,0,0,0,0,0,0,0
2002,370436,2,1,0,0,0,0,0,0,0,0,0,0
2002,370437,1,1,0,0,0,0,0,0,0,0,0,0
2002,370438,1,1,18,18,18,18,18,18,18,18,18,18
2002,370439,0,1,0,0,0,0,0,0,0,0,0,0
2002,370439,1,1,0,0,0,0,0,0,14,0,0,0
2002,370440,1,1,0,0,0,0,0,0,0,0,0,0
2002,370440,2,1,0,0,0,0,0,0,0,0,0,0
2002,370441,1,1,13,13,13,13,13,13,13,13,13,13
2002,370442,1,1,11,11,11,11,11,11,11,11,11,11
2002,370443,1,1,5,5,5,5,5,5,5,5,5,5
2002,370444,1,1,0,0,0,0,0,0,0,0,0,0
2002,370444,2,1,0,0,0,0,0,0,0,0,0,0
2002,370444,3,1,0,0,0,0,0,0,0,0,0,0
2002,370445,1,1,14,14,14,14,14,14,14,14,14,14
2002,370446,1,1,0,0,0,0,0,0,0,0,0,0
2002,370446,2,1,10,9,9,0,10,8,18,18,14,17
2002,370447,1,1,8,8,8,8,8,8,8,8,8,8
2002,370448,1,1,0,0,0,0,0,0,0,0,0,0
2002,370448,2,1,0,0,20,0,17,8,11,12,0,0
2002,370449,1,1,0,0,0,0,0,0,0,0,0,0
2002,370450,1,1,0,0,0,0,0,0,0,0,0,0
2002,370450,2,1,19,21,22,31,22,15,11,11,24,11
2002,370451,1,1,0,0,0,0,0,0,0,0,0,0
2002,370451,2,1,0,0,0,0,0,0,0,0,0,0
2002,370452,1,1,13,13,13,13,13,13,13,13,13,13
2002,370453,1,1,0,0,0,0,0,0,0,0,0,0
2002,370453,2,1,0,0,0,0,0,0,0,0,0,0
2002,370453,3,1,0,0,0,0,0,0,0,0,0,0
2002,370454,1,1,0,8,27,8,6,13,23,21,18,21
2002,370455,1,1,0,0,0,0,0,0,0,0,0,0
2002,370455,2,1,0,0,0,0,0,0,0,0,0,0
2002,370456,1,1,0,0,16,0,0,0,0,0,0,0
2002,370456,2,1,0,0,16,0,0,17,0,0,0,0
2002,370457,1,1,0,0,0,0,0,0,0,0,0,0
2002,370457,2,1,0,0,0,0,0,0,0,0,0,0
2002,370458,1,1,0,2,3,13,5,12,23,26,10,20
2002,370459,1,1,0,0,0,0,0,0,0,0,0,0
2002,370459,2,1,0,0,0,0,0,0,10,0,0,0
2002,370460,1,1,0,0,0,0,0,0,0,0,0,0
2002,370460,2,1,0,0,0,0,0,0,0,0,0,0
2002,370461,1,1,0,0,0,0,0,0,0,0,0,0
2002,370462,1,1,0,0,0,0,0,0,0,0,0,0
2002,370462,2,1,0,0,0,0,0,0,0,0,0,0
2002,370463,1,1,0,0,0,0,0,0,0,0,0,0
2002,370463,2,1,0,0,0,23,0,0,0,0,0,0
2002,370464,1,1,0,0,0,0,0,0,0,0,0,0
2002,370465,0,1,17,21,9,16,25,9,0,28,9,0
2002,370465,1,1,0,0,0,0,0,16,0,0,0,0
2002,370466,1,1,0,0,0,0,0,0,0,0,0,0
2002,370466,2,1,0,0,0,0,0,0,0,0,0,0
2002,370467,1,1,24,24,24,24,24,24,24,24,24,24
2002,370468,1,1,0,0,0,0,0,0,0,0,0,0
2002,370468,2,1,0,0,0,0,0,0,0,0,0,0
2002,370469,1,1,0,0,0,0,0,0,0,0,0,0
2002,370469,2,1,0,0,0,22,0,0,0,0,0,0
2002,370470,1,1,0,0,0,0,0,0,0,0,0,0
2002,370470,2,1,0,0,0,0,0,0,0,0,0,0
2002,370471,1,1,9,9,9,9,9,9,9,9,9,9
2002,370472,1,1,16,16,16,16,16,16,16,16,16,16
2002,370473,1,1,0,0,0,0,0,0,0,0,0,0
2002,370473,2,1,0,0,0,0,0,0,0,0,0,0
2002,370474,1,1,0,0,0,0,0,0,0,0,0,0
2002,370475,1,1,0,0,0,0,0,0,0,0,0,0
2002,370476,1,1,0,0,0,0,0,0,0,0,0,0
2002,370476,2,1,0,0,0,0,0,0,0,0,0,0
2002,370476,3,1,0,0,0,0,0,0,0,0,0,0
2002,370477,1,1,0,0,0,0,0,0,0,0,0,0
2002,370477,2,1,0,0,0,0,0,0,0,0,0,0
2002,370477,3,1,0,0,0,0,0,0,0,0,0,0
2002,370477,4,1,0,0,0,0,0,0,0,0,0,0
2002,370477,5,1,0,0,0,0,0,0,0,0,0,0
2002,370478,1,1,10,10,10,10,10,10,10,10,10,10
2002,370479,1,1,20,11,13,3,13,7,13,31,25,10
2002,370479,2,1,25,19,0,8,10,30,15,4,4,3
2002,370480,0,1,0,0,0,0,0,0,0,0,0,0
2002,370480,1,1,0,0,0,0,0,0,0,0,0,0
2002,370481,1,1,0,0,0,0,0,0,0,0,0,0
2002,370482,1,1,0,0,0,0,0,0,0,0,0,0
2002,370483,1,1,0,0,0,0,0,0,0,0,0,0
2002,370483,2,1,0,0,0,0,0,0,0,0,0,0
2002,370484,1,1,0,0,0,0,0,0,0,0,0,0
2002,370484,2,1,0,0,0,0,0,0,0,0,0,0
2002,370484,3,1,0,0,0,0,0,0,0,0,0,0
2002,370485,1,1,0,0,0,0,0,0,0,0,0,0
2002,370485,2,1,0,0,0,0,0,0,0,0,0,0
2002,370486,1,1,0,0,17,0,0,0,0,0,0,0
2002,370487,1,1,14,19,8,29,31,19,32,10,0,27
2002,370488,1,1,0,0,0,0,0,0,0,0,0,0
2002,370488,2,1,0,0,0,0,0,0,0,0,0,0
2002,370489,1,1,0,0,0,0,0,0,0,0,0,0
2002,370490,1,1,14,16,8,3,14,6,20,7,0,20
2002,370490,2,1,0,0,0,0,0,0,0,0,0,0
2002,370490,3,1,0,0,0,0,0,0,0,0,0,0
2002,370491,1,1,0,0,0,0,0,0,0,0,0,0
2002,370492,1,1,0,0,0,0,0,0,0,0,22,15
2002,370493,1,1,8,19,10,8,9,17,14,3,12,10
2002,370494,1,1,0,0,0,0,0,0,0,0,0,0
2002,370494,2,1,0,0,0,0,0,0,0,0,0,0
2002,370495,1,1,12,10,0,2,0,0,0,0,28,0
2002,370496,1,1,0,0,0,0,0,0,0,0,0,0
2002,370497,1,1,0,0,0,0,0,0,0,0,0,0
2002,370498,1,1,0,0,0,0,0,0,0,0,0,0
2002,370499,1,1,21,0,0,0,0,0,0,0,0,0
2002,370500,1,1,0,0,0,0,0,0,0,0,0,0
2002,370500,2,1,0,0,0,7,0,12,0,6,0,0
2002,370501,1,1,18,18,18,18,18,18,18,18,18,18
2002,370502,1,1,0,0,0,0,0,0,0,0,0,0
2002,370503,1,1,0,0,0,0,0,0,0,0,0,0
2002,370503,2,1,0,0,0,0,0,0,0,0,0,0
2002,370504,1,1,0,0,0,0,0,0,0,0,0,0
2002,370504,2,1,14,0,0,0,0,0,0,0,0,0
2002,370505,1,1,7,7,7,7,7,7,7,7,7,7
2002,370506,1,1,17,17,17,17,17,17,17,17,17,17
2002,370507,1,1,0,0,0,0,0,0,5,0,0,0
2002,370507,2,1,0,0,22,0,15,0,16,0,16,0
2002,370508,1,1,0,0,0,0,0,10,0,0,0,0
2002,370509,1,1,0,10,2,3,10,18,14,23,17,14
2002,370510,1,1,0,0,0,0,0,0,0,0,0,0
2002,370510,2,1,0,0,0,0,0,0,0,0,0,0
2002,370511,1,1,29,29,29,29,29,29,29,29,29,29
2002,370511,2,1,0,0,0,0,0,0,0,0,0,0
2002,370512,1,1,18,18,18,18,18,18,18,18,18,18
2002,370513,1,1,28,28,28,28,28,28,28,28,28,28
2002,370514,1,1,0,0,0,0,0,0,0,0,0,0
2002,370514,2,1,0,0,0,0,0,0,0,0,0,0
2002,370516,1,1,0,0,0,0,0,0,12,0,0,11
2002,370517,1,1,0,0,0,0,0,0,0,0,0,0
2002,370518,1,1,0,0,0,0,0,0,0,0,0,0
2002,370519,1,1,0,0,0,0,0,0,0,0,0,0
2002,370520,1,1,0,0,0,0,0,0,0,0,0,0
2002,370520,2,1,0,0,0,0,0,0,0,0,0,0
2002,370521,1,1,0,0,0,0,0,0,0,0,0,0
2002,370521,2,1,0,0,0,0,0,0,0,0,0,0
2002,370522,1,1,0,9,10,15,8,0,21,19,29,13
2002,370523,0,1,25,25,25,25,25,25,25,25,25,25
2002,370523,1,1,0,21,0,0,5,0,0,6,6,0
2002,370524,1,1,18,18,18,18,18,18,18,18,18,18
2002,370525,1,1,20,20,20,20,20,20,20,20,20,20
2002,370526,0,1,0,0,0,0,0,0,0,0,0,0
2002,370526,1,1,0,0,0,0,0,0,0,0,0,0
2002,370527,1,1,26,26,26,26,26,26,26,26,26,26
2002,370528,1,1,0,0,0,0,0,0,0,0,0,0
2002,370528,2,1,0,0,0,0,0,0,0,0,0,0
2002,370529,1,1,14,14,14,14,14,14,14,14,14,14
2002,370529,2,1,0,0,0,0,0,0,0,0,0,0
2002,370530,0,1,8,8,8,8,8,8,8,8,8,8
2002,370530,1,1,13,0,17,0,22,3,10,15,14,33
2002,370531,1,1,0,0,0,0,0,0,0,0,0,0
2002,370531,2,1,0,0,0,0,0,0,0,0,0,0
2002,370532,1,1,0,0,0,0,0,0,0,0,0,0
2002,370532,2,1,15,0,0,0,0,0,0,0,0,0
2002,370534,1,1,0,0,0,0,0,0,0,0,0,0
2002,370535,1,1,0,0,0,0,0,0,0,0,0,0
2002,370535,2,1,0,0,0,0,0,0,0,0,0,0
2002,370536,1,1,13,14,0,4,21,24,25,13,14,9
2002,370536,2,1,0,0,0,0,0,0,0,0,0,0
2002,370537,1,1,0,0,0,0,0,0,0,0,0,0
2002,370538,1,1,0,0,0,0,0,0,0,0,0,0
2002,370538,2,1,0,0,0,0,0,0,0,0,0,0
2002,370539,1,1,0,0,0,0,0,0,0,0,0,0
2002,370539,2,1,0,0,0,0,0,0,0,0,0,0
2002,370540,1,1,0,0,0,0,0,0,0,0,0,0
2002,370541,1,1,20,20,20,20,20,20,20,20,20,20
2002,370542,1,1,16,16,16,16,16,16,16,16,16,16
2002,370543,1,1,0,0,0,0,0,0,0,0,0,0
2002,370543,2,1,0,0,0,0,0,0,0,0,0,0
2002,370544,1,1,21,18,18,10,29,0,15,6,9,13
2002,370545,1,1,19,14,20,22,9,11,13,17,4,19
2002,370546,0,1,0,0,0,0,0,0,0,0,0,0
2002,370546,1,1,0,16,0,0,0,0,0,0,0,0
2002,370547,1,1,23,23,23,23,23,23,23,23,23,23
2002,370548,1,1,0,0,0,0,0,0,0,0,0,0
2002,370549,1,1,0,0,0,0,0,0,0,0,0,0
2002,370550,1,1,0,0,0,0,0,0,0,0,0,0
2002,370550,2,1,0,0,0,0,0,0,0,0,0,0
2002,370551,1,1,0,26,0,0,0,0,0,0,0,0
2002,370551,2,1,18,18,18,18,18,18,18,18,18,18
2002,370552,0,1,0,0,0,0,0,0,0,0,0,0
2002,370552,1,1,0,0,0,0,0,0,0,0,0,0
2002,370553,0,1,0,0,0,0,0,0,0,0,0,0
2002,370553,1,1,0,0,0,0,0,0,0,0,5,0
2002,370554,1,1,0,0,0,0,0,0,0,0,0,0
2002,370554,2,1,0,0,0,0,0,0,0,0,0,0
2002,370555,1,1,0,0,0,0,0,0,0,0,0,0
2002,370556,1,1,29,29,29,29,29,29,29,29,29,29
2002,370557,1,1,0,0,0,0,0,0,0,0,0,0
2002,370557,2,1,0,0,0,0,0,0,0,0,0,0
2002,370558,1,1,0,0,0,0,0,0,0,0,0,0
2002,370558,2,1,0,0,0,0,0,0,0,0,0,0
2002,370559,1,1,0,0,0,0,0,0,0,0,0,0
2002,370560,1,1,0,0,0,0,0,0,0,0,0,0
2002,370560,2,1,0,0,0,0,0,0,0,0,0,0
2002,370561,1,1,24,24,24,24,24,24,24,24,24,24
2002,370563,1,1,14,14,14,14,14,14,14,14,14,14
2002,370564,1,1,8,8,8,8,8,8,8,8,8,8
2002,370565,1,1,0,0,0,0,0,0,0,0,0,0
2002,370566,1,1,0,0,0,0,0,0,0,0,0,0
2002,370567,1,1,0,0,0,0,0,0,0,0,0,0
2002,370568,1,1,0,23,0,0,0,0,0,0,12,0
2002,370569,1,1,8,8,8,8,8,8,8,8,8,8
2002,370570,1,1,0,0,0,0,0,0,0,0,0,0
2002,370570,2,1,0,0,0,0,0,0,0,0,0,0
2002,370570,3,1,0,0,0,0,0,0,0,0,0,0
2002,370571,1,1,0,0,0,0,0,0,0,7,0,0
2002,370571,2,1,0,0,0,0,0,0,9,0,0,0
2002,370572,1,1,8,8,8,8,8,8,8,8,8,8
2002,370573,1,1,25,25,25,25,25,25,25,25,25,25
2002,370574,0,1,28,28,28,28,28,28,28,28,28,28
2002,370574,1,1,0,0,0,0,0,0,0,0,0,0
2002,370575,1,1,0,0,0,0,0,0,0,0,0,0
2002,370576,1,1,0,0,0,0,0,0,0,0,0,0
2002,370576,2,1,0,0,0,0,0,0,0,0,0,0
2002,370577,1,1,0,0,0,0,0,0,0,0,0,0
2002,370577,2,1,0,0,0,0,0,0,0,0,0,0
2002,370578,1,1,26,22,14,16,34,14,29,9,6,27
2002,370579,1,1,0,0,0,0,0,0,0,0,0,0
2002,370579,2,1,0,0,0,0,0,0,0,0,0,0
2002,370580,1,1,0,7,0,0,0,0,0,0,0,0
2002,370580,2,1,0,0,0,0,16,0,0,0,0,20
2002,370581,1,1,0,18,7,24,0,0,0,0,0,0
2002,370582,1,1,0,0,0,0,0,0,0,0,0,0
2002,370582,2,1,0,0,0,0,0,0,0,0,0,0
2002,370583,0,1,36,0,8,22,17,13,0,41,4,23
2002,370583,1,1,7,0,0,0,0,0,0,0,0,0
2002,370584,1,1,0,0,0,0,0,0,0,0,0,0
2002,370584,2,1,0,0,0,0,0,0,0,0,0,0
2002,370584,3,1,0,0,0,0,0,0,0,0,0,0
2002,370585,1,1,0,7,0,0,0,0,0,0,0,0
2002,370585,2,1,0,0,0,0,0,0,0,0,0,0
2002,370586,0,1,17,17,17,17,17,17,17,17,17,17
2002,370586,1,1,0,0,0,0,0,0,0,0,0,0
2002,370587,1,1,15,15,15,15,15,15,15,15,15,15
2002,370588,1,1,0,0,0,0,0,0,0,0,0,0
2002,370589,1,1,0,0,31,0,0,0,0,0,0,0
2002,370590,1,1,8,22,3,17,10,14,17,15,4,19
2002,370591,1,1,0,0,0,0,0,0,0,0,0,0
2002,370592,0,1,0,0,0,0,0,0,0,0,0,0
2002,370592,1,1,15,0,0,10,0,0,0,0,10,18
2002,370593,1,1,0,0,0,0,0,0,0,0,0,0
2002,370593,2,1,0,0,0,0,0,0,0,16,0,0
2002,370594,1,1,8,8,8,8,8,8,8,8,8,8
2002,370595,1,1,0,0,0,0,0,0,0,0,0,0
2002,370595,2,1,9,9,9,9,9,9,9,9,9,9
2002,370596,1,1,28,28,28,28,28,28,28,28,28,28
2002,370597,0,1,16,16,16,16,16,16,16,16,16,16
2002,370597,1,1,11,13,30,14,14,15,25,17,17,12
2002,370598,0,1,0,0,0,0,0,0,0,0,0,0
2002,370598,1,1,0,0,0,0,0,0,0,0,0,0
2002,370599,2,1,0,0,0,0,0,0,0,0,0,0
2002,370599,3,1,0,0,0,0,0,0,0,0,0,0
2002,370600,1,1,0,0,0,16,0,0,4,0,0,0
2002,370601,1,1,0,0,0,0,0,0,0,0,0,0
2002,370601,2,1,0,0,0,0,0,0,0,0,0,0
2002,370602,1,1,0,0,0,0,0,0,0,0,0,0
2002,370602,2,1,0,0,0,22,0,0,0,0,0,0
2002,370603,1,1,0,0,0,0,0,0,0,0,0,0
2002,370603,2,1,0,0,0,0,0,0,0,0,0,0
2002,370604,1,1,0,0,0,0,0,0,0,0,0,0
2002,370605,1,1,3,27,9,9,15,8,22,13,15,16
2002,370606,1,1,0,0,0,0,0,9,0,13,0,0
2002,370606,2,1,0,0,0,0,0,0,0,0,0,0
2002,370606,3,1,0,0,0,0,0,0,0,0,0,0
2002,370607,1,1,0,0,0,0,0,0,0,0,0,0
2002,370608,1,1,0,0,0,0,0,0,0,0,0,0
2002,370609,0,1,11,11,11,11,11,11,11,11,11,11
2002,370609,1,1,7,8,0,0,0,0,0,7,0,0
2002,370610,1,1,0,0,0,0,0,0,0,0,0,0
2002,370610,2,1,0,0,0,0,0,0,0,0,0,0
2002,370611,1,1,0,0,0,0,0,0,0,0,0,0
2002,370612,1,1,0,0,0,0,0,0,0,0,0,0
2002,370612,2,1,0,0,13,0,0,0,0,0,0,0
2002,370613,1,1,20,20,20,20,20,20,20,20,20,20
2002,370614,0,1,0,0,0,0,0,0,0,0,0,0
2002,370614,1,1,28,0,21,0,0,0,13,0,0,0
2002,370615,1,1,0,0,0,0,0,0,0,0,0,0
2002,370616,1,1,8,8,8,8,8,8,8,8,8,8
2002,370617,1,1,12,27,22,19,7,9,17,26,5,16
2002,370618,1,1,0,0,0,0,0,0,0,0,0,0
2002,370618,2,1,0,0,0,0,0,0,0,0,0,0
2002,370619,1,1,21,21,21,21,21,21,21,21,21,21
2002,370620,1,1,19,19,19,19,19,19,19,19,19,19
2002,370621,1,1,0,0,0,0,8,0,0,0,0,0
2002,370621,2,1,0,0,0,0,0,0,0,0,0,0
2002,370622,1,1,0,0,0,0,0,0,0,0,0,0
2002,370623,1,1,0,0,0,0,0,0,0,0,0,0
2002,370623,2,1,0,0,0,0,0,0,0,0,0,0
2002,370624,1,1,0,0,0,0,0,0,0,0,0,0
2002,370624,2,1,0,0,0,0,0,0,0,0,0,0
2002,370625,1,1,26,36,22,28,12,9,34,18,18,19
2002,370625,2,1,0,0,0,0,0,0,0,0,0,0
2002,370626,1,1,12,12,12,12,12,12,12,12,12,12
2002,370627,1,1,14,14,14,14,14,14,14,14,14,14
2002,370628,1,1,0,0,0,0,0,0,0,0,0,0
2002,370628,2,1,0,0,0,0,0,0,0,0,0,0
2002,370629,1,1,0,0,0,0,0,0,0,0,0,0
2002,370629,2,1,0,0,0,0,0,0,0,0,0,0
2002,370630,1,1,0,0,0,0,0,0,0,0,0,0
2002,370630,2,1,14,11,7,14,36,18,13,9,20,18
2002,370631,0,1,0,0,0,0,0,0,0,0,0,0
2002,370631,1,1,0,0,0,0,0,0,0,0,0,0
2002,370632,1,1,0,0,0,0,0,0,0,0,0,0
2002,370632,2,1,0,0,0,0,0,0,0,0,0,0
2002,370633,1,1,9,9,9,9,9,9,9,9,9,9
2002,370634,1,1,0,0,0,0,0,0,0,0,0,0
2002,370635,1,1,0,0,0,0,0,0,0,0,0,0
2002,370635,2,1,17,17,17,17,17,17,17,17,17,17
2002,370636,1,1,0,0,0,0,0,0,0,0,0,0
2002,370636,2,1,0,0,0,0,0,0,0,0,0,0
2002,370637,1,1,15,15,15,15,15,15,15,15,15,15
2002,370638,1,1,0,0,0,0,0,0,0,0,0,0
2002,370638,2,1,21,0,0,0,0,0,0,0,0,0
2002,370639,1,1,0,0,0,0,0,0,0,0,0,0
2002,370640,1,1,0,0,0,0,0,0,0,0,0,0
2002,370640,2,1,0,0,0,0,0,0,0,0,0,0
2002,370641,1,1,0,0,0,0,0,0,0,0,0,0
2002,370641,2,1,0,0,0,0,0,0,0,0,0,0
2002,370642,1,1,13,0,0,0,18,0,0,32,15,0
2002,370643,1,1,0,0,0,0,0,0,0,0,0,0
2002,370643,2,1,0,0,6,0,0,0,0,12,0,0
2002,370643,3,1,26,15,14,14,19,16,21,21,8,8
2002,370644,1,1,19,8,2,14,9,10,8,0,25,19
2002,370645,1,1,0,0,9,0,0,0,0,0,0,0
2002,370645,2,1,0,0,0,0,0,0,0,0,0,0
2002,370645,3,1,0,0,0,0,0,0,0,0,0,0
2002,370646,1,1,28,10,13,11,30,18,5,18,14,11
2002,370646,2,1,0,0,0,0,0,0,0,0,0,5
2002,370646,3,1,0,0,0,0,0,0,0,0,0,0
2002,370647,1,1,17,17,17,17,17,17,17,17,17,17
2002,370648,1,1,3,3,3,3,3,3,3,3,3,3
2002,370649,1,1,0,0,0,0,0,0,0,0,0,0
2002,370650,1,1,13,13,13,13,13,13,13,13,13,13
2002,370651,1,1,0,0,0,0,0,0,0,0,6,0
2002,370652,1,1,0,0,0,15,0,0,0,0,0,0
2002,370653,1,1,0,0,0,0,0,0,0,0,0,0
2002,370653,2,1,0,0,0,0,0,0,0,0,0,0
2002,370654,1,1,0,0,0,0,0,0,0,0,0,0
2002,370654,2,1,0,0,0,0,0,0,0,0,0,0
2002,370655,1,1,12,0,6,0,0,0,8,0,0,6
2002,370656,1,1,16,18,29,10,25,21,20,10,18,24
2002,370657,0,1,33,33,33,33,33,33,33,33,33,33
2002,370657,1,1,0,5,0,0,0,0,0,0,0,0
2002,370658,1,1,0,0,0,0,0,0,0,0,0,0
2002,370659,1,1,0,8,0,0,0,0,0,12,0,0
2002,370659,2,1,0,5,0,0,0,0,18,0,0,0