YEAR,ST_CASE,veh_no,per_no,P1,P2,P3,P4,P5,P6,P7,P8,P9,P10
2002,370953,1,1,0,0,0,0,0,0,0,0,0,0
2002,370954,1,1,0,0,0,0,6,0,0,0,0,0
2002,370954,2,1,0,0,0,0,0,0,19,0,0,0
2002,370954,3,1,0,0,0,0,0,0,0,9,0,0
2002,370954,4,1,0,0,0,0,0,0,0,0,0,0
2002,370955,0,1,0,0,0,0,0,0,0,0,0,0
2002,370955,1,1,0,0,0,0,0,0,0,0,0,0
2002,370956,1,1,0,0,0,0,0,0,0,0,0,0
2002,370956,2,1,0,0,0,0,0,2,0,0,0,0
2002,370956,3,1,0,0,0,0,0,0,0,0,0,0
2002,370956,4,1,0,0,0,0,0,0,0,0,0,0
2002,370957,1,1,17,17,17,17,17,17,17,17,17,17
2002,370957,2,1,0,0,0,0,0,0,0,0,10,0
2002,370958,1,1,0,0,0,0,0,0,0,0,0,0
2002,370958,2,1,0,0,0,0,0,0,0,0,0,0
2002,370959,1,1,0,0,0,0,0,0,0,0,17,0
2002,370959,2,1,0,0,0,0,0,0,0,0,0,0
2002,370959,3,1,0,0,0,0,0,0,0,0,0,0
2002,370960,1,1,0,0,0,0,0,0,0,0,0,0
2002,370961,1,1,0,0,0,0,0,0,0,0,0,0
2002,370962,1,1,0,0,0,0,0,0,0,0,0,0
2002,370962,2,1,0,0,0,0,0,0,0,0,0,0
2002,370963,1,1,44,15,10,0,25,17,8,19,31,17
2002,370964,1,2,0,16,14,0,11,16,6,0,17,0
2002,370965,1,1,0,10,0,0,0,0,0,0,0,0
2002,370966,1,1,0,0,0,0,0,0,0,0,0,0
2002,370966,2,1,0,0,0,0,0,0,0,0,0,0
2002,370968,1,1,0,0,0,0,0,0,0,0,0,0
2002,370968,2,1,0,0,0,0,0,0,0,0,0,0
2002,370969,1,1,0,0,0,0,0,0,0,0,0,0
2002,370970,1,1,0,0,0,0,0,0,0,0,0,0
2002,370971,1,1,16,16,16,16,16,16,16,16,16,16
2002,370972,0,1,0,0,0,0,0,0,0,0,0,0
2002,370972,1,1,0,0,0,0,0,0,0,0,0,0
2002,370972,2,1,0,0,0,0,0,0,0,0,0,0
2002,370973,1,1,28,18,13,11,18,13,23,9,5,19
2002,370973,2,1,0,0,0,0,0,0,0,0,0,0
2002,370973,3,1,0,0,0,0,0,0,0,0,0,0
2002,370974,1,1,0,0,0,0,0,0,0,0,0,0
2002,370974,2,1,0,0,0,0,0,0,0,0,0,0
2002,370975,1,1,36,16,9,23,11,31,15,12,0,14
2002,370976,1,1,0,0,0,0,0,0,0,0,0,0
2002,370977,1,1,0,0,0,0,0,0,0,0,0,0
2002,370977,2,1,0,0,0,0,0,0,0,0,0,0
2002,370978,1,1,0,0,0,0,0,0,0,0,0,0
2002,370978,2,1,0,0,0,0,0,0,0,0,0,0
2002,370979,0,1,12,12,12,12,12,12,12,12,12,12
2002,370979,1,1,14,0,0,0,0,0,0,0,0,0
2002,370980,1,1,0,0,0,0,0,0,0,0,0,0
2002,370981,1,1,0,0,0,0,0,0,0,0,0,0
2002,370982,1,1,0,0,0,0,0,0,0,0,0,0
2002,370982,2,1,0,0,0,0,0,0,0,0,0,0
2002,370983,1,1,20,20,20,20,20,20,20,20,20,20
2002,370984,1,1,0,0,0,0,0,0,0,0,0,0
2002,370984,2,1,0,0,0,0,0,0,0,0,0,0
2002,370985,1,1,12,12,12,12,12,12,12,12,12,12
2002,370985,2,1,0,0,0,0,0,0,0,0,0,0
2002,370986,1,1,0,0,0,0,0,0,0,0,0,0
2002,370986,2,1,0,0,0,0,0,0,0,0,0,0
2002,370987,1,1,0,0,0,0,0,0,0,0,0,0
2002,370987,2,1,0,0,0,0,0,0,0,0,0,0
2002,370988,0,1,0,0,0,0,0,0,0,0,0,0
2002,370988,1,1,0,0,0,0,0,0,0,0,0,0
2002,370989,1,1,16,16,16,16,16,16,16,16,16,16
2002,370990,0,1,30,30,30,30,30,30,30,30,30,30
2002,370990,1,1,0,0,0,0,0,0,0,0,0,0
2002,370991,1,1,0,0,0,0,0,0,0,0,0,0
2002,370992,1,1,0,0,0,0,0,0,0,0,0,0
2002,370993,1,1,0,0,0,0,0,0,0,0,0,0
2002,370993,2,1,0,0,0,0,0,0,0,0,0,0
2002,370994,1,1,27,27,27,27,27,27,27,27,27,27
2002,370995,1,1,0,0,0,0,0,0,0,0,0,0
2002,370995,2,1,0,0,0,0,4,0,0,0,0,0
2002,370996,1,1,20,12,9,22,17,13,12,14,12,18
2002,370997,1,1,0,0,0,0,0,0,0,0,0,0
2002,370997,2,1,0,0,0,0,0,0,0,0,0,0
2002,370998,0,1,0,0,0,0,0,0,0,0,0,0
2002,370998,1,1,0,0,0,0,0,0,0,0,0,0
2002,370999,1,1,0,0,0,0,0,0,0,0,0,0
2002,371000,1,1,0,0,0,0,0,0,0,0,0,0
2002,371000,2,1,0,0,0,0,17,13,0,0,32,7
2002,371001,1,1,0,0,0,0,0,0,0,0,0,0
2002,371001,2,1,0,0,0,0,0,0,0,0,0,0
2002,371002,1,1,0,0,0,0,0,0,0,0,0,0
2002,371002,2,1,25,14,15,0,7,16,0,19,19,33
2002,371003,1,1,6,6,6,6,6,6,6,6,6,6
2002,371004,1,1,7,0,0,0,15,0,0,0,0,0
2002,371004,2,1,0,0,0,0,0,0,0,0,0,0
2002,371005,1,1,0,0,0,0,0,0,2,0,0,0
2002,371005,2,1,0,0,0,0,0,0,0,0,0,8
2002,371006,0,1,8,8,8,8,8,8,8,8,8,8
2002,371006,0,2,0,0,0,0,0,0,0,0,0,0
2002,371006,1,1,0,0,0,0,0,0,2,0,0,0
2002,371007,0,1,35,35,35,35,35,35,35,35,35,35
2002,371007,1,1,0,0,0,0,0,0,0,0,0,0
2002,371008,1,1,0,0,0,0,0,0,0,0,0,0
2002,371008,2,1,0,0,0,0,0,0,0,9,0,0
2002,371009,0,1,0,0,0,0,0,0,0,0,0,0
2002,371009,1,1,0,0,0,0,0,0,0,0,0,0
2002,371009,2,1,0,0,0,0,0,0,0,0,0,0
2002,371010,1,1,0,0,0,0,0,0,0,0,0,0
2002,371010,2,1,0,0,0,0,0,0,0,0,0,0
2002,371011,0,1,0,0,0,0,0,0,0,0,0,0
2002,371011,1,1,0,0,0,0,0,0,0,0,0,0
2002,371012,1,1,0,0,0,0,0,0,0,0,0,0
2002,371012,2,1,0,0,0,0,0,0,0,0,0,0
2002,371012,3,1,0,0,0,0,0,0,0,0,0,0
2002,371013,1,1,16,16,16,16,16,16,16,16,16,16
2002,371014,1,1,26,26,26,26,26,26,26,26,26,26
2002,371015,1,1,0,0,0,0,0,0,0,0,0,0
2002,371016,1,1,16,16,16,16,16,16,16,16,16,16
2002,371017,0,1,17,17,17,17,17,17,17,17,17,17
2002,371017,1,1,0,0,0,0,0,0,0,0,0,0
2002,371018,1,1,0,0,0,0,0,0,0,0,0,0
2002,371019,1,1,0,0,0,0,0,0,0,0,0,0
2002,371019,2,1,0,0,0,0,0,0,0,0,0,0
2002,371019,3,1,0,0,0,0,0,0,0,0,0,0
2002,371020,1,1,4,4,4,4,4,4,4,4,4,4
2002,371021,1,1,0,0,0,0,0,0,0,0,0,0
2002,371021,2,1,0,0,0,0,0,0,0,0,0,0
2002,371022,1,1,19,0,18,0,22,14,17,0,16,18
2002,371023,1,1,0,23,22,4,28,8,0,0,0,0
2002,371024,0,1,28,28,28,28,28,28,28,28,28,28
2002,371024,1,1,0,0,0,0,0,0,0,0,0,0
2002,371025,1,1,16,6,29,8,26,14,16,50,32,23
2002,371026,1,1,0,0,0,0,0,0,0,0,0,0
2002,371027,1,1,0,0,0,0,0,0,0,0,0,0
2002,371027,2,1,0,0,0,0,0,0,0,0,0,0
2002,371027,3,1,0,0,0,0,0,0,0,0,0,0
2002,371028,1,1,0,0,23,0,0,0,0,0,0,0
2002,371028,2,1,0,0,0,0,0,0,0,0,0,0
2002,371028,3,1,0,13,0,0,0,0,0,0,0,0
2002,371029,1,1,0,0,0,0,0,0,0,0,0,0
2002,371029,2,1,0,0,0,0,0,0,0,0,0,16
2002,371030,0,1,6,6,6,6,6,6,6,6,6,6
2002,371030,1,1,5,22,19,4,20,9,9,10,9,8
2002,371031,1,1,14,15,22,0,17,12,26,17,9,10
2002,371032,1,1,0,0,0,0,0,0,0,0,0,0
2002,371032,2,1,0,0,0,0,0,0,0,0,0,0
2002,371033,0,1,34,34,34,34,34,34,34,34,34,34
2002,371033,1,1,0,0,0,0,0,0,0,0,0,0
2002,371034,1,1,0,0,13,0,0,0,0,0,0,0
2002,371034,2,1,0,0,0,0,0,0,0,0,0,0
2002,371035,1,1,0,0,0,0,0,0,0,0,0,0
2002,371036,1,1,0,0,0,0,0,0,0,0,0,0
2002,371036,2,1,0,0,0,0,0,0,0,0,0,0
2002,371036,3,1,0,0,0,0,0,0,0,0,0,0
2002,371037,1,1,0,0,0,0,0,0,0,0,0,0
2002,371038,1,1,0,0,0,0,0,0,0,0,0,0
2002,371039,1,1,0,0,0,0,0,0,0,0,0,0
2002,371039,2,1,0,0,0,0,0,0,0,0,0,0
2002,371040,1,1,0,0,0,0,0,0,0,0,0,18
2002,371040,2,1,0,0,0,0,0,0,0,0,0,0
2002,371041,1,1,0,0,0,0,0,0,0,0,0,0
2002,371042,0,1,16,16,16,16,16,16,16,16,16,16
2002,371042,1,1,0,0,0,0,0,0,0,0,0,0
2002,371043,1,1,17,17,17,17,17,17,17,17,17,17
2002,371044,1,1,26,26,26,26,26,26,26,26,26,26
2002,371045,0,1,0,0,0,0,0,0,0,0,0,0
2002,371045,1,1,0,0,0,0,0,0,0,0,0,0
2002,371046,1,1,0,0,0,0,0,0,0,0,0,0
2002,371046,2,1,0,0,0,0,0,0,0,0,0,0
2002,371046,3,1,0,0,0,0,0,0,0,0,0,0
2002,371047,1,1,14,14,14,14,14,14,14,14,14,14
2002,371048,0,1,0,0,0,0,0,0,0,0,0,0
2002,371048,1,1,0,0,0,0,0,0,0,0,0,0
2002,371049,1,1,0,0,0,0,0,0,0,0,0,0
2002,371049,2,1,0,0,0,0,0,0,0,0,0,0
2002,371049,3,1,0,0,0,0,0,0,0,0,0,0
2002,371050,1,1,17,17,17,17,17,17,17,17,17,17
2002,371051,1,1,0,0,0,0,0,0,0,0,0,0
2002,371051,2,1,0,0,0,0,0,0,0,0,0,0
2002,371052,1,1,0,0,0,0,0,0,0,0,0,0
2002,371052,2,1,0,0,0,0,0,0,0,0,0,0
2002,371053,1,1,27,27,27,27,27,27,27,27,27,27
2002,371054,1,1,0,0,0,0,0,0,0,0,0,0
2002,371054,2,1,0,0,0,0,0,0,0,0,0,0
2002,371055,1,1,0,0,0,0,0,0,0,0,0,0
2002,371056,1,1,0,0,0,0,0,0,0,0,0,0
2002,371056,2,1,0,0,0,0,0,0,0,0,0,0
2002,371057,1,1,10,10,10,10,10,10,10,10,10,10
2002,371058,1,1,23,23,23,23,23,23,23,23,23,23
2002,371059,1,1,11,13,12,16,18,16,8,15,26,21
2002,371059,2,1,0,0,0,0,0,0,0,0,0,0
2002,371060,1,1,0,0,0,0,0,0,0,0,0,0
2002,371060,2,1,0,0,0,0,0,0,24,0,0,0
2002,371061,1,1,14,14,14,14,14,14,14,14,14,14
2002,371062,1,1,0,0,0,22,0,0,0,0,0,0
2002,371063,1,1,5,0,0,0,0,0,0,0,0,0
2002,371063,2,1,0,0,0,0,0,0,0,0,0,0
2002,371064,1,1,0,0,0,0,0,0,0,0,0,0
2002,371064,2,1,11,20,20,21,17,0,0,14,12,4
2002,371065,1,1,0,0,0,0,13,0,0,0,0,0
2002,371065,2,1,0,0,0,0,0,0,0,0,0,0
2002,371067,1,1,0,0,0,0,0,0,0,0,0,0
2002,371068,1,1,14,0,0,0,0,0,0,0,0,0
2002,371069,1,1,15,22,26,29,22,13,22,7,22,17
2002,371070,1,1,0,0,0,0,0,0,0,0,0,0
2002,371071,0,1,30,30,30,30,30,30,30,30,30,30
2002,371071,1,1,0,0,0,0,0,0,0,0,0,0
2002,371072,1,1,0,0,0,0,0,0,0,0,0,0
2002,371072,2,1,0,0,0,0,0,0,0,0,0,0
2002,371073,1,1,0,0,0,0,0,0,0,0,0,0
2002,371073,2,1,0,0,0,0,0,0,0,0,0,0
2002,371074,0,1,27,27,27,27,27,27,27,27,27,27
2002,371074,1,1,0,0,0,0,0,0,0,0,0,0
2002,371075,1,1,10,10,10,10,10,10,10,10,10,10
2002,371076,1,1,13,13,13,13,13,13,13,13,13,13
2002,371077,1,1,0,0,0,0,0,0,0,0,0,0
2002,371077,2,1,0,0,0,0,0,0,0,0,0,0
2002,371078,1,1,0,0,0,0,0,0,0,0,0,0
2002,371078,2,1,0,0,0,0,0,0,0,0,0,0
2002,371079,1,1,9,9,9,9,9,9,9,9,9,9
2002,371080,1,1,0,0,0,0,0,0,0,0,0,0
2002,371080,2,1,0,0,0,0,0,0,0,0,0,0
2002,371080,3,1,0,0,0,0,0,0,0,0,0,0
2002,371081,1,1,0,0,0,0,0,0,0,0,0,0
2002,371081,2,1,0,0,0,0,0,0,0,0,0,0
2002,371081,3,1,0,0,0,0,0,0,0,0,0,0
2002,371082,1,1,0,0,0,0,0,0,0,0,0,0
2002,371082,2,1,0,0,0,0,0,0,0,0,0,0
2002,371083,1,1,0,0,0,0,0,0,0,0,0,0
2002,371083,2,1,0,0,0,0,0,0,0,0,0,0
2002,371084,1,1,25,25,25,25,25,25,25,25,25,25
2002,371085,1,1,0,0,0,0,0,0,0,0,0,0
2002,371086,1,1,10,10,10,10,10,10,10,10,10,10
2002,371087,1,1,0,0,0,0,0,0,0,0,0,0
2002,371087,2,1,0,0,0,0,0,0,0,0,0,0
2002,371087,3,1,30,0,0,0,0,0,0,0,0,0
2002,371088,1,1,0,0,0,0,0,0,0,0,12,0
2002,371088,2,1,19,19,19,19,19,19,19,19,19,19
2002,371088,3,1,0,0,0,0,0,0,0,0,0,0
2002,371089,0,1,0,0,0,0,0,0,0,0,0,0
2002,371089,1,1,0,0,0,0,0,0,0,0,0,0
2002,371090,1,1,0,0,0,0,0,0,0,0,0,0
2002,371090,2,1,0,0,0,0,0,0,0,0,0,0
2002,371091,1,1,0,0,0,0,0,0,0,0,0,0
2002,371091,2,1,0,0,0,0,0,0,0,0,0,0
2002,371091,3,1,0,0,0,0,0,0,0,0,0,0
2002,371092,1,1,6,0,0,0,0,6,0,0,0,0
2002,371092,2,1,0,0,0,0,0,0,0,0,0,0
2002,371092,3,1,0,0,0,0,0,0,0,0,0,0
2002,371093,0,1,0,0,0,0,0,0,0,0,0,0
2002,371093,1,1,0,0,0,0,0,0,0,0,0,0
2002,371094,1,1,0,0,0,0,0,0,0,0,0,0
2002,371095,1,1,0,0,0,0,0,0,0,0,0,0
2002,371095,2,1,0,0,0,0,0,0,0,0,0,0
2002,371096,1,1,18,18,18,18,18,18,18,18,18,18
2002,371097,0,1,0,0,0,0,0,0,0,0,0,0
2002,371097,1,1,0,0,0,0,10,0,0,0,0,0
2002,371098,1,1,0,0,7,0,0,0,7,0,0,12
2002,371098,2,1,0,0,0,0,0,0,0,0,0,0
2002,371100,1,1,0,0,0,0,0,0,0,0,0,0
2002,371100,2,1,0,0,0,0,0,0,0,0,0,0
2002,371100,3,1,0,0,0,0,0,0,0,0,0,0
2002,371100,4,1,0,0,0,0,0,0,0,0,0,0
2002,371101,1,1,0,0,0,0,0,0,0,0,0,0
2002,371101,2,1,0,0,0,0,0,0,0,0,0,0
2002,371102,1,1,4,6,18,6,16,11,21,6,25,15
2002,371103,1,1,8,0,0,0,0,0,16,0,0,0
2002,371103,2,1,0,0,0,0,0,0,0,0,0,0
2002,371104,1,1,0,0,0,0,0,0,0,0,0,0
2002,371105,1,1,4,21,26,14,5,16,12,12,26,23
2002,371106,1,1,16,17,18,19,9,0,19,3,0,25
2002,371107,1,1,0,0,0,0,0,0,0,0,0,0
2002,371108,1,1,20,20,20,20,20,20,20,20,20,20
2002,371109,1,1,0,0,0,0,0,0,0,0,0,0
2002,371110,1,1,0,0,0,0,0,0,0,0,0,0
2002,371110,2,1,0,0,0,0,0,0,0,0,0,0
2002,371111,0,1,31,31,31,31,31,31,31,31,31,31
2002,371111,1,1,0,0,0,0,0,0,0,0,0,0
2002,371112,1,1,0,0,0,0,0,0,0,0,0,0
2002,371113,1,1,0,0,0,0,0,0,0,0,0,0
2002,371113,2,1,0,0,0,0,0,0,0,0,0,0
2002,371114,1,1,0,0,0,0,0,0,0,0,0,0
2002,371115,0,1,0,0,0,0,0,0,0,0,0,0
2002,371115,1,1,0,0,0,0,0,0,0,0,0,0
2002,371116,1,1,0,0,0,0,0,0,0,0,0,0
2002,371117,1,1,16,16,16,16,16,16,16,16,16,16
2002,371117,2,1,0,0,0,0,0,0,0,0,0,0
2002,371117,3,1,0,0,0,15,0,0,0,0,0,0
2002,371117,4,1,0,0,0,0,0,0,0,0,11,0
2002,371118,1,1,0,0,0,0,0,0,0,0,0,0
2002,371118,2,1,0,0,0,0,0,0,0,0,0,0
2002,371118,3,1,0,0,0,0,0,0,0,0,0,0
2002,371118,4,1,0,0,0,0,0,0,0,0,0,0
2002,371118,5,1,0,0,0,0,0,0,0,0,0,0
2002,371118,6,1,0,0,0,0,0,0,0,0,0,0
2002,371118,7,1,0,0,0,0,0,0,0,0,0,0
2002,371119,1,1,0,0,0,0,0,0,0,0,0,0
2002,371119,2,1,0,0,0,0,0,0,0,0,0,0
2002,371120,1,1,0,0,0,0,0,0,0,0,0,0
2002,371121,0,1,37,37,37,37,37,37,37,37,37,37
2002,371121,1,1,0,0,0,0,0,0,0,0,0,0
2002,371121,2,1,0,0,0,0,0,0,0,0,0,0
2002,371122,1,1,0,0,0,0,0,0,0,0,0,0
2002,371122,2,1,0,0,0,0,0,0,0,0,0,0
2002,371123,0,1,26,26,26,26,26,26,26,26,26,26
2002,371123,1,1,0,0,0,0,0,0,0,0,0,0
2002,371124,1,1,15,15,15,15,15,15,15,15,15,15
2002,371125,1,1,0,0,0,0,0,0,0,0,0,0
2002,371125,2,1,0,0,0,0,0,0,0,0,0,0
2002,371126,1,1,0,0,0,0,0,0,0,0,0,0
2002,371127,1,1,0,5,12,22,21,22,18,28,19,26
2002,371128,1,1,0,0,0,0,0,0,0,0,0,0
2002,371128,2,1,0,6,0,14,12,15,17,5,13,6
2002,371129,0,1,0,0,0,0,0,0,0,0,0,0
2002,371129,1,1,6,0,0,0,0,16,0,0,0,0
2002,371130,1,1,0,0,0,0,0,0,0,0,0,0
2002,371131,1,1,0,0,0,0,0,0,0,0,0,0
2002,371131,2,1,0,0,0,0,0,0,0,0,0,0
2002,371132,1,1,0,0,0,0,0,0,0,0,0,0
2002,371132,2,1,12,12,12,12,12,12,12,12,12,12
2002,371133,1,1,0,0,0,0,0,0,0,0,0,0
2002,371133,2,1,25,25,25,25,25,25,25,25,25,25
2002,371134,0,1,15,15,15,15,15,15,15,15,15,15
2002,371134,1,1,0,0,0,0,0,0,0,0,0,0
2002,371134,2,1,0,0,0,0,0,0,0,0,0,0
2002,371135,1,1,8,8,8,8,8,8,8,8,8,8
2002,371136,1,1,0,0,0,0,0,0,0,0,0,0
2002,371136,2,1,0,0,0,0,0,0,0,0,0,0
2002,371137,1,1,0,9,0,5,0,0,10,12,0,0
2002,371137,2,1,0,0,0,0,0,0,0,0,0,0
2002,371138,0,1,35,35,35,35,35,35,35,35,35,35
2002,371138,1,1,0,0,0,0,0,0,0,0,0,0
2002,371139,1,1,0,0,0,0,0,0,0,0,0,0
2002,371140,1,1,0,0,0,0,0,0,0,0,0,0
2002,371141,1,1,0,0,0,0,0,0,0,0,0,0
2002,371141,2,1,0,0,0,0,0,0,0,0,0,0
2002,371142,1,1,0,0,0,0,0,0,0,0,0,0
2002,371143,1,1,0,0,0,0,0,17,0,0,0,0
2002,371144,1,1,20,29,16,24,22,23,13,16,14,19
2002,371145,1,1,0,0,0,0,0,0,0,0,0,0
2002,371146,1,1,21,21,21,21,21,21,21,21,21,21
2002,371147,1,1,0,0,0,0,0,0,0,0,0,0
2002,371147,2,1,0,0,0,0,0,0,0,0,0,0
2002,371147,3,1,0,0,0,0,0,0,0,0,0,0
2002,371148,0,1,0,0,0,0,0,0,0,0,0,0
2002,371148,1,1,0,0,0,0,0,0,0,0,0,5
2002,371149,1,1,14,23,22,12,11,29,27,18,11,22
2002,371150,1,1,0,0,0,0,0,0,0,0,0,0
2002,371151,1,1,0,0,0,0,0,0,0,0,0,0
2002,371151,2,1,0,0,0,0,0,0,0,0,0,0
2002,371152,1,1,0,0,0,0,0,0,0,0,0,0
2002,371152,2,1,0,0,0,0,0,0,0,0,0,0
2002,371153,1,1,0,0,0,0,0,0,0,0,0,0
2002,371154,1,1,0,0,0,0,0,29,0,0,0,0
2002,371154,2,1,0,0,0,0,0,0,0,0,0,0
2002,371155,1,1,0,0,0,0,0,0,0,0,0,0
2002,371156,1,1,2,2,2,2,2,2,2,2,2,2
2002,371156,2,1,0,0,0,0,0,0,0,0,0,0
2002,371157,0,1,0,0,0,3,32,14,0,0,18,0
2002,371157,1,1,0,0,11,0,0,0,0,0,0,0
2002,371158,1,1,0,0,0,16,0,0,0,0,0,0
2002,371159,1,1,0,0,0,0,0,0,0,0,0,0
2002,371161,1,1,0,0,0,0,0,0,0,0,0,0
2002,371161,2,1,0,0,0,6,0,0,0,0,0,0
2002,371162,1,1,0,0,0,0,0,0,0,0,0,0
2002,371162,2,1,0,0,0,0,0,0,0,0,0,0
2002,371163,1,1,27,27,27,27,27,27,27,27,27,27
2002,371164,1,1,23,8,22,10,14,4,10,11,9,10
2002,371165,1,1,6,6,6,6,6,6,6,6,6,6
2002,371166,1,1,11,11,11,11,11,11,11,11,11,11
2002,371167,1,1,0,0,0,0,0,0,0,0,0,0
2002,371167,2,1,0,0,0,0,0,0,0,0,0,0
2002,371168,1,1,0,0,0,0,0,0,0,0,0,0
2002,371169,1,1,18,0,0,0,5,17,0,0,6,0
2002,371169,2,1,0,3,0,0,0,0,0,0,0,0
2002,371170,1,1,0,0,0,0,0,0,0,0,0,0
2002,371170,2,1,0,0,0,0,0,0,0,0,0,0
2002,371171,0,1,18,19,41,30,30,34,27,21,23,46
2002,371171,1,1,0,0,0,0,0,0,0,0,0,0
2002,371172,1,1,22,19,0,29,26,29,0,12,17,26
2002,371173,1,1,0,31,0,0,23,15,0,13,0,0
2002,371174,1,1,0,18,0,0,0,23,0,0,0,0
2002,371175,1,1,0,0,0,0,0,0,0,0,0,0
2002,371175,2,1,0,0,0,0,0,0,0,0,0,0
2002,371176,1,1,0,0,0,0,0,0,0,0,0,0
2002,371176,2,1,0,0,0,0,0,0,0,0,0,0
2002,371177,1,1,21,40,23,22,17,28,21,24,26,23
2002,371178,1,1,0,0,0,0,0,0,0,0,0,0
2002,371179,1,1,0,0,0,0,0,0,0,0,0,0
2002,371179,2,1,0,0,0,0,0,0,0,0,0,0
2002,371180,1,1,30,30,30,30,30,30,30,30,30,30
2002,371180,2,1,0,0,0,0,0,0,0,0,0,0
2002,371181,1,1,21,14,11,11,9,11,18,10,14,9
2002,371181,2,1,0,0,0,0,0,0,0,0,0,0
2002,371182,1,1,0,0,0,0,0,0,0,0,0,0
2002,371182,2,1,0,0,0,0,0,0,0,0,0,0
2002,371183,1,1,0,0,0,0,0,0,0,0,0,0
2002,371183,2,1,0,0,0,0,0,0,0,0,0,0
2002,371183,3,1,0,0,0,0,0,0,0,0,0,0
2002,371183,4,1,0,0,0,0,0,0,0,0,7,0
2002,371184,1,1,0,0,0,0,0,0,0,0,0,0
2002,371185,0,1,17,17,17,17,17,17,17,17,17,17
2002,371185,1,1,0,20,0,0,0,0,0,0,0,21
2002,371186,1,1,12,14,0,17,0,3,12,14,4,4
2002,371186,2,1,0,0,0,0,0,6,0,0,0,0
2002,371187,0,1,13,13,13,13,13,13,13,13,13,13
2002,371187,1,1,0,0,0,0,0,7,0,0,0,0
2002,371188,1,1,0,0,0,0,0,0,0,0,22,0
2002,371188,2,1,0,0,0,0,0,0,0,0,0,0
2002,371188,3,1,32,32,32,32,32,32,32,32,32,32
2002,371189,1,1,0,0,0,0,0,0,0,0,0,0
2002,371190,1,1,0,0,0,0,0,0,0,21,0,0
2002,371191,1,1,0,0,0,0,0,0,0,0,0,0
2002,371191,2,1,0,0,0,0,0,0,0,0,0,0
2002,371191,3,1,0,0,0,0,0,0,0,0,0,0
2002,371191,4,1,0,0,0,0,0,0,0,0,13,0
2002,371191,5,1,0,0,0,0,0,0,0,0,0,0
2002,371191,6,1,0,0,0,0,0,0,0,0,0,0
2002,371191,7,1,0,0,0,0,0,0,0,0,0,0
2002,371191,8,1,0,0,0,0,0,0,0,0,0,0
2002,371191,9,1,0,0,0,0,0,0,0,0,0,0
2002,371192,1,1,0,0,9,0,0,0,0,0,0,0
2002,371192,2,1,0,0,0,0,0,0,0,0,0,0
2002,371193,1,1,0,0,0,0,0,0,0,0,0,0
2002,371193,2,1,0,0,0,0,0,0,0,0,0,0
2002,371194,1,1,0,0,0,0,0,0,0,0,0,0
2002,371194,2,1,0,0,0,0,0,0,0,0,0,0
2002,371195,0,1,0,0,0,0,0,0,0,0,0,0
2002,371195,1,1,0,0,0,0,0,0,0,0,0,0
2002,371196,1,1,5,12,23,22,21,17,18,6,12,20
2002,371197,1,1,0,0,0,0,0,24,0,0,0,0
2002,371197,2,1,0,0,0,0,0,0,0,0,0,0
2002,371198,1,1,0,0,33,7,0,0,0,0,0,0
2002,371198,2,1,0,0,0,0,0,0,0,0,0,0
2002,371199,1,1,24,24,24,24,24,24,24,24,24,24
2002,371200,1,1,0,0,0,0,0,0,0,0,0,0
2002,371200,2,1,0,0,0,0,0,0,0,0,0,0
2002,371201,1,1,0,0,0,0,0,0,0,0,0,0
2002,371201,2,1,0,0,0,0,0,0,0,0,0,0
2002,371202,1,1,0,0,0,0,0,0,0,0,0,0
2002,371203,1,1,0,0,0,0,0,0,0,0,0,0
2002,371203,2,1,0,0,0,0,0,0,0,0,0,0
2002,371204,1,1,3,5,23,3,14,9,10,11,13,15
2002,371205,1,1,0,15,18,32,0,0,0,0,9,0
2002,371206,1,1,0,0,0,0,0,10,0,0,0,0
2002,371206,2,1,0,0,0,0,0,0,0,0,0,0
2002,371207,1,1,25,30,0,15,0,0,0,0,19,0
2002,371207,2,1,0,0,0,0,0,0,0,0,0,0
2002,371208,1,1,19,19,19,19,19,19,19,19,19,19
2002,371209,1,1,0,0,0,0,0,0,0,0,0,0
2002,371210,1,1,0,0,0,0,0,0,0,0,0,0
2002,371210,2,1,0,0,0,0,0,0,0,0,0,0
2002,371210,3,1,0,0,0,0,0,0,0,0,0,0
2002,371211,1,1,0,0,0,0,0,0,0,0,0,0
2002,371211,2,1,0,0,0,0,0,0,0,0,0,0
2002,371212,0,1,19,19,19,19,19,19,19,19,19,19
2002,371212,1,1,0,0,0,0,0,0,0,0,0,0
2002,371213,0,1,0,0,0,0,0,0,0,0,0,0
2002,371213,1,1,0,0,0,0,0,0,0,0,0,0
2002,371214,1,1,0,0,0,0,0,0,0,0,0,0
2002,371215,1,1,0,0,0,0,0,0,0,0,0,0
2002,371215,2,1,0,0,0,0,0,0,14,0,0,0
2002,371216,1,1,0,0,0,0,0,0,0,0,0,0
2002,371216,2,1,0,0,0,0,0,0,0,0,0,0
2002,371217,0,1,0,0,0,0,0,0,0,0,13,0
2002,371217,1,1,0,0,0,0,0,0,0,0,0,0
2002,371218,1,1,0,0,0,0,0,0,0,0,0,0
2002,371218,2,1,0,0,0,0,0,0,0,0,0,0
2002,371219,0,1,22,22,22,22,22,22,22,22,22,22
2002,371219,1,1,0,0,0,0,0,0,0,0,0,0
2002,371220,0,1,14,14,14,14,14,14,14,14,14,14
2002,371220,1,1,14,8,16,11,15,7,15,23,13,24