YEAR,ST_CASE,veh_no,per_no,P1,P2,P3,P4,P5,P6,P7,P8,P9,P10
2002,371221,1,1,13,19,0,11,12,13,8,18,3,10
2002,371221,2,1,0,0,0,0,0,0,0,0,0,0
2002,371221,3,1,10,7,0,17,16,24,13,23,15,7
2002,371222,1,1,0,0,0,0,0,0,0,0,0,0
2002,371222,2,1,13,0,6,0,0,0,0,0,0,0
2002,371223,1,1,0,0,10,0,0,0,0,0,7,0
2002,371224,1,1,13,13,13,13,13,13,13,13,13,13
2002,371225,1,1,0,0,8,0,0,0,16,0,0,27
2002,371226,1,1,21,21,21,21,21,21,21,21,21,21
2002,371227,0,1,23,22,16,0,41,0,0,0,0,0
2002,371227,1,1,0,0,0,0,0,0,0,0,0,0
2002,371228,1,1,0,0,0,0,0,0,0,21,0,0
2002,371229,1,1,0,0,0,0,0,0,0,0,0,0
2002,371229,2,1,0,0,0,0,0,0,0,0,0,0
2002,371230,1,1,0,0,0,0,0,0,0,0,0,0
2002,371230,2,1,0,0,0,0,0,0,0,0,0,0
2002,371231,1,1,0,0,14,0,0,0,0,0,0,0
2002,371231,2,1,0,0,0,0,0,0,0,0,0,0
2002,371232,1,1,13,13,3,24,20,0,27,18,0,4
2002,371233,1,1,0,0,0,0,0,0,0,0,0,0
2002,371233,2,1,0,0,0,0,0,0,0,0,0,0
2002,371234,1,1,0,0,0,0,0,0,0,0,0,0
2002,371235,1,1,12,12,12,12,12,12,12,12,12,12
2002,371236,0,1,44,0,0,0,0,23,17,0,24,0
2002,371236,1,1,0,0,13,0,0,0,0,0,0,0
2002,371237,1,1,0,0,0,0,0,0,0,0,0,0
2002,371239,1,1,14,18,3,15,14,32,14,20,2,0
2002,371239,2,1,0,0,0,0,0,0,0,0,0,0
2002,371239,3,1,0,0,0,0,0,0,0,0,0,0
2002,371240,1,1,0,0,0,0,0,0,0,0,0,0
2002,371240,2,1,0,0,0,0,0,0,0,0,0,0
2002,371241,1,1,17,5,14,24,12,20,24,16,12,18
2002,371242,0,1,9,9,9,9,9,9,9,9,9,9
2002,371242,1,1,0,0,0,0,0,0,0,0,0,0
2002,371243,0,1,0,0,0,21,0,0,0,0,0,0
2002,371243,0,2,3,3,3,3,3,3,3,3,3,3
2002,371243,1,1,0,0,0,0,0,0,0,0,0,0
2002,371244,1,1,9,9,9,9,9,9,9,9,9,9
2002,371245,1,1,0,35,20,18,0,0,0,0,0,0
2002,371246,0,1,22,22,22,22,22,22,22,22,22,22
2002,371246,1,1,0,0,0,0,0,0,0,0,0,0
2002,371247,1,1,7,13,23,21,7,29,10,10,32,14
2002,371248,1,1,0,0,0,0,0,0,0,0,0,0
2002,371249,1,1,0,0,0,0,0,0,0,0,0,0
2002,371250,1,1,0,0,0,0,0,0,0,0,0,0
2002,371250,2,1,0,0,0,0,0,0,0,0,0,0
2002,371251,1,1,0,0,0,0,0,0,0,0,0,0
2002,371251,2,1,0,0,0,0,0,0,0,0,0,0
2002,371252,1,1,0,0,0,0,0,0,0,0,0,0
2002,371252,2,1,0,0,0,0,0,0,0,0,0,0
2002,371253,0,1,0,0,0,0,0,42,0,0,0,0
2002,371253,1,1,0,0,0,0,0,0,0,0,0,0
2002,371254,1,1,0,0,0,0,0,0,0,0,0,0
2002,371255,1,1,10,10,10,10,10,10,10,10,10,10
2002,371256,1,1,0,0,0,0,0,0,0,0,0,0
2002,371257,0,1,0,0,0,0,0,0,0,15,0,0
2002,371257,1,1,0,0,0,0,0,0,0,0,0,0
2002,371258,1,1,0,0,0,0,0,0,0,0,0,0
2002,371258,2,1,0,0,0,0,0,0,0,0,0,0
2002,371259,1,1,16,16,16,16,16,16,16,16,16,16
2002,371259,2,1,0,13,13,15,0,10,19,0,0,9
2002,371260,1,1,9,9,9,9,9,9,9,9,9,9
2002,371260,2,1,16,16,16,16,16,16,16,16,16,16
2002,371261,1,1,0,0,0,0,0,0,0,0,0,0
2002,371262,1,1,0,0,0,0,0,0,0,0,0,0
2002,371263,0,1,22,22,22,22,22,22,22,22,22,22
2002,371263,1,1,0,0,0,0,0,0,7,0,0,0
2002,371264,0,1,15,0,6,24,31,12,16,0,0,0
2002,371264,1,1,0,0,0,0,0,0,0,0,0,0
2002,371265,0,1,16,20,14,11,15,15,16,8,4,24
2002,371265,1,1,0,0,0,0,0,0,0,0,0,0
2002,371266,1,1,0,0,0,0,0,0,0,0,0,0
2002,371267,1,1,0,0,0,0,0,0,0,0,0,0
2002,371268,1,1,12,12,12,12,12,12,12,12,12,12
2002,371269,1,1,0,0,0,0,0,11,0,0,0,0
2002,371270,1,1,0,0,0,0,0,0,0,0,0,0
2002,371270,2,1,23,23,23,23,23,23,23,23,23,23
2002,371271,0,1,18,0,32,0,0,21,0,0,0,19
2002,371271,1,1,0,0,0,0,0,0,0,0,0,0
2002,371271,2,1,0,0,0,0,0,0,0,0,0,0
2002,371272,1,1,18,19,14,16,12,20,13,22,25,16
2002,371273,0,1,22,22,22,22,22,22,22,22,22,22
2002,371273,1,1,0,0,0,0,0,0,0,0,0,0
2002,371274,1,1,0,0,0,0,0,0,0,0,0,0
2002,371274,2,1,0,0,0,0,0,0,0,0,0,0
2002,371275,1,1,0,0,0,0,0,0,0,0,0,0
2002,371275,2,1,0,0,0,0,0,0,0,0,0,0
2002,371276,1,1,0,0,0,0,0,0,0,0,0,0
2002,371277,1,1,0,0,0,0,0,0,0,0,0,0
2002,371278,1,1,0,0,0,0,0,0,0,0,0,0
2002,371278,2,1,0,0,0,0,0,0,0,0,0,0
2002,371278,3,1,0,0,0,0,0,0,0,0,0,0
2002,371279,0,1,0,0,0,0,0,0,0,0,0,0
2002,371279,1,1,0,0,0,0,0,0,0,0,0,0
2002,371280,1,1,0,0,0,0,0,0,29,18,0,17
2002,371281,1,1,0,0,0,0,0,0,0,0,0,0
2002,371281,2,1,0,0,0,0,0,0,0,0,0,0
2002,371282,1,1,5,5,5,5,5,5,5,5,5,5
2002,371283,1,1,0,0,16,16,0,0,0,7,0,20
2002,371283,2,1,8,8,8,8,8,8,8,8,8,8
2002,371284,1,1,32,32,32,32,32,32,32,32,32,32
2002,371285,1,1,28,28,28,28,28,28,28,28,28,28
2002,371286,1,1,0,0,0,0,0,0,0,0,0,0
2002,371288,1,1,0,0,0,0,0,0,0,0,0,0
2002,371288,2,1,0,0,0,0,0,0,0,0,0,0
2002,371289,1,1,0,0,0,0,0,0,0,0,0,0
2002,371289,2,1,0,0,0,0,0,0,0,0,0,0
2002,371290,1,1,23,23,23,23,23,23,23,23,23,23
2002,371291,1,1,0,0,0,0,0,0,0,0,0,0
2002,371291,2,1,0,0,0,0,9,0,0,0,0,0
2002,371292,0,1,0,6,0,0,2,0,7,12,0,0
2002,371292,1,1,26,23,14,15,21,30,5,13,28,22
2002,371293,1,1,0,0,0,0,0,0,0,0,0,0
2002,371294,1,1,0,0,0,0,0,0,0,0,0,0
2002,371294,2,1,18,0,0,0,0,0,0,0,0,0
2002,371295,1,1,0,0,0,0,0,0,0,0,0,0
2002,371296,1,1,0,0,21,0,0,0,0,0,12,0
2002,371297,0,1,19,36,22,9,17,0,35,33,14,11
2002,371297,1,1,0,0,0,0,0,0,0,0,0,0
2002,371298,1,1,22,22,22,22,22,22,22,22,22,22
2002,371299,1,1,0,0,0,0,0,0,0,0,0,0
2002,371299,2,1,0,0,0,0,0,0,0,0,0,0
2002,371300,1,1,0,0,0,0,0,0,0,0,0,0
2002,371300,2,1,21,21,21,21,21,21,21,21,21,21
2002,371301,1,1,20,20,20,20,20,20,20,20,20,20
2002,371302,1,1,0,0,0,0,0,0,0,0,0,0
2002,371302,2,1,0,0,0,0,0,0,0,0,9,0
2002,371303,0,1,17,0,38,0,30,16,21,9,27,0
2002,371303,1,1,0,12,0,0,0,0,0,0,0,15
2002,371304,1,1,27,27,27,27,27,27,27,27,27,27
2002,371305,1,1,0,0,0,13,0,17,0,0,0,0
2002,371305,2,1,0,0,0,0,0,0,0,0,0,0
2002,371306,1,1,14,7,29,16,14,20,28,12,37,8
2002,371307,1,1,0,0,0,0,0,0,0,0,0,0
2002,371307,2,1,0,0,0,0,0,0,0,0,0,0
2002,371308,1,1,19,19,19,19,19,19,19,19,19,19
2002,371309,1,1,0,0,0,0,0,0,0,0,0,0
2002,371309,2,1,19,19,19,19,19,19,19,19,19,19
2002,371309,3,1,0,0,0,0,0,0,0,0,0,0
2002,371310,1,1,0,0,0,0,0,8,13,10,0,0
2002,371311,0,1,24,24,24,24,24,24,24,24,24,24
2002,371311,1,1,0,0,0,0,0,0,0,0,0,0
2002,371312,1,1,0,0,0,0,0,0,0,0,0,0
2002,371313,1,1,11,9,16,20,5,4,8,6,15,2
2002,371313,2,1,0,0,0,0,0,0,0,0,0,0
2002,371313,3,1,0,0,0,0,0,24,0,0,0,0
2002,371314,0,1,11,14,24,16,39,26,25,22,28,17
2002,371314,1,1,0,0,0,0,0,0,0,0,0,0
2002,371315,0,1,0,0,0,0,0,0,0,0,0,0
2002,371315,1,1,0,0,0,0,0,0,0,0,0,0
2002,371316,1,1,0,0,22,33,0,0,0,0,0,0
2002,371316,2,1,21,0,10,12,0,5,11,0,6,32
2002,371317,1,1,0,0,13,0,0,0,0,23,13,0
2002,371318,1,1,0,0,0,0,0,0,0,0,0,0
2002,371318,2,1,0,0,0,0,0,0,0,0,0,0
2002,371318,3,1,0,0,0,0,0,0,0,0,0,0
2002,371318,4,1,0,0,0,0,0,0,0,0,0,0
2002,371319,1,1,0,0,0,0,0,0,0,0,0,0
2002,371319,2,1,0,0,0,0,0,0,0,0,0,0
2002,371320,0,1,9,13,16,28,15,27,17,19,19,0
2002,371320,1,1,0,0,0,0,0,0,0,0,0,0
2002,371321,1,1,0,0,0,0,0,0,6,0,0,0
2002,371321,2,1,0,0,0,8,0,0,0,0,0,0
2002,371322,1,1,0,0,0,0,0,0,0,0,0,0
2002,371322,2,1,0,0,0,0,0,0,0,0,0,10
2002,371323,1,1,0,0,0,0,0,0,0,0,0,0
2002,371323,2,1,0,0,0,0,0,14,0,0,0,0
2002,371324,1,1,20,0,0,0,27,0,22,0,0,0
2002,371325,1,1,0,0,0,0,0,0,0,0,0,0
2002,371325,2,1,22,22,22,22,22,22,22,22,22,22
2002,371326,1,1,12,12,12,12,12,12,12,12,12,12
2002,371327,1,1,0,0,0,0,0,0,0,0,0,0
2002,371327,2,1,0,0,0,0,0,0,0,0,0,0
2002,371328,1,1,0,0,0,0,0,0,0,0,0,0
2002,371328,2,1,0,0,0,0,0,0,0,0,17,0
2002,371329,1,1,0,0,0,0,0,0,0,0,0,0
2002,371329,2,1,0,0,0,0,0,0,0,0,0,0
2002,371330,1,1,0,0,0,10,0,0,0,0,0,0
2002,371331,1,1,0,0,0,0,0,0,0,0,0,0
2002,371332,1,1,0,0,0,8,0,0,18,0,0,0
2002,371332,2,1,0,0,0,0,0,0,0,0,0,0
2002,371333,1,1,29,17,22,9,7,23,15,10,11,11
2002,371334,1,1,0,0,0,0,0,0,0,0,0,0
2002,371335,1,1,9,9,9,9,9,9,9,9,9,9
2002,371335,2,1,0,0,0,0,0,0,0,0,0,0
2002,371336,1,1,9,13,26,16,5,5,14,9,31,14
2002,371337,1,1,0,0,0,0,0,0,0,0,0,0
2002,371337,2,1,0,0,0,0,0,0,0,0,0,0
2002,371338,1,1,16,15,23,13,25,26,19,30,22,11
2002,371338,2,1,0,0,0,0,0,0,0,0,0,30
2002,371339,1,1,0,0,0,0,0,0,0,0,0,0
2002,371339,2,1,0,0,0,0,0,0,0,0,0,0
2002,371340,1,1,0,0,0,0,0,0,0,0,0,0
2002,371340,2,1,0,0,0,0,0,0,0,0,0,0
2002,371341,1,1,0,0,0,0,0,0,0,0,0,0
2002,371341,2,1,0,0,0,0,0,0,0,0,0,0
2002,371342,1,1,0,0,0,7,0,42,0,0,0,0
2002,371343,1,1,20,20,20,20,20,20,20,20,20,20
2002,371344,1,1,19,19,19,19,19,19,19,19,19,19
2002,371344,2,1,17,21,8,21,18,25,15,23,8,0
2002,371345,1,1,0,0,0,17,0,0,0,0,0,0
2002,371346,1,1,0,0,0,0,0,0,0,0,0,0
2002,371346,2,1,0,0,0,0,0,0,0,0,0,0
2002,371346,3,1,0,0,0,0,0,0,0,0,0,0
2002,371347,0,1,0,0,0,0,0,0,0,0,10,0
2002,371347,1,1,0,0,0,0,0,0,0,0,0,0
2002,371348,1,1,0,0,0,0,0,0,0,0,0,0
2002,371348,2,1,0,0,0,0,0,0,0,2,0,0
2002,371349,1,1,0,0,0,0,0,0,0,0,0,0
2002,371349,2,1,0,0,0,0,0,0,0,0,0,0
2002,371350,1,1,26,26,26,26,26,26,26,26,26,26
2002,371351,1,1,15,15,15,15,15,15,15,15,15,15
2002,371352,0,1,0,23,0,32,0,0,25,10,0,0
2002,371352,1,1,0,0,9,15,0,0,0,0,0,0
2002,371353,1,1,14,14,14,14,14,14,14,14,14,14
2002,371354,1,1,18,0,25,16,0,0,25,0,32,0
2002,371356,0,1,10,0,33,6,0,0,0,15,10,0
2002,371356,1,1,0,0,0,0,0,0,0,0,0,16
2002,371357,1,1,0,0,0,0,0,2,0,0,0,0
2002,371358,0,1,0,0,0,0,0,0,0,0,0,0
2002,371358,1,1,0,0,0,0,0,0,0,7,0,0
2002,371359,1,1,0,0,0,0,0,0,0,0,0,0
2002,371361,1,1,0,0,0,0,21,0,0,11,9,0
2002,371361,2,1,0,0,0,0,0,0,0,0,13,0
2002,371362,1,1,0,0,0,0,0,0,0,0,0,0
2002,371362,2,1,0,0,0,0,0,0,0,0,0,0
2002,371363,1,1,0,0,0,0,0,0,0,0,0,0
2002,371363,2,1,0,0,0,0,0,0,12,31,15,0
2002,371364,1,1,12,12,12,12,12,12,12,12,12,12
2002,371365,1,1,10,0,0,0,0,0,12,10,21,0
2002,371366,1,1,32,32,32,32,32,32,32,32,32,32
2002,371367,1,1,0,0,0,0,0,0,0,0,0,0
2002,371368,1,1,0,0,28,23,0,0,0,0,0,25
2002,371369,0,1,21,21,21,21,21,21,21,21,21,21
2002,371369,1,1,0,0,0,0,0,0,0,0,0,0
2002,371369,2,1,0,0,0,0,0,0,0,0,0,0
2002,371370,1,1,0,15,20,19,24,23,10,15,0,0
2002,371370,2,1,0,0,0,0,0,0,0,0,0,0
2002,371371,1,1,0,0,0,0,0,0,0,0,0,0
2002,371371,2,1,0,4,0,19,9,0,0,0,6,0
2002,371372,1,1,14,14,14,14,14,14,14,14,14,14
2002,371373,1,1,19,19,19,19,19,19,19,19,19,19
2002,371373,2,1,0,0,0,0,17,0,0,12,0,0
2002,371375,1,1,0,0,0,0,0,0,14,0,0,0
2002,371375,2,1,0,0,0,0,0,0,0,0,0,0
2002,371375,3,1,0,0,0,0,0,0,0,0,0,0
2002,371375,4,1,0,0,0,0,0,0,0,0,0,0
2002,371376,1,1,0,0,0,0,0,0,0,0,0,0
2002,371376,2,1,0,0,0,0,0,0,0,0,0,0
2002,371377,1,1,16,10,33,20,14,29,8,13,12,13
2002,371378,1,1,0,9,0,0,0,17,0,0,0,13
2002,371378,2,1,28,28,28,28,28,28,28,28,28,28
2002,371379,1,1,0,0,0,0,0,0,0,0,0,0
2002,371379,2,1,0,0,0,0,0,0,0,0,0,0
2002,371380,0,1,15,15,15,15,15,15,15,15,15,15
2002,371380,1,1,1,0,0,10,0,0,0,0,0,0
2002,371381,1,1,0,0,0,0,0,0,0,0,0,0
2002,371381,2,1,0,0,0,0,0,0,0,0,0,0
2002,371382,0,1,0,0,0,0,0,0,0,0,0,0
2002,371382,1,1,0,0,0,0,0,0,0,0,0,0
2002,371383,1,1,0,0,15,0,0,0,0,0,0,0
2002,371384,1,1,14,27,10,0,0,0,18,8,5,21
2002,371384,2,1,0,0,0,0,0,0,0,0,0,0
2002,371384,3,1,0,0,0,0,0,0,0,0,0,0
2002,371385,0,1,26,26,26,26,26,26,26,26,26,26
2002,371385,0,2,16,9,0,0,0,0,16,8,0,0
2002,371385,1,1,0,0,0,0,0,0,0,0,0,14
2002,371386,1,1,8,8,8,8,8,8,8,8,8,8
2002,371387,1,1,2,2,2,2,2,2,2,2,2,2
2002,371388,1,1,0,0,0,0,0,0,0,0,0,0
2002,371388,2,1,0,0,0,0,0,0,0,0,0,0
2002,371388,3,1,0,0,0,0,0,0,0,0,0,0
2002,371389,1,1,23,23,23,23,23,23,23,23,23,23
2002,371390,1,1,0,0,0,0,0,0,0,0,0,0
2002,371391,1,1,0,0,0,0,0,0,0,0,0,0
2002,371392,0,1,13,13,13,13,13,13,13,13,13,13
2002,371392,1,1,0,0,0,0,0,0,0,0,0,13
2002,371393,0,1,23,23,23,23,23,23,23,23,23,23
2002,371393,1,1,0,0,0,0,0,0,0,0,0,24
2002,371394,1,1,0,0,0,0,0,0,0,0,0,0
2002,371395,1,1,16,16,16,16,16,16,16,16,16,16
2002,371396,1,1,21,17,0,3,4,13,7,0,0,14
2002,371396,2,1,0,0,0,0,0,0,0,0,0,0
2002,371397,1,1,12,12,12,12,12,12,12,12,12,12
2002,371398,1,1,27,27,27,27,27,27,27,27,27,27
2002,371399,1,1,29,29,29,29,29,29,29,29,29,29
2002,371400,1,1,21,21,21,21,21,21,21,21,21,21
2002,371401,1,1,22,22,22,22,22,22,22,22,22,22
2002,371402,1,1,0,0,0,0,0,0,0,0,0,0
2002,371402,2,1,0,0,0,0,0,0,0,0,0,0
2002,371403,1,1,0,0,0,0,0,0,0,0,0,0
2002,371403,2,1,12,0,0,8,13,5,4,10,11,29
2002,371404,1,1,0,0,0,0,0,0,0,0,0,0
2002,371405,1,1,0,0,0,0,0,0,0,0,0,0
2002,371405,2,1,0,0,0,0,0,0,0,0,0,0
2002,371406,1,1,0,0,0,0,0,0,0,0,0,0
2002,371406,2,1,0,0,0,0,0,0,0,0,0,0
2002,371406,3,1,0,0,0,0,0,0,0,0,0,0
2002,371407,1,1,3,3,3,3,3,3,3,3,3,3
2002,371408,1,1,0,0,0,0,15,0,0,16,0,0
2002,371409,1,1,0,0,0,0,0,0,0,0,0,0
2002,371409,2,1,0,0,0,0,0,0,0,0,0,0
2002,371410,1,1,0,0,0,0,0,0,0,0,0,0
2002,371411,0,1,5,5,5,5,5,5,5,5,5,5
2002,371411,1,1,0,0,0,0,0,0,0,0,0,0
2002,371411,2,1,0,0,0,0,0,0,0,0,0,0
2002,371411,3,1,0,0,0,0,0,0,0,0,0,0
2002,371412,1,1,0,0,0,0,0,0,0,0,0,0
2002,371412,2,1,0,0,0,0,0,0,0,0,0,0
2002,371413,1,1,0,13,0,0,0,0,0,0,0,0
2002,371413,2,1,0,0,0,0,0,0,0,0,0,0
2002,371413,3,1,0,0,0,0,0,0,0,0,0,0
2002,371414,1,1,0,0,0,0,0,0,0,0,0,0
2002,371414,2,1,0,0,0,0,0,0,0,0,0,0
2002,371415,1,1,0,0,0,0,0,0,0,0,0,0
2002,371415,2,1,0,0,0,0,0,0,0,0,0,0
2002,371416,1,1,0,0,0,0,0,0,0,0,0,0
2002,371416,2,1,0,0,0,0,0,0,0,0,32,0
2002,371416,3,1,0,0,0,0,0,0,0,0,0,0
2002,371417,1,1,24,24,24,24,24,24,24,24,24,24
2002,371418,0,1,0,0,0,49,22,0,37,0,28,35
2002,371418,1,1,0,0,0,0,0,0,0,0,0,0
2002,371419,1,1,19,23,15,15,6,0,23,6,12,9
2002,371420,1,1,0,0,0,0,0,0,0,0,0,0
2002,371420,2,1,0,0,0,0,0,0,0,0,0,0
2002,371421,1,1,0,0,0,0,0,0,0,0,0,0
2002,371421,2,1,0,0,0,0,0,0,35,0,20,0
2002,371422,1,1,0,0,0,0,0,0,0,0,0,0
2002,371423,0,1,0,0,0,0,0,0,0,0,0,0
2002,371423,1,1,0,0,0,0,0,0,0,0,0,0
2002,371424,1,1,0,0,0,0,0,0,0,0,0,0
2002,371424,2,1,0,0,9,0,0,0,0,0,0,0
2002,371425,1,1,14,14,14,14,14,14,14,14,14,14
2002,371426,0,1,0,0,0,0,0,0,0,0,0,0
2002,371426,1,1,0,0,0,0,0,0,0,0,0,0
2002,371428,0,1,0,0,0,0,0,0,0,0,0,0
2002,371428,1,1,0,0,0,0,0,0,0,0,0,0
2002,371429,1,1,0,0,0,0,0,0,0,0,0,0
2002,371429,2,1,0,0,0,0,0,16,0,0,0,0
2002,371430,1,1,0,0,0,0,0,0,0,0,0,0
2002,371431,1,1,4,4,4,4,4,4,4,4,4,4
2002,371432,0,1,0,0,0,0,0,0,0,0,0,0
2002,371432,1,1,0,0,0,5,0,0,0,0,3,0
2002,371433,1,1,0,6,0,8,0,0,0,0,0,0
2002,371433,2,1,0,0,17,5,22,0,16,0,0,0
2002,371433,3,1,0,0,0,0,0,0,0,0,0,0
2002,371434,1,1,0,0,0,0,0,0,0,0,0,0
2002,371435,1,1,0,0,0,0,20,0,0,0,0,0
2002,371436,1,1,46,46,46,46,46,46,46,46,46,46
2002,371437,0,1,0,0,0,0,0,0,0,0,0,0
2002,371437,1,1,0,0,0,0,0,0,0,0,0,0
2002,371438,0,1,0,0,0,0,0,0,0,0,0,0
2002,371438,1,1,0,0,0,0,0,0,0,13,0,0
2002,371439,1,1,9,27,17,17,0,12,33,0,16,17
2002,371439,2,1,0,0,0,0,0,0,0,0,0,0
2002,371440,1,1,0,0,0,0,0,0,0,0,0,0
2002,371441,1,1,0,0,0,0,11,0,0,0,0,0
2002,371441,2,1,0,0,0,0,0,7,0,0,0,0
2002,371442,1,1,0,0,0,0,0,0,0,0,0,0
2002,371442,2,1,0,0,0,0,0,0,0,0,0,0
2002,371443,1,1,30,0,24,0,0,0,13,0,17,0
2002,371444,1,1,0,0,0,0,0,0,0,0,0,0
2002,371445,0,1,0,0,0,0,0,0,0,0,0,0
2002,371445,1,1,0,0,0,0,0,0,0,0,0,0
2002,371446,1,1,0,0,0,0,5,0,0,0,0,0
2002,371446,2,1,0,0,0,0,0,0,0,0,0,0
2002,371447,1,1,0,0,0,0,0,0,0,0,0,0
2002,371447,2,1,0,0,0,0,0,0,0,0,0,0
2002,371448,1,1,0,0,0,0,0,0,0,0,0,0
2002,371449,0,1,0,0,0,0,0,0,0,0,0,0
2002,371449,1,1,0,0,0,0,0,0,0,0,0,0
2002,371450,1,1,0,0,0,0,0,0,0,0,0,0
2002,371451,1,1,0,0,0,0,0,15,0,0,0,0
2002,371451,2,1,0,0,0,0,0,0,0,0,0,0
2002,371452,1,1,0,0,0,0,0,0,0,0,0,0
2002,380001,1,1,0,0,0,0,0,0,23,0,0,0
2002,380002,1,1,0,0,0,0,0,0,0,0,0,0
2002,380002,2,1,0,0,0,0,0,0,0,0,0,0
2002,380003,1,1,0,0,0,0,0,0,0,0,0,0
2002,380004,1,1,24,24,24,24,24,24,24,24,24,24
2002,380005,1,1,0,0,0,0,0,0,0,0,23,0
2002,380005,2,1,0,0,0,0,0,0,0,0,0,0
2002,380006,1,1,24,10,7,7,15,22,28,16,5,24
2002,380007,1,1,7,7,7,7,7,7,7,7,7,7
2002,380008,1,1,38,38,38,38,38,38,38,38,38,38
2002,380008,2,1,0,0,0,0,0,0,0,0,0,0
2002,380009,1,1,13,13,13,13,13,13,13,13,13,13
2002,380010,1,1,0,0,0,0,0,0,0,0,0,0
2002,380010,2,1,0,0,0,0,0,0,0,0,0,0
2002,380011,1,1,0,0,0,0,0,0,0,0,0,0
2002,380011,2,1,0,0,0,0,0,0,0,0,0,0
2002,380012,1,1,2,2,2,2,2,2,2,2,2,2
2002,380013,1,1,14,14,14,14,14,14,14,14,14,14
2002,380014,1,1,22,22,22,22,22,22,22,22,22,22
2002,380015,1,1,0,0,0,15,0,0,0,0,0,0
2002,380015,2,1,18,18,18,18,18,18,18,18,18,18
2002,380016,1,1,37,37,37,37,37,37,37,37,37,37
2002,380016,2,1,0,0,0,0,0,0,0,0,0,0
2002,380017,1,1,0,0,0,0,0,0,0,0,0,0
2002,380017,2,1,0,0,0,0,0,0,0,0,0,0
2002,380018,1,1,0,0,0,0,0,0,0,0,0,0
2002,380018,2,1,0,0,0,0,0,0,0,0,0,0
2002,380019,1,1,0,0,0,0,0,0,14,0,0,0
2002,380020,1,1,12,12,12,12,12,12,12,12,12,12
2002,380021,1,1,0,0,0,0,0,0,0,0,0,0
2002,380021,2,1,0,0,0,0,0,0,0,0,0,0
2002,380022,1,1,0,0,0,0,0,0,0,0,0,0
2002,380022,2,1,0,0,0,0,0,0,0,0,0,0
2002,380023,0,1,26,26,26,26,26,26,26,26,26,26
2002,380023,1,1,0,0,0,8,15,27,0,17,17,13
2002,380024,1,1,0,0,0,0,0,0,0,0,0,0
2002,380025,1,1,0,0,0,0,0,0,0,0,0,0
2002,380025,2,1,0,0,0,0,0,0,0,0,0,0
2002,380026,1,1,21,21,21,21,21,21,21,21,21,21
2002,380026,2,1,0,0,0,0,0,0,0,0,0,0
2002,380027,1,1,11,11,11,11,11,11,11,11,11,11
2002,380027,2,1,13,13,13,13,13,13,13,13,13,13
2002,380028,1,1,16,16,16,16,16,16,16,16,16,16
2002,380029,1,1,25,25,25,25,25,25,25,25,25,25
2002,380030,1,1,0,0,0,0,0,0,0,0,0,0
2002,380031,1,1,18,18,18,18,18,18,18,18,18,18
2002,380031,2,1,0,0,0,0,0,0,0,0,0,0
2002,380032,0,1,0,0,0,0,0,0,0,0,0,0
2002,380032,1,1,16,16,16,16,16,16,16,16,16,16
2002,380033,1,1,0,8,0,19,23,11,8,5,5,24
2002,380034,1,1,0,0,0,0,0,0,0,0,0,0
2002,380034,2,1,2,2,2,2,2,2,2,2,2,2
2002,380035,1,1,23,23,23,23,23,23,23,23,23,23
2002,380036,1,1,0,0,0,0,0,0,0,0,0,0
2002,380036,2,1,0,0,0,0,0,0,0,0,0,0
2002,380037,1,1,20,20,20,20,20,20,20,20,20,20
2002,380038,1,1,0,0,0,0,0,0,0,0,0,0
2002,380038,2,1,0,0,0,0,0,0,0,0,0,0
2002,380039,1,1,0,0,0,0,0,0,0,0,0,0
2002,380040,1,1,21,21,21,21,21,21,21,21,21,21
2002,380041,1,1,11,11,11,11,11,11,11,11,11,11
2002,380042,0,1,0,0,0,0,0,0,0,0,0,0
2002,380042,1,1,0,0,0,0,0,0,0,0,0,0
2002,380043,1,1,7,7,7,7,7,7,7,7,7,7
2002,380044,1,1,30,30,30,30,30,30,30,30,30,30
2002,380045,1,1,15,24,0,9,12,16,7,29,5,11
2002,380045,2,1,0,0,0,0,0,0,0,0,0,0
2002,380046,1,1,24,24,24,24,24,24,24,24,24,24
2002,380046,2,1,0,0,0,0,0,0,0,0,0,0
2002,380047,1,1,0,0,0,0,0,0,0,0,0,0
2002,380047,2,1,0,0,0,0,0,16,0,0,0,15
2002,380048,1,1,0,0,14,0,0,0,0,0,0,0
2002,380048,2,1,0,18,0,0,0,0,0,0,0,0
2002,380049,1,1,33,33,33,33,33,33,33,33,33,33
2002,380050,1,1,0,0,0,0,0,0,0,0,0,0
2002,380050,2,1,0,0,0,0,0,0,0,0,0,11
2002,380051,1,1,0,0,0,0,0,0,0,0,0,0
2002,380051,2,1,0,0,0,0,0,0,0,0,0,0
2002,380052,1,1,0,0,0,0,0,0,0,0,0,0
2002,380052,2,1,0,0,0,0,0,0,0,0,0,0
2002,380053,1,1,0,0,0,0,0,0,0,0,0,0
2002,380054,1,1,10,10,10,10,10,10,10,10,10,10
2002,380055,1,1,0,0,0,0,0,0,0,0,0,0
2002,380056,1,1,22,22,22,22,22,22,22,22,22,22