YEAR,ST_CASE,veh_no,per_no,P1,P2,P3,P4,P5,P6,P7,P8,P9,P10
2002,380057,1,1,32,32,32,32,32,32,32,32,32,32
2002,380058,1,1,0,0,0,0,0,0,0,0,0,0
2002,380059,1,1,0,0,0,0,0,0,21,0,0,0
2002,380059,2,1,0,0,0,0,0,0,0,0,0,0
2002,380060,1,1,0,0,0,0,0,0,0,0,0,0
2002,380060,2,1,0,0,0,0,0,0,0,0,0,0
2002,380061,1,1,0,0,0,0,0,0,0,0,0,0
2002,380061,2,1,0,0,0,0,0,0,0,0,0,0
2002,380062,1,1,0,0,0,0,0,0,0,0,0,0
2002,380062,2,1,0,0,0,0,0,0,0,0,0,0
2002,380063,1,1,0,0,0,0,0,0,0,0,0,0
2002,380063,2,1,0,0,0,0,0,0,0,0,0,0
2002,380064,1,1,0,0,0,0,0,26,0,3,0,0
2002,380064,2,1,0,0,0,0,0,0,0,0,0,0
2002,380065,1,1,0,0,0,0,0,0,0,0,0,0
2002,380066,1,1,0,0,0,0,0,0,0,0,0,0
2002,380066,2,1,0,0,0,0,0,0,0,0,0,0
2002,380067,1,1,2,2,2,2,2,2,2,2,2,2
2002,380068,1,1,20,20,20,20,20,20,20,20,20,20
2002,380069,1,1,14,11,13,17,14,21,10,8,29,18
2002,380070,1,1,13,13,13,13,13,13,13,13,13,13
2002,380071,1,1,0,0,0,0,0,0,0,0,0,0
2002,380071,2,1,0,0,0,0,0,8,0,0,19,0
2002,380071,3,1,0,0,0,0,10,0,0,0,0,0
2002,380072,1,1,13,13,13,13,13,13,13,13,13,13
2002,380073,1,1,0,0,0,0,0,0,0,0,0,0
2002,380073,2,1,0,0,0,0,0,0,0,0,0,0
2002,380074,1,1,0,0,0,0,0,0,0,0,0,0
2002,380074,2,1,0,0,0,0,21,0,0,0,0,0
2002,380075,1,1,0,0,0,0,0,0,0,0,0,0
2002,380075,2,1,0,21,0,0,0,0,0,0,0,13
2002,380076,1,1,0,0,0,0,0,0,0,0,0,0
2002,380077,1,1,0,0,0,0,0,0,0,0,0,0
2002,380077,2,1,0,0,0,0,0,0,0,0,0,0
2002,380078,1,1,0,0,0,0,0,0,0,0,0,0
2002,380078,2,1,0,0,0,0,0,0,0,0,0,0
2002,380079,1,1,0,0,0,0,0,0,0,0,0,0
2002,380080,1,1,39,39,39,39,39,39,39,39,39,39
2002,380081,1,1,0,0,0,0,0,0,0,0,0,0
2002,380081,2,1,0,0,0,0,0,0,0,0,0,0
2002,380082,1,1,0,0,0,0,0,0,0,0,0,0
2002,380082,2,1,0,0,0,0,0,0,0,6,0,0
2002,380083,1,1,22,22,22,22,22,22,22,22,22,22
2002,380084,1,1,16,16,16,16,16,16,16,16,16,16
2002,390001,1,1,16,16,16,16,16,16,16,16,16,16
2002,390002,1,1,8,8,8,8,8,8,8,8,8,8
2002,390003,1,1,0,0,0,0,0,0,0,0,0,0
2002,390004,1,1,0,0,0,12,0,0,0,0,0,0
2002,390005,1,1,0,0,0,0,0,0,0,0,0,0
2002,390006,1,1,23,23,23,23,23,23,23,23,23,23
2002,390007,1,1,0,0,0,0,0,0,0,0,0,0
2002,390007,2,1,0,0,0,0,0,6,0,0,0,0
2002,390008,1,1,0,0,0,0,0,0,0,0,0,0
2002,390008,2,1,0,0,0,0,0,0,0,0,0,0
2002,390009,1,1,0,0,0,0,0,0,0,0,0,0
2002,390009,2,1,0,0,0,0,0,0,0,0,0,0
2002,390010,1,1,0,0,0,0,0,0,0,0,0,0
2002,390010,2,1,0,0,0,0,0,0,0,0,0,0
2002,390011,1,1,0,0,0,0,0,0,0,0,0,0
2002,390012,1,1,0,0,0,0,0,0,0,0,0,0
2002,390012,2,1,0,0,0,0,0,0,0,0,0,0
2002,390013,1,1,29,29,29,29,29,29,29,29,29,29
2002,390014,1,1,10,10,10,10,10,10,10,10,10,10
2002,390014,2,1,0,0,0,0,0,0,0,0,0,0
2002,390015,1,1,0,0,0,0,0,0,0,0,0,0
2002,390015,2,1,0,0,0,0,0,0,0,0,0,0
2002,390016,1,1,14,14,14,14,14,14,14,14,14,14
2002,390017,1,1,0,0,0,0,0,0,0,0,0,0
2002,390017,2,1,0,0,0,0,0,0,0,0,0,0
2002,390017,3,1,0,0,0,0,0,0,0,0,0,0
2002,390018,0,1,0,0,0,0,0,0,0,0,0,0
2002,390018,1,1,0,0,0,0,0,0,0,0,0,0
2002,390019,1,1,23,23,23,23,23,23,23,23,23,23
2002,390020,0,1,0,0,0,0,0,0,0,0,0,0
2002,390020,1,1,0,0,0,0,0,0,0,0,0,0
2002,390020,2,1,0,0,0,0,0,0,0,0,0,0
2002,390021,1,1,0,0,0,0,0,0,0,0,0,0
2002,390021,2,1,0,0,0,0,0,0,0,0,0,0
2002,390022,1,1,0,0,0,0,0,0,0,0,0,0
2002,390023,1,1,9,9,9,9,9,9,9,9,9,9
2002,390024,0,1,0,0,0,0,0,0,0,0,0,0
2002,390024,1,1,19,0,0,0,0,14,0,0,0,0
2002,390025,1,1,0,0,0,0,0,0,0,0,0,0
2002,390026,1,1,0,0,0,0,0,0,0,0,0,0
2002,390027,1,1,0,0,0,0,0,0,0,0,0,0
2002,390028,1,1,14,14,14,14,14,14,14,14,14,14
2002,390029,1,1,0,0,0,0,0,0,0,0,0,0
2002,390030,1,1,12,12,12,12,12,12,12,12,12,12
2002,390030,2,1,0,0,0,0,0,0,0,0,0,0
2002,390031,1,1,0,0,0,0,0,0,0,0,0,0
2002,390032,1,1,1,1,1,1,1,1,1,1,1,1
2002,390032,2,1,0,0,0,0,0,0,0,0,0,0
2002,390032,3,1,0,0,0,0,0,0,0,0,0,0
2002,390033,1,1,19,19,19,19,19,19,19,19,19,19
2002,390034,0,1,0,0,0,0,0,0,28,18,15,33
2002,390034,1,1,0,0,0,0,0,0,0,0,0,0
2002,390035,0,1,12,12,12,12,12,12,12,12,12,12
2002,390035,1,1,0,0,0,14,10,0,0,0,0,6
2002,390036,1,1,11,11,11,11,11,11,11,11,11,11
2002,390037,1,1,0,0,0,0,0,0,0,0,0,0
2002,390037,2,1,0,0,0,0,0,0,0,0,0,0
2002,390037,3,1,6,6,6,6,6,6,6,6,6,6
2002,390037,4,1,0,0,0,0,0,0,0,0,0,0
2002,390038,1,1,0,0,0,0,0,0,0,0,0,0
2002,390038,2,1,24,24,24,24,24,24,24,24,24,24
2002,390039,1,1,0,0,0,0,0,0,0,0,0,0
2002,390039,2,1,0,0,0,0,0,0,0,0,0,0
2002,390040,1,1,0,0,0,0,0,0,0,0,0,0
2002,390041,1,1,12,12,12,12,12,12,12,12,12,12
2002,390042,1,1,0,0,0,0,0,0,0,0,0,0
2002,390042,2,1,0,0,0,0,0,0,0,0,0,0
2002,390043,1,1,0,0,0,0,0,0,0,0,0,0
2002,390043,2,1,0,0,0,0,0,0,0,0,0,0
2002,390044,1,1,10,0,0,0,0,0,0,0,0,0
2002,390044,2,1,0,0,0,0,0,0,0,0,0,0
2002,390045,1,1,0,0,0,0,0,0,0,0,7,0
2002,390045,2,1,0,0,0,0,0,0,0,0,0,0
2002,390045,3,1,0,0,0,0,0,0,0,0,0,0
2002,390046,1,1,3,3,3,3,3,3,3,3,3,3
2002,390047,1,1,0,0,0,0,0,0,0,0,0,0
2002,390047,2,1,0,0,0,0,0,0,0,0,0,0
2002,390048,1,1,0,0,0,0,0,0,0,0,0,0
2002,390048,2,1,0,0,0,0,0,0,0,0,0,0
2002,390048,3,1,0,0,0,0,0,0,0,0,0,0
2002,390048,4,1,0,0,0,0,0,0,0,0,0,0
2002,390049,0,1,0,0,0,0,0,0,2,0,0,0
2002,390049,1,1,0,0,0,0,0,0,0,0,0,0
2002,390049,2,1,0,0,5,0,0,0,0,0,11,0
2002,390050,1,1,0,0,0,0,0,0,0,0,0,0
2002,390050,2,1,0,0,0,0,0,0,0,0,0,0
2002,390051,1,1,0,0,0,0,0,0,0,0,0,0
2002,390051,2,1,0,0,0,0,0,0,0,0,0,0
2002,390052,1,1,24,24,24,24,24,24,24,24,24,24
2002,390052,2,1,0,0,0,0,0,0,0,0,0,0
2002,390053,1,1,0,0,0,0,0,0,0,0,0,0
2002,390054,1,1,0,0,0,0,0,0,0,0,0,0
2002,390054,2,1,11,11,11,11,11,11,11,11,11,11
2002,390055,1,1,23,23,23,23,23,23,23,23,23,23
2002,390056,1,1,21,0,37,26,0,18,28,0,8,0
2002,390057,1,1,0,0,0,0,0,0,0,0,0,9
2002,390058,1,1,0,0,0,0,0,0,0,0,0,0
2002,390059,1,1,2,2,2,2,2,2,2,2,2,2
2002,390059,2,1,0,0,0,0,0,0,0,0,0,0
2002,390059,3,1,0,0,0,0,0,0,0,0,0,0
2002,390060,1,1,35,35,35,35,35,35,35,35,35,35
2002,390061,0,1,25,25,25,25,25,25,25,25,25,25
2002,390061,1,1,0,0,0,0,0,0,0,0,0,0
2002,390062,1,1,0,0,0,0,0,0,0,0,0,0
2002,390062,2,1,0,0,0,0,0,0,0,0,0,0
2002,390063,1,1,0,0,0,0,0,0,0,0,0,0
2002,390063,2,1,0,0,0,0,0,0,0,0,0,0
2002,390064,0,1,0,0,0,28,0,0,16,0,0,0
2002,390064,1,1,0,0,0,0,0,0,0,0,0,0
2002,390064,2,1,0,0,0,0,0,0,0,0,0,0
2002,390065,1,1,0,0,0,0,0,0,0,0,0,0
2002,390065,2,1,0,0,0,0,0,0,0,0,0,0
2002,390066,1,1,0,0,0,0,0,0,0,0,0,0
2002,390066,2,1,0,0,0,0,0,0,0,0,22,0
2002,390067,1,1,20,20,20,20,20,20,20,20,20,20
2002,390068,1,1,0,0,0,0,0,0,0,0,0,0
2002,390069,1,1,0,0,0,0,0,0,0,0,0,0
2002,390069,2,1,9,0,0,0,0,0,0,0,0,0
2002,390070,1,1,0,0,0,0,0,0,0,0,0,0
2002,390071,0,1,0,0,0,0,0,0,0,0,0,0
2002,390071,1,1,0,0,0,0,0,0,0,18,0,0
2002,390072,1,1,0,0,0,0,0,0,0,0,0,0
2002,390072,2,1,0,0,0,0,0,0,0,0,0,0
2002,390073,1,1,16,16,16,16,16,16,16,16,16,16
2002,390074,1,1,19,19,19,19,19,19,19,19,19,19
2002,390074,2,1,17,17,17,17,17,17,17,17,17,17
2002,390075,1,1,0,0,0,11,0,0,0,0,0,0
2002,390075,2,1,0,0,0,0,19,16,0,0,0,0
2002,390076,1,1,0,0,0,0,0,0,0,0,0,0
2002,390076,2,1,0,0,0,0,0,0,0,0,0,0
2002,390077,1,1,0,0,0,0,0,0,0,0,0,0
2002,390077,2,1,23,23,23,23,23,23,23,23,23,23
2002,390078,1,1,23,23,23,23,23,23,23,23,23,23
2002,390079,0,1,15,15,15,15,15,15,15,15,15,15
2002,390079,0,2,20,20,20,20,20,20,20,20,20,20
2002,390079,1,1,30,30,30,30,30,30,30,30,30,30
2002,390080,1,1,0,0,0,0,0,0,0,0,0,0
2002,390081,1,1,30,30,30,30,30,30,30,30,30,30
2002,390082,1,1,0,0,0,0,0,0,0,0,0,0
2002,390082,2,1,0,0,0,0,0,0,0,0,0,0
2002,390083,1,1,18,18,18,18,18,18,18,18,18,18
2002,390084,1,1,0,0,0,0,0,0,0,0,0,0
2002,390085,1,1,0,0,0,0,0,0,0,0,0,0
2002,390085,2,1,0,0,0,0,0,0,0,0,0,0
2002,390086,1,1,0,0,0,0,0,0,0,0,0,0
2002,390086,2,1,0,0,0,0,0,0,0,0,0,0
2002,390087,1,1,18,18,18,18,18,18,18,18,18,18
2002,390087,2,1,0,0,0,0,0,0,0,0,0,0
2002,390088,1,1,0,0,0,0,0,0,0,0,0,0
2002,390088,2,1,34,34,34,34,34,34,34,34,34,34
2002,390089,1,1,12,12,12,12,12,12,12,12,12,12
2002,390090,1,1,0,0,0,0,0,0,0,0,0,0
2002,390091,1,1,0,0,0,0,0,0,0,0,0,0
2002,390091,2,1,0,0,0,0,0,0,0,0,0,0
2002,390092,1,1,0,0,0,0,0,0,0,0,0,0
2002,390092,2,1,0,0,0,0,0,0,0,0,0,0
2002,390093,1,1,0,0,0,0,0,0,0,0,0,0
2002,390093,2,1,0,0,0,0,0,0,0,0,0,0
2002,390094,1,1,15,15,15,15,15,15,15,15,15,15
2002,390095,1,1,9,9,9,9,9,9,9,9,9,9
2002,390096,1,1,24,24,24,24,24,24,24,24,24,24
2002,390097,1,1,0,0,0,0,0,0,0,0,0,0
2002,390097,2,1,0,0,0,0,0,0,0,0,0,0
2002,390098,1,1,16,16,16,16,16,16,16,16,16,16
2002,390098,2,1,16,16,16,16,16,16,16,16,16,16
2002,390099,1,1,0,0,0,0,0,0,0,0,0,0
2002,390100,1,1,0,0,0,0,0,0,0,0,0,0
2002,390100,2,1,0,0,0,0,0,0,0,0,0,0
2002,390101,1,1,8,8,8,8,8,8,8,8,8,8
2002,390102,1,1,26,14,0,15,12,0,23,27,14,19
2002,390103,1,1,0,15,0,0,0,0,0,0,0,0
2002,390103,2,1,0,0,0,0,0,0,0,0,0,0
2002,390104,1,1,0,0,0,0,0,0,0,0,0,0
2002,390104,2,1,0,0,0,0,0,0,0,0,0,0
2002,390105,1,1,0,0,0,0,0,0,0,0,0,0
2002,390106,1,1,21,21,21,21,21,21,21,21,21,21
2002,390106,2,1,0,0,0,0,0,0,0,0,0,0
2002,390107,1,1,0,0,0,0,0,0,0,0,0,0
2002,390108,1,1,0,0,0,0,0,0,0,0,0,0
2002,390108,2,1,0,0,0,0,0,0,0,0,0,0
2002,390109,1,1,0,0,0,0,0,0,0,0,0,0
2002,390110,1,1,0,0,0,0,0,0,0,0,0,0
2002,390110,2,1,14,14,14,14,14,14,14,14,14,14
2002,390111,1,1,24,24,24,24,24,24,24,24,24,24
2002,390111,2,1,0,0,0,0,0,0,0,0,0,0
2002,390112,1,1,14,14,14,14,14,14,14,14,14,14
2002,390112,2,1,12,12,12,12,12,12,12,12,12,12
2002,390113,1,1,25,25,25,25,25,25,25,25,25,25
2002,390114,1,1,11,11,11,11,11,11,11,11,11,11
2002,390115,1,1,0,0,0,0,0,0,0,0,0,0
2002,390115,2,1,0,0,0,0,0,0,0,0,0,0
2002,390116,1,1,0,0,0,0,0,0,0,0,0,0
2002,390116,2,1,0,0,0,0,0,0,0,0,0,0
2002,390117,1,1,26,26,26,26,26,26,26,26,26,26
2002,390118,1,1,32,32,32,32,32,32,32,32,32,32
2002,390119,1,1,0,0,0,0,0,0,0,0,0,0
2002,390120,1,1,0,0,0,0,0,0,0,0,0,0
2002,390121,1,1,0,0,0,0,9,0,0,18,0,34
2002,390122,1,1,0,0,0,0,0,0,0,0,0,0
2002,390122,2,1,4,4,4,4,4,4,4,4,4,4
2002,390123,1,1,0,0,0,0,0,0,0,0,19,0
2002,390123,2,1,0,0,0,0,0,0,0,0,0,0
2002,390124,1,1,0,0,0,0,0,18,0,0,0,0
2002,390125,1,1,0,0,0,0,0,0,0,0,0,0
2002,390125,2,1,0,0,0,0,0,0,0,0,0,0
2002,390126,1,1,19,19,19,19,19,19,19,19,19,19
2002,390127,1,1,0,0,0,0,0,0,6,0,0,0
2002,390127,2,1,0,0,0,0,0,0,0,0,0,0
2002,390128,1,1,0,0,0,0,0,0,0,0,0,0
2002,390128,2,1,0,0,0,0,0,0,0,0,0,0
2002,390129,1,1,0,0,0,0,0,0,0,0,0,0
2002,390130,1,1,0,0,0,0,0,0,0,0,0,0
2002,390130,2,1,0,0,0,0,0,0,0,0,0,0
2002,390131,1,1,16,16,16,16,16,16,16,16,16,16
2002,390132,1,1,0,0,0,0,0,0,0,0,0,0
2002,390132,2,1,0,0,0,0,0,0,0,0,0,0
2002,390133,1,1,0,0,0,0,0,0,0,0,0,0
2002,390133,2,1,14,14,14,14,14,14,14,14,14,14
2002,390134,0,1,34,34,34,34,34,34,34,34,34,34
2002,390134,1,1,0,0,0,0,0,0,0,0,0,0
2002,390135,1,1,0,0,0,0,0,0,0,0,0,0
2002,390135,2,1,0,0,0,0,0,0,0,0,0,0
2002,390136,1,1,0,0,0,0,0,0,0,0,0,0
2002,390136,2,1,0,0,0,0,0,0,0,0,0,0
2002,390137,1,1,0,0,0,0,0,0,0,0,0,0
2002,390137,2,1,0,0,0,0,0,0,0,0,0,0
2002,390138,1,1,0,0,0,0,0,0,0,0,0,0
2002,390139,1,1,3,3,3,3,3,3,3,3,3,3
2002,390140,1,1,0,0,0,0,0,0,0,0,0,0
2002,390140,2,1,0,0,0,0,0,0,0,0,0,0
2002,390141,1,1,0,0,0,0,0,0,0,0,0,0
2002,390141,2,1,0,0,0,0,0,0,0,0,0,0
2002,390142,1,1,0,0,0,0,0,0,0,0,12,0
2002,390142,2,1,0,0,0,0,0,0,0,0,0,0
2002,390142,3,1,0,0,0,0,0,0,0,0,0,0
2002,390142,4,1,0,0,0,0,0,0,0,0,11,0
2002,390142,5,1,0,0,0,0,0,0,0,0,0,0
2002,390143,1,1,0,0,0,0,0,0,0,0,0,0
2002,390143,2,1,0,0,0,0,0,0,0,0,0,12
2002,390144,1,1,10,10,10,10,10,10,10,10,10,10
2002,390145,1,1,0,0,0,0,0,0,0,0,0,0
2002,390145,2,1,0,0,0,0,0,0,0,0,0,0
2002,390146,1,1,1,1,1,1,1,1,1,1,1,1
2002,390146,2,1,0,0,0,0,0,0,0,0,0,0
2002,390147,1,1,0,0,0,0,0,0,0,0,0,0
2002,390148,1,1,21,21,21,21,21,21,21,21,21,21
2002,390149,1,1,27,27,27,27,27,27,27,27,27,27
2002,390149,2,1,15,15,15,15,15,15,15,15,15,15
2002,390150,1,1,0,0,0,0,0,0,0,0,0,0
2002,390150,2,1,0,0,0,0,0,0,0,0,0,12
2002,390151,1,1,0,0,0,14,0,0,0,0,0,0
2002,390151,2,1,0,0,0,0,0,0,0,0,0,0
2002,390151,3,1,0,0,0,0,0,0,0,0,0,0
2002,390152,1,1,23,23,23,23,23,23,23,23,23,23
2002,390152,2,1,20,20,20,20,20,20,20,20,20,20
2002,390153,1,1,0,0,0,0,0,0,0,0,0,0
2002,390153,2,1,0,0,0,0,0,0,0,0,0,0
2002,390154,1,1,0,0,0,0,0,0,0,0,0,0
2002,390155,1,1,0,0,0,0,0,0,0,0,0,0
2002,390155,2,1,0,0,0,0,0,0,0,0,0,0
2002,390156,0,1,0,0,0,0,0,0,0,0,0,0
2002,390156,1,1,0,0,0,0,0,0,0,0,0,0
2002,390157,0,1,0,0,0,0,0,0,0,0,0,0
2002,390157,1,1,0,0,0,0,0,0,0,0,0,0
2002,390158,1,1,0,0,0,0,0,0,0,0,0,0
2002,390158,2,1,0,0,0,0,0,0,0,0,0,0
2002,390159,1,1,29,29,29,29,29,29,29,29,29,29
2002,390160,1,1,21,21,21,21,21,21,21,21,21,21
2002,390161,1,1,17,17,17,17,17,17,17,17,17,17
2002,390162,1,1,26,26,26,26,26,26,26,26,26,26
2002,390164,1,1,10,10,10,10,10,10,10,10,10,10
2002,390165,1,1,17,17,17,17,17,17,17,17,17,17
2002,390166,1,1,12,12,12,12,12,12,12,12,12,12
2002,390167,1,1,0,0,0,0,0,0,0,0,0,0
2002,390168,0,1,0,0,0,0,0,0,0,0,0,0
2002,390168,1,1,0,0,0,0,0,0,0,0,0,0
2002,390169,0,1,0,23,0,0,0,0,0,0,0,0
2002,390169,1,1,0,0,0,0,0,0,0,0,0,0
2002,390170,1,1,0,0,0,0,0,0,0,0,0,0
2002,390170,2,1,0,0,0,0,0,0,0,0,0,0
2002,390171,1,1,0,0,0,0,0,0,0,0,0,0
2002,390171,2,1,0,0,0,0,0,0,0,0,0,0
2002,390172,1,1,8,8,8,8,8,8,8,8,8,8
2002,390172,2,1,0,0,0,0,0,0,11,0,0,0
2002,390173,1,1,0,0,0,0,0,0,0,0,0,0
2002,390173,2,1,0,0,0,0,0,0,0,0,0,0
2002,390174,1,1,0,0,0,0,0,0,0,0,0,0
2002,390175,1,1,0,0,0,0,0,0,0,0,0,0
2002,390175,2,1,0,0,0,0,0,0,0,0,0,0
2002,390176,1,1,0,0,0,0,0,0,17,0,0,0
2002,390176,2,1,0,0,0,0,0,0,0,0,0,0
2002,390176,3,1,0,0,0,0,25,0,0,0,0,0
2002,390176,4,1,0,0,0,0,0,0,0,0,0,0
2002,390177,1,1,0,0,0,0,0,0,0,0,0,0
2002,390178,1,1,0,0,0,0,0,0,0,0,0,0
2002,390178,2,1,0,0,0,0,0,0,0,0,0,0
2002,390179,1,1,15,10,12,12,0,20,0,0,0,12
2002,390180,1,1,0,0,0,0,0,0,0,0,0,0
2002,390180,2,1,0,0,0,0,0,0,0,0,0,0
2002,390181,1,1,0,0,0,0,0,0,0,13,0,0
2002,390182,1,1,13,13,13,13,13,13,13,13,13,13
2002,390182,2,1,0,0,0,0,0,0,0,0,0,0
2002,390183,0,1,0,0,0,0,0,0,11,29,26,28
2002,390183,1,1,0,0,8,0,0,0,0,0,0,0
2002,390184,1,1,0,0,0,0,0,0,0,0,0,0
2002,390185,1,1,0,0,0,0,0,0,0,0,0,0
2002,390185,2,1,0,0,0,0,0,0,0,0,0,0
2002,390185,3,1,26,0,0,0,0,0,0,22,0,0
2002,390185,4,1,0,0,0,0,0,0,0,0,0,0
2002,390186,1,1,0,0,0,0,0,0,0,0,0,0
2002,390186,2,1,0,0,0,0,0,0,0,0,0,0
2002,390187,1,1,14,14,14,14,14,14,14,14,14,14
2002,390188,1,1,19,19,19,19,19,19,19,19,19,19
2002,390189,1,1,0,0,19,0,0,0,0,0,0,0
2002,390189,2,1,0,9,0,0,15,0,0,0,0,0
2002,390190,1,1,0,0,0,0,0,0,0,0,0,0
2002,390190,2,1,0,0,0,0,0,0,0,0,0,0
2002,390191,1,1,15,15,15,15,15,15,15,15,15,15
2002,390192,1,1,0,0,0,0,0,0,0,0,0,0
2002,390193,1,1,0,0,0,0,0,0,0,0,0,0
2002,390193,2,1,0,0,0,0,0,0,0,0,0,0
2002,390194,0,1,0,0,0,0,0,0,0,0,0,0
2002,390194,1,1,0,0,0,0,0,0,0,0,0,0
2002,390195,1,1,11,11,11,11,11,11,11,11,11,11
2002,390196,0,1,2,2,2,2,2,2,2,2,2,2
2002,390196,1,1,0,25,0,0,0,0,0,0,0,0
2002,390197,1,1,0,0,0,0,0,0,0,0,0,0
2002,390198,1,1,19,19,19,19,19,19,19,19,19,19
2002,390198,2,1,0,0,0,0,0,0,0,0,0,0
2002,390199,1,1,0,0,0,0,0,0,0,0,0,0
2002,390199,2,1,26,26,26,26,26,26,26,26,26,26
2002,390200,0,1,0,0,0,0,0,0,0,0,0,0
2002,390200,1,1,0,0,0,0,0,0,0,0,0,0
2002,390201,1,1,0,0,0,0,0,0,0,0,0,0
2002,390202,1,1,0,0,12,0,0,0,11,0,18,0
2002,390203,1,1,0,0,18,0,0,0,0,16,0,0
2002,390203,2,1,0,0,0,0,0,0,0,0,0,0
2002,390203,3,1,0,0,0,0,0,0,0,0,0,0
2002,390204,1,1,0,0,0,0,0,0,0,0,0,0
2002,390204,2,1,0,0,0,0,0,0,0,0,0,0
2002,390205,1,1,0,0,0,0,0,0,0,0,0,0
2002,390206,1,1,0,0,0,0,0,0,0,0,0,0
2002,390206,2,1,0,0,0,0,0,0,0,0,0,0
2002,390207,1,1,0,0,0,0,0,0,0,0,0,0
2002,390208,1,1,0,0,0,0,0,0,0,0,0,0
2002,390208,2,1,0,0,0,0,0,0,0,0,0,0
2002,390209,1,1,0,0,0,0,0,0,0,0,0,0
2002,390209,2,1,0,0,0,0,0,0,0,0,0,0
2002,390211,1,1,0,0,0,0,0,0,0,0,0,0
2002,390211,2,1,0,0,0,0,0,0,0,0,0,0
2002,390212,1,1,12,12,12,12,12,12,12,12,12,12
2002,390213,1,1,0,0,0,0,0,0,0,0,0,0
2002,390213,2,1,0,0,0,0,0,0,0,0,0,0
2002,390214,1,1,0,0,0,16,0,0,0,0,12,0
2002,390214,2,1,0,0,0,0,0,0,0,0,0,0
2002,390215,1,1,0,0,0,0,0,0,0,0,0,0
2002,390216,1,1,7,7,7,7,7,7,7,7,7,7
2002,390217,1,1,0,0,0,0,11,10,0,0,0,0
2002,390217,2,1,0,0,0,0,0,0,0,0,0,0
2002,390218,1,1,0,0,0,0,0,0,0,0,0,0
2002,390218,2,1,0,0,0,0,0,0,0,0,0,0
2002,390219,1,1,0,0,0,0,0,0,0,0,0,0
2002,390219,2,1,0,0,0,0,0,0,0,0,0,0
2002,390220,1,1,0,0,0,0,0,0,0,0,0,0
2002,390221,1,1,5,5,5,5,5,5,5,5,5,5
2002,390222,1,1,0,0,0,0,0,0,0,0,0,0
2002,390223,1,1,16,16,16,16,16,16,16,16,16,16
2002,390224,1,1,20,20,20,20,20,20,20,20,20,20
2002,390225,1,1,25,25,25,25,25,25,25,25,25,25
2002,390226,1,1,0,0,0,0,0,0,0,0,0,0
2002,390226,2,1,19,0,0,0,0,0,0,0,0,0
2002,390228,1,1,0,0,0,0,0,0,0,0,0,0
2002,390228,2,1,0,0,0,0,0,0,0,0,0,0
2002,390228,3,1,0,0,0,0,0,0,0,0,0,0
2002,390229,1,1,0,0,0,0,0,0,0,0,0,0
2002,390229,2,1,0,0,0,0,0,0,0,0,0,0
2002,390230,1,1,5,5,5,5,5,5,5,5,5,5
2002,390231,1,1,0,0,0,0,0,0,0,0,0,0
2002,390231,2,1,0,0,0,0,0,0,0,0,0,0
2002,390232,1,1,0,0,0,0,0,0,0,0,0,0
2002,390232,2,1,0,0,0,0,0,0,0,0,0,0
2002,390233,1,1,15,15,15,15,15,15,15,15,15,15
2002,390234,1,1,0,0,0,0,0,0,0,0,0,0
2002,390234,2,1,0,0,0,0,0,0,0,0,0,0
2002,390235,1,1,0,0,0,0,0,0,0,0,0,0
2002,390235,2,1,0,0,0,0,23,0,0,0,0,0
2002,390236,0,1,0,0,0,0,0,0,0,0,0,0
2002,390236,1,1,0,0,0,0,0,0,0,0,0,0
2002,390237,1,1,0,0,0,0,0,0,0,0,0,0
2002,390237,2,1,0,0,0,0,0,0,0,0,0,0
2002,390238,1,1,0,0,0,0,0,0,0,0,0,0
2002,390238,2,1,0,0,0,0,0,0,0,0,0,19
2002,390239,1,1,0,0,0,0,0,0,0,0,0,0
2002,390240,1,1,0,0,0,0,0,0,0,0,0,0
2002,390240,2,1,0,0,0,0,0,0,0,0,0,0
2002,390240,3,1,0,0,0,0,0,0,0,0,0,0
2002,390241,1,1,0,0,11,0,20,0,8,0,16,0
2002,390241,2,1,0,0,0,0,0,0,0,0,6,0
2002,390242,1,1,0,0,0,0,0,0,0,0,0,0
2002,390243,1,1,11,11,11,11,11,11,11,11,11,11
2002,390244,1,1,0,0,0,0,0,0,0,0,0,0
2002,390244,2,1,0,0,0,0,0,0,0,0,0,0
2002,390245,1,1,11,11,11,11,11,11,11,11,11,11
2002,390246,1,1,26,26,26,26,26,26,26,26,26,26
2002,390247,0,1,23,23,23,23,23,23,23,23,23,23
2002,390247,1,1,0,0,0,0,19,0,0,0,0,0
2002,390248,1,1,14,14,14,14,14,14,14,14,14,14
2002,390248,2,1,0,0,0,0,0,0,0,0,0,0
2002,390249,1,1,14,14,14,14,14,14,14,14,14,14
2002,390250,1,1,0,0,12,12,0,10,0,12,8,0
2002,390251,1,1,0,0,0,0,0,0,0,0,0,0
2002,390252,1,1,15,15,15,15,15,15,15,15,15,15
2002,390253,1,1,0,0,0,0,0,0,0,11,0,0
2002,390254,1,1,0,0,0,0,0,0,0,0,0,0
2002,390254,2,1,0,0,0,0,0,0,0,0,0,0
2002,390254,3,1,0,0,0,0,0,0,0,0,0,0
2002,390254,4,1,0,0,0,0,0,0,0,0,0,0