YEAR,ST_CASE,veh_no,per_no,P1,P2,P3,P4,P5,P6,P7,P8,P9,P10
2002,390254,5,1,0,0,0,0,0,0,0,0,0,0
2002,390254,6,1,0,0,0,0,0,0,0,0,0,0
2002,390255,1,1,0,0,0,0,0,0,0,0,0,0
2002,390255,2,1,9,9,9,9,9,9,9,9,9,9
2002,390256,1,1,0,0,0,0,0,0,0,0,0,0
2002,390256,2,1,0,0,0,0,0,0,0,0,0,0
2002,390257,1,1,17,17,17,17,17,17,17,17,17,17
2002,390258,1,1,0,0,0,0,0,0,0,0,0,0
2002,390258,2,1,0,0,0,0,0,0,0,0,0,0
2002,390258,3,1,0,0,0,0,0,0,0,0,0,0
2002,390259,1,1,0,0,0,0,0,0,0,0,0,0
2002,390259,2,1,0,0,0,0,0,0,0,0,0,0
2002,390259,3,1,0,0,0,0,0,0,0,0,0,0
2002,390260,0,1,0,0,14,0,16,0,21,0,20,0
2002,390260,1,1,16,16,16,16,16,16,16,16,16,16
2002,390261,1,1,0,0,0,0,0,0,0,0,0,0
2002,390262,1,1,0,0,0,0,0,0,0,0,0,0
2002,390262,2,1,0,0,0,0,0,0,0,0,0,0
2002,390263,1,1,15,15,15,15,15,15,15,15,15,15
2002,390264,1,1,0,0,0,0,0,0,0,0,9,0
2002,390264,2,1,0,0,0,0,0,0,0,0,0,0
2002,390265,1,1,18,18,18,18,18,18,18,18,18,18
2002,390266,1,1,0,0,0,0,0,0,0,0,0,0
2002,390267,0,1,0,0,0,0,0,0,0,0,10,0
2002,390267,1,1,0,0,0,0,0,0,0,0,0,0
2002,390267,2,1,0,0,0,0,0,0,0,0,0,0
2002,390268,1,1,0,0,0,0,0,0,0,0,0,0
2002,390269,1,1,0,0,0,0,0,0,0,0,0,0
2002,390270,1,1,0,0,0,0,0,0,0,0,0,0
2002,390270,2,1,0,0,0,0,0,0,0,0,18,0
2002,390271,1,1,19,19,19,19,19,19,19,19,19,19
2002,390272,1,1,28,28,28,28,28,28,28,28,28,28
2002,390273,1,1,0,0,0,0,0,0,0,0,0,0
2002,390273,2,1,0,0,9,0,0,0,0,0,15,0
2002,390273,3,1,0,0,0,0,0,0,0,0,0,0
2002,390274,1,1,0,0,0,0,0,0,0,0,0,0
2002,390275,1,1,7,5,14,25,23,2,19,17,5,23
2002,390276,1,1,17,17,17,17,17,17,17,17,17,17
2002,390277,1,1,0,0,0,0,0,0,0,0,0,0
2002,390278,1,1,25,25,25,25,25,25,25,25,25,25
2002,390279,1,1,0,0,0,0,0,0,0,0,0,0
2002,390280,1,1,0,0,0,0,0,0,0,0,0,0
2002,390280,2,1,0,0,0,0,0,0,0,0,0,12
2002,390281,1,1,0,0,0,0,0,0,0,0,0,0
2002,390281,2,1,0,0,0,0,0,0,0,0,0,0
2002,390282,1,1,18,18,18,18,18,18,18,18,18,18
2002,390283,1,1,0,0,0,0,0,0,0,0,0,0
2002,390284,1,1,0,0,0,0,0,0,0,0,0,0
2002,390284,2,1,29,29,29,29,29,29,29,29,29,29
2002,390284,3,1,0,0,0,0,0,0,0,0,0,0
2002,390285,1,1,0,0,0,0,0,0,0,0,0,0
2002,390285,2,1,0,18,22,0,0,0,0,0,0,0
2002,390285,3,1,0,0,0,0,0,0,0,0,0,0
2002,390286,1,1,25,25,25,25,25,25,25,25,25,25
2002,390286,2,1,0,0,0,0,0,0,0,0,0,0
2002,390287,1,1,0,0,0,0,0,0,0,0,0,0
2002,390287,2,1,0,0,0,0,0,0,0,0,0,0
2002,390288,1,1,0,0,0,0,0,0,0,0,0,0
2002,390288,2,1,0,0,0,0,0,0,0,0,0,0
2002,390289,1,1,19,19,19,19,19,19,19,19,19,19
2002,390289,2,1,0,0,0,0,0,0,0,0,0,0
2002,390290,1,1,0,0,0,0,0,0,0,0,0,0
2002,390290,2,1,0,0,0,0,0,0,0,0,0,0
2002,390290,3,1,0,0,0,0,0,0,0,0,0,0
2002,390291,1,1,0,0,0,0,0,0,0,0,0,0
2002,390292,1,1,0,0,0,0,0,0,0,0,0,0
2002,390293,1,1,27,27,27,27,27,27,27,27,27,27
2002,390294,0,1,27,27,27,27,27,27,27,27,27,27
2002,390294,1,1,0,15,0,0,0,0,0,0,0,0
2002,390295,1,1,0,0,0,0,0,0,0,0,0,0
2002,390296,1,1,0,0,0,0,0,0,0,0,0,0
2002,390296,2,1,0,0,0,0,0,0,0,0,0,0
2002,390297,1,1,20,0,0,0,0,0,0,0,0,0
2002,390297,2,1,0,0,0,0,0,0,0,0,0,0
2002,390298,1,1,0,0,0,0,0,0,0,0,0,0
2002,390298,2,1,0,0,0,0,0,0,0,0,0,0
2002,390299,1,1,20,20,20,20,20,20,20,20,20,20
2002,390300,1,1,0,0,0,0,0,0,0,0,0,0
2002,390301,1,1,0,0,0,0,0,0,0,0,0,0
2002,390301,2,1,0,0,0,0,0,0,0,0,0,0
2002,390302,1,1,1,1,1,1,1,1,1,1,1,1
2002,390303,1,1,0,0,0,0,0,0,0,0,0,0
2002,390303,2,1,22,22,22,22,22,22,22,22,22,22
2002,390304,1,1,0,0,0,0,0,0,0,0,0,0
2002,390304,2,1,0,0,0,0,0,0,0,0,0,0
2002,390305,1,1,22,22,22,22,22,22,22,22,22,22
2002,390306,1,1,0,0,0,0,0,0,0,0,0,0
2002,390306,2,1,0,0,0,0,0,0,0,0,0,0
2002,390307,1,1,0,0,0,0,0,0,0,0,0,0
2002,390307,2,1,0,0,0,0,0,0,0,0,0,0
2002,390308,1,1,0,0,0,0,0,0,0,0,0,0
2002,390308,2,1,0,0,0,0,0,0,0,0,0,0
2002,390309,1,1,0,0,0,0,0,0,0,0,0,0
2002,390309,2,1,0,0,0,0,0,0,0,0,0,0
2002,390310,1,1,0,0,0,0,0,0,0,0,0,0
2002,390310,2,1,0,0,0,0,0,0,0,0,0,0
2002,390311,1,1,31,31,31,31,31,31,31,31,31,31
2002,390311,2,1,0,0,0,0,0,0,0,0,0,0
2002,390312,1,1,1,1,1,1,1,1,1,1,1,1
2002,390313,1,1,19,19,19,19,19,19,19,19,19,19
2002,390314,1,1,0,0,0,0,0,0,0,0,0,0
2002,390314,2,1,0,0,0,0,0,0,0,0,0,0
2002,390315,1,1,28,28,28,28,28,28,28,28,28,28
2002,390316,1,1,0,0,0,0,0,0,0,0,0,0
2002,390316,2,1,0,0,0,0,0,0,0,0,0,0
2002,390317,1,1,13,13,13,13,13,13,13,13,13,13
2002,390317,2,1,0,0,0,0,0,0,0,0,0,0
2002,390318,1,1,0,0,0,0,0,0,0,0,0,0
2002,390319,1,1,17,17,17,17,17,17,17,17,17,17
2002,390319,2,1,0,0,0,0,0,0,0,0,0,0
2002,390320,1,1,12,12,12,12,12,12,12,12,12,12
2002,390320,2,1,0,0,0,0,0,0,0,0,0,0
2002,390321,1,1,18,18,18,18,18,18,18,18,18,18
2002,390322,1,1,0,0,0,0,0,0,0,0,0,0
2002,390322,2,1,17,17,17,17,17,17,17,17,17,17
2002,390323,1,1,0,0,0,0,0,0,0,0,0,0
2002,390323,2,1,0,0,0,0,0,0,0,0,0,0
2002,390324,1,1,0,0,0,0,0,0,0,0,0,0
2002,390324,2,1,0,0,0,0,0,0,0,0,0,0
2002,390325,1,1,0,0,0,0,0,0,0,0,0,0
2002,390325,2,1,0,0,0,0,0,0,0,0,0,0
2002,390326,1,1,0,0,0,0,0,0,0,0,0,0
2002,390327,1,1,0,0,0,0,0,0,0,0,0,0
2002,390328,1,1,0,0,0,0,0,0,0,0,0,0
2002,390329,0,1,27,27,27,27,27,27,27,27,27,27
2002,390329,1,1,17,0,0,0,0,16,0,0,11,26
2002,390330,1,1,0,0,0,0,0,0,0,0,0,0
2002,390330,2,1,19,19,19,19,19,19,19,19,19,19
2002,390331,1,1,20,20,20,20,20,20,20,20,20,20
2002,390332,1,1,22,22,22,22,22,22,22,22,22,22
2002,390332,2,1,27,27,27,27,27,27,27,27,27,27
2002,390333,1,1,0,0,0,0,26,0,0,0,0,0
2002,390334,1,1,28,28,28,28,28,28,28,28,28,28
2002,390335,1,1,0,0,0,0,0,0,0,0,0,0
2002,390335,2,1,0,0,0,0,0,0,0,0,0,0
2002,390336,1,1,0,0,0,0,0,0,0,0,0,0
2002,390337,1,1,0,0,0,0,0,0,0,0,0,0
2002,390337,2,1,0,0,0,0,0,0,0,0,0,0
2002,390338,1,1,28,28,28,28,28,28,28,28,28,28
2002,390339,1,1,25,25,25,25,25,25,25,25,25,25
2002,390340,1,1,0,0,0,0,0,0,0,0,0,0
2002,390341,1,1,1,1,1,1,1,1,1,1,1,1
2002,390342,1,1,0,0,0,0,0,0,0,0,0,0
2002,390342,2,1,0,0,0,0,0,0,0,0,0,0
2002,390343,1,1,0,0,0,0,0,0,0,0,0,0
2002,390343,2,1,0,0,0,0,0,0,0,0,0,0
2002,390344,1,1,0,0,0,0,0,0,0,0,0,0
2002,390344,2,1,0,0,0,0,0,0,0,0,0,0
2002,390345,1,1,0,0,0,0,0,0,0,0,0,0
2002,390345,2,1,0,0,0,0,0,0,0,0,0,0
2002,390346,1,1,0,0,0,0,0,0,0,0,0,0
2002,390347,1,1,0,0,0,0,0,0,0,0,0,0
2002,390347,2,1,0,0,0,0,0,0,0,0,0,0
2002,390347,3,1,0,0,0,0,0,0,0,0,0,0
2002,390347,4,1,0,0,0,0,0,0,0,0,0,0
2002,390348,1,1,0,0,0,0,0,0,0,0,0,8
2002,390349,1,1,0,0,0,0,0,0,0,0,0,0
2002,390350,1,1,0,0,0,0,0,0,0,0,0,0
2002,390350,2,1,0,0,0,0,0,0,0,20,0,0
2002,390351,1,1,0,0,0,0,0,0,0,0,0,0
2002,390351,2,1,0,0,0,0,0,0,0,0,0,0
2002,390352,1,1,19,19,19,19,19,19,19,19,19,19
2002,390353,1,1,0,0,0,0,0,0,0,0,0,0
2002,390353,2,1,0,0,0,0,0,0,0,0,0,0
2002,390353,3,1,0,0,0,0,0,0,0,0,0,0
2002,390354,1,1,5,0,0,0,0,4,0,0,0,12
2002,390355,1,1,0,0,0,0,0,0,0,0,0,0
2002,390355,2,1,0,0,0,0,0,0,0,0,0,0
2002,390356,1,1,7,7,7,7,7,7,7,7,7,7
2002,390357,1,1,36,36,36,36,36,36,36,36,36,36
2002,390358,1,1,0,0,0,0,0,0,0,0,0,0
2002,390359,1,1,27,27,27,27,27,27,27,27,27,27
2002,390360,1,1,23,23,23,23,23,23,23,23,23,23
2002,390361,1,1,0,0,0,0,0,0,0,0,0,0
2002,390361,2,1,0,0,0,0,0,0,0,0,0,0
2002,390362,1,1,0,0,0,0,0,0,0,0,0,0
2002,390363,1,1,0,0,0,0,0,0,0,0,0,0
2002,390364,1,1,0,0,0,0,0,0,0,0,0,0
2002,390364,2,1,0,0,0,0,0,0,0,0,0,0
2002,390365,0,1,0,0,0,0,0,0,0,0,0,0
2002,390365,1,1,9,9,9,9,9,9,9,9,9,9
2002,390366,1,1,0,0,0,0,0,0,0,0,0,0
2002,390367,1,1,0,0,0,0,0,0,0,0,0,0
2002,390367,2,1,0,0,0,0,0,0,0,0,0,0
2002,390367,3,1,0,0,0,0,0,0,0,0,0,0
2002,390368,1,1,0,0,0,0,0,0,0,0,0,0
2002,390369,1,1,10,10,10,10,10,10,10,10,10,10
2002,390370,1,1,8,8,8,8,8,8,8,8,8,8
2002,390371,0,1,0,0,0,0,0,0,0,0,0,0
2002,390371,1,1,0,0,0,0,0,0,0,0,0,0
2002,390372,1,1,0,0,0,0,0,0,0,0,0,0
2002,390372,2,1,0,0,0,0,0,0,0,0,0,0
2002,390373,1,1,30,30,30,30,30,30,30,30,30,30
2002,390374,1,1,0,0,0,0,0,0,0,0,0,0
2002,390375,1,1,21,21,21,21,21,21,21,21,21,21
2002,390376,1,1,0,10,0,0,0,0,0,6,0,0
2002,390377,1,1,0,0,0,0,0,0,0,0,0,0
2002,390377,2,1,0,0,0,0,0,0,17,0,0,0
2002,390378,1,1,0,0,0,0,0,0,0,0,0,0
2002,390379,1,1,14,14,14,14,14,14,14,14,14,14
2002,390380,1,1,22,22,22,22,22,22,22,22,22,22
2002,390381,1,1,0,0,0,0,0,0,0,0,0,0
2002,390381,2,1,0,0,0,0,0,0,0,0,0,0
2002,390383,0,1,35,33,0,31,22,54,0,23,17,15
2002,390383,1,1,0,0,0,0,0,16,0,0,0,0
2002,390383,2,1,0,0,0,12,0,0,0,0,0,0
2002,390383,3,1,0,0,0,0,0,0,0,0,14,0
2002,390383,4,1,0,0,0,0,0,0,0,0,0,0
2002,390384,1,1,0,0,0,0,0,0,0,0,0,0
2002,390385,1,1,0,0,0,0,0,0,0,0,0,0
2002,390386,1,1,0,0,0,0,0,0,0,0,0,0
2002,390387,1,1,0,0,0,0,0,0,0,0,0,0
2002,390387,2,1,0,0,0,0,0,0,0,0,0,0
2002,390388,1,1,16,16,16,16,16,16,16,16,16,16
2002,390389,1,1,17,22,13,27,0,19,16,29,30,13
2002,390390,1,1,0,0,0,0,0,0,0,0,0,0
2002,390390,2,1,0,0,0,0,0,0,0,0,0,0
2002,390390,3,1,0,0,0,0,0,0,0,0,0,0
2002,390391,1,1,0,0,24,18,10,0,15,13,0,0
2002,390392,1,1,0,0,0,0,0,0,0,0,0,0
2002,390392,2,1,0,0,0,0,0,0,0,0,0,0
2002,390393,1,1,0,0,0,0,0,0,0,0,0,0
2002,390393,2,1,0,0,0,0,0,0,0,0,0,0
2002,390394,1,1,13,13,13,13,13,13,13,13,13,13
2002,390394,2,1,0,0,0,0,0,0,0,0,0,0
2002,390395,1,1,0,0,0,0,0,0,0,0,0,0
2002,390396,0,1,0,0,0,0,0,0,0,0,0,0
2002,390396,1,1,0,0,0,0,0,0,0,0,0,0
2002,390396,2,1,0,0,0,0,0,0,0,0,0,0
2002,390397,1,1,0,0,0,0,0,0,0,0,0,0
2002,390397,2,1,0,0,0,0,0,0,0,0,0,0
2002,390398,1,1,0,0,0,0,0,0,0,0,0,0
2002,390398,2,1,0,0,0,0,0,0,0,0,0,0
2002,390399,1,1,0,0,0,0,0,0,0,0,0,0
2002,390399,2,1,0,0,0,0,0,0,0,0,0,0
2002,390400,1,1,0,0,0,0,0,0,0,0,0,0
2002,390400,2,1,0,0,0,0,0,0,15,0,0,0
2002,390401,1,1,0,0,0,0,0,0,0,0,0,0
2002,390401,2,1,0,0,0,0,0,0,0,0,0,0
2002,390402,1,1,0,0,0,0,0,0,0,0,0,0
2002,390403,1,1,21,21,21,21,21,21,21,21,21,21
2002,390404,1,1,12,20,23,24,29,0,18,9,11,7
2002,390404,2,1,6,6,6,6,6,6,6,6,6,6
2002,390405,1,1,0,0,0,0,0,0,0,4,0,0
2002,390405,2,1,0,0,0,0,0,0,0,0,0,0
2002,390406,0,1,0,0,0,0,0,0,0,0,0,0
2002,390406,1,1,0,0,12,0,11,22,11,0,0,0
2002,390408,1,1,0,0,0,0,0,0,0,0,0,0
2002,390408,2,1,0,0,0,0,0,0,0,0,0,0
2002,390409,1,1,0,0,0,0,0,0,0,0,0,0
2002,390410,1,1,0,0,0,0,0,0,0,0,0,0
2002,390410,2,1,0,0,0,0,0,0,0,0,0,0
2002,390411,1,1,0,9,0,0,0,0,0,0,0,0
2002,390411,2,1,0,0,0,0,0,0,0,0,0,0
2002,390412,1,1,0,0,0,0,0,0,0,0,0,0
2002,390413,1,1,0,0,0,0,0,0,0,0,0,0
2002,390413,2,1,0,0,0,0,0,0,0,0,0,0
2002,390414,1,1,0,0,0,0,0,0,0,0,0,0
2002,390414,2,1,13,13,13,13,13,13,13,13,13,13
2002,390415,1,1,14,14,14,14,14,14,14,14,14,14
2002,390416,1,1,0,0,0,0,0,0,0,0,0,0
2002,390416,2,1,0,0,0,0,0,0,0,0,0,0
2002,390416,3,1,0,0,0,0,0,7,0,0,0,0
2002,390416,4,1,0,0,0,0,0,0,0,0,0,0
2002,390417,1,1,25,25,25,25,25,25,25,25,25,25
2002,390418,1,1,0,0,0,0,0,0,0,0,0,0
2002,390418,2,1,0,0,0,0,0,0,0,0,0,0
2002,390419,1,1,0,0,0,0,0,0,0,0,0,0
2002,390419,2,1,0,0,0,0,0,0,0,0,0,0
2002,390420,1,1,17,17,17,17,17,17,17,17,17,17
2002,390420,2,1,0,0,0,0,0,0,0,0,0,0
2002,390420,3,1,0,0,0,0,0,0,0,0,0,0
2002,390420,4,1,20,0,0,9,0,10,19,22,13,0
2002,390421,1,1,0,0,0,0,0,0,0,0,0,0
2002,390421,2,1,0,0,0,0,0,0,0,0,0,0
2002,390422,1,1,0,0,0,0,0,0,0,0,0,0
2002,390422,2,1,0,0,0,0,0,0,0,0,0,0
2002,390422,3,1,0,0,0,0,0,0,0,0,0,0
2002,390422,4,1,0,0,0,0,0,0,0,0,0,0
2002,390423,1,1,0,0,0,0,0,0,0,0,0,0
2002,390423,2,1,31,31,31,31,31,31,31,31,31,31
2002,390424,1,1,21,21,21,21,21,21,21,21,21,21
2002,390425,1,1,0,0,0,0,0,0,0,0,0,0
2002,390425,2,1,0,0,0,0,0,0,0,0,0,0
2002,390426,1,1,0,0,0,0,0,0,0,0,0,0
2002,390427,1,1,28,28,28,28,28,28,28,28,28,28
2002,390428,1,1,0,0,0,0,0,0,0,0,0,0
2002,390428,2,1,0,0,0,0,0,0,0,0,0,0
2002,390429,1,1,0,0,0,0,0,0,0,0,0,0
2002,390429,2,1,0,0,0,0,0,0,0,0,0,0
2002,390430,1,1,17,17,17,17,17,17,17,17,17,17
2002,390431,1,1,27,27,27,27,27,27,27,27,27,27
2002,390432,1,1,0,0,0,0,0,0,0,0,0,0
2002,390432,2,1,0,0,0,0,0,0,0,0,0,0
2002,390432,3,1,0,0,0,0,0,0,0,0,0,0
2002,390433,1,1,17,17,17,17,17,17,17,17,17,17
2002,390434,1,1,18,18,18,18,18,18,18,18,18,18
2002,390435,1,1,0,0,0,0,0,0,0,0,0,0
2002,390436,1,1,12,12,12,12,12,12,12,12,12,12
2002,390437,1,1,0,0,0,0,0,0,0,0,0,0
2002,390437,2,1,8,8,8,8,8,8,8,8,8,8
2002,390438,1,1,0,0,0,0,0,0,0,0,0,0
2002,390438,2,1,0,0,0,0,0,0,0,0,0,0
2002,390439,1,1,0,0,0,0,0,0,0,0,0,0
2002,390439,2,1,0,0,0,0,0,0,0,0,0,0
2002,390440,1,1,19,19,19,19,19,19,19,19,19,19
2002,390441,1,1,0,0,0,0,0,0,0,0,0,0
2002,390441,2,1,0,0,0,0,0,0,0,0,0,0
2002,390442,1,1,6,6,6,6,6,6,6,6,6,6
2002,390443,1,1,0,0,0,0,0,0,0,0,0,0
2002,390443,2,1,0,0,0,0,0,0,0,0,0,0
2002,390444,1,1,16,16,16,16,16,16,16,16,16,16
2002,390445,1,1,13,13,13,13,13,13,13,13,13,13
2002,390446,1,1,7,7,7,7,7,7,7,7,7,7
2002,390447,0,1,0,0,0,0,0,0,0,0,0,0
2002,390447,1,1,0,0,0,0,0,0,0,0,11,0
2002,390448,1,1,0,6,16,22,20,0,15,0,16,0
2002,390448,2,1,5,5,5,5,5,5,5,5,5,5
2002,390449,1,1,0,0,0,0,0,0,0,0,0,0
2002,390449,2,1,0,0,0,0,0,0,0,0,0,0
2002,390450,1,1,8,8,8,8,8,8,8,8,8,8
2002,390451,1,1,0,0,0,0,0,0,0,0,0,0
2002,390452,1,1,0,0,0,0,0,0,0,0,0,0
2002,390452,2,1,0,0,0,0,0,0,0,0,0,0
2002,390453,1,1,0,0,0,0,14,0,0,0,0,0
2002,390453,2,1,0,0,0,0,0,0,0,0,0,0
2002,390454,1,1,0,0,0,0,0,0,0,0,0,0
2002,390454,2,1,0,0,0,0,0,0,0,0,0,0
2002,390455,1,1,22,22,22,22,22,22,22,22,22,22
2002,390455,2,1,0,0,0,0,0,0,0,0,0,0
2002,390456,1,1,0,44,0,0,0,13,0,0,0,0
2002,390457,1,1,0,0,0,0,0,0,0,0,0,0
2002,390457,2,1,0,0,0,0,0,0,0,0,0,0
2002,390458,1,1,0,0,0,0,0,0,0,0,0,0
2002,390458,2,1,0,0,0,0,0,0,0,0,0,0
2002,390460,1,1,0,0,0,0,0,17,0,0,0,0
2002,390461,1,1,0,0,0,0,0,0,0,0,0,0
2002,390461,2,1,0,0,0,0,0,0,0,0,0,0
2002,390461,3,1,0,0,0,0,0,0,0,0,0,0
2002,390462,1,1,0,0,0,0,0,0,0,0,0,0
2002,390464,1,1,0,0,0,0,0,0,0,0,0,0
2002,390465,1,1,28,28,28,28,28,28,28,28,28,28
2002,390466,1,1,0,0,0,0,0,0,0,0,0,0
2002,390466,2,1,9,9,9,9,9,9,9,9,9,9
2002,390467,1,1,0,0,0,0,0,0,0,0,0,0
2002,390468,0,1,0,0,0,0,0,0,0,0,0,0
2002,390468,1,1,0,0,0,0,0,0,0,0,0,0
2002,390468,2,1,0,0,0,0,6,0,0,0,0,0
2002,390468,3,1,0,0,0,0,0,0,0,0,0,0
2002,390468,4,1,0,0,0,0,0,0,0,0,0,0
2002,390469,1,1,0,0,0,0,0,0,0,0,0,20
2002,390469,2,1,0,0,0,0,0,0,0,0,0,0
2002,390470,1,1,0,0,0,0,0,0,0,0,0,0
2002,390471,0,1,0,0,0,0,0,0,0,0,0,0
2002,390471,1,1,11,9,0,7,16,0,0,0,0,9
2002,390472,0,1,15,15,15,15,15,15,15,15,15,15
2002,390472,1,1,0,0,20,0,0,0,0,10,0,0
2002,390473,0,1,0,0,0,0,0,0,0,0,0,0
2002,390473,1,1,15,15,15,15,15,15,15,15,15,15
2002,390474,1,1,17,17,17,17,17,17,17,17,17,17
2002,390475,1,1,0,0,0,0,0,25,0,0,0,0
2002,390475,2,1,0,0,0,0,0,0,0,0,0,0
2002,390476,1,1,0,0,0,0,0,0,0,0,0,0
2002,390476,2,1,0,0,0,0,0,0,0,0,0,0
2002,390476,3,1,0,0,0,0,0,0,0,0,0,0
2002,390477,1,1,0,0,0,0,0,0,0,0,0,0
2002,390477,2,1,0,17,0,0,0,0,0,0,0,0
2002,390477,3,1,0,0,0,0,0,0,0,0,0,0
2002,390478,1,1,0,0,0,0,0,0,0,0,0,0
2002,390479,1,1,0,0,0,0,0,0,0,0,0,0
2002,390480,1,1,25,25,25,25,25,25,25,25,25,25
2002,390481,0,1,19,19,19,19,19,19,19,19,19,19
2002,390481,1,1,0,0,0,0,0,0,0,0,0,0
2002,390481,2,1,0,0,0,0,0,0,0,0,0,0
2002,390482,0,1,0,0,0,0,0,0,0,0,0,0
2002,390482,1,1,10,0,0,0,0,0,17,0,0,0
2002,390483,1,1,11,0,0,0,0,0,0,0,0,0
2002,390483,2,1,0,0,0,0,0,0,0,0,0,0
2002,390484,1,1,0,0,0,0,0,0,0,0,0,0
2002,390485,1,1,0,0,0,0,0,0,0,0,0,0
2002,390486,1,1,0,0,0,0,0,0,0,0,0,0
2002,390486,2,1,0,0,0,0,0,0,0,0,0,0
2002,390487,0,1,35,24,9,14,6,10,24,16,17,11
2002,390487,1,1,0,0,0,0,0,0,0,0,0,0
2002,390488,1,1,0,0,0,0,0,0,0,0,0,0
2002,390488,2,1,16,16,16,16,16,16,16,16,16,16
2002,390489,1,1,13,13,13,13,13,13,13,13,13,13
2002,390489,2,1,0,0,0,0,0,0,0,0,0,0
2002,390489,3,1,0,0,0,0,0,0,0,0,0,0
2002,390490,1,1,22,22,22,22,22,22,22,22,22,22
2002,390491,1,1,0,0,0,0,0,0,0,0,0,0
2002,390492,1,1,0,0,0,0,0,0,0,0,0,0
2002,390493,0,1,0,0,0,0,0,0,0,0,0,0
2002,390493,1,1,0,0,0,0,9,0,0,0,15,0
2002,390494,1,1,0,0,0,0,0,0,0,0,0,0
2002,390494,2,1,0,0,0,0,0,0,0,0,0,0
2002,390495,0,1,30,0,0,0,21,0,0,5,0,0
2002,390495,1,1,0,0,0,0,0,0,0,0,0,0
2002,390496,1,1,24,24,24,24,24,24,24,24,24,24
2002,390496,2,1,0,0,0,0,0,0,0,0,0,0
2002,390497,1,1,0,0,0,0,0,0,0,0,0,0
2002,390497,2,1,0,0,0,0,0,0,0,0,0,0
2002,390497,3,1,0,0,0,0,0,0,0,0,0,0
2002,390498,1,1,0,0,0,0,0,0,0,0,0,0
2002,390499,1,1,0,0,0,0,0,0,0,0,0,0
2002,390499,2,1,0,0,0,0,0,0,0,0,0,0
2002,390499,3,1,0,0,0,0,0,0,0,0,0,0
2002,390500,1,1,0,0,0,0,0,0,0,0,0,0
2002,390501,1,1,0,0,0,0,0,0,0,0,0,0
2002,390501,2,1,0,0,0,0,0,0,0,0,0,0
2002,390502,1,1,0,0,0,0,0,0,0,0,0,0
2002,390502,2,1,0,0,0,0,0,0,0,0,0,0
2002,390503,1,1,17,17,17,17,17,17,17,17,17,17
2002,390504,1,1,0,0,0,0,0,0,0,0,0,0
2002,390504,2,1,0,0,0,0,0,0,0,0,0,0
2002,390505,1,1,0,0,0,0,0,0,0,0,0,0
2002,390505,2,1,0,0,0,0,0,0,0,0,0,0
2002,390505,3,1,0,0,0,0,0,0,0,0,0,0
2002,390506,1,1,0,0,0,0,0,0,0,0,0,0
2002,390507,1,1,0,0,0,0,0,0,0,0,0,0
2002,390508,1,1,21,21,21,21,21,21,21,21,21,21
2002,390508,2,1,0,0,0,0,0,0,0,0,0,0
2002,390509,1,1,0,0,0,0,0,0,0,0,0,0
2002,390509,2,1,0,0,0,0,0,0,0,0,0,0
2002,390510,1,1,18,18,18,18,18,18,18,18,18,18
2002,390511,1,1,0,0,0,0,12,0,0,0,0,0
2002,390512,1,1,0,0,0,0,0,0,0,0,0,0
2002,390512,2,1,0,0,0,0,0,0,0,0,0,0
2002,390513,1,1,0,0,0,0,0,0,0,0,0,0
2002,390513,2,1,0,0,0,0,0,0,0,0,0,0
2002,390514,1,1,17,17,17,17,17,17,17,17,17,17
2002,390514,2,1,0,0,0,0,0,0,0,0,0,0
2002,390515,1,1,0,0,0,0,0,0,0,0,0,0
2002,390515,2,1,0,0,0,0,0,0,0,0,0,0
2002,390515,3,1,0,0,0,0,0,0,0,0,0,0
2002,390516,1,1,12,12,12,12,12,12,12,12,12,12
2002,390516,2,1,0,0,0,0,0,0,0,0,0,0
2002,390517,1,1,14,14,14,14,14,14,14,14,14,14
2002,390518,1,1,0,0,0,0,0,0,0,0,0,0
2002,390518,2,1,0,0,0,0,0,0,0,0,0,0
2002,390519,1,1,15,15,15,15,15,15,15,15,15,15
2002,390520,1,1,0,0,0,0,0,0,0,0,0,0
2002,390521,1,1,0,0,0,0,0,0,0,0,0,0
2002,390522,1,1,0,0,0,0,0,0,0,0,0,0
2002,390522,2,1,0,0,0,0,0,0,0,0,0,0
2002,390523,1,1,0,0,0,0,0,0,0,0,0,0
2002,390523,2,1,0,0,0,0,0,0,0,0,0,0
2002,390524,1,1,0,0,0,0,0,0,0,0,0,0
2002,390524,2,1,0,0,0,0,0,0,0,0,0,0
2002,390525,1,1,0,0,0,0,0,0,0,0,0,0
2002,390526,1,1,0,0,0,0,0,0,0,0,0,0
2002,390526,2,1,0,0,0,0,0,0,0,0,0,0
2002,390527,1,1,0,0,0,0,0,0,0,0,0,0
2002,390527,2,1,0,0,0,0,0,0,0,0,0,0
2002,390528,1,1,13,13,13,13,13,13,13,13,13,13
2002,390529,0,1,0,0,0,0,0,0,0,0,0,0
2002,390529,0,2,0,0,0,0,0,0,0,0,0,0
2002,390529,1,1,0,0,0,0,0,0,0,0,0,0
2002,390530,1,1,12,12,12,12,12,12,12,12,12,12
2002,390530,2,1,5,0,0,0,0,0,0,0,0,0
2002,390531,1,1,15,15,15,15,15,15,15,15,15,15
2002,390531,2,1,0,0,0,0,0,0,0,0,0,0
2002,390532,1,1,0,0,0,0,0,0,0,0,0,0