YEAR,ST_CASE,veh_no,per_no,P1,P2,P3,P4,P5,P6,P7,P8,P9,P10
2002,390533,0,1,0,0,0,0,0,0,0,0,0,0
2002,390533,1,1,0,0,0,0,0,0,0,0,0,0
2002,390534,1,1,0,0,0,0,0,0,0,0,0,0
2002,390535,1,1,0,0,0,0,0,0,0,0,0,0
2002,390536,1,1,21,21,21,21,21,21,21,21,21,21
2002,390536,2,1,0,0,0,0,0,0,0,0,0,0
2002,390537,1,1,0,0,0,0,0,0,0,0,0,0
2002,390537,2,1,0,0,0,0,0,0,0,0,0,0
2002,390538,1,1,0,3,10,0,0,0,0,0,0,0
2002,390539,1,1,0,0,0,0,0,0,0,0,0,0
2002,390539,2,1,0,0,0,0,0,0,0,0,0,0
2002,390540,1,1,22,22,22,22,22,22,22,22,22,22
2002,390541,1,1,0,0,0,0,0,0,0,0,0,0
2002,390541,2,1,0,0,0,0,0,0,0,0,0,0
2002,390542,1,2,0,19,10,31,12,0,0,0,0,11
2002,390543,1,1,0,0,0,0,0,0,0,0,0,0
2002,390543,2,1,0,0,0,0,0,0,0,0,0,0
2002,390543,3,1,0,0,0,0,0,0,0,0,0,0
2002,390544,1,1,0,0,0,0,0,0,0,0,0,0
2002,390544,2,1,19,19,19,19,19,19,19,19,19,19
2002,390544,3,1,14,14,14,14,14,14,14,14,14,14
2002,390545,1,1,0,0,0,0,0,0,0,0,0,0
2002,390546,1,1,0,0,0,0,0,0,0,0,0,0
2002,390546,2,1,12,12,12,12,12,12,12,12,12,12
2002,390547,1,1,0,0,0,0,0,0,0,0,0,0
2002,390547,2,1,0,0,0,0,0,0,0,0,0,0
2002,390548,1,1,19,19,19,19,19,19,19,19,19,19
2002,390549,1,1,15,0,0,0,0,0,0,0,0,0
2002,390550,1,1,11,11,11,11,11,11,11,11,11,11
2002,390551,1,1,16,16,16,16,16,16,16,16,16,16
2002,390552,0,1,0,0,0,0,0,0,0,0,0,0
2002,390552,2,1,0,0,0,0,0,0,0,0,0,0
2002,390553,1,1,0,0,0,0,0,0,0,0,0,0
2002,390554,1,1,0,0,0,7,0,17,0,0,0,0
2002,390555,1,1,0,0,0,0,0,0,0,0,0,0
2002,390556,1,1,36,10,14,22,24,19,13,28,36,30
2002,390557,1,1,0,0,0,0,0,0,0,0,0,0
2002,390558,1,1,4,4,4,4,4,4,4,4,4,4
2002,390559,1,1,8,8,8,8,8,8,8,8,8,8
2002,390560,1,1,0,0,18,29,0,21,17,16,11,0
2002,390560,2,1,8,8,8,8,8,8,8,8,8,8
2002,390561,1,1,0,0,0,0,0,0,0,0,0,0
2002,390562,1,1,0,0,0,0,0,0,0,0,0,0
2002,390563,1,1,0,0,0,0,0,0,0,0,0,0
2002,390563,2,1,0,0,0,0,0,0,0,0,0,0
2002,390564,1,1,7,7,7,7,7,7,7,7,7,7
2002,390565,1,1,0,0,0,0,0,0,0,0,0,0
2002,390565,2,1,0,0,0,0,0,0,0,0,0,0
2002,390566,1,1,0,0,0,0,0,0,0,0,0,0
2002,390567,1,1,0,0,0,0,0,0,0,0,0,0
2002,390567,2,1,0,0,0,0,0,0,0,0,0,0
2002,390567,3,1,0,0,0,0,0,0,0,0,0,0
2002,390567,4,1,0,0,0,0,0,0,0,0,0,0
2002,390568,1,1,0,0,0,0,0,0,0,0,0,0
2002,390568,2,1,0,0,0,0,0,0,0,0,0,0
2002,390569,1,1,0,0,0,0,0,0,0,0,0,0
2002,390569,2,1,0,0,0,0,0,0,0,0,0,0
2002,390570,1,1,0,0,0,0,0,0,0,0,0,0
2002,390571,0,1,0,0,0,0,0,0,0,0,0,0
2002,390571,1,1,0,0,0,0,0,2,0,0,0,0
2002,390572,1,1,1,1,1,1,1,1,1,1,1,1
2002,390573,1,1,12,12,12,12,12,12,12,12,12,12
2002,390573,2,1,1,1,1,1,1,1,1,1,1,1
2002,390574,1,1,0,0,0,0,0,0,0,0,0,0
2002,390575,1,1,0,0,0,0,0,0,0,0,0,0
2002,390575,2,1,11,11,11,11,11,11,11,11,11,11
2002,390576,1,1,0,0,0,0,0,0,0,0,0,0
2002,390576,2,1,0,0,0,0,0,0,0,0,0,0
2002,390576,3,1,0,0,0,12,0,0,0,0,0,0
2002,390577,1,1,20,20,20,20,20,20,20,20,20,20
2002,390578,1,1,0,0,0,0,0,0,0,0,0,0
2002,390578,2,1,0,0,0,0,0,0,0,0,0,0
2002,390579,1,1,21,21,21,21,21,21,21,21,21,21
2002,390580,1,1,20,20,20,20,20,20,20,20,20,20
2002,390580,2,1,9,9,9,9,9,9,9,9,9,9
2002,390581,1,1,15,15,15,15,15,15,15,15,15,15
2002,390581,2,1,10,10,10,10,10,10,10,10,10,10
2002,390582,1,1,17,17,17,17,17,17,17,17,17,17
2002,390583,1,1,0,0,0,0,9,0,0,0,0,0
2002,390584,1,1,0,0,0,0,0,0,0,0,0,0
2002,390585,1,1,17,17,17,17,17,17,17,17,17,17
2002,390586,1,1,0,0,0,0,0,0,0,0,0,0
2002,390586,2,1,0,0,0,0,0,18,0,0,0,0
2002,390587,1,1,0,0,0,0,11,0,3,0,0,0
2002,390588,1,1,0,0,0,0,0,0,0,0,0,0
2002,390588,2,1,0,0,0,0,0,0,0,0,0,0
2002,390589,0,1,10,10,10,10,10,10,10,10,10,10
2002,390589,1,1,0,0,0,0,0,0,0,0,0,0
2002,390590,1,1,14,14,14,14,14,14,14,14,14,14
2002,390590,2,1,17,17,17,17,17,17,17,17,17,17
2002,390591,1,1,0,0,0,0,0,0,0,0,0,0
2002,390591,2,1,0,0,0,0,0,0,0,0,0,0
2002,390592,1,1,0,0,0,0,0,0,0,0,0,0
2002,390592,2,1,0,0,0,0,0,0,0,0,0,0
2002,390593,1,1,0,0,0,0,0,0,0,0,0,0
2002,390593,2,1,0,0,0,0,0,0,0,0,0,0
2002,390594,1,1,0,0,0,0,0,0,0,0,0,0
2002,390594,2,1,0,0,0,0,0,0,0,0,0,0
2002,390595,0,1,0,0,0,0,0,0,0,0,0,0
2002,390595,1,1,1,1,1,1,1,1,1,1,1,1
2002,390596,1,1,0,0,0,0,0,0,0,0,0,0
2002,390597,1,1,27,27,27,27,27,27,27,27,27,27
2002,390597,2,1,0,0,0,0,0,0,0,0,0,0
2002,390598,1,1,0,0,0,0,0,0,0,0,0,0
2002,390598,2,1,10,10,10,10,10,10,10,10,10,10
2002,390599,0,1,0,0,0,0,0,0,0,0,0,0
2002,390599,1,1,0,0,0,0,0,0,0,0,0,0
2002,390600,1,1,31,31,31,31,31,31,31,31,31,31
2002,390601,1,1,0,0,0,0,0,0,0,0,0,0
2002,390602,1,1,17,17,17,17,17,17,17,17,17,17
2002,390602,2,1,0,0,0,0,0,0,0,0,0,0
2002,390603,0,1,3,3,3,3,3,3,3,3,3,3
2002,390603,1,1,0,0,0,0,0,0,0,0,0,0
2002,390604,1,1,19,19,19,19,19,19,19,19,19,19
2002,390605,0,1,0,0,0,0,0,0,0,0,0,0
2002,390605,1,1,0,0,0,0,0,0,0,0,0,0
2002,390606,1,1,0,0,0,0,0,0,0,0,0,0
2002,390606,2,1,0,0,0,0,0,0,0,0,0,0
2002,390607,1,1,19,19,19,19,19,19,19,19,19,19
2002,390608,1,1,0,0,0,0,0,0,0,0,0,0
2002,390608,2,1,19,0,0,0,0,0,0,0,0,0
2002,390609,0,1,0,0,0,0,0,0,0,0,0,0
2002,390609,1,1,0,0,0,0,0,0,0,0,0,0
2002,390610,1,1,0,0,0,0,0,0,0,0,0,0
2002,390610,2,1,0,0,0,0,0,0,0,0,0,0
2002,390611,0,1,0,0,0,0,0,0,0,0,0,0
2002,390611,1,1,0,0,0,0,0,0,0,0,0,0
2002,390612,1,1,21,21,21,21,21,21,21,21,21,21
2002,390613,1,1,28,28,28,28,28,28,28,28,28,28
2002,390614,1,1,15,15,15,15,15,15,15,15,15,15
2002,390615,1,1,0,0,0,0,0,0,0,0,0,0
2002,390616,1,1,24,24,24,24,24,24,24,24,24,24
2002,390617,1,1,0,0,0,0,0,0,0,0,0,0
2002,390618,1,1,0,0,0,0,0,0,0,0,0,0
2002,390618,2,1,0,0,0,0,0,0,0,0,0,0
2002,390619,1,1,0,0,0,0,0,0,0,0,0,0
2002,390620,0,1,0,0,0,0,0,0,0,0,0,0
2002,390620,1,1,0,0,0,0,0,0,0,0,0,0
2002,390621,1,1,0,0,0,0,0,0,0,0,0,0
2002,390622,1,1,0,0,0,0,0,0,0,0,0,0
2002,390623,1,1,0,10,15,0,14,0,0,25,0,18
2002,390623,2,1,0,0,0,0,0,0,0,0,0,0
2002,390624,1,1,0,0,0,0,0,0,0,0,0,0
2002,390624,2,1,0,0,0,0,0,0,0,0,0,0
2002,390625,1,1,23,23,23,23,23,23,23,23,23,23
2002,390626,1,1,4,4,4,4,4,4,4,4,4,4
2002,390627,1,1,0,0,0,0,0,0,0,0,0,0
2002,390627,2,1,0,0,0,0,0,0,0,0,0,0
2002,390628,1,1,26,26,26,26,26,26,26,26,26,26
2002,390629,0,1,0,0,0,0,0,0,0,0,0,0
2002,390629,1,1,3,3,3,3,3,3,3,3,3,3
2002,390630,1,1,0,0,0,0,0,0,0,0,0,0
2002,390631,1,1,8,8,8,8,8,8,8,8,8,8
2002,390632,1,1,13,13,13,13,13,13,13,13,13,13
2002,390633,1,1,21,21,21,21,21,21,21,21,21,21
2002,390633,2,1,0,0,0,0,0,0,0,0,27,0
2002,390634,1,1,0,0,0,0,0,0,0,0,0,0
2002,390634,2,1,0,0,0,0,0,0,0,0,0,0
2002,390635,1,1,19,19,19,19,19,19,19,19,19,19
2002,390636,1,1,0,0,0,0,0,0,0,0,0,0
2002,390636,2,1,0,0,0,0,0,0,0,0,0,0
2002,390637,1,1,0,0,0,0,0,0,0,0,0,0
2002,390637,2,1,0,0,0,0,0,0,0,0,0,0
2002,390638,1,1,0,0,0,0,0,0,0,0,0,0
2002,390638,2,1,0,0,0,0,0,0,0,0,0,0
2002,390640,1,1,31,31,31,31,31,31,31,31,31,31
2002,390641,1,1,0,0,0,0,0,0,0,0,0,0
2002,390642,1,1,0,0,0,0,0,0,0,0,0,0
2002,390643,0,1,0,0,18,0,0,0,0,0,0,0
2002,390643,1,1,0,0,0,0,0,0,0,0,0,0
2002,390644,1,1,36,36,36,36,36,36,36,36,36,36
2002,390645,1,1,0,0,0,0,0,0,0,0,0,0
2002,390646,0,1,27,27,27,27,27,27,27,27,27,27
2002,390646,1,1,0,0,0,0,0,0,0,0,0,0
2002,390647,0,1,0,0,0,0,0,0,0,0,0,0
2002,390647,1,1,0,0,0,0,0,5,0,0,0,0
2002,390648,1,1,0,0,0,0,0,0,0,0,0,0
2002,390648,2,1,0,0,0,0,0,0,0,0,0,0
2002,390649,1,1,30,30,30,30,30,30,30,30,30,30
2002,390649,2,1,0,0,0,0,0,0,0,0,0,0
2002,390650,0,1,0,0,0,0,0,0,0,0,0,0
2002,390650,1,1,0,0,0,0,0,0,0,0,0,0
2002,390651,1,1,0,0,0,0,0,0,0,0,0,0
2002,390652,1,1,10,10,10,10,10,10,10,10,10,10
2002,390652,2,1,2,2,2,2,2,2,2,2,2,2
2002,390653,1,1,8,12,5,0,0,0,7,8,0,0
2002,390654,1,1,0,0,0,0,0,0,0,0,0,0
2002,390654,2,1,16,0,0,0,0,15,0,0,0,0
2002,390655,1,1,0,0,0,0,0,0,0,0,0,0
2002,390655,2,1,0,0,0,0,0,0,0,0,0,0
2002,390656,1,1,0,0,0,0,0,0,0,0,0,0
2002,390656,2,1,0,0,0,0,0,0,0,0,0,0
2002,390657,1,1,0,0,0,0,0,0,0,0,0,0
2002,390657,2,1,0,0,0,0,0,0,0,0,0,0
2002,390658,1,1,7,7,7,7,7,7,7,7,7,7
2002,390659,1,1,0,0,0,0,0,0,0,0,0,0
2002,390659,2,1,0,0,0,0,0,0,0,0,0,0
2002,390660,1,1,19,19,19,19,19,19,19,19,19,19
2002,390661,1,1,0,0,0,0,0,0,0,0,0,0
2002,390662,1,1,0,0,0,0,0,0,0,0,0,0
2002,390663,0,1,21,21,21,21,21,21,21,21,21,21
2002,390663,1,1,0,15,0,0,0,0,0,0,0,0
2002,390664,1,1,6,2,22,20,12,20,16,0,6,13
2002,390665,1,1,3,3,3,3,3,3,3,3,3,3
2002,390666,1,1,19,19,19,19,19,19,19,19,19,19
2002,390667,1,1,12,12,12,12,12,12,12,12,12,12
2002,390668,1,1,12,12,12,12,12,12,12,12,12,12
2002,390669,1,1,0,0,0,0,0,0,0,0,0,0
2002,390669,2,1,4,4,4,4,4,4,4,4,4,4
2002,390670,1,1,0,0,0,0,0,0,0,0,0,0
2002,390670,2,1,15,15,15,15,15,15,15,15,15,15
2002,390671,1,1,0,0,0,0,0,0,0,0,0,0
2002,390672,1,1,0,0,0,0,0,0,0,0,0,0
2002,390673,1,1,12,0,0,0,0,0,0,0,0,0
2002,390674,1,1,0,0,0,0,0,0,0,0,0,0
2002,390676,1,1,18,18,18,18,18,18,18,18,18,18
2002,390677,1,1,20,20,20,20,20,20,20,20,20,20
2002,390678,1,1,0,0,0,0,0,0,0,0,0,0
2002,390678,2,1,0,0,0,0,0,0,0,0,0,0
2002,390679,1,1,0,0,0,0,0,0,0,0,0,0
2002,390679,2,1,0,0,0,0,0,0,0,0,0,0
2002,390680,1,1,20,20,20,20,20,20,20,20,20,20
2002,390680,2,1,0,0,0,0,0,0,0,0,0,0
2002,390680,3,1,0,0,0,0,0,0,0,0,0,0
2002,390681,1,1,13,13,13,13,13,13,13,13,13,13
2002,390682,1,1,9,9,9,9,9,9,9,9,9,9
2002,390683,1,1,0,0,0,0,0,0,0,0,0,0
2002,390683,2,1,0,0,0,0,0,0,0,0,0,0
2002,390684,1,1,0,0,0,0,0,0,0,0,0,0
2002,390685,1,1,0,0,0,0,0,0,0,0,0,0
2002,390685,2,1,0,0,0,0,0,0,0,0,0,0
2002,390686,1,1,0,0,0,0,0,0,0,0,0,0
2002,390686,2,1,0,0,0,0,0,0,0,0,0,0
2002,390687,1,1,1,1,1,1,1,1,1,1,1,1
2002,390688,0,1,0,0,0,28,0,0,0,0,25,0
2002,390688,1,1,12,0,25,0,0,0,0,19,18,12
2002,390689,1,1,0,0,0,0,0,0,0,0,0,0
2002,390689,2,1,0,0,0,0,0,0,0,0,0,0
2002,390690,1,1,0,0,0,0,0,0,0,0,0,0
2002,390691,1,1,0,0,0,0,0,0,0,0,0,0
2002,390691,2,1,0,0,0,0,0,0,0,0,0,0
2002,390691,3,1,0,0,0,0,0,0,0,0,0,0
2002,390692,1,1,0,0,0,0,0,0,0,0,0,0
2002,390692,2,1,0,0,0,0,0,0,0,0,0,0
2002,390692,3,1,0,0,0,0,0,0,0,0,0,0
2002,390693,1,1,0,0,0,0,0,0,0,0,0,0
2002,390693,2,1,0,0,0,0,0,0,0,0,0,0
2002,390694,1,1,0,0,0,0,0,0,0,0,0,0
2002,390694,2,1,0,0,0,0,0,0,0,0,0,0
2002,390695,1,1,13,13,13,13,13,13,13,13,13,13
2002,390695,2,1,8,8,8,8,8,8,8,8,8,8
2002,390696,1,1,0,0,0,0,0,0,0,0,0,0
2002,390696,2,1,0,0,0,0,0,0,0,0,0,0
2002,390697,1,1,13,13,13,13,13,13,13,13,13,13
2002,390697,2,1,0,0,0,0,0,0,0,0,0,0
2002,390697,3,1,0,0,0,0,0,0,18,0,0,0
2002,390698,0,1,23,23,23,23,23,23,23,23,23,23
2002,390698,1,1,5,5,5,5,5,5,5,5,5,5
2002,390699,1,1,10,10,10,10,10,10,10,10,10,10
2002,390699,2,1,0,0,0,0,0,0,0,0,0,0
2002,390700,1,1,6,6,6,6,6,6,6,6,6,6
2002,390701,1,1,0,0,0,0,0,0,0,0,0,0
2002,390701,2,1,0,0,0,0,0,0,0,0,0,0
2002,390702,1,1,0,0,0,0,0,0,0,0,0,0
2002,390702,2,1,0,0,0,0,0,0,0,0,0,0
2002,390703,1,1,0,0,0,0,0,0,0,0,0,0
2002,390703,2,1,0,0,0,0,0,0,0,12,0,0
2002,390704,1,1,0,0,0,0,0,0,0,0,0,0
2002,390705,1,1,0,13,0,0,0,0,19,0,5,0
2002,390706,0,1,0,0,0,0,0,0,0,0,0,0
2002,390706,0,2,0,0,0,0,0,0,0,0,0,0
2002,390706,1,1,0,0,0,0,0,0,0,0,0,0
2002,390707,0,1,17,0,0,0,0,0,0,0,0,0
2002,390707,1,1,0,0,0,0,0,0,0,0,0,0
2002,390708,1,1,16,16,16,16,16,16,16,16,16,16
2002,390709,1,1,0,0,0,0,0,0,0,0,0,0
2002,390709,2,1,0,0,0,0,0,0,0,0,0,0
2002,390710,1,1,0,0,0,0,0,0,0,0,0,0
2002,390710,2,1,0,0,0,0,0,0,0,0,0,0
2002,390711,1,1,0,0,0,0,0,0,0,0,0,0
2002,390711,2,1,0,0,0,0,0,0,0,0,0,0
2002,390711,3,1,0,0,0,0,0,0,0,0,0,0
2002,390712,1,1,0,0,0,0,0,0,0,0,0,0
2002,390713,1,1,0,0,0,0,0,0,0,0,0,0
2002,390713,2,1,0,0,0,0,0,0,0,0,0,0
2002,390714,1,1,0,0,0,0,0,0,0,0,0,0
2002,390715,1,1,11,11,11,11,11,11,11,11,11,11
2002,390716,1,1,27,27,27,27,27,27,27,27,27,27
2002,390717,1,1,0,0,0,0,0,0,0,0,0,0
2002,390717,2,1,0,0,0,0,0,0,0,0,0,0
2002,390717,3,1,0,0,0,0,0,0,0,0,0,0
2002,390718,1,1,15,19,8,17,30,14,23,22,19,7
2002,390719,1,1,0,0,0,0,0,0,0,0,0,0
2002,390719,2,1,0,0,0,0,0,0,0,0,0,0
2002,390720,1,1,0,0,0,0,0,0,0,0,0,0
2002,390720,2,1,0,0,0,0,0,0,0,0,0,0
2002,390720,3,1,0,0,0,0,0,0,0,0,0,0
2002,390721,1,1,15,15,15,15,15,15,15,15,15,15
2002,390721,2,1,0,0,0,0,0,0,0,0,0,0
2002,390722,1,1,24,24,24,24,24,24,24,24,24,24
2002,390723,0,1,0,0,0,0,0,0,0,0,0,0
2002,390723,1,1,0,0,0,0,0,0,0,0,0,0
2002,390724,1,1,0,0,0,0,28,0,0,0,0,0
2002,390725,1,1,0,0,0,0,0,0,0,0,0,0
2002,390726,1,1,24,24,24,24,24,24,24,24,24,24
2002,390727,1,1,0,0,0,0,0,0,0,0,0,0
2002,390728,0,1,29,29,29,29,29,29,29,29,29,29
2002,390728,1,1,18,0,0,0,0,0,0,16,0,0
2002,390729,1,1,0,0,0,0,0,0,0,0,0,0
2002,390730,1,1,0,0,31,0,0,0,11,0,0,0
2002,390731,1,1,4,4,4,4,4,4,4,4,4,4
2002,390732,1,1,12,6,9,32,19,3,23,14,0,19
2002,390733,1,1,0,0,0,0,0,0,0,0,0,0
2002,390734,1,1,0,0,0,0,0,0,0,0,0,0
2002,390735,1,1,0,0,0,0,0,0,0,0,0,0
2002,390735,2,1,4,4,4,4,4,4,4,4,4,4
2002,390736,1,1,0,0,0,0,0,0,0,0,0,0
2002,390736,2,1,0,0,0,0,0,0,0,0,0,0
2002,390737,1,1,12,12,12,12,12,12,12,12,12,12
2002,390738,1,1,0,0,0,0,0,0,0,0,0,0
2002,390738,2,1,0,0,0,0,0,0,0,0,0,0
2002,390739,1,1,13,13,13,13,13,13,13,13,13,13
2002,390740,1,1,6,6,6,6,6,6,6,6,6,6
2002,390740,2,1,0,0,0,0,0,0,0,0,0,0
2002,390741,1,1,0,0,0,0,0,0,0,0,0,0
2002,390742,1,1,9,21,24,15,10,14,7,18,11,11
2002,390743,1,1,17,17,17,17,17,17,17,17,17,17
2002,390744,1,1,16,16,16,16,16,16,16,16,16,16
2002,390745,1,1,0,0,0,0,0,0,0,0,0,0
2002,390745,2,1,0,0,0,0,0,0,0,0,0,0
2002,390745,3,1,0,0,0,0,0,0,0,0,0,0
2002,390746,0,1,0,0,0,0,0,0,0,0,0,0
2002,390746,1,1,0,0,0,0,0,0,0,0,0,0
2002,390747,1,1,0,18,0,0,23,0,0,22,4,0
2002,390748,1,1,14,14,14,14,14,14,14,14,14,14
2002,390749,1,1,0,0,0,0,0,0,0,0,0,0
2002,390750,1,1,26,26,26,26,26,26,26,26,26,26
2002,390751,1,1,0,0,0,0,0,0,0,0,0,0
2002,390751,2,1,0,0,0,0,0,0,0,0,0,0
2002,390752,1,1,0,0,0,0,0,0,0,0,0,0
2002,390752,2,1,0,0,0,0,0,0,0,0,0,0
2002,390753,1,1,0,36,0,12,8,18,0,8,0,24
2002,390754,1,1,32,32,32,32,32,32,32,32,32,32
2002,390755,0,1,0,0,0,0,0,0,0,0,0,0
2002,390755,1,1,0,0,0,0,0,0,0,0,0,0
2002,390756,1,1,7,7,7,7,7,7,7,7,7,7
2002,390757,1,1,22,22,22,22,22,22,22,22,22,22
2002,390758,1,1,0,0,0,0,0,0,0,0,0,0
2002,390759,1,1,0,0,0,0,0,0,0,0,0,0
2002,390759,2,1,0,22,0,0,0,25,15,0,0,0
2002,390760,1,1,15,15,15,15,15,15,15,15,15,15
2002,390761,1,1,0,0,0,0,0,0,0,0,0,0
2002,390761,2,1,0,0,0,0,0,0,0,0,0,0
2002,390762,1,1,0,0,0,0,0,0,0,0,0,0
2002,390763,1,1,0,0,0,0,0,0,0,0,0,0
2002,390763,2,1,0,0,0,0,0,0,0,0,0,0
2002,390764,1,1,0,0,0,0,0,0,0,0,0,0
2002,390764,2,1,22,22,22,22,22,22,22,22,22,22
2002,390765,1,1,0,0,0,0,0,0,0,0,0,0
2002,390765,2,1,0,0,0,0,0,0,0,0,0,0
2002,390766,1,1,32,32,32,32,32,32,32,32,32,32
2002,390767,1,1,12,12,12,12,12,12,12,12,12,12
2002,390768,1,1,0,0,0,0,0,0,0,0,0,0
2002,390768,2,1,18,0,0,15,14,0,16,0,24,9
2002,390769,1,1,0,0,0,0,0,0,0,0,0,0
2002,390769,2,1,0,0,0,0,0,0,0,0,0,0
2002,390770,1,1,22,22,22,22,22,22,22,22,22,22
2002,390770,2,1,0,0,0,0,0,0,0,0,0,0
2002,390771,1,1,0,0,0,0,0,0,0,0,0,0
2002,390772,1,1,0,0,0,0,0,0,0,0,0,0
2002,390773,1,1,14,14,14,14,14,14,14,14,14,14
2002,390773,2,1,0,0,0,0,0,0,0,0,10,0
2002,390773,3,1,0,0,0,0,0,0,0,0,0,0
2002,390774,1,1,0,0,0,0,0,0,0,0,0,0
2002,390774,2,1,0,0,0,0,0,0,0,0,0,0
2002,390775,1,1,0,0,0,0,0,0,0,0,0,0
2002,390775,2,1,0,0,0,0,0,0,0,0,0,0
2002,390776,1,1,0,0,0,0,0,0,0,0,0,0
2002,390776,2,1,0,0,0,0,0,0,0,0,0,0
2002,390777,1,1,0,0,0,0,0,0,0,0,0,0
2002,390778,0,1,7,7,7,7,7,7,7,7,7,7
2002,390778,1,1,6,6,6,6,6,6,6,6,6,6
2002,390779,1,1,0,0,0,0,0,0,0,0,0,0
2002,390780,1,1,7,7,7,7,7,7,7,7,7,7
2002,390781,0,1,2,2,2,2,2,2,2,2,2,2
2002,390781,1,1,21,21,21,21,21,21,21,21,21,21
2002,390782,1,1,2,2,2,2,2,2,2,2,2,2
2002,390784,1,1,0,0,0,0,0,0,0,0,0,0
2002,390785,1,1,0,0,0,0,0,0,0,0,0,0
2002,390785,2,1,0,0,0,0,0,0,0,0,0,0
2002,390786,1,1,12,12,12,12,12,12,12,12,12,12
2002,390787,1,1,0,0,0,0,0,0,0,0,0,0
2002,390788,1,1,31,31,31,31,31,31,31,31,31,31
2002,390789,1,1,18,18,18,18,18,18,18,18,18,18
2002,390790,1,1,31,31,31,31,31,31,31,31,31,31
2002,390791,1,1,0,0,0,0,0,0,0,0,0,0
2002,390791,2,1,0,0,0,0,0,0,0,0,0,0
2002,390792,1,1,18,18,18,18,18,18,18,18,18,18
2002,390793,0,1,24,0,0,0,0,0,0,26,9,0
2002,390793,1,1,0,0,0,0,0,0,0,0,0,0
2002,390794,1,1,15,15,15,15,15,15,15,15,15,15
2002,390795,1,1,0,0,0,0,0,0,0,0,0,0
2002,390796,1,1,0,0,0,0,0,0,0,0,0,0
2002,390796,2,1,0,0,0,0,0,0,0,0,0,0
2002,390796,3,1,0,0,0,0,0,0,0,0,0,0
2002,390797,1,1,0,0,0,0,0,0,0,0,0,0
2002,390797,2,1,0,0,0,0,0,0,0,0,0,0
2002,390797,3,1,0,0,0,0,0,0,0,0,0,0
2002,390798,1,1,13,13,13,13,13,13,13,13,13,13
2002,390799,1,1,0,0,0,0,0,0,0,0,0,0
2002,390800,1,1,0,0,0,0,0,0,0,0,0,0
2002,390801,1,1,21,21,21,21,21,21,21,21,21,21
2002,390802,0,1,0,0,0,0,28,26,0,0,0,0
2002,390802,1,1,15,15,15,15,15,15,15,15,15,15
2002,390803,1,1,0,0,0,0,0,0,0,0,0,0
2002,390803,2,1,0,0,0,0,0,0,0,0,0,0
2002,390804,1,1,28,28,28,28,28,28,28,28,28,28
2002,390804,2,1,16,16,16,16,16,16,16,16,16,16
2002,390805,1,1,0,0,0,0,0,0,0,0,0,0
2002,390805,2,1,0,0,9,0,0,0,0,0,0,0
2002,390806,1,1,13,13,13,13,13,13,13,13,13,13
2002,390807,1,1,21,21,21,21,21,21,21,21,21,21
2002,390808,1,1,0,0,0,0,0,0,0,0,0,0
2002,390808,2,1,0,0,0,0,0,0,0,0,0,0
2002,390809,1,1,27,27,27,27,27,27,27,27,27,27
2002,390810,1,1,0,0,0,0,0,0,0,0,0,0
2002,390811,1,1,0,0,0,0,0,0,0,0,0,0
2002,390811,2,1,0,0,0,0,0,0,0,0,0,0
2002,390812,1,1,0,0,0,0,0,0,0,0,0,0
2002,390812,2,1,0,0,0,0,0,10,0,0,0,0
2002,390813,1,1,15,15,15,15,15,15,15,15,15,15
2002,390814,0,1,12,22,36,0,0,0,0,0,41,18
2002,390814,1,1,0,0,0,0,0,0,0,0,0,0
2002,390815,1,1,25,25,25,25,25,25,25,25,25,25
2002,390816,1,1,8,8,8,8,8,8,8,8,8,8
2002,390816,2,1,0,0,0,0,0,0,0,0,0,0
2002,390817,1,1,6,6,6,6,6,6,6,6,6,6
2002,390818,1,1,0,0,0,0,0,0,0,0,0,16
2002,390818,2,1,0,0,0,0,0,0,0,0,0,0
2002,390819,1,1,1,1,1,1,1,1,1,1,1,1
2002,390820,1,1,0,0,0,0,0,0,0,0,0,0
2002,390820,2,1,0,0,0,0,0,0,0,0,0,0
2002,390821,1,1,19,19,19,19,19,19,19,19,19,19
2002,390822,1,1,0,0,0,0,0,0,0,0,0,0
2002,390823,1,1,0,0,0,0,0,0,0,0,0,7
2002,390823,2,1,0,0,0,0,0,0,0,0,0,0
2002,390824,1,1,0,0,0,0,0,0,0,0,0,0
2002,390824,2,1,0,0,0,0,0,0,0,0,0,0
2002,390825,1,1,0,0,0,0,0,0,0,0,0,0
2002,390827,1,1,0,0,0,0,0,0,0,0,0,0
2002,390828,1,1,0,0,0,0,0,0,0,0,0,0
2002,390828,2,1,0,0,0,0,0,0,0,0,0,0
2002,390829,1,1,0,0,0,0,0,0,0,0,0,0
2002,390829,2,1,0,0,0,0,0,0,0,0,0,0
2002,390830,1,1,0,0,0,0,0,0,0,0,0,0
2002,390830,2,1,0,0,0,0,0,0,0,0,0,0
2002,390831,1,1,29,29,29,29,29,29,29,29,29,29
2002,390832,1,1,0,0,0,0,0,0,0,0,0,0
2002,390833,1,1,0,0,0,0,0,0,0,0,0,0