YEAR,ST_CASE,veh_no,per_no,P1,P2,P3,P4,P5,P6,P7,P8,P9,P10
2002,391121,1,1,0,0,0,0,0,0,0,0,0,0
2002,391121,2,1,0,0,0,0,0,0,0,0,0,0
2002,391122,1,1,0,0,0,0,0,0,0,0,0,0
2002,391122,2,1,0,0,0,0,0,0,0,0,0,0
2002,391123,0,1,0,0,0,0,0,0,0,0,18,0
2002,391123,1,1,0,0,0,0,0,0,0,0,0,0
2002,391124,1,1,0,0,0,0,0,0,0,0,0,0
2002,391125,1,1,0,0,0,0,0,0,0,0,0,0
2002,391125,2,1,0,0,0,0,0,0,0,0,0,9
2002,391126,1,1,0,0,0,0,0,0,0,0,0,0
2002,391127,1,1,17,17,17,17,17,17,17,17,17,17
2002,391128,1,1,21,21,21,21,21,21,21,21,21,21
2002,391129,1,1,25,25,25,25,25,25,25,25,25,25
2002,391130,1,1,7,17,6,0,19,0,20,22,17,0
2002,391131,1,1,13,13,13,13,13,13,13,13,13,13
2002,391131,2,1,0,0,0,0,0,10,0,0,0,0
2002,391132,1,1,0,0,0,0,0,0,0,0,0,0
2002,391132,2,1,0,0,0,0,9,0,0,0,0,0
2002,391133,1,1,0,0,0,0,0,0,0,0,0,0
2002,391133,2,1,0,0,0,0,0,0,0,0,0,0
2002,391133,3,1,0,0,0,0,0,0,0,0,0,0
2002,391134,1,1,0,0,0,0,0,0,0,0,0,0
2002,391135,1,1,0,0,0,0,0,0,0,0,0,0
2002,391135,2,1,2,2,2,2,2,2,2,2,2,2
2002,391136,1,1,23,23,23,23,23,23,23,23,23,23
2002,391137,1,1,12,12,12,12,12,12,12,12,12,12
2002,391138,1,1,0,0,0,0,0,0,0,0,0,0
2002,391138,2,1,0,0,0,0,0,0,0,0,0,0
2002,391139,1,1,0,0,0,0,0,0,0,0,0,0
2002,391140,1,1,0,0,0,0,11,0,19,0,0,19
2002,391141,1,1,0,0,0,0,0,0,30,0,0,0
2002,391142,1,1,0,0,0,0,0,0,0,0,0,0
2002,391143,1,1,0,0,0,0,0,0,0,0,0,0
2002,391144,1,1,0,0,0,0,0,0,0,0,0,0
2002,391144,2,1,0,0,0,0,0,0,0,0,0,0
2002,391144,3,1,0,0,0,0,0,0,0,0,0,0
2002,391145,0,1,0,0,0,0,0,11,0,0,0,0
2002,391145,1,1,0,0,0,0,0,0,0,0,0,0
2002,391146,1,1,0,0,0,0,0,0,0,0,0,0
2002,391146,2,1,0,0,0,0,0,0,0,0,0,0
2002,391146,3,1,0,0,0,0,0,0,0,0,0,0
2002,391147,1,1,0,0,0,0,0,0,0,0,0,0
2002,391148,1,1,14,20,0,19,0,0,0,0,0,0
2002,391149,1,1,21,21,21,21,21,21,21,21,21,21
2002,391149,2,1,0,0,0,0,0,0,0,0,0,0
2002,391151,1,1,15,15,15,15,15,15,15,15,15,15
2002,391151,2,1,0,0,0,0,0,0,0,0,0,0
2002,391152,1,1,0,0,0,0,0,0,0,0,0,0
2002,391152,2,1,0,0,0,0,0,0,0,0,0,0
2002,391153,0,1,0,0,0,0,0,0,0,0,0,0
2002,391153,1,1,0,0,0,0,0,0,0,0,0,0
2002,391154,1,1,0,0,0,0,0,0,0,0,0,0
2002,391154,2,1,25,25,25,25,25,25,25,25,25,25
2002,391155,1,1,0,0,0,0,0,0,0,0,0,0
2002,391156,1,1,9,9,9,9,9,9,9,9,9,9
2002,391157,1,1,0,0,0,0,0,25,0,0,0,0
2002,391157,2,1,0,0,0,0,0,0,0,0,0,0
2002,391158,1,1,16,16,16,16,16,16,16,16,16,16
2002,391159,1,1,0,0,0,0,0,0,0,0,0,0
2002,391160,1,1,0,0,0,0,0,0,0,0,0,0
2002,391160,2,1,20,0,0,0,0,0,0,0,0,0
2002,391161,1,1,0,0,0,0,0,0,0,0,0,0
2002,391161,2,1,0,0,0,0,0,0,0,0,0,0
2002,391162,1,1,0,0,0,0,0,0,0,0,0,0
2002,391162,2,1,0,0,0,0,0,0,0,0,0,0
2002,391163,1,1,0,14,0,0,0,10,0,0,0,0
2002,391163,2,1,0,0,0,0,0,0,0,0,0,0
2002,391164,1,1,13,13,13,13,13,13,13,13,13,13
2002,391165,1,1,3,3,3,3,3,3,3,3,3,3
2002,391166,1,1,0,0,0,0,0,0,0,0,0,0
2002,391166,2,1,0,0,0,0,17,0,0,0,0,0
2002,391166,3,1,0,0,0,0,0,0,0,0,0,0
2002,391167,1,1,0,0,0,0,0,0,0,0,0,0
2002,391167,2,1,0,0,0,0,0,0,0,0,0,0
2002,391168,1,1,0,0,0,0,0,0,0,0,0,0
2002,391168,2,1,22,22,22,22,22,22,22,22,22,22
2002,391169,1,1,25,25,25,25,25,25,25,25,25,25
2002,391170,1,1,0,0,0,0,0,0,0,0,0,0
2002,391171,1,1,5,0,0,0,5,0,0,0,0,0
2002,391171,2,1,0,0,0,0,0,0,0,0,0,0
2002,391172,1,1,27,27,27,27,27,27,27,27,27,27
2002,391173,1,1,0,0,0,0,0,0,21,0,0,0
2002,391174,1,1,0,0,0,0,0,0,0,0,0,0
2002,391174,2,1,0,0,0,0,0,0,0,0,0,0
2002,391175,1,1,0,0,0,0,0,0,0,0,0,0
2002,391176,1,1,2,2,2,2,2,2,2,2,2,2
2002,391176,2,1,0,0,0,0,0,17,0,0,0,0
2002,391177,1,1,0,0,0,0,0,0,0,0,0,0
2002,391177,2,1,0,0,0,0,0,0,0,0,0,0
2002,391178,1,1,0,0,0,0,0,0,0,0,0,0
2002,391178,2,1,0,0,0,0,0,0,0,0,0,0
2002,391179,0,1,0,20,29,18,0,0,0,0,0,0
2002,391179,1,1,0,0,8,0,0,0,0,0,0,0
2002,391180,1,1,0,0,0,0,0,0,0,0,0,0
2002,391181,0,1,0,0,0,0,0,0,0,0,0,0
2002,391181,1,1,0,0,0,0,0,0,0,0,0,0
2002,391181,2,1,0,0,0,0,0,0,0,0,0,0
2002,391182,1,1,18,0,0,0,0,0,0,0,0,0
2002,391182,2,1,0,0,0,0,0,0,21,0,0,0
2002,391184,1,1,0,0,0,0,0,0,0,0,0,0
2002,391184,2,1,0,0,0,0,0,0,0,0,0,0
2002,391185,1,1,0,0,0,0,0,0,0,0,0,0
2002,391185,2,1,0,0,0,0,0,0,0,0,0,0
2002,391186,1,1,13,13,13,13,13,13,13,13,13,13
2002,391187,1,1,0,0,0,0,0,0,0,0,0,0
2002,391188,1,1,0,0,0,0,0,0,0,0,0,0
2002,391188,2,1,0,0,0,0,0,0,0,0,0,0
2002,391189,1,1,0,16,0,0,0,0,0,0,0,0
2002,391189,2,1,0,0,0,0,0,0,0,0,0,0
2002,391190,1,1,0,0,0,0,0,0,0,0,0,0
2002,391191,1,1,21,21,21,21,21,21,21,21,21,21
2002,391192,1,1,10,10,10,10,10,10,10,10,10,10
2002,391193,1,1,0,0,0,0,0,0,0,0,17,0
2002,391193,2,1,0,0,0,0,0,0,0,0,0,0
2002,391193,3,1,0,0,0,0,0,0,0,0,0,0
2002,391194,1,1,0,0,0,0,0,0,0,0,0,0
2002,391194,2,1,0,0,0,0,0,0,0,0,0,0
2002,391195,1,1,0,0,0,0,0,0,0,0,0,0
2002,391195,2,1,0,0,0,0,0,0,0,0,0,0
2002,391196,1,1,0,0,0,21,0,0,13,0,0,0
2002,391197,0,1,0,0,0,0,0,0,0,0,0,0
2002,391197,1,1,0,0,0,0,0,0,0,0,0,0
2002,391198,0,1,27,0,0,0,29,0,0,9,0,0
2002,391198,1,1,0,0,0,0,11,0,10,0,0,0
2002,391198,2,1,0,0,0,0,0,0,0,0,0,7
2002,391199,1,1,0,0,0,0,0,0,0,0,0,0
2002,391199,2,1,0,0,0,0,0,0,0,0,0,0
2002,391200,1,1,19,19,19,19,19,19,19,19,19,19
2002,391201,1,1,12,12,12,12,12,12,12,12,12,12
2002,391201,2,1,12,12,12,12,12,12,12,12,12,12
2002,391202,1,1,0,0,0,0,19,0,27,0,0,21
2002,391202,2,1,15,24,10,26,25,31,23,10,22,14
2002,391203,1,1,24,24,24,24,24,24,24,24,24,24
2002,391204,1,1,0,0,0,0,0,0,0,0,0,0
2002,391204,2,1,0,0,0,0,0,0,0,0,0,0
2002,391205,1,1,38,38,38,38,38,38,38,38,38,38
2002,391206,1,1,19,19,19,19,19,19,19,19,19,19
2002,391206,2,1,0,0,0,0,0,0,0,0,0,0
2002,391207,1,1,24,24,24,24,24,24,24,24,24,24
2002,391207,2,1,0,0,0,0,0,0,0,0,0,0
2002,391209,0,1,11,11,11,11,11,11,11,11,11,11
2002,391209,1,1,13,26,13,5,6,0,4,16,13,8
2002,391210,1,1,26,20,0,11,14,17,13,34,17,14
2002,391211,0,1,0,0,0,0,0,0,0,0,0,0
2002,391211,1,1,0,0,0,0,0,0,0,0,0,0
2002,391212,1,1,0,0,0,0,0,0,0,0,0,0
2002,391212,2,1,0,0,0,0,0,0,0,0,0,0
2002,391213,1,1,29,29,29,29,29,29,29,29,29,29
2002,391214,1,1,5,5,5,5,5,5,5,5,5,5
2002,391214,2,1,5,5,5,5,5,5,5,5,5,5
2002,391215,1,1,0,0,0,0,0,0,0,0,0,0
2002,391215,2,1,0,0,0,0,0,0,0,0,0,0
2002,391216,0,1,0,0,0,0,0,0,0,0,0,0
2002,391216,0,2,16,0,11,3,0,0,29,26,18,22
2002,391216,1,1,0,19,0,2,0,0,0,0,0,0
2002,391217,2,1,4,4,4,4,4,4,4,4,4,4
2002,391218,1,1,0,0,0,0,0,0,0,0,0,0
2002,391218,2,1,0,0,0,0,0,0,0,0,0,0
2002,391219,0,1,16,16,16,16,16,16,16,16,16,16
2002,391219,1,1,0,0,0,10,0,0,0,0,0,0
2002,391220,1,1,0,0,0,0,0,0,0,0,0,0
2002,391220,2,1,0,0,0,0,0,0,0,0,0,0
2002,391221,0,1,0,0,0,0,0,0,0,0,0,0
2002,391221,0,2,0,0,0,0,0,0,0,0,0,0
2002,391221,1,1,0,0,0,0,0,0,0,0,0,0
2002,391222,1,1,0,0,0,0,0,0,0,0,0,0
2002,391222,2,1,0,0,0,0,0,0,0,0,0,0
2002,391223,1,1,12,12,12,12,12,12,12,12,12,12
2002,391223,2,1,0,13,0,0,0,0,0,0,0,0
2002,391224,1,1,0,0,0,0,0,0,0,0,15,31
2002,391225,1,1,0,0,0,0,0,0,0,0,0,0
2002,391225,2,1,0,0,0,0,0,0,0,0,0,0
2002,391226,1,1,0,0,0,0,0,0,0,0,0,0
2002,391226,2,1,1,1,1,1,1,1,1,1,1,1
2002,391227,1,1,0,0,0,0,0,0,0,0,0,0
2002,391228,0,1,0,0,0,0,0,0,0,0,0,0
2002,391228,1,1,0,0,0,0,0,0,0,0,0,0
2002,391229,1,1,0,0,0,0,0,0,0,0,0,0
2002,391230,1,1,0,0,0,0,0,0,0,0,0,0
2002,391230,2,1,0,0,0,0,6,0,0,0,0,0
2002,391231,1,1,0,0,0,0,0,0,0,0,0,0
2002,391231,2,1,0,0,0,0,0,0,0,0,0,0
2002,391232,1,1,0,0,0,0,0,0,0,0,0,0
2002,391233,1,1,0,0,0,0,0,0,0,0,0,0
2002,391234,1,1,0,0,0,0,0,0,0,0,0,0
2002,391234,2,1,0,0,0,0,0,0,0,0,0,0
2002,391235,1,1,6,6,6,6,6,6,6,6,6,6
2002,391236,1,1,0,0,0,0,0,0,0,0,0,0
2002,391236,2,1,0,0,0,0,0,0,0,0,0,0
2002,391237,1,1,0,0,0,0,0,0,0,0,0,0
2002,391238,1,1,16,16,16,16,16,16,16,16,16,16
2002,391239,1,1,21,21,21,21,21,21,21,21,21,21
2002,391240,1,1,25,25,25,25,25,25,25,25,25,25
2002,391241,1,1,0,0,0,0,0,0,4,0,0,0
2002,391241,2,1,0,0,0,0,0,0,0,21,0,0
2002,391242,1,1,0,0,0,15,18,14,0,6,0,17
2002,391243,1,1,0,0,0,0,0,15,0,0,0,0
2002,391243,2,1,0,0,0,0,0,0,0,0,0,0
2002,391243,3,1,0,0,0,0,0,0,0,0,0,0
2002,391243,4,1,0,0,0,0,0,0,0,0,0,0
2002,391243,5,1,0,0,0,0,0,0,0,0,0,0
2002,391243,6,1,0,0,0,0,0,0,0,0,0,0
2002,391245,1,1,0,0,0,0,0,0,0,0,25,0
2002,391245,2,1,0,0,0,0,0,0,0,0,0,0
2002,391246,1,1,0,0,0,0,0,0,0,0,0,0
2002,391246,2,1,0,0,0,0,0,0,0,0,0,0
2002,391247,1,1,29,29,29,29,29,29,29,29,29,29
2002,391248,1,1,8,8,8,8,8,8,8,8,8,8
2002,391249,1,1,0,0,0,0,0,0,0,0,0,0
2002,391249,2,1,0,0,0,0,0,0,0,0,0,0
2002,391250,1,1,0,0,0,0,0,0,0,0,0,0
2002,391250,2,1,0,0,0,0,0,0,0,0,0,0
2002,391251,1,1,0,0,0,0,0,0,0,0,0,0
2002,391251,2,1,0,0,0,0,0,0,0,0,0,0
2002,391252,1,1,0,0,0,0,0,0,0,0,0,0
2002,391253,1,1,27,27,27,27,27,27,27,27,27,27
2002,391255,1,1,0,0,2,40,24,9,24,0,0,0
2002,391255,2,1,0,0,0,0,0,0,0,0,0,0
2002,391256,1,1,0,0,0,0,0,0,0,0,0,7
2002,391256,2,1,8,0,0,17,3,0,11,0,0,0
2002,391257,0,1,0,0,0,0,0,0,0,0,0,0
2002,391257,1,1,26,26,26,26,26,26,26,26,26,26
2002,391258,1,1,0,0,0,0,0,0,0,0,0,0
2002,391258,2,1,0,0,0,0,0,0,0,0,0,0
2002,391259,1,1,0,0,0,0,0,0,0,0,0,0
2002,391259,2,1,2,2,2,2,2,2,2,2,2,2
2002,391260,1,1,0,0,0,0,0,0,0,0,0,0
2002,391261,1,1,0,0,0,0,0,0,0,0,0,0
2002,391261,2,1,0,0,0,0,12,0,0,0,0,0
2002,391262,1,1,0,0,0,0,0,0,0,0,0,0
2002,391262,2,1,0,0,0,0,0,0,0,0,0,0
2002,391263,1,1,0,0,9,14,20,0,0,0,0,0
2002,391264,1,1,0,0,0,0,0,0,0,0,0,0
2002,391264,2,1,0,0,0,0,0,0,0,0,0,0
2002,391264,3,1,0,0,0,0,0,0,0,0,0,0
2002,391265,1,1,0,0,0,0,0,17,0,0,0,0
2002,391266,1,1,22,22,22,22,22,22,22,22,22,22
2002,391266,2,1,0,0,0,0,0,0,0,0,0,0
2002,391267,1,1,0,0,0,0,0,0,0,0,0,0
2002,391267,2,1,0,0,0,0,0,0,0,0,0,0
2002,391268,1,1,0,0,0,0,0,0,0,0,0,0
2002,391268,2,1,0,0,0,0,0,0,0,0,0,0
2002,391269,1,1,21,21,21,21,21,21,21,21,21,21
2002,391269,2,1,0,0,0,0,0,0,0,0,0,0
2002,391270,1,1,0,0,0,0,0,0,0,0,0,0
2002,391270,2,1,0,0,0,0,0,0,0,0,0,0
2002,391270,3,1,25,0,0,0,0,0,0,0,0,0
2002,391270,4,1,0,0,0,0,0,0,0,0,0,0
2002,391271,1,1,0,0,0,0,0,0,0,0,0,0
2002,391271,2,1,0,0,0,0,0,0,0,0,0,0
2002,391272,1,1,0,0,0,0,0,0,0,0,0,0
2002,391273,1,1,0,0,0,0,0,0,0,0,0,0
2002,391273,2,1,3,0,0,0,0,0,0,0,11,0
2002,391274,0,1,0,0,0,0,0,0,0,0,0,0
2002,391274,1,1,29,0,0,0,0,0,0,0,0,0
2002,391275,1,1,0,32,19,0,7,5,0,9,16,0
2002,391276,1,1,0,0,0,0,0,0,0,0,0,0
2002,391277,1,1,16,16,16,16,16,16,16,16,16,16
2002,391278,1,1,0,0,0,0,19,0,0,20,0,0
2002,391279,1,1,0,0,0,0,0,0,0,0,0,0
2002,391279,2,1,0,0,0,0,0,0,0,0,0,0
2002,391280,1,1,12,0,0,14,13,0,0,0,26,26
2002,391280,2,1,0,17,0,21,0,0,0,0,0,0
2002,391281,0,1,17,17,17,17,17,17,17,17,17,17
2002,391281,1,1,0,0,0,0,0,0,0,0,0,0
2002,391282,1,1,4,4,4,4,4,4,4,4,4,4
2002,391282,2,1,0,0,0,0,0,0,0,0,0,0
2002,391284,1,1,27,27,27,27,27,27,27,27,27,27
2002,391285,0,1,0,22,0,0,0,0,0,0,0,0
2002,391285,1,1,19,19,19,19,19,19,19,19,19,19
2002,391286,1,1,19,30,16,23,5,0,15,26,27,15
2002,391287,1,1,16,8,12,0,23,15,15,15,17,23
2002,391288,1,1,11,0,0,0,0,0,0,0,0,0
2002,391290,1,1,18,18,18,18,18,18,18,18,18,18
2002,391291,1,1,0,0,0,0,0,0,10,0,0,0
2002,391292,1,1,0,0,0,0,0,0,0,0,0,0
2002,391292,2,1,0,0,0,13,0,0,0,0,0,0
2002,391293,1,1,0,0,0,0,0,0,0,0,0,0
2002,391294,1,1,0,0,0,0,0,0,0,0,0,0
2002,391294,2,1,0,0,0,0,0,0,0,0,0,0
2002,391295,1,1,0,0,0,0,0,0,0,0,0,0
2002,391295,2,1,0,0,0,0,0,0,0,0,0,0
2002,391296,1,1,0,0,0,0,0,0,0,0,0,0
2002,391297,1,1,20,20,20,20,20,20,20,20,20,20
2002,391298,1,1,14,14,14,14,14,14,14,14,14,14
2002,391299,1,1,0,0,0,0,0,0,0,0,0,0
2002,391299,2,1,0,0,0,0,0,0,12,10,0,0
2002,391299,3,1,0,0,0,0,0,0,0,0,0,0
2002,391301,1,1,0,0,0,0,0,0,0,0,0,0
2002,391302,1,1,0,0,0,0,0,0,0,0,0,0
2002,391302,2,1,16,16,16,16,16,16,16,16,16,16
2002,391303,1,1,4,4,4,4,4,4,4,4,4,4
2002,391304,1,1,0,0,0,0,0,0,0,0,0,0
2002,391304,2,1,0,0,0,0,0,0,0,0,0,0
2002,391304,3,1,0,0,0,0,0,0,0,0,0,0
2002,391305,1,1,0,0,0,0,0,0,0,0,0,0
2002,391305,2,1,0,0,0,0,0,0,0,0,0,0
2002,391306,1,1,0,0,0,0,0,0,0,0,0,0
2002,391307,1,1,7,7,7,7,7,7,7,7,7,7
2002,391308,1,1,0,0,0,0,0,0,0,0,0,0
2002,391308,2,1,0,0,0,0,0,0,0,0,0,0
2002,400001,1,1,7,9,0,0,0,0,0,0,21,0
2002,400001,2,1,0,0,0,0,0,0,0,0,0,20
2002,400001,3,1,0,0,0,0,0,0,0,0,0,0
2002,400002,1,1,0,0,0,0,0,0,0,0,0,0
2002,400003,1,1,0,0,0,0,0,0,0,0,0,0
2002,400003,2,1,0,0,0,0,0,0,0,0,0,0
2002,400004,1,1,0,0,0,0,0,0,0,0,0,0
2002,400005,1,1,0,0,0,0,0,0,0,0,0,0
2002,400006,1,1,0,0,0,0,0,0,0,0,0,0
2002,400006,2,1,0,0,20,0,0,0,0,0,0,0
2002,400006,3,1,2,2,2,2,2,2,2,2,2,2
2002,400007,1,1,16,16,16,16,16,16,16,16,16,16
2002,400008,1,1,0,0,0,0,0,0,0,0,0,0
2002,400009,1,1,0,0,0,0,0,0,0,0,0,0
2002,400010,1,1,0,0,0,0,0,0,0,0,0,0
2002,400011,1,1,0,0,0,0,0,0,0,0,0,0
2002,400011,2,1,0,0,0,0,0,0,0,0,0,0
2002,400012,1,1,0,19,0,0,0,0,0,0,0,0
2002,400012,2,1,0,0,0,0,0,0,0,0,0,0
2002,400013,1,1,0,0,0,0,0,0,0,0,0,0
2002,400014,0,1,0,0,0,0,0,0,0,0,0,0
2002,400014,1,1,0,0,0,0,0,0,0,0,19,0
2002,400015,1,1,0,0,0,0,0,0,0,0,0,0
2002,400015,2,1,0,0,0,0,0,0,0,0,0,0
2002,400016,1,1,0,0,0,0,0,0,0,0,0,0
2002,400016,2,1,0,0,0,0,0,0,0,0,0,0
2002,400017,1,1,9,9,9,9,9,9,9,9,9,9
2002,400018,0,1,0,0,0,0,0,0,0,0,0,0
2002,400018,1,1,0,0,0,0,0,0,0,0,0,0
2002,400019,1,1,0,0,0,0,0,0,0,0,0,0
2002,400019,2,1,0,0,0,0,0,0,0,0,0,0
2002,400020,1,1,0,0,0,0,0,0,0,0,0,0
2002,400022,1,1,0,0,0,0,0,0,0,0,0,0
2002,400022,2,1,0,0,0,0,0,0,0,0,0,0
2002,400023,1,1,0,0,0,0,0,0,0,0,0,0
2002,400023,2,1,0,0,0,0,0,0,0,0,0,0
2002,400023,3,1,0,0,0,0,0,0,0,0,0,0
2002,400024,1,1,0,0,0,0,0,0,0,0,0,0
2002,400024,2,1,0,0,0,0,0,0,0,0,0,0
2002,400025,1,1,0,0,0,0,0,0,0,0,0,0
2002,400025,2,1,0,0,0,0,0,0,0,0,0,0
2002,400026,1,1,9,23,10,3,9,5,14,13,6,34
2002,400026,2,1,0,0,0,0,0,0,12,0,0,21
2002,400027,1,1,0,0,0,0,0,0,0,0,0,0
2002,400027,2,1,0,0,0,0,0,0,0,0,0,0
2002,400028,1,1,0,0,0,0,0,0,0,0,0,0
2002,400029,1,1,0,0,0,0,0,0,0,0,0,0
2002,400030,1,1,0,0,0,0,0,0,0,0,0,0
2002,400031,1,1,0,0,0,0,10,0,20,0,0,0
2002,400032,1,1,0,0,0,0,0,0,0,0,0,0
2002,400033,1,1,15,15,15,15,15,15,15,15,15,15
2002,400034,1,1,1,1,1,1,1,1,1,1,1,1
2002,400035,1,1,0,0,0,0,0,0,0,0,0,0
2002,400035,2,1,0,0,0,0,0,0,0,0,0,0
2002,400036,1,1,0,0,0,0,0,0,0,0,0,0
2002,400036,2,1,0,0,0,0,0,0,0,0,0,0
2002,400037,1,1,0,0,0,0,0,0,0,0,0,0
2002,400037,2,1,0,0,0,0,0,0,0,0,0,0
2002,400038,0,1,0,0,0,0,0,0,0,0,0,0
2002,400038,1,1,0,0,0,0,0,0,0,0,0,0
2002,400039,0,2,0,0,7,0,0,21,24,9,0,0
2002,400039,0,3,11,18,0,0,14,0,5,0,11,11
2002,400039,0,4,0,10,0,0,0,0,0,21,16,16
2002,400039,1,1,0,0,0,8,0,0,0,0,0,0
2002,400040,1,1,0,0,0,0,0,0,0,0,0,0
2002,400040,2,1,15,0,0,0,0,0,0,0,12,0
2002,400041,0,1,0,0,0,0,0,0,0,0,0,0
2002,400041,1,1,0,0,0,0,0,0,0,0,0,0
2002,400042,1,1,0,0,0,0,0,0,0,0,0,0
2002,400043,1,1,0,0,0,0,0,0,0,0,0,0
2002,400043,2,1,0,0,0,0,0,0,0,0,0,0
2002,400044,1,1,0,0,0,0,0,0,0,0,0,0
2002,400044,2,1,0,0,0,0,0,0,0,0,0,0
2002,400045,1,1,25,21,30,13,20,24,12,12,26,16
2002,400045,2,1,0,0,0,0,0,12,0,0,0,0
2002,400046,0,1,24,24,24,24,24,24,24,24,24,24
2002,400046,1,1,0,0,0,0,0,0,0,0,0,13
2002,400047,1,1,0,0,0,0,0,0,0,0,0,0
2002,400047,2,1,10,19,13,0,0,0,21,0,0,0
2002,400048,1,1,7,7,7,7,7,7,7,7,7,7
2002,400048,2,1,0,0,0,11,0,0,0,0,0,0
2002,400049,1,1,0,0,0,19,0,0,0,12,0,0
2002,400050,1,1,16,0,0,0,0,0,0,0,0,0
2002,400050,2,1,0,0,0,0,0,0,0,0,0,0
2002,400051,1,1,0,0,0,0,0,0,0,0,0,0
2002,400052,0,1,0,0,0,0,0,0,0,0,0,0
2002,400052,1,1,0,0,0,0,16,0,0,0,0,0
2002,400053,1,1,0,0,0,0,0,0,0,0,0,0
2002,400053,2,1,24,0,0,14,0,0,0,16,15,18
2002,400054,1,1,0,0,0,0,0,0,0,0,0,0
2002,400054,2,1,0,0,0,0,0,0,0,0,0,0
2002,400055,1,1,0,0,0,0,0,0,0,0,0,0
2002,400056,0,1,0,0,0,0,0,0,0,0,0,0
2002,400056,1,1,0,0,0,0,0,0,0,0,0,0
2002,400056,2,1,0,5,0,0,16,8,0,13,0,0
2002,400056,3,1,0,0,31,0,0,13,0,0,0,0
2002,400058,1,1,16,16,16,16,16,16,16,16,16,16
2002,400058,2,1,0,0,0,0,0,0,0,0,0,0
2002,400059,1,1,16,16,16,16,16,16,16,16,16,16
2002,400060,1,1,0,0,0,0,0,0,0,0,0,0
2002,400060,2,1,0,0,0,0,0,0,0,0,0,0
2002,400060,3,1,0,0,0,0,0,0,0,0,0,0
2002,400060,4,1,0,0,0,0,0,0,0,0,0,0
2002,400061,1,1,0,0,0,0,0,0,0,0,0,0
2002,400062,1,1,13,21,9,10,13,3,16,24,16,17
2002,400063,1,1,10,10,10,10,10,10,10,10,10,10
2002,400064,1,1,0,0,0,0,0,0,0,0,0,0
2002,400065,1,1,17,17,17,17,17,17,17,17,17,17
2002,400066,1,1,11,0,0,18,0,6,7,32,30,3
2002,400067,1,1,0,0,0,0,0,0,0,0,0,0
2002,400067,2,1,0,0,0,0,0,0,0,0,0,0
2002,400068,1,1,20,20,20,20,20,20,20,20,20,20
2002,400070,1,1,0,0,0,7,0,0,0,0,0,0
2002,400071,1,1,0,0,0,0,0,0,0,0,0,0
2002,400071,2,1,0,0,0,0,0,0,0,0,0,0
2002,400071,3,1,0,0,0,0,0,0,0,0,0,0
2002,400072,1,1,0,0,0,10,0,0,0,0,0,0
2002,400072,2,1,0,0,0,0,0,0,0,0,0,0
2002,400073,1,1,23,24,0,7,13,18,6,10,9,6
2002,400073,2,1,0,0,0,0,0,0,0,0,0,0
2002,400073,3,1,0,0,0,0,0,0,0,0,0,0
2002,400074,1,1,0,0,0,0,0,0,0,0,0,0
2002,400075,1,1,0,0,5,0,10,23,6,0,10,0
2002,400076,1,1,0,0,0,24,0,20,13,9,17,0
2002,400077,1,1,0,0,0,0,0,0,0,0,0,0
2002,400078,1,1,15,0,0,19,0,0,10,0,0,0
2002,400078,2,1,14,14,14,14,14,14,14,14,14,14
2002,400078,3,1,0,0,0,0,0,0,0,0,0,0
2002,400079,1,1,0,0,0,0,0,0,0,0,0,0
2002,400079,2,1,18,0,0,0,0,0,0,0,0,0
2002,400080,1,1,0,0,0,0,0,0,0,0,0,0
2002,400081,1,1,6,23,15,30,11,9,4,13,19,24
2002,400081,2,1,0,0,0,0,0,0,0,0,0,0
2002,400082,1,1,0,0,29,0,0,0,5,0,0,0
2002,400082,2,1,0,0,0,0,0,0,0,0,0,0
2002,400083,1,1,0,0,0,0,0,0,0,0,0,0
2002,400083,2,1,0,0,0,0,0,0,0,0,0,0
2002,400083,3,1,0,0,0,0,0,0,0,0,0,2
2002,400084,1,1,0,0,0,0,0,0,0,0,0,0
2002,400084,2,1,0,0,0,0,0,0,0,0,0,0
2002,400084,3,1,0,0,0,0,0,0,0,0,0,0
2002,400085,1,1,17,17,17,17,17,17,17,17,17,17
2002,400086,1,1,0,0,0,0,0,0,0,0,0,0
2002,400087,1,1,0,0,0,0,0,0,0,0,0,0
2002,400087,2,1,0,0,0,0,0,0,0,0,0,0
2002,400087,3,1,0,0,0,0,0,0,0,0,0,0
2002,400088,1,1,23,11,23,24,21,22,19,29,15,12
2002,400089,1,1,0,0,0,0,0,0,0,0,0,0
2002,400089,2,1,0,0,0,0,0,0,0,0,0,0
2002,400090,1,1,0,0,0,0,0,6,4,4,17,0
2002,400091,1,1,0,0,0,0,0,0,0,0,0,0
2002,400091,2,1,0,0,0,0,0,0,0,0,0,0
2002,400092,0,1,0,0,0,0,0,0,0,0,0,0
2002,400092,1,1,0,0,0,0,0,0,0,0,0,0
2002,400093,1,1,0,0,0,0,0,0,0,0,0,0
2002,400093,2,1,0,1,0,0,0,0,0,0,19,16
2002,400094,1,1,23,23,23,23,23,23,23,23,23,23
2002,400095,1,1,22,22,22,22,22,22,22,22,22,22
2002,400096,0,1,25,14,20,0,34,20,24,36,27,6
2002,400096,1,1,0,22,19,15,0,17,15,25,0,31
2002,400097,1,1,0,0,0,0,0,0,0,0,0,0
2002,400098,1,1,0,0,0,0,0,0,0,0,0,0
2002,400099,1,1,0,0,0,0,0,0,0,0,0,0
2002,400100,1,1,10,29,0,0,22,0,16,0,7,7