YEAR,ST_CASE,veh_no,per_no,P1,P2,P3,P4,P5,P6,P7,P8,P9,P10
2002,400101,1,1,0,0,0,0,0,0,0,0,0,0
2002,400101,2,1,0,0,0,0,0,0,0,0,0,0
2002,400102,1,1,14,0,0,0,0,0,0,0,0,0
2002,400102,2,1,0,0,0,0,0,0,0,0,0,0
2002,400103,1,1,16,24,12,10,6,15,4,9,10,19
2002,400104,1,1,16,16,16,16,16,16,16,16,16,16
2002,400104,2,1,0,0,0,0,0,0,0,0,0,0
2002,400105,1,1,12,12,12,12,12,12,12,12,12,12
2002,400105,2,1,0,0,0,0,0,0,0,0,0,0
2002,400106,1,1,0,0,0,0,0,0,0,0,0,0
2002,400107,1,1,9,9,9,9,9,9,9,9,9,9
2002,400108,1,1,12,12,12,12,12,12,12,12,12,12
2002,400109,1,1,0,0,0,0,0,0,0,0,0,0
2002,400109,2,1,0,0,0,0,0,0,0,0,0,0
2002,400110,1,1,24,24,24,24,24,24,24,24,24,24
2002,400111,1,1,8,12,20,15,9,21,10,6,11,10
2002,400112,1,1,0,0,0,0,0,0,0,0,20,0
2002,400113,1,1,0,0,0,0,0,10,13,0,0,0
2002,400113,2,1,0,0,0,0,0,0,0,0,0,0
2002,400114,1,1,17,17,17,17,17,17,17,17,17,17
2002,400115,1,1,0,0,0,0,0,0,0,0,0,0
2002,400115,2,1,0,0,0,0,0,0,0,0,0,0
2002,400116,1,1,0,0,0,0,0,0,0,0,0,0
2002,400116,2,1,0,0,0,0,0,0,0,0,0,0
2002,400116,3,1,0,0,0,0,0,0,0,0,0,0
2002,400116,4,1,0,0,0,0,0,0,0,0,0,0
2002,400116,5,1,0,0,0,0,0,0,0,0,0,0
2002,400117,1,1,12,12,12,12,12,12,12,12,12,12
2002,400118,1,1,0,0,0,0,0,0,0,0,0,0
2002,400118,2,1,0,0,0,0,0,0,0,0,0,0
2002,400119,1,1,0,0,0,0,0,0,0,0,0,0
2002,400120,1,1,0,0,0,0,0,0,0,0,0,0
2002,400121,1,1,22,28,9,15,12,13,24,12,5,9
2002,400123,1,1,8,8,8,8,8,8,8,8,8,8
2002,400124,1,1,0,0,0,0,0,0,0,0,0,0
2002,400124,2,1,0,0,0,0,0,0,0,0,0,0
2002,400125,1,1,0,0,0,0,0,0,0,0,0,0
2002,400125,2,1,0,0,0,0,0,10,0,0,0,0
2002,400126,1,1,0,0,0,0,0,0,0,0,0,0
2002,400127,1,1,20,20,20,20,20,20,20,20,20,20
2002,400128,1,1,0,0,0,0,0,0,0,0,0,0
2002,400129,1,1,20,20,20,20,20,20,20,20,20,20
2002,400129,2,1,0,0,0,0,0,0,0,0,0,0
2002,400130,1,1,0,0,0,0,0,0,0,0,0,0
2002,400130,2,1,0,0,0,0,0,0,0,0,0,0
2002,400131,1,1,0,0,0,0,0,0,0,0,0,0
2002,400132,1,1,0,0,0,0,0,0,0,0,0,0
2002,400133,1,1,17,17,17,17,17,17,17,17,17,17
2002,400134,1,1,37,37,37,37,37,37,37,37,37,37
2002,400135,1,1,25,25,25,25,25,25,25,25,25,25
2002,400136,1,1,25,25,25,25,25,25,25,25,25,25
2002,400137,1,1,0,0,0,0,0,0,0,0,0,0
2002,400137,2,1,0,0,0,0,0,0,0,0,0,0
2002,400138,1,1,0,0,0,0,0,0,0,0,0,0
2002,400139,1,1,7,7,7,7,7,7,7,7,7,7
2002,400140,1,1,0,11,0,8,0,0,0,0,20,0
2002,400140,2,1,0,0,0,0,0,0,0,0,0,0
2002,400141,1,1,24,24,24,24,24,24,24,24,24,24
2002,400142,1,1,0,0,0,0,0,0,0,0,0,0
2002,400142,2,1,0,0,0,0,0,0,0,0,0,0
2002,400143,1,1,0,0,0,0,0,0,0,0,0,0
2002,400143,2,1,0,0,0,0,0,0,0,0,0,0
2002,400144,0,1,0,0,0,0,0,0,0,0,0,0
2002,400144,1,1,0,0,27,0,0,0,0,0,0,0
2002,400145,0,1,0,0,0,0,0,0,0,0,0,0
2002,400145,1,1,0,0,4,24,0,7,0,11,0,0
2002,400146,0,1,0,0,0,0,0,0,0,0,0,0
2002,400146,1,1,0,0,0,0,0,0,0,0,0,0
2002,400147,1,1,13,0,0,0,0,14,0,0,0,0
2002,400148,1,1,12,12,12,12,12,12,12,12,12,12
2002,400149,1,1,0,0,0,0,0,0,0,0,0,0
2002,400149,2,1,12,0,9,13,14,0,16,10,2,22
2002,400150,1,1,0,0,0,0,0,0,0,0,0,0
2002,400150,2,1,0,0,0,0,0,0,0,0,7,0
2002,400151,1,1,17,12,6,18,21,4,8,22,20,6
2002,400151,2,1,0,0,0,0,0,0,0,0,0,0
2002,400152,1,1,15,15,15,15,15,15,15,15,15,15
2002,400153,1,1,0,0,0,0,0,0,0,0,0,0
2002,400153,2,1,0,0,0,5,0,0,0,0,0,0
2002,400154,1,1,0,0,0,0,0,0,0,0,0,0
2002,400154,2,1,0,0,0,0,0,0,0,0,0,0
2002,400155,1,1,0,0,14,0,0,0,0,0,0,0
2002,400155,2,1,0,0,0,0,0,0,0,0,0,0
2002,400156,0,1,0,0,0,0,0,0,0,0,0,0
2002,400156,1,1,0,0,0,0,0,0,0,0,0,0
2002,400157,1,1,0,0,0,0,0,0,0,0,0,0
2002,400158,1,1,0,0,0,0,0,0,0,0,0,0
2002,400158,2,1,0,0,0,0,0,0,0,0,0,0
2002,400159,1,1,22,22,22,22,22,22,22,22,22,22
2002,400160,1,1,0,0,0,0,0,0,0,0,0,10
2002,400161,1,1,0,0,0,0,0,0,0,0,0,0
2002,400162,0,1,0,0,0,0,0,0,0,0,0,0
2002,400162,1,1,0,0,0,0,0,0,0,0,0,0
2002,400163,1,1,16,16,16,16,16,16,16,16,16,16
2002,400164,1,1,4,24,27,20,12,28,28,10,22,16
2002,400165,0,1,15,15,15,15,15,15,15,15,15,15
2002,400165,1,1,0,0,0,0,0,0,0,0,0,0
2002,400166,1,1,0,0,0,0,0,0,0,0,0,0
2002,400167,1,1,0,0,0,0,0,0,0,0,0,0
2002,400168,1,1,0,0,0,0,0,0,0,0,0,0
2002,400168,2,1,0,0,0,0,0,0,0,0,0,0
2002,400169,1,1,0,0,0,0,0,0,0,0,0,0
2002,400170,1,1,0,0,0,0,0,0,0,0,0,0
2002,400170,2,1,10,5,18,0,15,8,11,9,6,12
2002,400171,1,1,0,0,0,0,0,0,0,0,0,0
2002,400172,1,1,0,0,0,0,0,0,0,0,0,0
2002,400173,1,1,23,23,23,23,23,23,23,23,23,23
2002,400174,1,1,15,0,3,27,23,34,0,7,10,15
2002,400174,2,1,0,0,0,0,0,0,0,0,0,0
2002,400174,3,1,0,0,0,0,0,0,0,0,0,0
2002,400175,1,1,16,16,16,16,16,16,16,16,16,16
2002,400176,0,1,0,0,0,0,0,0,0,0,0,0
2002,400176,1,1,0,0,0,0,0,0,0,0,0,0
2002,400177,1,1,23,23,23,23,23,23,23,23,23,23
2002,400178,1,1,8,8,8,8,8,8,8,8,8,8
2002,400179,1,1,0,0,0,0,0,0,0,0,0,0
2002,400180,1,1,7,7,7,7,7,7,7,7,7,7
2002,400181,1,1,0,0,0,0,0,0,0,0,0,0
2002,400182,0,1,0,16,0,18,0,25,16,0,0,0
2002,400182,1,1,17,16,26,0,8,16,10,27,0,0
2002,400183,0,1,19,19,19,19,19,19,19,19,19,19
2002,400183,1,1,0,0,0,0,0,0,0,0,0,0
2002,400184,1,1,4,4,13,0,28,14,11,0,16,0
2002,400185,1,1,0,0,0,0,0,0,0,0,0,0
2002,400186,1,1,0,0,0,0,0,0,0,0,0,0
2002,400186,2,1,0,0,0,0,0,0,0,0,0,0
2002,400186,3,1,0,0,0,15,0,0,0,0,0,0
2002,400187,1,1,0,0,0,0,0,0,0,0,0,0
2002,400187,2,1,0,0,0,0,0,0,0,0,0,0
2002,400188,1,1,0,0,0,0,0,0,0,0,0,0
2002,400188,2,1,0,0,0,0,0,0,0,0,0,0
2002,400189,1,1,0,0,0,0,0,0,0,0,0,0
2002,400190,1,1,0,0,0,0,0,0,0,0,0,0
2002,400191,1,1,0,0,0,0,0,0,0,19,0,0
2002,400191,2,1,0,0,0,0,0,0,0,0,0,0
2002,400192,0,1,25,25,25,25,25,25,25,25,25,25
2002,400192,1,1,0,0,12,0,0,0,0,0,0,0
2002,400193,1,1,0,0,0,0,0,0,0,0,0,0
2002,400194,1,1,0,0,0,0,0,0,0,0,0,0
2002,400194,2,1,0,0,0,0,0,0,0,0,0,0
2002,400195,1,1,14,14,14,14,14,14,14,14,14,14
2002,400196,1,1,0,0,0,0,0,0,0,0,0,0
2002,400197,1,1,0,0,0,0,0,0,0,0,0,0
2002,400197,2,1,0,0,0,0,0,0,0,0,0,0
2002,400198,1,1,0,0,0,0,0,0,0,0,0,0
2002,400198,2,1,0,0,0,0,0,0,0,0,0,0
2002,400199,1,1,34,34,34,34,34,34,34,34,34,34
2002,400200,1,1,0,0,0,0,0,0,0,0,0,0
2002,400201,1,1,0,0,0,0,0,0,0,0,0,0
2002,400202,1,1,0,0,0,0,0,0,0,0,0,0
2002,400202,2,1,0,0,0,0,0,0,0,0,0,0
2002,400202,3,1,0,0,0,0,0,0,0,0,0,0
2002,400202,4,1,0,0,0,0,0,0,0,0,29,0
2002,400202,5,1,0,0,0,0,0,0,0,0,0,0
2002,400203,1,1,0,0,0,0,0,0,0,0,0,0
2002,400203,2,1,0,0,0,0,0,0,0,0,0,0
2002,400204,1,1,0,0,0,0,0,0,0,0,0,0
2002,400204,2,1,0,0,8,0,0,0,0,5,0,0
2002,400205,0,1,0,0,0,0,0,0,0,0,0,0
2002,400205,1,1,0,0,2,0,0,0,0,0,0,0
2002,400206,1,1,0,0,0,0,0,0,0,0,0,0
2002,400207,1,1,0,0,0,0,0,0,0,0,0,0
2002,400207,2,1,0,0,0,0,0,0,0,0,0,0
2002,400208,1,1,0,0,0,0,0,0,0,0,0,0
2002,400208,2,1,0,0,0,0,0,0,0,0,0,0
2002,400209,1,1,0,0,0,0,0,0,0,0,0,0
2002,400209,2,1,0,0,0,0,0,0,0,0,0,0
2002,400210,1,1,4,4,4,4,4,4,4,4,4,4
2002,400211,1,1,0,0,0,0,0,0,0,0,0,0
2002,400211,2,1,0,0,0,0,0,0,0,0,0,0
2002,400212,1,1,28,12,14,24,18,24,0,14,0,30
2002,400213,1,1,0,0,0,0,0,0,0,0,0,0
2002,400213,2,1,0,0,0,0,0,0,0,0,0,0
2002,400214,1,1,12,15,17,12,6,28,18,16,1,13
2002,400215,1,1,0,0,0,0,0,0,0,0,0,0
2002,400215,2,1,0,0,0,0,0,0,0,0,9,0
2002,400216,1,1,0,0,0,0,0,0,0,0,18,0
2002,400217,1,1,0,0,0,0,0,0,0,0,0,0
2002,400217,2,1,0,0,0,0,0,0,0,0,0,0
2002,400217,3,1,0,0,0,0,0,0,0,0,0,0
2002,400218,1,1,0,0,0,0,0,0,0,0,0,0
2002,400218,2,1,0,0,0,0,0,0,0,0,0,0
2002,400219,1,1,0,0,0,0,0,0,0,0,0,0
2002,400219,2,1,0,0,0,0,0,0,0,0,0,0
2002,400220,1,1,0,0,0,0,0,0,0,0,0,0
2002,400220,2,1,0,0,0,0,0,0,0,0,0,0
2002,400220,3,1,0,0,0,0,0,0,0,0,33,0
2002,400221,1,1,8,19,24,31,27,0,19,30,18,25
2002,400222,1,1,18,18,18,18,18,18,18,18,18,18
2002,400223,1,1,0,0,0,0,0,0,0,0,0,0
2002,400223,2,1,0,0,0,0,0,0,0,0,0,0
2002,400223,3,1,0,0,0,0,0,0,0,0,0,0
2002,400224,1,1,0,0,0,10,0,0,0,0,0,0
2002,400224,2,1,0,0,0,0,0,0,0,0,0,0
2002,400225,1,1,0,0,0,0,0,0,0,0,0,0
2002,400225,2,1,0,0,0,0,0,0,0,0,0,0
2002,400226,1,1,0,0,0,0,0,0,0,0,0,0
2002,400226,2,1,0,0,0,0,0,0,0,0,0,0
2002,400227,1,1,0,0,0,0,0,0,0,0,0,0
2002,400227,2,1,0,0,0,0,0,0,0,0,0,0
2002,400228,1,1,0,0,0,0,0,0,0,0,0,0
2002,400228,2,1,0,0,0,0,0,0,0,0,0,0
2002,400229,1,1,0,0,17,0,0,0,0,0,0,0
2002,400229,2,1,0,0,0,0,0,0,0,0,0,0
2002,400230,1,1,10,10,10,10,10,10,10,10,10,10
2002,400231,1,1,0,0,0,0,0,0,0,0,0,0
2002,400231,2,1,0,0,0,0,0,0,0,0,0,0
2002,400232,1,1,0,0,0,0,0,0,0,0,0,0
2002,400232,2,1,0,0,0,0,0,0,0,0,0,0
2002,400233,1,1,21,21,21,21,21,21,21,21,21,21
2002,400234,1,1,0,0,0,0,0,0,0,0,0,0
2002,400235,1,1,18,18,18,18,18,18,18,18,18,18
2002,400236,1,1,0,0,0,0,0,0,0,0,0,0
2002,400237,1,1,0,0,0,0,0,0,0,0,0,0
2002,400237,2,1,7,0,0,11,0,0,0,0,0,0
2002,400238,1,1,20,20,20,20,20,20,20,20,20,20
2002,400239,1,1,24,24,24,24,24,24,24,24,24,24
2002,400239,2,1,0,0,0,0,0,0,0,0,0,0
2002,400240,1,1,0,0,0,0,0,0,0,0,0,0
2002,400240,2,1,0,0,0,0,0,0,0,0,0,0
2002,400241,1,1,0,0,0,0,0,0,0,0,0,0
2002,400241,2,1,0,0,0,0,0,0,0,0,0,0
2002,400241,3,1,0,0,0,0,0,0,0,0,0,0
2002,400242,1,1,5,5,5,5,5,5,5,5,5,5
2002,400243,0,1,25,25,25,25,25,25,25,25,25,25
2002,400243,0,2,31,31,31,31,31,31,31,31,31,31
2002,400243,1,1,0,0,0,0,0,0,0,0,12,0
2002,400244,1,1,0,9,0,0,0,20,0,0,17,13
2002,400245,1,1,0,0,0,0,0,0,0,0,0,0
2002,400245,2,1,0,0,0,0,0,0,0,0,0,0
2002,400245,3,1,0,0,0,0,0,0,0,0,0,0
2002,400246,1,1,19,19,19,19,19,19,19,19,19,19
2002,400247,1,1,34,25,18,18,8,11,30,12,26,28
2002,400248,1,1,0,0,0,0,0,0,0,0,0,0
2002,400248,2,1,0,0,0,0,0,0,0,0,0,0
2002,400249,1,1,0,0,0,0,0,0,0,0,0,0
2002,400249,2,1,0,0,0,0,0,0,0,0,0,0
2002,400250,1,1,0,0,0,0,0,0,0,0,0,0
2002,400250,2,1,0,0,0,0,8,0,0,0,0,0
2002,400251,1,1,0,0,0,0,0,0,0,0,0,0
2002,400251,2,1,0,0,0,0,0,0,0,0,0,0
2002,400252,1,1,0,0,0,0,0,0,0,0,0,0
2002,400252,2,1,16,0,0,0,0,0,6,0,0,0
2002,400253,1,1,0,0,0,0,0,0,0,0,0,0
2002,400254,1,1,0,0,0,0,0,0,0,0,0,0
2002,400254,2,1,0,0,0,0,0,0,0,0,0,0
2002,400255,1,1,0,0,0,0,0,0,0,0,0,0
2002,400255,2,1,0,0,0,0,0,0,0,0,0,0
2002,400255,3,1,0,0,0,0,0,0,0,0,13,0
2002,400256,1,1,0,0,0,0,0,0,0,0,0,0
2002,400256,2,1,0,0,0,0,0,0,0,0,0,0
2002,400257,1,1,0,0,0,0,0,0,0,0,0,0
2002,400258,1,1,21,21,21,21,21,21,21,21,21,21
2002,400259,1,1,0,0,0,0,0,0,0,0,0,0
2002,400259,2,1,0,0,0,0,0,0,0,0,0,0
2002,400260,1,1,0,0,0,0,0,0,0,0,0,0
2002,400260,2,1,0,0,0,0,0,0,0,0,0,0
2002,400261,1,1,0,0,0,0,0,0,0,0,0,0
2002,400261,2,1,0,0,0,0,0,0,0,0,16,0
2002,400261,3,1,0,0,0,0,0,0,0,0,0,0
2002,400261,4,1,0,0,0,0,0,12,0,0,0,0
2002,400262,0,1,0,0,0,0,0,0,0,0,0,0
2002,400262,1,1,0,0,0,0,0,0,0,0,0,0
2002,400262,2,1,0,0,0,0,0,0,0,0,0,0
2002,400263,1,1,21,21,21,21,21,21,21,21,21,21
2002,400264,1,1,13,5,19,0,23,8,7,21,3,8
2002,400264,2,1,25,25,25,25,25,25,25,25,25,25
2002,400264,3,1,0,0,0,0,0,0,0,0,0,0
2002,400265,1,1,0,0,0,0,0,0,0,0,0,0
2002,400266,1,1,0,0,0,21,0,14,0,0,0,0
2002,400266,2,1,0,0,0,0,0,0,0,0,0,0
2002,400267,1,1,0,16,15,0,16,7,0,23,0,0
2002,400267,2,1,0,0,0,0,0,0,0,0,0,0
2002,400268,1,1,0,0,0,0,0,0,0,0,0,0
2002,400269,1,1,0,0,0,0,0,0,0,0,0,0
2002,400269,2,1,0,14,0,0,0,0,0,0,0,0
2002,400270,1,1,0,0,0,0,0,0,0,0,0,0
2002,400270,2,1,0,0,0,0,0,0,0,0,0,0
2002,400271,1,1,0,0,0,0,0,0,0,0,0,0
2002,400271,2,1,0,0,0,0,0,0,0,0,0,0
2002,400272,1,1,0,0,0,0,0,0,22,0,0,0
2002,400272,2,1,0,0,0,0,0,0,0,0,0,0
2002,400273,0,1,19,19,19,19,19,19,19,19,19,19
2002,400273,1,1,7,17,12,9,12,9,21,8,14,3
2002,400274,1,1,17,17,17,17,17,17,17,17,17,17
2002,400275,1,1,9,9,9,9,9,9,9,9,9,9
2002,400276,0,1,14,14,14,14,14,14,14,14,14,14
2002,400276,1,1,0,0,0,0,0,0,0,0,0,0
2002,400277,1,1,11,0,0,0,0,0,0,0,0,0
2002,400277,2,1,0,0,0,0,0,0,0,0,0,0
2002,400278,1,1,0,0,0,0,0,0,0,0,0,0
2002,400278,2,1,0,0,0,0,0,0,0,0,0,0
2002,400279,1,1,13,13,13,13,13,13,13,13,13,13
2002,400280,1,1,11,0,4,0,0,26,0,0,0,5
2002,400281,1,1,0,0,0,0,0,0,0,0,0,0
2002,400282,1,1,0,9,0,0,16,22,15,0,0,0
2002,400283,1,1,5,6,15,15,19,16,19,7,11,10
2002,400283,2,1,0,0,0,0,0,0,0,0,0,0
2002,400283,3,1,0,0,0,0,0,0,0,0,0,0
2002,400284,1,1,9,9,9,9,9,9,9,9,9,9
2002,400285,1,1,0,0,0,0,0,0,0,0,0,0
2002,400285,2,1,0,0,0,0,0,0,0,0,0,17
2002,400286,1,1,0,0,0,0,0,0,0,0,0,0
2002,400286,2,1,0,0,0,0,0,0,0,0,0,0
2002,400287,1,1,26,26,26,26,26,26,26,26,26,26
2002,400288,1,1,0,0,0,0,0,0,0,0,0,0
2002,400289,1,1,15,15,15,15,15,15,15,15,15,15
2002,400290,1,1,0,0,0,0,0,0,0,0,0,0
2002,400290,2,1,0,0,0,0,0,0,0,0,0,0
2002,400291,1,1,22,22,22,22,22,22,22,22,22,22
2002,400292,1,1,0,0,0,0,0,0,0,0,0,0
2002,400292,2,1,0,0,0,0,0,0,0,0,0,0
2002,400292,3,1,0,0,0,0,0,0,0,0,0,0
2002,400293,1,1,11,11,11,11,11,11,11,11,11,11
2002,400294,1,1,0,0,0,0,0,0,0,0,0,0
2002,400294,2,1,0,0,0,0,0,0,0,0,0,0
2002,400295,1,1,0,0,0,0,0,0,0,0,0,0
2002,400296,1,1,28,28,28,28,28,28,28,28,28,28
2002,400297,1,1,0,0,0,0,0,0,0,0,5,0
2002,400298,0,1,0,0,0,0,0,0,0,0,0,0
2002,400298,1,1,0,0,0,0,0,0,0,19,0,22
2002,400299,1,1,0,0,0,0,22,0,0,0,0,0
2002,400300,0,1,0,0,0,0,0,0,0,0,0,0
2002,400300,1,1,7,0,0,0,0,0,0,0,0,0
2002,400301,1,1,2,10,6,11,25,10,9,17,16,16
2002,400302,1,1,8,8,8,8,8,8,8,8,8,8
2002,400302,2,1,0,9,0,0,0,0,0,0,0,0
2002,400303,1,1,0,0,0,0,0,0,0,0,0,0
2002,400304,1,1,6,6,6,6,6,6,6,6,6,6
2002,400305,1,1,0,0,0,0,0,0,0,0,0,0
2002,400306,1,1,0,0,0,0,0,0,0,0,0,0
2002,400306,2,1,0,0,0,0,0,0,0,0,0,0
2002,400307,1,1,13,13,13,13,13,13,13,13,13,13
2002,400308,1,1,0,0,0,0,0,0,0,0,0,0
2002,400309,1,1,0,0,0,0,0,0,0,0,0,0
2002,400310,1,1,10,0,0,7,0,32,0,0,0,0
2002,400311,1,1,24,14,8,24,18,16,12,14,15,27
2002,400312,0,1,30,30,30,30,30,30,30,30,30,30
2002,400312,1,1,0,0,0,0,0,0,0,0,0,0
2002,400313,1,1,0,0,0,0,0,0,0,0,0,0
2002,400313,2,1,0,0,0,0,0,0,0,0,0,0
2002,400314,1,1,0,0,0,0,0,0,0,0,0,0
2002,400314,2,1,0,0,0,0,0,0,0,0,0,0
2002,400315,1,1,0,0,0,0,0,0,8,0,0,0
2002,400315,2,1,0,0,0,0,0,0,0,0,0,0
2002,400316,1,1,0,0,0,0,0,0,0,0,0,0
2002,400317,1,1,0,0,0,0,0,0,0,0,0,0
2002,400317,2,1,0,0,0,0,0,0,0,0,0,0
2002,400318,0,1,0,0,0,0,0,0,0,0,0,0
2002,400318,1,1,0,0,0,0,0,0,0,0,0,0
2002,400319,1,1,0,0,0,0,0,0,0,0,0,0
2002,400320,1,1,4,3,7,0,8,0,6,6,0,0
2002,400321,1,1,0,0,0,0,0,0,0,0,0,0
2002,400322,1,1,0,0,0,0,0,0,0,0,0,0
2002,400323,0,1,22,22,22,22,22,22,22,22,22,22
2002,400323,1,1,0,0,0,0,0,0,0,0,0,0
2002,400324,1,1,0,0,0,4,7,0,0,13,0,0
2002,400324,2,1,0,0,0,0,0,0,0,0,0,0
2002,400325,1,1,0,0,0,0,0,0,0,0,0,0
2002,400326,1,1,0,0,0,0,0,0,0,0,0,0
2002,400326,2,1,0,0,0,0,0,0,0,0,0,0
2002,400326,3,1,0,0,0,0,0,0,0,0,0,0
2002,400326,4,1,0,0,0,0,0,0,0,0,0,0
2002,400327,1,1,0,0,0,0,0,0,0,0,0,0
2002,400327,2,1,0,0,0,0,0,0,0,0,0,0
2002,400328,1,1,26,26,26,26,26,26,26,26,26,26
2002,400329,1,1,0,0,0,0,0,0,0,0,0,0
2002,400329,2,1,0,0,0,0,0,0,0,0,0,0
2002,400330,1,1,0,0,0,0,0,0,0,0,0,0
2002,400330,2,1,0,0,0,0,0,0,0,0,12,0
2002,400331,1,1,13,28,9,0,0,0,0,0,0,0
2002,400332,1,1,6,19,13,12,9,8,5,26,22,12
2002,400332,2,1,0,0,0,0,0,0,0,0,0,0
2002,400333,1,1,18,18,18,18,18,18,18,18,18,18
2002,400333,2,1,0,0,0,0,0,0,0,0,0,0
2002,400334,1,1,26,13,15,0,22,27,13,26,30,19
2002,400334,2,1,0,0,0,0,0,0,0,0,0,0
2002,400335,1,1,0,0,0,0,0,0,0,0,0,0
2002,400336,1,1,0,0,0,0,0,0,0,0,0,0
2002,400336,2,1,0,0,0,0,0,0,0,0,0,0
2002,400337,1,1,0,0,0,0,0,0,0,0,0,0
2002,400337,2,1,0,0,0,0,0,0,0,0,0,0
2002,400338,1,1,20,20,20,20,20,20,20,20,20,20
2002,400339,1,1,4,4,4,4,4,4,4,4,4,4
2002,400340,1,1,29,29,29,29,29,29,29,29,29,29
2002,400341,1,1,15,15,15,15,15,15,15,15,15,15
2002,400342,1,1,0,13,0,23,23,8,0,21,11,11
2002,400343,1,1,0,0,0,0,0,0,0,0,0,0
2002,400344,1,1,0,0,0,0,0,0,0,0,0,0
2002,400344,2,1,0,0,0,0,0,0,0,0,0,0
2002,400344,3,1,0,0,0,0,0,0,0,0,0,0
2002,400345,1,1,8,21,10,21,6,22,5,16,9,28
2002,400345,2,1,10,12,37,5,12,7,5,14,31,7
2002,400346,1,1,12,11,19,7,4,12,0,7,26,6
2002,400347,1,1,11,11,11,11,11,11,11,11,11,11
2002,400347,2,1,0,0,0,0,0,0,0,0,0,0
2002,400348,1,1,0,0,0,0,0,0,0,0,0,0
2002,400348,2,1,0,0,0,0,0,0,0,0,0,0
2002,400349,1,1,12,0,20,15,15,22,0,0,17,0
2002,400350,1,1,0,0,0,0,0,0,0,0,0,0
2002,400350,2,1,0,0,0,0,0,0,0,0,0,0
2002,400351,1,1,20,20,20,20,20,20,20,20,20,20
2002,400352,1,1,0,0,0,0,0,0,0,0,0,0
2002,400352,2,1,0,0,0,0,0,0,0,0,0,0
2002,400353,1,1,7,7,7,7,7,7,7,7,7,7
2002,400353,2,1,9,0,0,0,0,0,0,0,0,0
2002,400354,1,1,2,2,2,2,2,2,2,2,2,2
2002,400354,2,1,0,0,0,0,0,0,0,0,0,0
2002,400355,1,1,24,0,0,0,0,0,0,0,0,0
2002,400356,1,1,0,0,0,0,0,0,0,0,0,0
2002,400357,1,1,0,0,0,0,0,0,0,0,0,0
2002,400357,2,1,0,0,0,0,0,0,0,0,0,0
2002,400358,1,1,0,0,0,0,0,0,0,0,0,0
2002,400359,1,1,23,23,23,23,23,23,23,23,23,23
2002,400360,1,1,0,0,0,0,0,0,0,0,0,0
2002,400361,1,1,0,0,0,0,0,0,0,0,0,0
2002,400362,1,1,0,0,0,0,0,0,0,0,0,0
2002,400362,2,1,10,10,10,10,10,10,10,10,10,10
2002,400363,1,1,15,15,15,15,15,15,15,15,15,15
2002,400364,1,1,16,16,16,16,16,16,16,16,16,16
2002,400365,1,1,0,0,0,0,0,0,0,0,0,0
2002,400366,1,1,0,0,0,0,0,0,0,0,0,0
2002,400367,1,1,0,0,0,0,0,0,0,0,0,0
2002,400368,1,1,0,0,0,0,0,0,0,0,0,0
2002,400368,2,1,0,0,0,0,0,0,0,0,0,0
2002,400369,1,1,0,0,0,0,0,0,0,0,0,0
2002,400370,1,1,0,21,0,0,0,0,0,0,0,0
2002,400371,1,1,0,0,0,0,0,0,0,0,0,0
2002,400371,2,1,0,0,0,0,0,0,0,0,0,0
2002,400372,1,1,0,12,0,0,19,0,0,0,16,0
2002,400372,2,1,0,31,0,0,0,0,0,0,0,0
2002,400373,1,1,11,13,29,18,21,0,19,12,14,21
2002,400374,1,1,13,13,13,13,13,13,13,13,13,13
2002,400375,1,1,30,30,30,30,30,30,30,30,30,30
2002,400376,1,1,4,13,11,9,0,0,0,0,0,0
2002,400377,1,1,0,0,0,0,0,0,0,0,0,0
2002,400378,1,1,7,7,7,7,7,7,7,7,7,7
2002,400379,1,1,0,0,0,0,0,0,0,0,0,0
2002,400379,2,1,0,0,0,0,0,0,0,0,0,0
2002,400380,1,1,0,0,0,0,0,0,0,0,0,0
2002,400380,2,1,0,0,0,0,0,0,0,0,0,0
2002,400380,3,1,0,0,0,0,0,0,0,0,0,0
2002,400381,1,1,0,0,0,0,0,0,0,0,0,0
2002,400382,1,1,21,21,21,21,21,21,21,21,21,21
2002,400383,1,1,31,17,24,5,14,11,22,13,8,8
2002,400384,1,1,0,0,0,15,0,0,20,14,0,0
2002,400385,1,1,0,0,0,0,0,0,0,0,0,0
2002,400385,2,1,0,0,0,0,0,0,16,0,0,0
2002,400386,1,1,0,0,0,0,0,0,0,0,0,0
2002,400387,1,1,4,0,31,10,0,5,11,5,14,28
2002,400387,2,1,0,0,0,0,0,0,0,0,0,0
2002,400388,0,1,0,0,0,0,0,0,0,0,0,0
2002,400388,0,2,0,19,5,25,29,42,4,29,19,21
2002,400388,1,1,0,17,16,19,16,2,25,26,21,28
2002,400389,1,1,0,0,0,0,0,0,0,0,0,0
2002,400389,2,1,0,0,0,0,0,0,0,0,0,0
2002,400390,0,1,27,27,27,27,27,27,27,27,27,27
2002,400390,1,1,0,0,0,0,0,0,0,0,0,0
2002,400391,1,1,0,0,0,0,0,0,0,0,0,0
2002,400391,2,1,0,0,0,0,0,0,0,0,0,0
2002,400391,3,1,0,0,4,0,0,0,0,0,9,0
2002,400392,0,1,0,0,0,0,0,0,0,0,0,0
2002,400392,1,1,0,0,0,0,0,0,0,0,0,0