YEAR,ST_CASE,veh_no,per_no,P1,P2,P3,P4,P5,P6,P7,P8,P9,P10
2002,410026,1,1,0,0,0,0,0,0,0,0,0,0
2002,410027,0,1,0,0,0,0,0,0,0,0,0,0
2002,410027,1,1,0,0,0,0,0,0,0,0,0,0
2002,410028,0,1,33,33,33,33,33,33,33,33,33,33
2002,410028,1,1,0,0,0,0,0,0,0,0,0,0
2002,410029,1,1,0,0,0,0,0,0,0,0,6,0
2002,410030,1,1,27,27,27,27,27,27,27,27,27,27
2002,410031,1,1,0,0,0,0,0,0,0,0,0,0
2002,410031,2,1,0,0,0,0,0,0,0,0,0,0
2002,410032,1,1,0,0,0,0,0,0,0,0,0,0
2002,410032,2,1,0,0,0,0,0,0,0,0,0,0
2002,410033,1,1,27,27,27,27,27,27,27,27,27,27
2002,410034,1,1,0,26,10,4,11,0,0,0,20,24
2002,410035,1,1,0,0,0,0,0,0,0,0,0,0
2002,410035,2,1,0,0,0,0,0,0,0,0,0,0
2002,410036,1,1,0,0,0,0,0,0,0,0,0,0
2002,410036,2,1,0,0,0,0,0,0,0,0,0,0
2002,410037,0,1,0,0,0,0,0,0,0,0,0,0
2002,410037,1,1,0,0,0,0,0,0,0,0,0,0
2002,410038,1,1,0,0,0,0,0,0,0,0,0,0
2002,410038,2,1,0,0,0,0,0,0,0,0,0,0
2002,410039,1,1,0,0,0,0,0,0,0,0,0,0
2002,410040,1,1,0,0,0,0,0,0,0,0,0,0
2002,410040,2,1,0,0,0,0,0,0,0,0,0,0
2002,410040,3,1,0,0,0,0,0,0,0,0,0,0
2002,410041,0,1,27,27,27,27,27,27,27,27,27,27
2002,410041,1,1,0,0,0,0,0,0,0,0,0,0
2002,410042,1,1,25,25,25,25,25,25,25,25,25,25
2002,410042,2,1,0,0,0,0,0,0,0,0,0,0
2002,410043,1,1,24,24,24,24,24,24,24,24,24,24
2002,410043,2,1,0,0,0,0,0,0,0,0,0,0
2002,410044,1,1,0,0,0,0,0,0,0,0,0,0
2002,410045,1,1,27,27,27,27,27,27,27,27,27,27
2002,410046,1,1,0,0,0,0,0,0,0,0,0,0
2002,410047,1,1,0,0,0,0,0,0,0,0,0,0
2002,410047,2,1,0,0,0,0,0,0,0,0,0,0
2002,410048,1,1,22,22,22,22,22,22,22,22,22,22
2002,410048,2,1,0,0,0,0,0,0,0,0,0,0
2002,410049,1,1,0,0,0,0,0,0,0,0,0,0
2002,410049,2,1,0,0,0,0,0,0,0,0,0,0
2002,410050,1,1,0,0,0,0,0,0,0,9,0,0
2002,410050,2,1,0,0,0,0,0,0,0,0,0,0
2002,410051,1,1,16,16,16,16,16,16,16,16,16,16
2002,410051,2,1,0,13,0,0,0,0,0,0,0,0
2002,410052,1,1,0,0,0,0,0,0,0,0,0,0
2002,410052,2,1,0,0,0,0,0,0,0,0,0,0
2002,410052,3,1,0,0,0,0,0,0,0,0,0,0
2002,410053,1,1,8,8,8,8,8,8,8,8,8,8
2002,410054,1,1,0,0,0,0,0,0,0,0,0,0
2002,410055,0,1,0,0,0,0,0,0,0,0,0,0
2002,410055,1,1,0,0,0,0,0,0,0,0,0,0
2002,410056,1,1,0,0,0,0,0,0,0,0,0,0
2002,410056,2,1,10,10,10,10,10,10,10,10,10,10
2002,410056,3,1,0,0,0,0,0,0,0,0,0,0
2002,410056,4,1,0,0,0,0,0,0,0,0,0,0
2002,410057,0,1,0,0,10,0,0,0,0,0,0,11
2002,410057,1,1,0,0,0,0,0,0,24,0,0,0
2002,410058,1,1,0,0,0,0,0,0,0,0,0,0
2002,410059,1,1,30,30,30,30,30,30,30,30,30,30
2002,410059,2,1,0,0,0,0,0,0,0,0,0,0
2002,410060,1,1,0,0,0,0,0,0,0,0,0,0
2002,410060,2,1,0,0,0,0,0,0,0,0,0,0
2002,410061,1,1,18,18,18,18,18,18,18,18,18,18
2002,410062,1,1,0,0,0,0,0,0,0,0,0,0
2002,410062,2,1,0,0,0,0,0,0,0,0,0,0
2002,410063,1,1,0,0,0,0,0,0,0,0,0,0
2002,410063,2,1,0,0,0,0,0,0,0,0,0,0
2002,410064,1,1,23,23,23,23,23,23,23,23,23,23
2002,410064,2,1,0,0,0,0,0,0,0,0,0,0
2002,410065,1,1,0,0,0,0,0,0,0,0,0,0
2002,410065,2,1,0,0,0,0,0,0,0,0,0,0
2002,410066,1,1,0,0,0,0,0,0,0,0,0,0
2002,410066,2,1,0,0,0,0,0,0,0,0,0,0
2002,410067,1,1,26,26,26,26,26,26,26,26,26,26
2002,410068,1,1,6,6,6,6,6,6,6,6,6,6
2002,410069,1,1,0,17,0,0,0,0,0,0,0,0
2002,410070,1,1,5,5,5,5,5,5,5,5,5,5
2002,410071,0,1,0,0,0,0,0,0,0,0,0,0
2002,410071,1,1,0,0,0,0,0,0,0,0,0,0
2002,410072,0,1,0,0,0,0,0,0,0,0,0,0
2002,410072,1,1,0,0,0,0,0,0,0,0,0,0
2002,410073,1,1,19,19,19,19,19,19,19,19,19,19
2002,410074,1,1,16,16,16,16,16,16,16,16,16,16
2002,410075,1,1,22,22,22,22,22,22,22,22,22,22
2002,410076,1,1,0,0,0,0,0,0,0,0,0,0
2002,410077,1,1,0,0,0,0,0,0,0,0,0,0
2002,410077,2,1,0,0,0,0,0,0,0,0,0,0
2002,410078,1,1,0,0,0,0,0,0,0,0,0,0
2002,410079,1,1,0,0,0,0,0,0,0,0,0,0
2002,410080,1,1,0,0,0,0,0,0,0,0,0,0
2002,410080,2,1,0,0,0,0,0,0,0,0,0,0
2002,410081,1,1,0,0,0,0,0,0,0,0,0,0
2002,410082,1,1,11,11,11,11,11,11,11,11,11,11
2002,410082,2,1,9,9,9,9,9,9,9,9,9,9
2002,410083,0,1,0,0,0,0,0,0,0,0,0,0
2002,410083,1,1,0,0,0,0,0,0,0,0,0,0
2002,410084,1,1,13,0,7,0,0,0,0,7,11,0
2002,410085,1,1,15,15,15,15,15,15,15,15,15,15
2002,410086,1,1,0,0,0,0,0,0,0,0,0,0
2002,410087,1,1,20,20,20,20,20,20,20,20,20,20
2002,410088,1,1,13,7,0,0,0,0,0,31,0,0
2002,410089,1,1,19,19,19,19,19,19,19,19,19,19
2002,410090,1,1,0,0,0,0,0,0,0,0,0,0
2002,410090,2,1,0,0,0,0,0,0,0,0,0,0
2002,410091,1,1,0,0,0,0,0,0,0,0,0,0
2002,410091,2,1,0,0,0,0,0,0,0,0,0,0
2002,410092,1,1,0,0,0,0,0,0,0,0,0,0
2002,410093,1,1,15,0,17,20,32,26,0,36,12,13
2002,410094,1,1,0,0,0,0,0,0,0,0,0,0
2002,410094,2,1,0,0,0,0,0,0,0,0,0,0
2002,410095,1,1,22,22,22,22,22,22,22,22,22,22
2002,410096,1,1,20,20,20,20,20,20,20,20,20,20
2002,410096,2,1,0,0,0,0,0,0,10,0,0,0
2002,410097,0,1,0,0,0,0,0,0,0,0,0,0
2002,410097,1,1,2,2,2,2,2,2,2,2,2,2
2002,410098,1,1,34,34,34,34,34,34,34,34,34,34
2002,410099,1,1,0,0,0,0,0,0,0,0,0,0
2002,410099,2,1,0,0,0,0,0,0,0,0,0,0
2002,410100,1,1,0,0,0,0,0,0,0,0,0,0
2002,410101,0,1,20,20,20,20,20,20,20,20,20,20
2002,410101,1,1,0,0,0,0,0,0,0,0,0,0
2002,410102,1,1,5,5,5,5,5,5,5,5,5,5
2002,410102,2,1,0,0,0,0,0,0,0,17,0,0
2002,410103,0,1,0,22,12,22,0,0,17,11,0,0
2002,410103,1,1,0,0,0,0,0,0,0,0,0,0
2002,410104,1,1,13,13,13,13,13,13,13,13,13,13
2002,410104,2,1,0,0,0,0,0,0,0,0,0,0
2002,410105,1,1,26,26,26,26,26,26,26,26,26,26
2002,410106,1,1,17,17,17,17,17,17,17,17,17,17
2002,410107,1,1,21,21,21,21,21,21,21,21,21,21
2002,410107,2,1,0,0,0,0,0,0,0,0,0,0
2002,410108,1,1,22,22,22,22,22,22,22,22,22,22
2002,410109,1,1,0,0,0,0,0,0,0,0,0,0
2002,410110,1,1,0,0,0,0,0,0,0,0,0,0
2002,410111,0,1,7,7,7,7,7,7,7,7,7,7
2002,410111,1,1,0,0,0,0,0,0,0,0,0,0
2002,410112,1,1,0,0,0,0,0,0,0,0,0,0
2002,410113,1,1,0,0,0,0,0,0,0,0,0,0
2002,410113,2,1,0,0,0,0,0,0,0,0,0,0
2002,410114,0,1,35,35,35,35,35,35,35,35,35,35
2002,410114,1,1,0,0,0,0,0,0,0,0,0,0
2002,410115,1,1,7,0,0,10,11,19,0,0,0,0
2002,410116,1,1,18,18,18,18,18,18,18,18,18,18
2002,410117,0,1,0,0,0,0,0,0,0,0,0,0
2002,410117,1,1,9,0,0,0,0,0,0,0,10,0
2002,410118,1,1,0,0,0,0,0,0,0,0,0,0
2002,410118,2,1,0,0,0,0,0,0,0,0,0,0
2002,410119,1,1,0,0,0,0,0,0,0,0,0,0
2002,410119,2,1,0,0,0,0,0,0,0,0,0,0
2002,410120,1,1,0,0,0,0,0,0,0,0,0,0
2002,410121,0,1,10,10,10,10,10,10,10,10,10,10
2002,410121,1,1,0,0,0,0,0,0,0,0,0,0
2002,410122,1,1,0,0,0,0,0,0,0,0,0,0
2002,410123,1,1,0,0,0,0,0,0,0,0,0,0
2002,410123,2,1,0,0,0,0,0,0,0,0,0,0
2002,410124,1,1,1,1,1,1,1,1,1,1,1,1
2002,410124,2,1,0,0,0,0,0,0,0,0,0,0
2002,410125,1,1,0,0,0,0,0,0,0,0,0,0
2002,410126,1,1,18,18,18,18,18,18,18,18,18,18
2002,410128,1,1,25,0,26,0,0,0,0,0,0,0
2002,410129,1,1,0,0,0,0,0,0,0,0,0,0
2002,410129,2,1,0,0,0,0,0,0,0,0,0,0
2002,410131,1,1,0,0,0,0,0,0,0,0,0,0
2002,410131,2,1,0,0,0,0,0,0,0,0,0,0
2002,410132,1,1,0,0,0,0,0,0,0,0,0,0
2002,410133,1,1,16,0,17,0,24,0,0,0,9,16
2002,410134,0,1,0,0,0,0,0,0,0,0,0,0
2002,410134,1,1,0,0,0,0,0,0,0,0,0,0
2002,410135,1,1,23,23,23,23,23,23,23,23,23,23
2002,410136,1,1,0,0,0,0,0,0,0,0,0,0
2002,410136,2,1,0,0,0,0,0,0,0,0,0,0
2002,410137,1,1,0,0,0,0,0,0,0,0,0,0
2002,410137,2,1,0,0,0,0,0,0,0,0,0,0
2002,410138,1,1,0,0,0,0,0,0,0,0,0,0
2002,410138,2,1,23,23,23,23,23,23,23,23,23,23
2002,410139,1,1,0,0,0,0,0,0,0,0,0,0
2002,410140,1,1,0,0,0,0,0,0,0,0,0,0
2002,410142,1,1,0,0,0,0,0,0,0,0,0,0
2002,410143,1,1,0,0,0,0,18,0,7,55,13,0
2002,410144,1,1,0,0,0,0,0,0,0,0,0,0
2002,410144,2,1,0,0,0,0,0,0,0,0,0,0
2002,410145,1,1,20,20,20,20,20,20,20,20,20,20
2002,410146,1,1,0,0,0,0,0,0,0,0,0,0
2002,410147,1,1,0,0,0,0,0,0,0,0,0,0
2002,410148,1,1,16,16,16,16,16,16,16,16,16,16
2002,410149,1,1,0,0,0,0,0,0,0,0,0,0
2002,410149,2,1,0,0,0,0,0,0,0,0,0,0
2002,410149,3,1,0,0,0,0,0,0,0,0,0,0
2002,410149,4,1,0,0,0,0,2,0,0,0,0,0
2002,410150,0,1,28,28,28,28,28,28,28,28,28,28
2002,410150,1,1,0,0,0,0,0,0,0,0,0,0
2002,410150,2,1,0,0,0,0,0,0,0,0,10,0
2002,410151,1,1,7,7,7,7,7,7,7,7,7,7
2002,410152,0,1,0,0,0,0,0,0,0,0,0,0
2002,410152,1,1,0,0,0,0,0,0,0,0,0,0
2002,410153,0,1,0,0,0,0,0,0,0,0,0,0
2002,410153,1,1,0,0,0,0,0,0,0,0,0,0
2002,410154,1,1,1,1,1,1,1,1,1,1,1,1
2002,410154,2,1,0,0,0,0,0,0,0,8,0,0
2002,410155,1,1,0,0,0,0,0,0,0,15,0,0
2002,410155,2,1,0,0,0,0,0,0,0,0,0,0
2002,410156,1,1,0,0,4,20,0,0,0,20,0,16
2002,410157,1,1,0,0,0,0,0,0,0,0,0,0
2002,410157,2,1,0,0,0,0,0,0,0,6,0,0
2002,410157,3,1,0,0,0,0,0,0,0,0,0,0
2002,410157,4,1,0,0,0,0,0,0,0,0,0,0
2002,410158,1,1,0,0,0,0,0,0,0,0,0,0
2002,410158,2,1,0,0,0,0,0,0,0,0,0,0
2002,410159,1,1,0,0,0,0,0,0,0,0,0,0
2002,410159,2,1,0,0,0,0,0,0,0,0,0,0
2002,410160,1,1,0,0,0,0,0,0,0,0,0,0
2002,410160,2,1,0,0,0,0,0,0,0,0,0,0
2002,410161,1,1,0,0,0,0,0,0,0,0,0,0
2002,410162,1,1,27,27,27,27,27,27,27,27,27,27
2002,410163,1,1,0,0,0,0,0,0,0,0,0,0
2002,410164,1,1,0,0,0,0,0,0,0,0,0,0
2002,410164,2,1,19,0,0,0,0,0,0,0,0,9
2002,410164,3,1,0,30,0,0,0,0,0,0,0,0
2002,410165,1,1,1,1,1,1,1,1,1,1,1,1
2002,410165,2,1,0,0,0,0,0,0,0,0,0,0
2002,410166,1,1,6,6,6,6,6,6,6,6,6,6
2002,410167,1,1,23,23,23,23,23,23,23,23,23,23
2002,410168,1,1,0,0,0,0,0,0,0,0,0,0
2002,410169,1,1,0,0,0,0,0,0,0,0,0,0
2002,410170,1,1,0,0,0,0,0,0,0,0,0,0
2002,410171,1,1,16,16,16,16,16,16,16,16,16,16
2002,410172,1,1,19,19,19,19,19,19,19,19,19,19
2002,410172,2,1,0,0,0,0,0,0,0,0,0,0
2002,410173,1,1,16,16,16,16,16,16,16,16,16,16
2002,410173,2,1,0,11,0,0,0,0,0,0,0,0
2002,410174,1,1,0,0,0,0,0,0,0,0,0,0
2002,410175,1,1,25,25,25,25,25,25,25,25,25,25
2002,410175,2,1,0,0,0,0,0,0,11,0,0,0
2002,410176,1,1,14,14,14,14,14,14,14,14,14,14
2002,410177,1,1,16,16,16,16,16,16,16,16,16,16
2002,410177,2,1,0,0,0,0,0,0,0,0,0,0
2002,410178,1,1,0,0,0,0,0,0,0,0,0,0
2002,410180,1,1,0,0,0,0,0,0,0,0,0,0
2002,410181,1,1,21,21,21,21,21,21,21,21,21,21
2002,410182,1,1,0,0,0,0,0,0,0,0,0,0
2002,410183,1,1,0,0,0,0,0,0,0,0,0,0
2002,410183,2,1,0,0,0,0,0,0,0,0,0,0
2002,410184,1,1,6,0,0,0,0,0,0,10,0,0
2002,410185,1,1,0,0,0,0,0,0,0,0,0,0
2002,410186,1,1,25,25,25,25,25,25,25,25,25,25
2002,410187,1,1,23,23,23,23,23,23,23,23,23,23
2002,410188,1,1,0,0,0,0,0,0,0,0,0,0
2002,410189,1,1,20,20,20,20,20,20,20,20,20,20
2002,410190,1,1,0,0,0,0,0,0,0,6,0,0
2002,410191,1,1,0,0,0,0,0,0,0,0,0,0
2002,410191,2,1,0,0,0,0,0,0,0,0,0,0
2002,410192,0,1,27,27,27,27,27,27,27,27,27,27
2002,410192,1,1,0,0,0,0,0,0,0,0,0,0
2002,410193,1,1,24,24,24,24,24,24,24,24,24,24
2002,410194,1,1,0,0,0,0,0,0,0,0,0,0
2002,410195,1,1,17,17,17,17,17,17,17,17,17,17
2002,410196,1,1,18,0,50,18,0,0,0,0,33,0
2002,410196,2,1,0,0,0,0,0,0,0,0,0,0
2002,410197,1,1,0,0,0,0,0,0,0,0,0,0
2002,410198,1,1,19,19,19,19,19,19,19,19,19,19
2002,410199,1,1,15,15,15,15,15,15,15,15,15,15
2002,410200,1,1,0,0,0,0,0,0,0,0,0,0
2002,410201,1,1,0,0,0,0,0,0,0,0,0,0
2002,410201,2,1,0,0,0,0,0,0,0,0,0,0
2002,410202,1,1,17,17,17,17,17,17,17,17,17,17
2002,410202,2,1,0,0,0,0,0,0,0,0,0,0
2002,410203,1,1,13,13,13,13,13,13,13,13,13,13
2002,410204,0,1,17,0,0,0,0,0,12,0,0,0
2002,410204,1,1,0,0,0,0,0,0,0,0,0,0
2002,410205,1,1,0,0,0,0,0,0,0,0,0,0
2002,410205,2,1,0,0,0,0,0,0,0,0,0,0
2002,410206,1,1,20,20,20,20,20,20,20,20,20,20
2002,410207,1,1,12,12,12,12,12,12,12,12,12,12
2002,410207,2,1,0,0,0,0,0,0,0,0,0,0
2002,410208,1,1,0,0,0,0,0,0,0,0,0,0
2002,410208,2,1,0,0,0,0,0,0,0,0,0,0
2002,410209,1,1,0,0,0,0,0,0,0,0,0,0
2002,410210,1,1,0,0,0,0,0,0,0,0,0,0
2002,410210,2,1,0,0,0,0,0,0,0,0,0,0
2002,410212,0,1,0,0,0,0,0,0,0,0,0,0
2002,410212,1,1,0,0,0,0,0,0,0,0,0,0
2002,410213,1,1,24,24,24,24,24,24,24,24,24,24
2002,410214,1,1,0,0,0,0,0,0,0,0,0,0
2002,410215,0,1,34,34,34,34,34,34,34,34,34,34
2002,410215,1,1,0,0,0,0,0,0,0,0,0,0
2002,410216,1,1,0,0,0,0,0,0,0,0,0,0
2002,410216,2,1,0,0,0,0,0,0,0,0,0,0
2002,410217,1,1,0,0,0,0,0,0,0,0,0,0
2002,410217,2,1,0,0,0,0,0,0,0,0,0,0
2002,410218,1,1,0,7,0,12,0,0,12,0,0,12
2002,410219,1,1,0,0,0,18,0,0,0,25,0,19
2002,410220,1,1,3,3,3,3,3,3,3,3,3,3
2002,410221,0,1,0,0,0,0,0,0,0,0,0,0
2002,410221,1,1,0,0,0,0,0,0,0,0,0,0
2002,410222,0,1,0,0,0,0,0,0,0,0,0,0
2002,410222,1,1,0,0,0,0,0,0,0,0,0,0
2002,410223,1,1,0,0,0,0,0,0,0,0,0,0
2002,410224,1,1,0,0,0,0,0,0,0,0,0,0
2002,410225,1,1,0,0,0,0,0,0,0,0,0,0
2002,410225,2,1,0,0,0,0,0,0,0,0,0,0
2002,410226,1,1,0,0,0,0,0,0,0,0,0,0
2002,410226,2,1,0,0,0,0,0,0,0,0,0,0
2002,410227,1,1,16,16,16,16,16,16,16,16,16,16
2002,410228,1,1,0,0,0,0,0,0,0,0,0,0
2002,410228,2,1,0,0,0,0,0,0,0,0,0,0
2002,410229,1,1,22,22,22,22,22,22,22,22,22,22
2002,410229,2,1,0,0,0,0,0,0,0,0,0,0
2002,410230,1,1,5,5,5,5,5,5,5,5,5,5
2002,410230,2,1,3,3,3,3,3,3,3,3,3,3
2002,410231,1,1,0,0,0,0,0,0,0,0,0,0
2002,410231,2,1,0,0,0,0,0,18,0,0,0,0
2002,410232,1,1,13,13,13,13,13,13,13,13,13,13
2002,410233,1,1,0,0,0,0,0,0,0,0,0,0
2002,410234,1,1,0,0,0,0,0,0,0,0,0,0
2002,410235,1,1,16,16,16,16,16,16,16,16,16,16
2002,410236,1,1,0,0,0,0,0,0,0,0,0,0
2002,410237,1,1,0,0,0,0,0,0,0,0,0,0
2002,410238,1,1,0,0,0,0,0,0,0,0,0,0
2002,410239,1,1,0,0,0,0,0,0,0,0,0,0
2002,410240,1,1,17,17,17,17,17,17,17,17,17,17
2002,410241,0,1,0,0,0,0,0,0,0,0,0,0
2002,410241,1,1,0,0,0,0,0,0,0,0,0,0
2002,410242,1,1,0,0,0,0,0,0,0,0,0,0
2002,410242,2,1,0,0,0,0,0,0,0,0,0,0
2002,410242,3,1,0,0,0,0,0,0,0,0,0,0
2002,410242,4,1,0,0,0,0,0,0,0,0,0,0
2002,410243,1,1,0,0,0,0,0,0,0,0,0,0
2002,410243,2,1,0,0,0,0,0,0,0,0,0,0
2002,410244,1,1,0,0,0,0,0,0,0,0,0,0
2002,410245,1,1,4,15,0,0,0,0,3,12,0,0
2002,410245,2,1,1,1,1,1,1,1,1,1,1,1
2002,410246,1,1,4,4,4,4,4,4,4,4,4,4
2002,410247,1,1,18,18,18,18,18,18,18,18,18,18
2002,410248,1,1,24,24,24,24,24,24,24,24,24,24
2002,410249,1,1,24,24,24,24,24,24,24,24,24,24
2002,410250,1,1,0,0,0,0,0,0,0,0,0,0
2002,410250,2,1,0,0,0,0,0,0,0,0,0,0
2002,410251,1,1,0,0,0,0,0,0,0,0,0,0
2002,410252,1,1,22,22,22,22,22,22,22,22,22,22
2002,410253,1,1,0,0,0,0,0,0,0,0,0,0
2002,410253,2,1,0,0,0,0,0,0,0,0,0,0
2002,410254,1,1,0,0,0,0,0,0,0,0,0,0
2002,410254,2,1,0,0,0,0,0,0,0,0,0,0
2002,410255,1,1,0,0,0,0,0,0,0,0,0,0
2002,410255,2,1,0,0,0,0,0,0,0,0,0,0
2002,410256,1,1,15,10,6,7,12,31,16,15,17,11
2002,410256,2,1,0,0,0,0,0,0,0,0,0,0
2002,410257,1,1,14,14,14,14,14,14,14,14,14,14
2002,410258,1,1,15,15,15,15,15,15,15,15,15,15
2002,410259,1,1,0,0,0,0,0,0,0,0,0,0
2002,410259,2,1,0,0,0,0,0,0,0,0,0,0
2002,410260,1,1,0,0,0,0,0,0,0,0,0,0
2002,410261,0,1,16,16,16,16,16,16,16,16,16,16
2002,410261,1,1,0,0,0,0,0,0,0,0,0,0
2002,410262,1,1,0,0,0,0,0,0,0,0,0,0
2002,410262,2,1,0,0,0,0,0,0,0,0,0,0
2002,410263,0,1,14,14,14,14,14,14,14,14,14,14
2002,410263,1,1,0,0,0,0,0,0,0,0,0,0
2002,410264,1,1,0,0,0,0,0,0,0,0,0,4
2002,410264,2,1,0,0,0,0,0,0,0,0,0,0
2002,410265,1,1,0,0,0,0,0,0,0,0,0,0
2002,410266,1,1,0,0,0,0,0,0,0,0,0,0
2002,410267,1,1,29,29,29,29,29,29,29,29,29,29
2002,410267,2,1,0,0,0,0,0,0,0,0,0,0
2002,410267,3,1,0,0,0,0,0,0,0,23,0,0
2002,410267,4,1,0,0,0,0,0,0,0,0,0,0
2002,410268,1,1,0,0,0,0,0,0,0,0,0,0
2002,410268,2,1,0,0,0,0,0,0,0,0,0,0
2002,410269,1,1,20,20,20,20,20,20,20,20,20,20
2002,410270,1,1,20,20,20,20,20,20,20,20,20,20
2002,410271,1,1,27,27,27,27,27,27,27,27,27,27
2002,410272,1,1,0,13,0,0,0,0,0,0,0,0
2002,410272,2,1,0,0,0,8,0,0,0,0,14,0
2002,410273,1,1,0,0,0,0,0,0,0,0,0,0
2002,410273,2,1,0,0,0,0,0,0,0,0,0,0
2002,410274,0,1,0,0,0,0,0,0,0,0,0,0
2002,410274,1,1,0,0,0,0,0,0,0,0,0,0
2002,410275,1,1,28,28,28,28,28,28,28,28,28,28
2002,410276,1,1,0,0,0,0,0,0,0,0,0,0
2002,410276,2,1,0,0,0,0,0,0,0,0,0,0
2002,410277,1,1,0,0,0,0,0,0,0,0,0,0
2002,410277,2,1,0,0,0,0,0,0,0,0,0,0
2002,410278,1,1,22,22,22,22,22,22,22,22,22,22
2002,410278,2,1,0,0,0,0,0,0,0,0,0,0
2002,410278,3,1,0,0,0,0,0,0,0,0,0,0
2002,410278,4,1,0,0,0,0,0,0,0,0,0,0
2002,410278,5,1,0,0,0,0,0,0,0,0,0,0
2002,410278,6,1,0,0,0,0,0,0,0,0,0,0
2002,410278,7,1,0,0,0,0,0,0,0,0,0,9
2002,410278,8,1,0,0,0,0,0,0,0,0,0,0
2002,410279,1,1,0,0,0,0,0,0,0,0,0,0
2002,410279,2,1,0,0,0,0,0,0,0,0,0,0
2002,410280,1,1,27,27,27,27,27,27,27,27,27,27
2002,410281,1,1,23,23,23,23,23,23,23,23,23,23
2002,410283,0,1,0,0,0,0,0,0,0,0,0,0
2002,410283,1,1,0,0,0,0,0,0,0,0,0,0
2002,410284,1,1,24,24,24,24,24,24,24,24,24,24
2002,410284,2,1,0,0,0,3,0,0,0,0,12,0
2002,410285,1,1,0,0,0,0,0,0,0,0,0,0
2002,410286,1,1,7,7,7,7,7,7,7,7,7,7
2002,410287,1,1,0,0,0,0,0,0,0,0,0,0
2002,410288,1,1,0,0,0,0,0,0,0,0,0,0
2002,410289,1,1,0,0,0,0,0,0,0,0,0,0
2002,410289,2,1,0,0,0,0,0,0,0,0,0,0
2002,410289,3,1,0,0,0,0,0,0,0,0,0,0
2002,410290,1,1,0,0,0,0,0,0,0,0,0,0
2002,410291,1,1,0,0,0,0,0,0,0,0,0,0
2002,410291,2,1,1,1,1,1,1,1,1,1,1,1
2002,410292,1,1,0,0,0,0,0,0,0,0,0,0
2002,410292,2,1,0,0,0,0,0,0,0,0,0,0
2002,410293,1,1,23,23,23,23,23,23,23,23,23,23
2002,410294,1,1,0,0,0,0,0,0,0,0,0,0
2002,410294,2,1,0,0,18,0,0,0,0,0,0,0
2002,410295,1,1,0,0,0,0,23,0,0,0,0,0
2002,410296,1,1,21,21,21,21,21,21,21,21,21,21
2002,410296,2,1,0,0,0,23,13,26,0,0,4,11
2002,410297,1,1,11,18,6,0,16,0,15,0,0,0
2002,410298,1,1,0,0,0,0,0,0,0,0,0,0
2002,410298,2,1,0,0,0,0,0,0,0,0,0,0
2002,410299,1,1,0,0,0,0,0,0,0,0,0,0
2002,410300,1,1,0,0,0,0,0,0,0,0,0,0
2002,410300,2,1,0,0,0,0,0,0,0,0,0,0
2002,410301,1,1,18,18,18,18,18,18,18,18,18,18
2002,410302,0,1,0,0,0,0,0,0,0,0,0,0
2002,410302,1,1,0,26,0,0,0,0,0,0,0,0
2002,410303,1,1,0,0,0,0,7,13,0,0,0,0
2002,410304,1,1,28,28,28,28,28,28,28,28,28,28
2002,410304,2,1,0,0,0,0,0,0,0,0,0,0
2002,410305,0,1,0,45,18,0,23,0,18,33,31,24
2002,410305,1,1,0,0,0,0,0,0,0,0,0,0
2002,410306,1,1,0,0,0,0,0,0,0,0,0,0
2002,410306,2,1,0,0,0,0,0,0,0,0,0,0
2002,410307,1,1,0,0,0,0,0,0,0,0,0,0
2002,410308,1,1,0,0,0,0,0,0,0,0,0,0
2002,410309,1,1,21,21,21,21,21,21,21,21,21,21
2002,410310,1,1,0,0,17,0,29,0,0,0,8,0
2002,410311,1,1,10,10,10,10,10,10,10,10,10,10
2002,410312,1,1,0,0,0,0,0,20,0,0,0,0
2002,410313,1,1,10,0,0,0,16,0,6,0,0,0
2002,410314,1,1,10,10,10,10,10,10,10,10,10,10
2002,410315,1,1,24,24,24,24,24,24,24,24,24,24
2002,410316,1,1,22,22,22,22,22,22,22,22,22,22
2002,410317,1,1,20,20,20,20,20,20,20,20,20,20
2002,410318,1,1,0,0,0,0,0,0,0,0,0,0
2002,410318,2,1,0,0,0,0,0,0,0,0,0,0
2002,410319,1,1,0,0,0,0,0,0,0,0,0,0
2002,410319,2,1,0,0,0,0,0,0,0,0,0,0
2002,410320,1,1,4,4,4,4,4,4,4,4,4,4
2002,410321,1,1,0,0,0,0,0,0,0,0,0,0
2002,410322,1,1,0,0,0,0,0,0,0,0,0,0
2002,410322,2,1,0,0,25,0,0,0,0,0,0,0
2002,410323,0,1,0,0,0,0,0,0,0,0,0,0
2002,410323,1,1,0,0,0,0,0,0,0,0,0,0
2002,410324,1,1,17,17,17,17,17,17,17,17,17,17
2002,410324,2,1,0,0,0,0,0,0,0,0,0,0
2002,410325,0,1,19,19,19,19,19,19,19,19,19,19
2002,410325,1,1,0,0,0,0,0,0,0,0,0,0
2002,410326,1,1,0,0,20,0,15,16,11,37,12,0
2002,410327,0,1,0,0,0,8,0,0,0,0,0,0