YEAR,ST_CASE,veh_no,per_no,P1,P2,P3,P4,P5,P6,P7,P8,P9,P10
2002,421080,1,1,0,0,0,0,0,0,0,0,0,0
2002,421081,1,1,23,23,23,23,23,23,23,23,23,23
2002,421082,1,1,23,0,18,35,18,14,9,15,11,8
2002,421083,1,1,0,0,0,0,22,0,0,0,0,13
2002,421083,2,1,0,0,0,0,0,0,0,0,0,0
2002,421084,1,1,0,0,0,0,0,0,0,0,0,0
2002,421085,0,1,0,0,0,0,0,0,0,0,0,0
2002,421085,1,1,0,4,0,0,0,0,0,0,0,0
2002,421086,1,1,0,10,0,3,0,0,0,0,0,0
2002,421086,2,1,0,0,0,0,0,0,0,0,0,0
2002,421087,1,1,28,28,28,28,28,28,28,28,28,28
2002,421088,1,1,0,0,0,0,0,0,0,0,0,0
2002,421089,1,1,20,20,20,20,20,20,20,20,20,20
2002,421091,1,1,1,1,1,1,1,1,1,1,1,1
2002,421091,2,1,0,0,0,0,0,0,0,0,0,0
2002,421092,1,1,0,0,0,0,0,0,0,0,0,0
2002,421092,2,1,0,0,0,0,0,0,0,0,0,0
2002,421092,3,1,0,0,0,0,0,0,0,0,0,0
2002,421093,1,1,12,12,12,12,12,12,12,12,12,12
2002,421094,0,1,0,0,0,0,0,0,0,0,0,0
2002,421094,0,2,0,0,0,0,0,0,13,0,0,0
2002,421094,1,1,0,0,0,8,20,0,0,0,0,0
2002,421095,1,1,42,42,42,42,42,42,42,42,42,42
2002,421096,1,1,24,24,24,24,24,24,24,24,24,24
2002,421096,2,1,0,0,0,0,0,0,0,0,0,0
2002,421097,0,1,0,0,0,0,0,0,0,0,0,0
2002,421097,1,1,0,0,0,0,0,0,0,0,0,0
2002,421098,1,1,0,0,0,0,0,0,0,0,0,0
2002,421099,1,1,21,21,21,21,21,21,21,21,21,21
2002,421100,1,1,27,27,27,27,27,27,27,27,27,27
2002,421100,2,1,0,0,0,0,0,0,0,0,0,0
2002,421101,1,1,23,23,23,23,23,23,23,23,23,23
2002,421102,1,1,0,0,0,0,0,25,0,0,0,19
2002,421103,0,1,0,0,0,0,0,0,0,0,0,0
2002,421103,1,1,0,0,0,0,0,0,0,0,0,0
2002,421104,1,1,0,0,0,0,0,0,0,0,0,0
2002,421105,1,1,21,21,21,21,21,21,21,21,21,21
2002,421106,0,1,0,0,0,0,0,0,0,0,0,0
2002,421106,1,1,10,0,0,0,0,0,0,0,0,0
2002,421107,1,1,13,13,13,13,13,13,13,13,13,13
2002,421108,0,1,3,3,3,3,3,3,3,3,3,3
2002,421108,1,1,0,0,0,0,0,0,0,0,0,0
2002,421109,1,1,9,4,0,16,0,12,10,16,17,27
2002,421109,2,1,0,0,0,0,0,0,0,0,0,0
2002,421110,1,1,15,15,15,15,15,15,15,15,15,15
2002,421111,1,1,0,0,0,0,0,0,0,0,0,0
2002,421111,2,1,0,0,0,0,0,0,0,0,0,0
2002,421113,1,1,0,0,0,0,0,0,0,0,0,0
2002,421113,2,1,0,0,0,0,0,0,0,0,0,0
2002,421114,0,1,0,0,0,0,0,0,0,0,0,0
2002,421114,1,1,0,0,0,0,0,0,0,0,0,0
2002,421115,1,1,0,0,0,0,0,0,0,0,0,0
2002,421115,2,1,0,13,0,0,0,0,0,0,0,0
2002,421116,1,1,18,18,18,18,18,18,18,18,18,18
2002,421116,2,1,21,7,13,11,7,17,15,12,18,15
2002,421117,1,1,0,0,0,0,0,0,0,0,0,0
2002,421117,2,1,0,0,0,0,0,0,0,0,0,0
2002,421118,1,1,25,25,25,25,25,25,25,25,25,25
2002,421119,1,1,8,8,8,8,8,8,8,8,8,8
2002,421120,1,1,0,0,0,0,0,0,0,0,0,0
2002,421120,2,1,0,0,0,0,0,0,0,0,0,0
2002,421120,3,1,0,0,0,0,0,0,0,0,0,0
2002,421121,1,1,4,4,4,4,4,4,4,4,4,4
2002,421121,2,1,0,0,0,0,0,0,0,0,0,0
2002,421121,3,1,0,0,0,0,0,0,0,0,0,0
2002,421122,0,1,0,0,0,0,0,0,0,0,0,0
2002,421122,1,1,0,0,0,0,0,0,0,0,0,0
2002,421123,1,1,0,0,0,0,0,0,0,0,0,0
2002,421123,2,1,0,0,0,0,0,0,0,0,0,0
2002,421124,1,1,14,8,0,18,0,11,0,19,20,18
2002,421125,1,1,0,0,0,0,0,0,0,0,0,0
2002,421125,2,1,0,0,0,0,0,0,0,0,0,0
2002,421126,1,1,0,0,0,0,0,0,0,0,0,0
2002,421127,1,1,21,0,0,0,0,0,0,0,0,0
2002,421127,2,1,16,0,0,0,11,0,0,0,0,30
2002,421128,1,1,0,0,0,0,0,0,0,0,0,0
2002,421128,2,1,0,0,0,0,0,0,0,0,0,0
2002,421129,1,1,44,44,44,44,44,44,44,44,44,44
2002,421130,0,1,0,0,0,0,0,0,0,0,0,0
2002,421130,1,1,0,0,0,0,0,0,0,0,0,0
2002,421131,1,1,0,0,0,0,0,0,0,0,0,0
2002,421131,2,1,0,0,0,0,0,0,0,0,0,0
2002,421132,0,1,0,0,0,0,0,0,0,0,0,0
2002,421132,1,1,0,0,0,0,0,0,0,0,0,0
2002,421133,1,1,0,0,0,0,0,0,0,0,0,16
2002,421134,1,1,0,0,0,0,0,0,0,0,0,0
2002,421136,1,1,0,0,0,0,0,0,0,0,0,0
2002,421137,1,1,0,0,0,0,0,0,0,0,0,0
2002,421137,2,1,0,0,0,0,0,0,0,0,0,0
2002,421138,1,1,0,0,0,0,0,0,0,0,0,0
2002,421138,2,1,2,2,2,2,2,2,2,2,2,2
2002,421138,3,1,0,0,0,0,0,0,0,0,11,0
2002,421139,1,1,0,0,0,0,0,0,0,0,0,0
2002,421139,2,1,0,0,0,0,0,0,0,0,0,0
2002,421139,3,1,0,0,0,0,0,0,0,0,0,0
2002,421140,0,1,0,0,0,0,0,0,0,0,0,0
2002,421140,1,1,0,0,0,0,0,0,0,0,0,0
2002,421141,1,1,16,16,16,16,16,16,16,16,16,16
2002,421142,1,1,0,0,0,0,0,0,0,0,0,0
2002,421142,2,1,0,0,0,0,0,0,0,0,0,0
2002,421142,3,1,0,0,0,0,0,0,0,0,0,0
2002,421142,4,1,0,0,0,0,0,0,0,0,0,0
2002,421143,1,1,16,16,16,16,16,16,16,16,16,16
2002,421144,1,1,0,0,0,0,0,0,0,0,0,0
2002,421145,1,1,0,0,0,0,0,0,0,0,0,0
2002,421145,2,1,0,0,0,0,0,0,0,0,0,0
2002,421146,1,1,8,4,0,13,0,0,17,0,0,0
2002,421146,2,1,0,0,0,0,0,0,0,0,0,0
2002,421147,1,1,0,0,0,0,0,0,0,0,0,0
2002,421148,1,1,1,1,1,1,1,1,1,1,1,1
2002,421148,3,1,0,0,0,0,0,0,0,0,0,0
2002,421149,1,1,20,20,20,20,20,20,20,20,20,20
2002,421150,1,1,18,18,18,18,18,18,18,18,18,18
2002,421151,1,1,17,17,17,17,17,17,17,17,17,17
2002,421152,1,1,0,0,0,0,0,0,0,0,0,0
2002,421152,2,1,0,0,0,0,0,0,0,0,0,0
2002,421153,1,1,0,0,0,0,0,0,0,0,0,0
2002,421153,2,1,0,0,0,0,0,0,0,0,0,0
2002,421153,3,1,0,0,0,0,0,0,0,0,0,0
2002,421153,4,1,5,0,0,0,0,0,0,0,0,0
2002,421153,5,1,0,0,0,0,0,0,0,0,0,0
2002,421153,6,1,0,0,0,0,0,0,0,0,0,0
2002,421153,7,1,0,0,0,0,0,0,0,0,0,0
2002,421153,8,1,0,0,0,0,0,0,0,0,0,0
2002,421154,1,1,0,0,0,0,0,0,0,0,0,0
2002,421155,1,1,0,0,0,0,0,0,0,0,0,0
2002,421155,2,1,0,0,0,0,0,0,0,0,0,0
2002,421156,1,1,0,0,0,0,0,0,0,0,0,0
2002,421157,1,1,0,0,0,0,0,0,0,0,0,0
2002,421157,2,1,0,0,0,0,0,0,14,0,0,0
2002,421158,1,1,0,0,0,0,0,0,0,0,0,0
2002,421158,2,1,0,0,0,0,0,0,0,0,0,0
2002,421159,0,1,0,0,10,16,0,0,19,0,0,0
2002,421159,1,1,20,20,20,20,20,20,20,20,20,20
2002,421160,1,1,0,19,0,16,0,0,2,0,16,0
2002,421161,1,1,0,0,0,0,0,0,0,0,0,0
2002,421161,2,1,1,1,1,1,1,1,1,1,1,1
2002,421161,3,1,0,0,0,0,0,0,0,0,0,0
2002,421162,0,1,0,0,15,0,0,0,0,4,0,0
2002,421162,0,2,0,0,0,0,0,0,0,0,0,0
2002,421162,1,1,16,16,16,16,16,16,16,16,16,16
2002,421163,1,1,0,0,0,0,0,0,0,0,0,0
2002,421163,2,1,0,0,0,0,0,0,0,0,0,0
2002,421164,1,1,21,18,7,2,7,0,20,5,15,29
2002,421165,1,1,0,0,0,0,0,0,0,0,0,0
2002,421165,2,1,0,0,0,0,0,0,0,0,0,0
2002,421165,3,1,0,0,0,0,0,0,0,0,0,0
2002,421166,1,1,0,0,0,0,0,0,0,0,0,0
2002,421167,1,1,32,32,32,32,32,32,32,32,32,32
2002,421168,1,1,0,0,0,0,0,0,0,0,0,0
2002,421168,2,1,0,0,0,0,0,0,0,0,0,0
2002,421169,0,1,0,27,14,0,0,0,0,0,0,0
2002,421169,1,1,0,0,0,0,0,0,0,0,0,0
2002,421170,1,1,22,22,22,22,22,22,22,22,22,22
2002,421171,1,1,15,15,15,15,15,15,15,15,15,15
2002,421171,2,1,20,0,0,15,0,0,0,0,0,6
2002,421172,1,1,0,0,0,0,0,0,0,0,0,0
2002,421173,1,1,0,0,0,0,0,0,0,0,0,0
2002,421174,1,1,0,0,0,0,0,0,0,0,0,0
2002,421175,1,1,0,0,0,0,0,0,0,0,0,0
2002,421176,1,1,0,0,0,0,0,0,0,0,0,0
2002,421176,2,1,0,0,0,0,0,0,0,0,0,0
2002,421177,1,1,0,0,28,10,0,11,10,13,0,0
2002,421178,0,1,0,0,0,0,0,0,0,0,0,0
2002,421178,1,1,0,6,0,0,0,0,5,15,0,19
2002,421179,1,1,0,0,0,0,0,0,0,0,0,0
2002,421179,2,1,0,0,0,0,0,0,0,0,0,0
2002,421180,1,1,16,16,16,16,16,16,16,16,16,16
2002,421180,2,1,20,20,20,20,20,20,20,20,20,20
2002,421181,1,1,0,0,0,0,0,0,0,0,0,0
2002,421181,2,1,0,0,0,0,0,0,0,0,0,0
2002,421182,1,1,0,0,0,0,0,0,0,0,0,0
2002,421182,2,1,0,0,0,0,0,0,0,0,0,0
2002,421183,1,1,11,11,11,11,11,11,11,11,11,11
2002,421183,2,1,0,0,0,0,0,0,0,0,0,0
2002,421184,1,1,0,0,0,0,0,0,0,0,0,0
2002,421184,2,1,0,0,0,0,0,0,0,0,0,0
2002,421184,3,1,1,1,1,1,1,1,1,1,1,1
2002,421185,1,1,0,0,0,0,0,0,0,0,0,0
2002,421185,2,1,0,0,0,0,0,0,0,0,0,0
2002,421186,1,1,0,0,0,0,0,0,0,0,0,0
2002,421187,1,1,0,0,0,0,0,0,0,0,0,0
2002,421188,1,1,0,0,0,0,0,0,0,0,0,0
2002,421189,0,1,0,30,0,0,34,18,22,24,0,12
2002,421189,1,1,0,0,0,0,0,0,0,0,0,0
2002,421190,1,1,1,1,1,1,1,1,1,1,1,1
2002,421191,0,1,0,0,0,0,0,0,0,0,0,0
2002,421191,1,1,0,0,0,0,0,0,0,0,0,0
2002,421192,1,1,0,0,0,0,0,25,0,0,0,10
2002,421192,2,1,0,0,0,16,0,0,10,0,0,10
2002,421193,1,1,26,26,26,26,26,26,26,26,26,26
2002,421194,1,1,0,0,0,0,0,0,0,0,0,0
2002,421194,2,1,0,0,0,0,0,0,0,0,0,0
2002,421195,1,1,21,21,21,21,21,21,21,21,21,21
2002,421195,2,1,0,0,0,0,0,0,0,0,0,0
2002,421196,1,1,0,0,0,0,0,0,0,0,0,0
2002,421196,2,1,0,0,0,0,0,0,0,0,0,0
2002,421197,1,1,0,0,0,0,0,0,0,0,0,0
2002,421197,2,1,0,0,0,0,0,0,0,0,0,0
2002,421197,3,1,0,0,0,0,0,0,0,0,0,0
2002,421198,1,1,0,0,0,0,0,0,0,0,0,0
2002,421198,2,1,0,0,0,0,0,0,0,0,0,0
2002,421198,3,1,0,0,0,0,0,0,0,0,0,0
2002,421199,1,1,0,0,0,0,0,0,0,0,0,0
2002,421200,1,1,30,30,30,30,30,30,30,30,30,30
2002,421201,1,1,0,0,0,0,0,0,0,0,0,0
2002,421202,1,1,11,11,11,11,11,11,11,11,11,11
2002,421203,1,1,0,0,0,0,0,0,0,0,0,0
2002,421204,1,1,0,0,0,0,0,0,0,0,0,0
2002,421204,2,1,0,0,0,0,0,0,0,4,0,0
2002,421205,0,1,3,3,3,3,3,3,3,3,3,3
2002,421205,1,1,0,0,0,0,0,0,0,0,0,0
2002,421206,1,1,0,0,0,0,0,0,0,0,0,0
2002,421206,2,1,0,0,0,0,0,0,0,0,0,0
2002,421207,1,1,0,0,0,0,0,0,0,0,0,0
2002,421207,2,1,0,0,0,0,0,0,0,0,0,0
2002,421208,1,1,11,11,11,11,11,11,11,11,11,11
2002,421209,1,1,2,2,2,2,2,2,2,2,2,2
2002,421210,1,1,27,27,27,27,27,27,27,27,27,27
2002,421211,1,1,3,3,3,3,3,3,3,3,3,3
2002,421212,1,1,0,0,0,0,0,0,0,0,0,0
2002,421213,1,1,0,0,0,0,0,0,0,0,0,0
2002,421213,2,1,0,0,0,0,0,0,0,0,0,0
2002,421214,1,1,0,0,0,0,0,0,0,0,0,0
2002,421214,2,1,0,0,0,0,0,0,0,0,0,0
2002,421215,1,1,0,0,0,0,0,0,0,0,0,0
2002,421215,2,1,0,0,0,0,0,0,0,0,0,0
2002,421216,1,1,0,0,0,0,0,0,0,0,0,0
2002,421216,2,1,0,0,0,0,0,0,0,0,0,0
2002,421217,1,1,9,9,9,9,9,9,9,9,9,9
2002,421218,1,1,0,0,0,0,0,0,0,0,0,0
2002,421219,1,1,0,0,0,0,0,0,0,0,0,0
2002,421219,2,1,0,0,0,0,0,0,0,0,0,0
2002,421220,1,1,0,0,0,0,0,0,0,0,0,0
2002,421220,2,1,0,0,0,0,0,0,0,0,0,0
2002,421221,1,1,0,0,0,0,0,0,0,0,0,0
2002,421221,2,1,8,0,0,0,0,0,0,0,0,0
2002,421222,1,1,0,0,0,0,0,0,0,0,0,0
2002,421223,1,1,0,0,0,0,0,0,0,0,0,0
2002,421223,2,1,0,0,4,0,0,0,0,0,0,0
2002,421224,0,1,2,0,0,0,0,0,6,0,0,0
2002,421224,0,2,0,0,21,13,0,0,0,0,0,0
2002,421224,1,1,0,0,0,0,0,0,0,0,0,0
2002,421224,2,1,0,0,0,0,0,0,0,0,0,0
2002,421225,1,1,0,0,0,0,0,0,0,0,0,0
2002,421225,2,1,0,0,0,0,0,0,0,0,0,0
2002,421225,3,1,0,0,0,0,0,0,0,0,0,0
2002,421226,1,1,0,0,0,0,0,0,0,0,0,0
2002,421226,2,1,0,0,0,0,0,0,0,0,0,0
2002,421227,1,1,0,0,0,0,0,0,0,0,0,0
2002,421228,1,1,0,0,0,0,0,0,0,0,0,0
2002,421228,2,1,0,0,0,0,0,0,0,0,0,0
2002,421228,3,1,0,0,0,0,0,0,0,0,0,0
2002,421229,1,1,0,0,0,0,0,0,0,0,0,0
2002,421229,2,1,0,0,0,0,0,0,0,0,0,0
2002,421230,1,1,0,0,0,0,0,0,0,0,0,0
2002,421231,1,1,23,23,23,23,23,23,23,23,23,23
2002,421232,1,1,10,10,10,10,10,10,10,10,10,10
2002,421232,2,1,0,0,0,0,0,0,0,0,0,0
2002,421233,1,1,0,0,5,0,0,0,0,19,0,8
2002,421234,1,1,0,0,0,0,0,0,0,0,0,0
2002,421235,1,1,0,0,0,0,0,0,0,0,0,0
2002,421235,2,1,0,0,0,0,0,0,0,0,0,0
2002,421236,1,1,0,0,0,0,0,0,0,0,0,0
2002,421237,1,1,0,0,0,0,0,0,0,0,0,0
2002,421238,0,1,0,0,0,0,0,0,0,0,0,0
2002,421238,1,1,27,22,31,12,8,13,19,17,6,11
2002,421239,0,1,8,0,0,0,0,0,0,0,0,0
2002,421239,1,1,0,0,0,0,0,0,0,0,0,0
2002,421240,1,1,0,0,0,0,0,0,0,0,0,0
2002,421241,1,1,19,12,0,23,10,6,16,16,0,15
2002,421241,2,1,0,0,0,0,0,0,0,0,0,0
2002,421242,1,1,0,0,0,0,16,0,0,0,0,0
2002,421242,2,1,0,0,0,0,0,0,0,0,0,0
2002,421243,1,1,0,0,0,0,0,0,0,0,0,0
2002,421244,1,1,0,0,0,0,0,0,0,0,0,0
2002,421244,2,1,0,0,0,0,0,0,0,0,0,0
2002,421245,1,1,0,0,0,0,0,0,0,0,0,0
2002,421245,2,1,0,0,0,0,0,0,0,0,0,0
2002,421246,1,1,0,0,0,0,0,0,0,0,0,0
2002,421247,1,1,0,0,0,0,0,0,0,0,0,0
2002,421247,2,1,0,0,0,0,0,0,0,0,0,0
2002,421248,1,1,24,24,24,24,24,24,24,24,24,24
2002,421249,1,1,0,0,0,0,0,0,0,0,0,0
2002,421249,2,1,0,0,0,0,0,0,0,0,0,0
2002,421250,1,1,18,18,18,18,18,18,18,18,18,18
2002,421250,2,1,0,0,0,0,0,0,0,0,0,0
2002,421250,3,1,0,0,0,0,0,0,0,0,0,0
2002,421250,4,1,0,0,0,0,0,0,0,0,0,0
2002,421251,1,1,0,0,0,0,0,0,0,0,0,0
2002,421252,1,1,0,0,0,0,0,0,0,0,0,0
2002,421253,1,1,0,0,0,0,0,0,19,0,0,0
2002,421253,2,1,0,0,0,0,0,0,0,0,0,0
2002,421254,1,1,7,15,8,19,19,15,15,11,8,0
2002,421254,2,1,15,15,15,15,15,15,15,15,15,15
2002,421255,1,1,1,1,1,1,1,1,1,1,1,1
2002,421255,2,1,0,0,0,0,0,0,0,0,0,0
2002,421255,3,1,1,1,1,1,1,1,1,1,1,1
2002,421255,4,1,0,0,0,0,0,0,0,0,0,0
2002,421256,1,1,24,24,24,24,24,24,24,24,24,24
2002,421257,0,1,0,0,0,0,0,0,0,0,0,37
2002,421257,1,1,0,0,0,0,0,0,0,0,0,0
2002,421258,1,1,19,19,19,19,19,19,19,19,19,19
2002,421259,1,1,0,0,0,0,0,0,0,0,0,0
2002,421260,1,1,0,0,0,0,0,0,0,0,0,0
2002,421260,2,1,0,0,0,0,0,0,0,0,0,0
2002,421261,1,1,0,0,0,0,0,0,0,0,0,0
2002,421261,2,1,0,0,0,0,0,0,0,0,0,0
2002,421262,0,1,0,0,0,0,0,0,0,0,0,0
2002,421262,1,1,0,0,0,0,15,0,0,0,0,0
2002,421263,0,1,0,0,0,0,0,0,21,0,0,0
2002,421263,1,1,0,0,0,0,0,0,0,0,0,0
2002,421264,0,1,0,0,0,0,0,0,0,0,0,0
2002,421264,1,1,0,0,0,0,0,0,0,0,0,0
2002,421265,1,1,0,0,0,0,0,0,0,0,0,0
2002,421265,2,1,0,0,0,0,0,0,0,0,0,0
2002,421266,1,1,0,0,0,0,0,0,0,0,0,0
2002,421266,2,1,0,0,0,0,0,0,0,0,0,0
2002,421266,3,1,0,0,0,0,0,0,0,0,0,3
2002,421267,1,1,0,0,0,0,13,0,0,0,0,0
2002,421268,1,1,0,0,0,0,0,0,0,0,0,0
2002,421268,2,1,0,0,0,0,0,0,0,0,0,0
2002,421269,1,1,12,12,12,12,12,12,12,12,12,12
2002,421270,1,1,9,9,9,9,9,9,9,9,9,9
2002,421270,2,1,0,22,0,0,0,0,0,0,0,0
2002,421271,1,1,0,0,0,0,0,0,0,0,0,0
2002,421271,2,1,0,0,0,0,0,0,0,0,0,0
2002,421272,0,1,22,22,22,22,22,22,22,22,22,22
2002,421272,1,1,0,0,0,0,0,0,0,0,0,0
2002,421273,1,1,25,25,25,25,25,25,25,25,25,25
2002,421274,1,1,0,0,0,0,0,0,0,0,0,0
2002,421275,1,1,0,0,0,0,0,0,0,0,0,0
2002,421275,2,1,0,0,0,0,0,0,0,0,0,0
2002,421276,1,1,19,0,0,4,13,0,5,11,2,16
2002,421276,2,1,7,0,18,0,6,10,4,7,0,0
2002,421277,1,1,0,0,0,0,0,0,0,0,0,0
2002,421277,2,1,0,0,0,0,0,0,17,0,0,0
2002,421278,0,1,0,0,0,0,0,0,0,0,0,0
2002,421278,1,1,0,0,0,0,0,0,0,0,0,0
2002,421279,1,1,0,0,0,0,0,0,0,0,0,0
2002,421279,2,1,0,0,0,0,0,0,0,0,0,0
2002,421280,1,1,0,0,0,0,0,0,0,0,0,0
2002,421280,2,1,17,9,19,6,9,13,2,15,15,8
2002,421281,0,1,12,12,12,12,12,12,12,12,12,12
2002,421281,1,1,0,0,0,0,0,0,0,0,0,0
2002,421282,1,1,0,0,0,0,0,0,0,0,0,0
2002,421283,1,1,0,0,0,0,0,0,0,0,0,0
2002,421284,1,1,0,0,0,0,0,0,0,0,0,0
2002,421285,1,1,0,0,0,0,0,0,0,0,0,0
2002,421286,1,1,0,0,0,0,0,0,0,0,0,0
2002,421286,2,1,0,0,0,0,0,0,0,0,0,0
2002,421287,1,1,0,0,0,0,0,0,0,0,0,0
2002,421287,2,1,0,0,0,0,0,0,0,0,0,0
2002,421288,1,1,0,0,0,0,0,0,0,0,0,0
2002,421288,2,1,0,0,0,0,0,0,0,0,0,0
2002,421289,1,1,0,0,0,0,0,0,0,0,0,0
2002,421289,2,1,0,0,0,0,0,0,0,0,0,0
2002,421290,1,1,20,10,0,21,14,30,16,7,33,29
2002,421290,2,1,0,0,0,0,0,0,0,0,0,0
2002,421291,1,1,19,0,0,13,37,15,22,24,19,24
2002,421292,1,1,0,0,0,0,0,0,0,0,0,0
2002,421292,2,1,0,0,0,0,0,0,0,0,0,0
2002,421293,1,1,0,0,0,0,0,0,0,0,0,0
2002,421293,2,1,0,0,0,0,0,0,0,0,0,0
2002,421294,1,1,0,0,0,0,0,0,0,9,0,0
2002,421295,1,1,0,0,0,0,0,0,0,0,0,0
2002,421295,2,1,0,0,0,0,0,0,0,0,0,0
2002,421296,1,1,0,0,0,0,0,0,0,0,12,0
2002,421297,1,1,0,0,0,0,0,0,0,0,0,0
2002,421297,2,1,0,0,0,0,0,0,0,0,0,0
2002,421298,1,1,0,0,0,0,0,0,0,0,0,0
2002,421298,2,1,0,0,0,0,0,0,0,0,0,8
2002,421299,1,1,0,0,0,0,0,0,0,0,0,0
2002,421300,1,1,0,0,0,0,0,0,0,0,0,0
2002,421301,1,1,0,0,0,0,0,0,0,0,0,0
2002,421301,2,1,0,0,0,0,0,0,0,0,0,0
2002,421301,3,1,0,0,0,0,0,0,0,0,0,0
2002,421302,1,1,11,11,11,11,11,11,11,11,11,11
2002,421303,1,1,22,22,22,22,22,22,22,22,22,22
2002,421304,1,1,0,0,0,0,0,0,0,0,0,0
2002,421304,2,1,0,0,0,0,0,0,0,0,0,0
2002,421305,1,1,0,0,0,0,0,0,0,0,0,0
2002,421305,2,1,0,0,0,0,0,0,0,0,0,0
2002,421306,0,1,0,0,11,0,0,0,0,0,0,0
2002,421306,1,1,0,20,8,0,0,6,0,0,0,0
2002,421307,1,1,22,22,22,22,22,22,22,22,22,22
2002,421307,2,1,0,0,0,0,0,0,0,0,0,0
2002,421308,1,1,15,15,15,15,15,15,15,15,15,15
2002,421308,2,1,0,0,0,0,0,0,0,0,0,0
2002,421309,1,1,0,0,0,0,0,0,0,0,0,0
2002,421309,2,1,0,0,0,0,0,0,0,0,0,0
2002,421310,1,1,14,14,14,14,14,14,14,14,14,14
2002,421311,0,1,0,0,0,0,0,0,0,0,0,0
2002,421311,1,1,0,0,0,0,0,0,0,0,0,0
2002,421312,1,1,24,24,24,24,24,24,24,24,24,24
2002,421313,1,1,9,9,9,9,9,9,9,9,9,9
2002,421314,1,1,15,15,15,15,15,15,15,15,15,15
2002,421314,2,1,0,0,0,0,0,0,0,0,0,0
2002,421314,3,1,0,0,0,6,0,0,0,0,0,0
2002,421315,1,1,0,0,0,0,0,0,0,0,0,0
2002,421315,2,1,0,0,0,0,0,0,0,0,0,0
2002,421315,3,1,0,0,0,0,0,0,0,0,0,0
2002,421316,1,1,0,0,0,0,0,0,0,0,0,0
2002,421316,2,1,0,0,0,0,0,0,0,0,0,0
2002,421317,1,1,0,0,0,0,0,0,0,0,0,0
2002,421317,2,1,0,0,0,0,0,0,0,0,0,0
2002,421318,1,1,0,0,0,0,0,0,0,0,0,0
2002,421318,2,1,0,0,0,0,0,0,0,0,0,0
2002,421319,1,1,13,13,13,13,13,13,13,13,13,13
2002,421320,1,1,27,27,27,27,27,27,27,27,27,27
2002,421321,1,1,0,0,0,0,0,0,0,0,0,0
2002,421322,1,1,26,26,26,26,26,26,26,26,26,26
2002,421323,1,1,3,3,3,3,3,3,3,3,3,3
2002,421324,1,1,14,14,14,14,14,14,14,14,14,14
2002,421325,1,1,0,0,0,0,0,0,0,0,0,0
2002,421325,2,1,0,0,0,0,0,0,0,0,0,0
2002,421326,1,1,0,0,0,0,0,0,0,0,0,0
2002,421327,1,1,0,0,0,0,0,0,0,0,0,0
2002,421327,2,1,0,0,0,0,0,0,0,0,0,0
2002,421328,1,1,0,0,0,0,0,0,0,0,0,0
2002,421329,1,1,13,0,0,0,0,0,0,0,0,0
2002,421329,2,1,0,0,0,0,0,0,0,0,0,0
2002,421330,1,1,0,0,0,0,0,0,0,0,0,0
2002,421331,1,1,0,0,0,0,0,0,0,0,0,0
2002,421332,1,1,0,0,0,0,0,0,0,0,0,0
2002,421332,2,1,0,0,0,0,0,0,0,0,0,0
2002,421332,3,1,0,0,0,0,0,7,0,0,0,0
2002,421333,1,1,0,0,0,0,0,0,0,0,0,0
2002,421333,2,1,0,0,0,0,0,0,0,0,0,0
2002,421334,1,1,0,0,0,0,0,0,0,0,0,0
2002,421334,2,1,0,0,0,0,0,0,0,0,0,0
2002,421334,3,1,0,0,0,0,0,0,0,0,0,0
2002,421335,1,1,0,0,0,0,0,0,0,0,0,0
2002,421336,1,1,0,0,0,0,0,0,0,0,0,0
2002,421336,2,1,20,0,0,0,0,0,0,0,0,0
2002,421337,0,1,0,0,0,0,0,0,0,0,0,0
2002,421337,1,1,0,0,0,0,0,0,0,0,0,0
2002,421338,1,1,19,19,19,19,19,19,19,19,19,19
2002,421339,1,1,23,23,23,23,23,23,23,23,23,23
2002,421340,1,1,0,0,0,0,0,0,0,0,0,0
2002,421340,2,1,0,0,0,0,0,0,0,0,0,0
2002,421341,0,1,0,0,0,0,8,0,0,0,0,0
2002,421341,1,1,0,0,0,0,0,0,0,0,0,0
2002,421341,2,1,0,0,0,0,0,0,0,0,0,0
2002,421342,1,1,0,0,0,0,0,0,0,0,0,0
2002,421343,0,1,0,0,0,0,0,0,0,0,0,0
2002,421343,1,1,0,0,0,0,0,0,0,0,0,0
2002,421344,1,1,24,24,24,24,24,24,24,24,24,24
2002,421345,1,1,0,0,0,0,0,0,0,0,0,0
2002,421345,2,1,0,0,0,0,0,0,0,0,0,0
2002,421346,1,1,0,0,0,0,0,0,0,0,0,0
2002,421347,1,1,16,16,16,16,16,16,16,16,16,16
2002,421348,1,1,0,0,0,0,0,0,0,0,0,0
2002,421348,2,1,0,0,0,0,0,0,0,0,0,0
2002,421349,1,1,22,22,22,22,22,22,22,22,22,22
2002,421350,1,1,0,0,0,0,0,0,0,0,0,0
2002,421351,1,1,0,0,0,0,0,0,0,0,0,0
2002,421352,0,1,10,0,0,0,0,0,0,0,0,0
2002,421352,1,1,0,0,0,0,0,0,0,0,0,0
2002,421353,1,1,16,16,16,16,16,16,16,16,16,16
2002,421354,1,1,7,7,7,7,7,7,7,7,7,7
2002,421354,2,1,8,8,8,8,8,8,8,8,8,8
2002,421355,1,1,19,19,19,19,19,19,19,19,19,19
2002,421356,1,1,8,8,8,8,8,8,8,8,8,8
2002,421357,1,1,0,0,0,0,0,0,0,0,0,0
2002,421357,2,1,0,0,0,0,0,0,0,0,0,0