YEAR,ST_CASE,veh_no,per_no,P1,P2,P3,P4,P5,P6,P7,P8,P9,P10
2002,421358,1,1,0,0,0,0,0,0,0,0,0,0
2002,421358,2,1,0,0,0,0,0,0,0,0,0,0
2002,421359,1,1,10,10,10,10,10,10,10,10,10,10
2002,421359,2,1,0,0,0,0,0,0,0,0,0,0
2002,421360,1,1,25,25,25,25,25,25,25,25,25,25
2002,421361,1,1,0,0,0,0,0,0,0,0,0,0
2002,421361,2,1,0,0,14,0,0,0,0,0,0,0
2002,421362,1,1,0,0,0,0,20,20,24,31,0,0
2002,421362,2,1,0,0,0,22,0,0,0,0,0,0
2002,421363,1,1,0,0,0,0,0,0,0,0,0,0
2002,421363,2,1,0,0,0,0,0,0,0,0,0,0
2002,421364,1,1,19,0,9,17,0,12,0,10,9,0
2002,421365,1,1,0,9,7,9,16,13,8,9,17,11
2002,421366,1,1,2,2,2,2,2,2,2,2,2,2
2002,421367,1,1,0,0,0,0,0,0,0,0,0,0
2002,421367,2,1,0,0,0,0,0,0,0,0,0,0
2002,421368,1,1,0,0,0,0,0,0,0,0,0,0
2002,421369,1,1,0,0,0,0,0,0,0,0,0,0
2002,421369,2,1,0,0,0,0,0,0,0,0,0,0
2002,421370,0,1,4,0,0,0,0,20,20,0,21,0
2002,421370,1,1,0,0,0,0,0,0,0,0,0,0
2002,421371,1,1,29,29,29,29,29,29,29,29,29,29
2002,421372,1,1,0,0,0,0,0,0,0,0,0,0
2002,421373,1,1,0,0,0,0,0,0,0,0,0,0
2002,421374,1,1,13,13,13,13,13,13,13,13,13,13
2002,421375,1,1,0,0,0,0,0,0,0,0,0,0
2002,421375,2,1,0,0,0,0,0,0,0,0,0,0
2002,421376,1,1,0,0,0,0,0,0,0,0,0,0
2002,421377,1,1,0,0,0,0,0,0,0,0,0,0
2002,421377,2,1,0,0,0,0,0,0,0,0,0,0
2002,421378,1,1,0,0,0,0,0,0,0,0,0,0
2002,421378,2,1,0,0,0,0,0,0,0,0,0,0
2002,421379,1,1,0,0,0,0,0,0,0,0,0,0
2002,421379,2,1,0,0,0,0,0,0,0,0,0,0
2002,421380,0,1,0,0,0,0,0,0,0,0,0,0
2002,421381,1,1,17,17,17,17,17,17,17,17,17,17
2002,421382,1,1,0,0,0,0,0,0,0,0,0,0
2002,421383,1,1,21,21,21,21,21,21,21,21,21,21
2002,421384,1,1,23,23,23,23,23,23,23,23,23,23
2002,421385,0,1,0,0,0,0,0,0,0,15,0,9
2002,421385,1,1,19,0,0,0,0,0,0,0,0,0
2002,421386,1,1,0,0,0,0,0,0,0,0,0,0
2002,421387,0,1,19,19,30,21,25,13,26,13,19,2
2002,421387,1,1,0,0,37,0,0,0,0,0,0,0
2002,421388,1,1,0,0,0,0,0,0,0,0,0,0
2002,421389,1,1,0,0,0,0,0,0,5,0,0,0
2002,421389,2,1,0,0,0,0,28,0,0,0,0,0
2002,421389,3,1,0,0,0,0,0,0,0,0,0,0
2002,421389,4,1,0,0,0,0,0,0,24,0,0,0
2002,421390,1,1,0,0,0,0,0,0,0,0,0,0
2002,421390,2,1,0,0,0,0,0,0,0,0,0,0
2002,421390,3,1,0,0,0,0,0,0,0,0,0,0
2002,421391,1,1,0,0,0,0,0,0,0,0,0,0
2002,421391,2,1,0,0,0,0,8,0,0,0,0,0
2002,421392,1,1,0,0,0,0,0,0,0,0,0,0
2002,421392,2,1,0,0,0,0,0,0,0,0,0,0
2002,421393,1,1,0,0,0,0,0,0,0,0,0,0
2002,421394,1,1,0,0,0,0,0,0,0,0,0,0
2002,421395,1,1,0,0,0,0,0,16,0,0,0,0
2002,421395,2,1,0,0,0,0,0,0,0,0,0,0
2002,421396,1,1,0,0,0,0,0,0,0,0,0,0
2002,421397,1,1,0,0,0,0,0,0,0,0,0,0
2002,421398,1,1,0,0,0,0,0,0,0,0,0,0
2002,421399,1,1,0,0,0,0,0,0,0,0,0,0
2002,421399,2,1,0,0,0,0,0,0,0,0,0,0
2002,421400,1,1,29,29,29,29,29,29,29,29,29,29
2002,421401,1,1,19,19,19,19,19,19,19,19,19,19
2002,421402,1,1,23,0,0,0,0,0,0,8,0,20
2002,421402,2,1,0,0,0,9,0,0,0,0,0,0
2002,421402,3,1,0,0,0,0,0,0,0,0,0,0
2002,421403,1,1,0,0,0,0,0,0,0,0,0,0
2002,421403,2,1,0,0,0,0,0,0,0,0,0,0
2002,421404,1,1,0,0,0,0,0,0,0,0,0,0
2002,421404,2,1,0,0,0,0,0,0,0,0,0,0
2002,421405,0,1,0,0,0,0,0,0,0,0,0,0
2002,421405,1,1,0,0,0,0,0,0,0,0,0,0
2002,421406,1,1,0,0,0,0,0,0,0,0,0,0
2002,421406,2,1,2,2,2,2,2,2,2,2,2,2
2002,421406,3,1,0,0,0,18,0,0,0,0,0,0
2002,421406,4,1,0,0,0,0,0,0,0,0,0,0
2002,421406,5,1,0,0,0,0,0,0,0,0,0,0
2002,421407,1,1,20,35,17,13,7,40,20,18,0,24
2002,421408,1,1,0,0,0,0,0,0,0,0,0,0
2002,421408,2,1,25,0,0,0,0,20,0,0,0,15
2002,421409,1,1,0,0,0,0,0,10,0,0,0,0
2002,421410,1,1,23,0,0,0,0,0,0,0,27,8
2002,421411,1,1,6,6,6,6,6,6,6,6,6,6
2002,421412,1,1,0,0,0,0,0,0,0,0,0,0
2002,421413,1,1,19,19,19,19,19,19,19,19,19,19
2002,421413,2,1,0,17,0,0,0,0,0,0,0,0
2002,421414,1,1,0,0,0,0,0,0,0,0,0,0
2002,421414,2,1,0,0,0,0,0,0,0,0,0,0
2002,421415,0,1,0,0,10,16,0,0,17,18,0,0
2002,421415,0,2,0,0,0,0,0,0,0,0,0,0
2002,421415,1,1,0,0,0,0,0,0,0,0,0,0
2002,421416,1,1,0,0,0,0,0,0,0,0,0,0
2002,421417,1,1,19,19,19,19,19,19,19,19,19,19
2002,421417,2,1,12,12,12,12,12,12,12,12,12,12
2002,421418,1,1,0,0,22,0,15,0,0,0,0,15
2002,421419,1,1,16,16,16,16,16,16,16,16,16,16
2002,421419,2,1,0,0,0,0,0,0,0,0,0,0
2002,421420,0,1,0,9,13,14,29,28,27,42,0,23
2002,421420,1,1,0,0,0,0,11,0,0,0,0,0
2002,421421,1,1,0,17,0,0,0,0,19,0,0,0
2002,421421,2,1,0,0,0,0,0,0,0,0,0,0
2002,421422,1,1,25,25,25,25,25,25,25,25,25,25
2002,421422,2,1,0,0,0,0,0,0,0,0,0,0
2002,421423,1,1,0,0,0,0,0,0,0,0,0,0
2002,421424,0,1,22,31,36,23,11,31,7,0,17,17
2002,421424,1,1,0,0,0,0,0,0,0,0,0,0
2002,421425,1,1,11,11,11,11,11,11,11,11,11,11
2002,421426,1,1,0,0,0,0,0,0,0,0,0,0
2002,421426,2,1,24,24,24,24,24,24,24,24,24,24
2002,421427,1,1,20,20,20,20,20,20,20,20,20,20
2002,421428,1,1,18,18,18,18,18,18,18,18,18,18
2002,421429,0,1,0,0,0,0,0,0,0,0,0,0
2002,421429,0,2,0,0,0,0,0,0,0,0,0,2
2002,421429,1,1,0,0,0,0,0,0,0,0,0,0
2002,421430,0,1,0,0,0,0,0,0,0,0,0,0
2002,421430,0,2,0,0,0,0,0,0,0,0,0,0
2002,421430,1,1,0,0,0,0,0,0,0,0,0,0
2002,421431,1,1,0,0,0,0,0,0,0,0,0,0
2002,421432,1,1,0,0,11,17,16,14,25,12,26,24
2002,421433,1,1,1,1,1,1,1,1,1,1,1,1
2002,421433,2,1,0,0,0,0,0,0,0,0,0,0
2002,421434,1,1,31,31,31,31,31,31,31,31,31,31
2002,421435,1,1,28,28,28,28,28,28,28,28,28,28
2002,421436,1,1,22,22,22,22,22,22,22,22,22,22
2002,421437,1,1,10,10,0,21,0,0,16,16,11,0
2002,421438,1,1,12,12,12,12,12,12,12,12,12,12
2002,421439,1,1,0,0,0,0,0,0,0,0,0,0
2002,421439,2,1,0,0,0,0,0,0,0,0,0,0
2002,421440,1,1,0,0,0,0,0,0,0,0,0,0
2002,421441,1,1,25,25,25,25,25,25,25,25,25,25
2002,421442,1,1,0,0,0,0,0,0,0,0,0,0
2002,421443,1,1,0,0,0,0,0,0,0,0,0,0
2002,421444,1,1,0,0,0,0,0,0,0,0,0,0
2002,421444,2,1,0,0,0,0,0,0,0,0,0,0
2002,421445,1,1,7,0,0,0,0,0,0,21,0,0
2002,421445,2,1,0,0,0,0,0,0,11,0,0,0
2002,421446,1,1,0,0,0,0,0,0,0,0,0,0
2002,421447,1,1,0,0,0,0,0,0,0,0,0,0
2002,421447,2,1,0,0,0,0,0,0,0,0,0,0
2002,421448,1,1,19,19,19,19,19,19,19,19,19,19
2002,421449,1,1,0,0,0,0,0,0,0,0,0,0
2002,421449,2,1,0,0,0,0,0,0,0,0,0,0
2002,421449,3,1,0,0,0,0,0,0,0,0,0,0
2002,421450,1,1,0,0,18,12,22,18,20,0,24,8
2002,421451,1,1,0,0,0,0,0,0,0,0,0,0
2002,421451,2,1,0,0,0,0,0,0,0,0,0,0
2002,421452,1,1,0,0,0,0,0,0,0,0,0,0
2002,421453,0,1,0,0,0,0,0,0,0,0,0,0
2002,421453,1,1,0,0,0,0,0,0,0,0,0,0
2002,421454,0,1,0,0,0,0,0,0,0,0,0,0
2002,421454,0,2,4,0,34,28,0,0,19,26,30,19
2002,421454,0,3,0,14,12,21,0,0,0,0,0,9
2002,421454,1,1,0,0,0,0,0,0,0,0,0,0
2002,421455,0,1,0,18,0,0,14,0,0,0,0,0
2002,421455,1,1,0,0,0,31,0,0,0,13,0,0
2002,421456,1,1,9,9,9,9,9,9,9,9,9,9
2002,421457,1,1,15,15,15,15,15,15,15,15,15,15
2002,421458,1,1,0,0,0,15,21,0,0,8,0,0
2002,421458,2,1,0,0,0,0,0,0,0,0,0,0
2002,421460,1,1,0,0,0,0,0,0,0,0,0,0
2002,421461,1,1,0,0,0,0,0,0,0,0,0,0
2002,421462,0,1,0,0,0,0,0,0,0,0,0,0
2002,421462,1,1,0,0,0,0,0,0,0,0,10,0
2002,421463,1,1,14,14,14,14,14,14,14,14,14,14
2002,421463,2,1,0,0,0,0,0,0,0,18,0,0
2002,421464,1,1,9,9,9,9,9,9,9,9,9,9
2002,421464,2,1,0,0,0,0,0,0,0,0,0,0
2002,421465,0,1,0,0,0,0,0,0,0,0,0,0
2002,421465,1,1,0,0,0,0,0,0,0,0,0,0
2002,421466,1,1,0,0,0,0,0,0,0,0,0,0
2002,421466,2,1,0,0,0,0,0,0,0,0,0,0
2002,421467,1,1,0,0,0,0,0,0,0,0,0,0
2002,421468,0,1,7,21,10,0,0,0,0,0,0,0
2002,421468,1,1,0,0,0,0,0,0,0,0,0,0
2002,421469,1,1,0,0,0,0,0,0,0,0,0,0
2002,421469,2,1,0,0,0,0,0,0,0,0,0,0
2002,421470,0,1,0,0,0,0,0,0,0,0,0,0
2002,421470,1,1,0,0,0,0,0,0,0,0,0,0
2002,421471,0,1,0,0,0,0,0,0,0,0,0,0
2002,421471,1,1,0,0,0,0,0,0,0,0,0,0
2002,421472,0,1,0,0,0,0,0,0,0,0,0,0
2002,421472,1,1,0,0,0,0,0,0,0,0,0,0
2002,421473,1,1,0,0,0,0,0,0,0,0,0,0
2002,421473,2,1,0,0,0,0,0,0,0,0,0,0
2002,421474,1,1,0,0,0,0,0,0,0,0,0,0
2002,421474,2,1,0,0,0,0,0,0,0,0,0,0
2002,421475,0,1,0,0,0,0,0,0,4,0,0,0
2002,421475,0,2,0,0,0,22,7,0,0,19,0,0
2002,421475,1,1,22,22,22,22,22,22,22,22,22,22
2002,440001,0,1,16,16,16,16,16,16,16,16,16,16
2002,440001,1,1,0,0,0,8,0,0,22,15,7,12
2002,440002,1,1,10,10,10,10,10,10,10,10,10,10
2002,440003,1,1,0,9,0,0,13,13,9,0,0,0
2002,440004,1,1,0,0,0,0,0,0,0,0,0,0
2002,440005,1,1,0,0,0,0,0,0,0,0,0,0
2002,440006,1,1,19,19,19,19,19,19,19,19,19,19
2002,440007,1,1,5,5,5,5,5,5,5,5,5,5
2002,440008,1,1,0,0,0,0,0,0,0,0,0,0
2002,440008,2,1,0,0,0,0,0,0,0,0,0,0
2002,440009,1,2,18,21,0,13,6,16,10,12,0,25
2002,440010,1,1,0,0,0,0,0,0,0,0,0,0
2002,440010,2,1,10,0,0,0,0,0,0,0,0,0
2002,440011,1,1,25,25,25,25,25,25,25,25,25,25
2002,440012,1,1,0,0,0,0,0,0,0,0,0,0
2002,440012,2,1,0,0,0,0,0,0,0,0,0,0
2002,440013,1,1,0,0,0,0,0,0,0,0,0,0
2002,440013,2,1,0,0,0,0,0,27,0,0,0,0
2002,440014,1,1,0,0,0,0,0,0,0,0,0,0
2002,440014,2,1,0,0,0,0,0,0,0,0,0,0
2002,440015,1,1,11,11,11,11,11,11,11,11,11,11
2002,440016,0,1,0,0,0,0,0,0,0,0,17,0
2002,440016,1,1,16,0,0,0,0,0,0,11,0,0
2002,440017,1,1,19,19,19,19,19,19,19,19,19,19
2002,440018,1,1,21,21,8,5,19,26,13,10,0,9
2002,440019,1,1,12,12,12,12,12,12,12,12,12,12
2002,440020,1,1,19,19,19,19,19,19,19,19,19,19
2002,440020,2,1,0,0,17,0,0,0,0,0,0,0
2002,440021,1,1,6,6,6,6,6,6,6,6,6,6
2002,440022,1,1,0,0,0,0,0,0,0,0,0,0
2002,440022,2,1,11,0,0,7,0,0,0,0,0,0
2002,440023,1,1,0,0,0,0,0,0,0,0,0,0
2002,440024,0,1,15,15,15,15,15,15,15,15,15,15
2002,440024,1,1,11,23,16,10,11,18,21,10,15,7
2002,440025,1,1,3,3,3,3,3,3,3,3,3,3
2002,440026,1,1,27,27,27,27,27,27,27,27,27,27
2002,440027,1,1,20,20,20,20,20,20,20,20,20,20
2002,440028,1,1,0,0,0,0,0,0,0,0,0,0
2002,440028,2,1,0,0,0,16,0,0,0,0,0,4
2002,440029,1,1,0,0,0,0,0,0,0,0,0,0
2002,440029,2,1,10,0,18,10,11,16,0,9,19,19
2002,440030,1,1,0,0,0,0,0,0,0,0,0,0
2002,440031,1,2,12,16,15,20,6,17,10,6,6,29
2002,440031,2,1,0,0,0,7,0,0,0,0,0,0
2002,440032,1,1,0,0,0,0,0,0,0,0,0,0
2002,440032,2,1,0,0,0,0,0,0,0,10,0,0
2002,440033,1,2,16,16,16,16,16,16,16,16,16,16
2002,440034,0,1,4,4,4,4,4,4,4,4,4,4
2002,440034,1,1,0,0,0,14,0,0,0,0,0,0
2002,440035,1,1,0,0,0,0,0,0,0,0,0,0
2002,440035,2,1,0,0,0,0,0,0,0,0,0,0
2002,440035,3,1,0,0,0,0,0,0,0,0,0,0
2002,440036,1,1,40,40,40,40,40,40,40,40,40,40
2002,440037,1,2,17,18,8,11,13,18,26,7,13,7
2002,440038,1,1,30,30,30,30,30,30,30,30,30,30
2002,440039,1,2,0,0,0,0,0,0,0,0,0,0
2002,440039,2,1,0,0,0,0,0,0,0,0,0,0
2002,440040,1,1,0,0,0,0,0,0,0,0,0,0
2002,440041,1,1,23,23,23,23,23,23,23,23,23,23
2002,440042,1,1,7,7,7,7,7,7,7,7,7,7
2002,440043,1,2,0,0,0,0,0,0,0,0,0,0
2002,440043,2,1,0,0,0,0,0,0,0,0,0,0
2002,440044,1,1,13,13,13,13,13,13,13,13,13,13
2002,440045,1,1,11,11,11,11,11,11,11,11,11,11
2002,440046,1,1,13,13,13,13,13,13,13,13,13,13
2002,440046,2,1,0,0,0,0,0,0,0,0,0,0
2002,440047,1,1,18,18,18,18,18,18,18,18,18,18
2002,440048,1,1,0,0,0,0,0,0,0,0,0,0
2002,440048,2,1,0,0,0,0,0,0,0,0,0,0
2002,440049,1,1,8,8,8,8,8,8,8,8,8,8
2002,440049,2,1,10,12,0,0,18,7,22,0,10,8
2002,440050,1,1,0,0,0,0,0,0,0,0,0,0
2002,440051,1,1,14,14,14,14,14,14,14,14,14,14
2002,440052,0,1,0,0,0,0,0,0,0,0,0,0
2002,440052,1,1,0,2,0,0,0,0,22,0,0,0
2002,440053,1,1,1,1,1,1,1,1,1,1,1,1
2002,440053,2,1,0,0,0,0,0,0,0,0,0,0
2002,440054,1,1,9,9,9,9,9,9,9,9,9,9
2002,440055,1,1,23,23,23,23,23,23,23,23,23,23
2002,440055,2,1,0,0,0,0,0,0,0,0,0,0
2002,440056,1,2,0,0,0,0,0,0,0,0,0,0
2002,440057,1,1,0,0,0,0,0,0,0,0,0,0
2002,440058,0,1,2,2,2,2,2,2,2,2,2,2
2002,440058,1,1,0,15,0,0,0,0,0,0,0,0
2002,440059,1,1,0,0,0,0,0,0,0,0,0,0
2002,440060,1,1,26,26,26,26,26,26,26,26,26,26
2002,440061,1,2,0,0,0,0,0,0,0,0,0,0
2002,440061,2,1,0,0,0,0,0,0,0,0,0,0
2002,440062,1,1,0,6,0,0,0,0,0,0,34,0
2002,440062,2,1,0,0,0,0,0,0,0,0,0,0
2002,440063,1,1,0,0,0,0,0,0,0,0,0,0
2002,440063,2,1,0,0,0,0,0,0,0,0,0,0
2002,440064,1,1,0,0,0,0,0,0,0,0,0,0
2002,440064,2,1,0,0,0,0,0,0,0,0,0,0
2002,440065,0,1,22,0,0,0,0,0,0,0,38,9
2002,440065,1,1,0,0,0,0,0,0,0,0,0,0
2002,440066,1,1,0,0,0,0,0,0,0,0,0,0
2002,440066,2,1,0,0,0,0,0,0,0,0,0,0
2002,440067,1,1,33,33,33,33,33,33,33,33,33,33
2002,440067,2,1,0,0,0,0,0,0,0,0,0,0
2002,440068,1,1,0,0,0,0,0,0,0,0,0,0
2002,440068,2,1,0,0,0,0,0,0,0,0,0,0
2002,440069,1,2,21,21,21,21,21,21,21,21,21,21
2002,440069,2,1,11,0,14,12,20,0,0,18,0,19
2002,440070,1,1,20,20,20,20,20,20,20,20,20,20
2002,440070,2,1,0,6,0,18,16,12,0,0,0,22
2002,440070,3,1,0,0,0,13,0,0,0,0,0,11
2002,440070,4,1,6,0,0,3,0,0,0,8,0,0
2002,440070,5,1,0,0,0,0,0,0,11,20,0,0
2002,440071,1,3,0,0,12,0,7,13,12,0,0,0
2002,440072,1,1,0,0,0,0,0,0,0,0,0,0
2002,440072,2,1,14,12,0,0,0,9,0,0,10,17
2002,440073,1,1,0,16,0,7,13,11,27,28,20,0
2002,440074,1,1,0,0,0,0,0,0,0,0,0,0
2002,440075,1,2,23,19,5,13,17,0,21,28,12,3
2002,440075,2,1,0,0,0,0,0,0,0,0,0,0
2002,440076,1,2,14,0,20,5,19,0,0,9,0,0
2002,440077,1,1,0,0,0,0,0,0,0,0,0,0
2002,440078,1,2,0,0,0,0,3,0,0,0,0,0
2002,440078,2,1,0,0,0,0,0,0,0,0,0,0
2002,440078,3,1,0,0,0,0,0,0,0,0,0,0
2002,440079,0,1,0,0,0,0,0,0,0,0,0,0
2002,440079,1,1,6,0,0,8,13,0,0,0,3,0
2002,440080,0,1,12,12,12,12,12,12,12,12,12,12
2002,440080,1,1,0,0,0,0,25,0,0,0,0,23
2002,440081,0,1,0,0,0,0,0,0,0,0,0,0
2002,440081,1,1,0,8,0,0,0,0,13,0,0,0
2002,440081,2,1,0,0,0,0,0,0,0,17,0,0
2002,450001,0,1,24,24,24,24,24,24,24,24,24,24
2002,450002,1,1,0,0,0,0,0,0,0,0,0,0
2002,450002,2,1,0,0,0,0,0,0,0,0,0,0
2002,450003,1,1,0,0,0,0,14,0,0,0,0,0
2002,450003,2,1,0,0,0,0,0,0,0,0,0,0
2002,450004,1,1,0,0,0,0,0,0,0,0,0,0
2002,450004,2,1,0,0,0,0,0,0,0,0,0,0
2002,450005,1,1,26,23,30,12,7,19,19,11,20,14
2002,450006,1,1,17,0,0,0,0,0,0,0,0,4
2002,450006,2,1,0,0,0,0,0,0,0,0,0,0
2002,450007,1,1,19,19,19,19,19,19,19,19,19,19
2002,450008,1,1,17,1,2,11,13,5,14,0,19,19
2002,450009,1,1,8,8,8,8,8,8,8,8,8,8
2002,450010,1,1,0,0,0,0,0,0,0,0,0,0
2002,450010,2,1,0,0,0,0,0,0,0,0,0,0
2002,450011,1,1,0,0,0,0,0,0,0,0,0,0
2002,450011,2,1,0,0,0,0,0,0,0,0,0,0
2002,450012,1,1,2,2,2,2,2,2,2,2,2,2
2002,450013,0,1,16,0,0,0,0,0,0,0,27,0
2002,450013,1,1,0,0,9,0,0,0,13,0,0,0
2002,450013,2,1,0,0,0,0,0,0,0,0,0,0
2002,450014,1,1,14,14,14,14,14,14,14,14,14,14
2002,450015,0,1,19,19,19,19,19,19,19,19,19,19
2002,450015,1,1,0,0,0,0,0,0,17,0,0,0
2002,450016,1,1,14,14,14,14,14,14,14,14,14,14
2002,450017,0,1,15,15,15,15,15,15,15,15,15,15
2002,450017,1,1,0,0,16,0,0,0,0,0,0,0
2002,450018,1,1,24,24,24,24,24,24,24,24,24,24
2002,450019,1,1,19,20,17,32,30,14,11,32,17,14
2002,450020,1,1,0,0,31,0,32,0,14,0,0,19
2002,450021,1,1,0,0,0,0,0,0,0,0,0,0
2002,450022,1,1,0,0,0,0,0,0,0,0,0,0
2002,450022,2,1,0,0,0,0,0,0,0,0,0,0
2002,450023,1,1,0,20,0,5,0,19,31,0,10,0
2002,450023,2,1,25,25,25,25,25,25,25,25,25,25
2002,450024,1,1,0,0,0,0,0,0,0,0,0,0
2002,450024,2,1,0,0,0,0,0,0,0,0,0,0
2002,450025,0,1,14,14,14,14,14,14,14,14,14,14
2002,450025,0,2,25,21,0,27,27,46,6,15,0,0
2002,450025,1,1,0,0,0,0,0,0,0,0,0,0
2002,450026,1,1,0,0,0,0,0,0,0,0,0,0
2002,450026,2,1,16,16,16,16,16,16,16,16,16,16
2002,450027,1,1,0,0,0,0,18,0,0,0,0,0
2002,450028,0,1,0,8,0,0,0,18,0,0,0,0
2002,450028,1,1,0,12,0,0,0,0,0,0,0,0
2002,450029,1,1,0,0,0,0,0,0,0,0,0,0
2002,450030,1,1,0,0,0,0,0,0,0,0,0,0
2002,450031,1,1,26,26,26,26,26,26,26,26,26,26
2002,450032,1,1,0,7,0,0,0,0,0,0,0,0
2002,450032,2,1,0,0,0,0,0,0,0,0,0,0
2002,450033,1,1,28,28,28,28,28,28,28,28,28,28
2002,450034,1,1,0,0,0,0,0,0,0,0,0,0
2002,450034,2,1,0,0,0,0,7,0,0,0,0,0
2002,450035,1,1,16,16,16,16,16,16,16,16,16,16
2002,450036,1,1,15,15,15,15,15,15,15,15,15,15
2002,450037,0,1,0,0,0,0,0,0,0,0,0,0
2002,450037,1,1,0,0,0,0,0,0,0,0,0,0
2002,450038,1,1,16,16,16,16,16,16,16,16,16,16
2002,450039,0,1,0,0,0,0,0,0,0,0,0,0
2002,450039,1,1,0,17,28,0,0,0,0,17,0,0
2002,450040,1,1,0,0,0,0,0,0,0,0,0,0
2002,450040,2,1,0,0,0,0,0,0,0,0,0,0
2002,450042,1,1,0,0,0,0,0,0,0,0,0,0
2002,450043,1,1,0,0,0,16,0,4,0,2,3,11
2002,450043,2,1,0,0,0,0,0,0,0,0,0,0
2002,450043,3,1,0,0,0,0,0,0,0,0,0,0
2002,450044,1,1,14,14,14,14,14,14,14,14,14,14
2002,450044,2,1,0,0,0,0,0,0,0,0,0,0
2002,450045,1,1,13,13,13,13,13,13,13,13,13,13
2002,450046,1,1,10,10,10,10,10,10,10,10,10,10
2002,450047,1,1,30,30,30,30,30,30,30,30,30,30
2002,450048,1,1,0,0,0,0,0,0,0,0,0,0
2002,450048,2,1,0,0,0,0,0,0,0,0,0,0
2002,450049,1,1,0,23,26,15,13,9,21,14,12,21
2002,450049,2,1,7,0,0,0,0,0,0,0,0,0
2002,450049,3,1,0,0,0,0,0,0,0,0,0,0
2002,450050,1,1,0,0,0,0,0,0,13,8,0,0
2002,450050,2,1,30,30,30,30,30,30,30,30,30,30
2002,450051,1,1,0,0,0,0,0,0,0,0,0,0
2002,450052,1,1,13,13,13,13,13,13,13,13,13,13
2002,450053,1,1,0,0,0,0,0,0,0,0,0,0
2002,450053,2,1,0,0,0,0,3,0,0,0,17,0
2002,450053,3,1,23,23,23,23,23,23,23,23,23,23
2002,450054,1,1,0,8,0,0,0,0,0,22,0,0
2002,450055,1,1,25,25,25,25,25,25,25,25,25,25
2002,450056,1,1,0,0,0,24,0,0,0,0,0,0
2002,450056,2,1,26,26,26,26,26,26,26,26,26,26
2002,450057,0,1,17,17,17,17,17,17,17,17,17,17
2002,450057,1,1,0,0,0,0,24,0,0,6,0,0
2002,450058,1,1,0,0,0,0,17,0,0,0,0,0
2002,450058,2,1,0,0,0,0,0,0,0,0,0,0
2002,450058,3,1,24,0,0,0,0,0,0,13,0,0
2002,450058,4,1,0,0,0,0,0,0,0,0,0,0
2002,450058,5,1,0,0,0,0,0,0,0,0,0,0
2002,450058,6,1,0,0,0,0,0,0,0,0,0,0
2002,450058,7,1,0,0,0,0,0,0,0,0,0,0
2002,450059,1,1,13,13,13,13,13,13,13,13,13,13
2002,450059,2,1,0,0,0,0,0,5,0,0,0,0
2002,450060,0,1,0,0,0,0,0,0,0,0,0,0
2002,450060,1,1,0,0,0,0,0,0,0,0,0,0
2002,450061,1,1,5,7,0,12,10,0,0,10,6,24
2002,450061,2,1,3,0,0,0,0,0,0,0,0,0
2002,450062,1,1,0,0,0,0,0,0,0,0,0,0
2002,450062,2,1,0,0,0,0,0,0,0,0,0,0
2002,450063,1,1,0,0,0,0,0,0,0,0,0,0
2002,450064,1,1,0,9,20,15,22,10,18,3,0,13
2002,450065,1,1,6,2,4,0,3,0,0,10,0,0
2002,450065,2,1,0,0,0,0,0,0,0,0,0,0
2002,450066,1,1,19,19,19,19,19,19,19,19,19,19
2002,450067,1,1,0,0,0,0,0,0,0,0,0,0
2002,450068,1,1,0,12,0,0,24,0,0,0,13,0
2002,450068,2,1,21,21,21,21,21,21,21,21,21,21
2002,450069,1,1,0,0,0,0,0,0,0,0,0,0
2002,450070,1,1,11,11,11,11,11,11,11,11,11,11
2002,450071,1,1,0,0,0,0,0,0,0,0,0,0
2002,450072,1,1,0,8,0,0,0,0,0,0,0,0
2002,450072,2,1,0,0,0,0,0,0,0,0,0,0
2002,450073,1,1,15,15,15,15,15,15,15,15,15,15
2002,450074,1,1,0,0,0,0,0,0,0,0,0,0
2002,450074,2,1,22,22,22,22,22,22,22,22,22,22
2002,450075,1,1,7,7,7,7,7,7,7,7,7,7
2002,450076,1,1,14,14,14,14,14,14,14,14,14,14
2002,450077,1,1,0,0,0,0,0,11,0,0,0,0
2002,450077,2,1,0,0,0,0,0,0,0,0,0,0
2002,450078,1,1,26,10,15,10,19,35,0,22,30,14
2002,450079,1,1,0,0,0,0,0,0,0,0,0,0
2002,450079,2,1,0,0,0,0,0,0,11,0,0,0
2002,450080,1,1,0,0,0,0,0,0,0,0,0,0
2002,450080,2,1,0,0,0,0,0,0,0,0,0,0
2002,450081,1,1,20,20,20,20,20,20,20,20,20,20
2002,450082,1,1,0,0,0,0,0,0,0,0,0,0
2002,450082,2,1,0,0,0,0,0,0,0,0,0,0
2002,450083,0,1,0,0,0,0,0,0,0,0,0,0
2002,450083,1,1,0,0,0,13,0,0,0,7,0,22
2002,450084,1,1,22,22,22,22,22,22,22,22,22,22