YEAR,ST_CASE,veh_no,per_no,P1,P2,P3,P4,P5,P6,P7,P8,P9,P10
2002,450683,1,1,20,20,20,20,20,20,20,20,20,20
2002,450684,1,1,0,0,0,0,0,0,0,0,0,0
2002,450685,0,1,0,0,0,0,0,0,0,0,0,0
2002,450685,1,1,0,0,0,0,0,0,20,0,0,0
2002,450686,1,1,0,0,0,0,0,0,0,0,0,0
2002,450686,2,1,0,0,0,15,0,0,0,0,0,0
2002,450687,1,1,6,7,5,0,19,0,0,3,14,16
2002,450687,2,1,0,0,0,0,0,0,0,0,0,0
2002,450687,3,1,0,0,0,0,0,0,0,0,0,0
2002,450688,1,1,9,9,9,9,9,9,9,9,9,9
2002,450688,2,1,7,3,10,23,14,19,33,14,15,32
2002,450689,1,1,0,0,0,0,12,17,0,0,8,0
2002,450689,2,1,20,0,8,0,0,0,5,0,5,10
2002,450690,1,1,7,25,15,37,0,10,10,19,11,11
2002,450691,1,1,13,16,0,23,0,0,11,0,0,0
2002,450692,1,1,25,25,25,25,25,25,25,25,25,25
2002,450693,0,1,28,28,28,28,28,28,28,28,28,28
2002,450693,1,1,0,0,0,15,0,0,0,0,0,0
2002,450693,2,1,0,0,0,0,0,0,0,0,0,0
2002,450694,1,1,0,0,0,0,0,0,0,25,0,0
2002,450694,2,1,0,0,6,0,0,0,0,0,0,0
2002,450695,1,1,0,0,0,0,0,0,0,0,0,0
2002,450695,2,1,0,0,0,5,0,0,0,0,0,0
2002,450696,1,1,3,3,3,3,3,3,3,3,3,3
2002,450697,1,1,10,10,10,10,10,10,10,10,10,10
2002,450698,1,1,16,9,0,12,28,0,0,0,0,0
2002,450699,1,1,27,27,27,27,27,27,27,27,27,27
2002,450700,1,1,6,17,0,0,0,0,0,0,0,0
2002,450700,2,1,0,14,9,0,0,0,0,28,17,0
2002,450701,0,1,30,30,30,30,30,30,30,30,30,30
2002,450701,1,1,3,0,0,0,0,0,12,0,0,0
2002,450702,1,1,19,19,19,19,19,19,19,19,19,19
2002,450703,1,1,16,22,22,34,12,13,24,21,20,31
2002,450703,2,1,0,0,0,0,17,0,0,0,0,0
2002,450704,0,1,0,0,0,0,0,0,0,0,0,0
2002,450704,1,1,0,0,0,0,0,0,0,0,0,0
2002,450705,1,1,0,0,0,0,0,0,0,0,10,0
2002,450705,2,1,25,25,25,25,25,25,25,25,25,25
2002,450706,1,1,0,0,0,27,10,0,0,17,13,0
2002,450707,1,1,0,0,0,0,0,0,0,0,0,0
2002,450707,2,1,0,18,19,6,0,0,0,6,0,0
2002,450708,1,1,17,13,9,8,17,11,8,14,17,11
2002,450709,0,1,22,22,22,22,22,22,22,22,22,22
2002,450709,1,1,17,4,14,23,0,14,19,14,12,8
2002,450710,1,1,15,15,15,15,15,15,15,15,15,15
2002,450710,2,1,0,0,0,0,0,0,0,0,0,0
2002,450710,3,1,0,7,0,0,0,0,7,0,6,0
2002,450711,1,1,20,0,0,0,13,38,10,30,17,15
2002,450712,1,1,0,0,0,0,0,4,0,0,0,0
2002,450712,2,1,0,0,0,0,15,0,21,0,0,0
2002,450713,1,1,14,14,14,14,14,14,14,14,14,14
2002,450713,2,1,9,14,24,12,14,11,9,10,5,9
2002,450714,1,1,0,0,0,0,0,0,0,0,0,0
2002,450714,2,1,0,0,0,0,0,0,0,0,0,0
2002,450715,1,1,11,9,0,16,5,13,5,10,14,0
2002,450716,1,1,0,0,0,7,18,0,0,21,17,17
2002,450717,1,1,25,25,25,25,25,25,25,25,25,25
2002,450718,1,1,0,0,0,0,0,0,0,0,0,0
2002,450719,1,1,0,0,0,0,0,0,0,0,0,0
2002,450719,2,1,0,0,0,0,0,0,0,0,0,0
2002,450720,1,1,18,18,18,18,18,18,18,18,18,18
2002,450721,1,1,0,0,0,0,0,0,0,0,0,0
2002,450722,1,1,0,0,0,0,0,0,0,0,0,0
2002,450723,1,1,3,3,3,3,3,3,3,3,3,3
2002,450724,1,1,4,4,4,4,4,4,4,4,4,4
2002,450724,2,1,0,0,0,0,0,0,0,0,0,0
2002,450725,1,1,0,0,0,0,0,0,0,0,0,0
2002,450726,1,1,0,0,0,0,0,0,0,0,0,0
2002,450726,2,1,0,0,0,0,0,0,0,0,0,0
2002,450727,1,1,13,10,0,13,16,19,4,9,23,18
2002,450728,1,1,0,0,0,0,0,0,0,0,0,0
2002,450728,2,1,0,0,0,12,0,0,0,0,7,0
2002,450729,1,1,0,0,0,0,0,0,0,0,0,0
2002,450729,2,1,0,0,0,0,0,0,0,0,0,0
2002,450730,1,1,0,0,0,27,0,0,0,41,0,0
2002,450730,2,1,0,0,0,0,0,0,0,0,0,0
2002,450730,3,1,31,0,0,0,0,20,0,0,0,0
2002,450731,1,1,0,0,0,0,0,0,0,0,0,0
2002,450731,2,1,16,16,16,16,16,16,16,16,16,16
2002,450732,1,1,33,11,12,15,21,12,0,14,13,6
2002,450733,1,1,0,0,0,0,0,0,0,0,0,0
2002,450733,2,1,0,0,0,0,0,0,0,0,7,0
2002,450733,3,1,0,0,0,0,0,0,0,0,0,0
2002,450734,1,1,0,0,0,0,0,0,0,0,0,0
2002,450734,2,1,10,0,0,0,6,0,0,0,0,0
2002,450735,1,1,0,0,0,0,0,0,0,0,0,0
2002,450735,2,1,0,0,0,0,0,0,0,0,0,0
2002,450735,3,1,0,0,0,15,0,0,0,0,0,0
2002,450736,1,1,0,0,0,0,0,0,0,0,0,0
2002,450736,2,1,0,0,0,0,0,0,0,0,0,0
2002,450738,1,1,0,0,0,0,0,0,0,0,0,0
2002,450738,2,1,20,20,20,20,20,20,20,20,20,20
2002,450739,0,1,0,0,0,33,0,0,0,0,0,0
2002,450739,1,1,0,0,0,0,0,0,0,0,0,0
2002,450740,0,1,0,0,0,0,0,0,0,0,0,0
2002,450740,1,1,0,0,0,0,0,0,0,0,0,0
2002,450741,1,1,0,0,0,0,0,0,0,0,0,0
2002,450742,1,1,0,0,0,0,0,0,0,0,0,0
2002,450742,2,1,0,0,0,0,0,0,0,0,0,0
2002,450742,3,1,0,0,0,9,0,0,0,0,0,0
2002,450743,1,1,0,0,0,10,0,0,0,0,0,0
2002,450744,1,1,24,24,24,24,24,24,24,24,24,24
2002,450745,1,1,30,30,30,30,30,30,30,30,30,30
2002,450746,1,1,0,0,0,0,0,0,0,0,0,0
2002,450746,2,1,0,0,0,0,0,0,0,0,0,0
2002,450747,0,1,21,21,21,21,21,21,21,21,21,21
2002,450747,1,1,0,0,0,7,0,0,24,0,26,18
2002,450748,1,1,0,0,0,0,0,0,0,0,0,0
2002,450748,2,1,0,0,0,0,0,0,0,0,0,0
2002,450748,3,1,0,0,0,0,0,0,0,0,0,0
2002,450749,1,1,0,0,0,0,0,0,0,0,0,0
2002,450750,1,1,13,13,13,13,13,13,13,13,13,13
2002,450751,1,1,0,0,0,0,0,0,0,0,0,0
2002,450752,0,1,0,0,0,0,0,0,0,0,3,21
2002,450752,1,1,0,0,0,0,0,0,0,0,0,0
2002,450753,1,1,0,0,0,0,0,0,0,0,0,0
2002,450753,2,1,0,0,10,0,0,0,22,0,12,0
2002,450754,1,1,0,0,0,0,32,0,0,0,10,16
2002,450754,2,1,0,0,12,0,0,0,0,0,0,0
2002,450755,0,1,22,0,0,0,0,0,0,0,0,0
2002,450755,1,1,0,0,0,9,0,0,0,0,0,0
2002,450756,1,1,0,0,0,0,0,0,0,0,0,0
2002,450756,2,1,0,0,0,0,0,0,0,0,0,0
2002,450757,1,1,0,0,0,13,0,0,0,0,0,0
2002,450758,1,1,11,0,0,11,33,0,7,0,18,0
2002,450758,2,1,10,0,0,0,0,0,18,14,16,19
2002,450759,0,1,0,0,0,0,0,0,0,0,0,0
2002,450759,1,1,0,0,0,0,0,0,10,0,0,0
2002,450760,1,1,0,0,0,12,0,0,0,0,0,0
2002,450760,2,1,0,0,0,0,0,0,0,0,0,0
2002,450761,1,1,13,0,0,0,0,0,0,0,0,0
2002,450761,2,1,16,28,0,0,0,0,5,5,0,25
2002,450762,1,1,0,0,0,0,0,0,0,0,15,0
2002,450763,1,1,7,0,24,16,0,9,12,2,32,0
2002,450764,1,1,0,0,0,0,6,0,0,0,0,0
2002,450764,2,1,0,0,0,0,0,0,0,0,0,0
2002,450765,1,1,8,32,20,10,14,6,7,25,14,8
2002,450766,1,1,0,0,0,0,0,0,0,0,0,0
2002,450766,2,1,24,0,0,0,26,0,0,0,0,0
2002,450767,1,1,0,0,0,0,0,0,0,0,0,0
2002,450767,2,1,0,0,0,0,0,0,0,0,0,0
2002,450767,3,1,0,0,0,0,0,0,15,11,0,0
2002,450767,4,1,0,0,0,0,0,0,0,0,0,0
2002,450768,1,1,17,0,0,0,0,0,0,0,0,0
2002,450768,2,1,0,0,0,0,0,0,0,0,0,0
2002,450769,1,1,0,18,0,0,8,0,0,0,0,0
2002,450770,1,1,17,16,13,7,31,30,14,28,7,20
2002,450771,1,1,17,17,17,17,17,17,17,17,17,17
2002,450772,1,1,0,0,0,0,0,0,0,0,0,0
2002,450772,2,1,0,0,0,0,0,0,0,0,0,0
2002,450773,1,1,0,0,0,0,0,0,0,0,0,17
2002,450773,2,1,0,0,0,0,0,15,0,0,0,24
2002,450773,3,1,0,0,0,0,0,0,0,0,0,0
2002,450774,1,1,0,0,0,10,0,0,0,0,0,0
2002,450774,2,1,0,0,0,0,0,0,0,0,0,0
2002,450774,3,1,3,0,0,0,0,0,0,0,0,0
2002,450775,1,1,16,0,0,22,10,11,0,5,12,0
2002,450775,2,1,0,0,0,0,0,0,0,0,0,0
2002,450776,1,1,0,19,20,6,22,0,10,0,0,0
2002,450776,2,1,0,0,0,21,0,0,0,0,0,0
2002,450777,0,1,8,8,8,8,8,8,8,8,8,8
2002,450777,1,1,0,0,0,0,0,0,0,0,0,0
2002,450778,1,1,11,14,12,21,6,0,0,0,7,0
2002,450778,2,1,14,14,14,14,14,14,14,14,14,14
2002,450779,1,1,0,5,0,0,0,0,0,0,0,0
2002,450779,2,1,0,0,0,0,0,0,0,0,0,0
2002,450781,1,1,17,24,25,0,0,0,17,35,18,18
2002,450782,1,1,31,31,31,31,31,31,31,31,31,31
2002,450783,0,1,1,1,1,1,1,1,1,1,1,1
2002,450783,1,1,0,14,28,0,15,0,0,0,15,18
2002,450784,1,1,0,0,0,0,0,0,0,0,0,0
2002,450784,2,1,0,0,0,0,0,0,0,0,0,0
2002,450784,3,1,0,0,0,0,0,0,0,0,0,0
2002,450785,1,1,0,0,0,0,0,0,0,0,0,0
2002,450786,1,1,0,0,0,0,0,0,0,0,0,0
2002,450786,2,1,0,0,0,0,0,0,0,0,0,0
2002,450787,1,1,0,20,0,22,33,0,0,0,0,0
2002,450787,2,1,4,0,13,0,11,6,13,0,6,12
2002,450788,1,1,15,15,15,15,15,15,15,15,15,15
2002,450789,1,1,0,0,0,0,0,0,0,0,0,0
2002,450789,2,1,0,0,0,0,0,0,0,0,0,10
2002,450790,1,1,17,16,11,9,14,13,22,13,14,25
2002,450791,1,1,22,22,22,22,22,22,22,22,22,22
2002,450792,1,1,23,7,18,21,16,12,11,8,7,3
2002,450793,1,1,0,0,6,0,0,0,0,0,0,0
2002,450793,2,1,14,0,0,0,0,0,0,0,0,0
2002,450794,1,1,0,0,0,14,0,0,0,0,0,0
2002,450794,2,1,0,0,0,0,0,0,0,0,0,0
2002,450795,1,1,0,0,0,0,21,0,28,23,0,10
2002,450796,0,1,31,31,31,31,31,31,31,31,31,31
2002,450796,1,1,0,0,0,0,0,0,0,0,0,11
2002,450797,0,1,0,0,0,0,0,0,0,0,0,0
2002,450797,1,1,0,0,0,0,0,0,0,0,0,0
2002,450798,1,1,22,22,22,22,22,22,22,22,22,22
2002,450799,1,1,23,9,23,26,31,21,18,21,13,10
2002,450800,1,1,10,10,10,10,10,10,10,10,10,10
2002,450801,1,1,0,0,0,0,0,0,0,0,0,0
2002,450801,2,1,0,0,0,0,0,0,0,0,0,0
2002,450802,1,1,0,0,0,0,0,0,0,0,0,19
2002,450803,1,1,24,27,13,23,10,18,40,17,8,25
2002,450804,1,1,0,0,0,0,0,0,0,0,0,0
2002,450805,1,1,0,0,13,34,15,0,0,0,0,0
2002,450806,1,1,0,12,13,0,0,0,6,20,22,0
2002,450807,0,1,0,32,33,0,0,27,0,28,0,25
2002,450807,1,1,0,8,0,16,13,6,11,12,6,7
2002,450808,1,1,19,22,27,23,18,21,13,32,34,25
2002,450809,1,1,0,0,0,0,0,0,0,0,0,0
2002,450810,1,1,40,40,40,40,40,40,40,40,40,40
2002,450811,1,1,19,19,19,19,19,19,19,19,19,19
2002,450812,0,1,27,27,27,27,27,27,27,27,27,27
2002,450812,1,1,9,0,0,0,0,0,14,0,0,0
2002,450813,1,1,0,0,0,0,0,0,0,0,0,0
2002,450814,1,1,19,19,19,19,19,19,19,19,19,19
2002,450815,1,1,0,26,0,0,19,0,0,0,0,0
2002,450815,2,1,23,23,23,23,23,23,23,23,23,23
2002,450816,1,1,12,12,12,12,12,12,12,12,12,12
2002,450817,1,1,21,21,21,21,21,21,21,21,21,21
2002,450818,1,1,25,25,25,25,25,25,25,25,25,25
2002,450819,1,1,0,0,0,0,0,0,0,0,0,14
2002,450820,1,1,0,0,0,0,0,0,0,0,0,0
2002,450820,2,1,0,0,0,0,0,0,0,0,6,0
2002,450821,0,1,0,0,0,0,0,0,0,0,0,0
2002,450821,1,1,15,0,0,0,0,0,0,0,0,0
2002,450822,1,1,0,0,0,0,0,0,0,0,0,0
2002,450823,1,1,33,33,33,33,33,33,33,33,33,33
2002,450824,1,1,26,26,26,26,26,26,26,26,26,26
2002,450825,0,1,11,0,0,0,0,11,0,0,0,0
2002,450825,1,1,0,0,0,0,0,0,0,0,0,0
2002,450826,1,1,11,11,11,11,11,11,11,11,11,11
2002,450827,1,1,28,28,28,28,28,28,28,28,28,28
2002,450828,1,1,0,0,0,11,0,0,0,0,0,0
2002,450829,1,1,0,0,0,0,0,0,0,0,0,0
2002,450829,2,1,0,0,0,0,0,0,0,0,0,0
2002,450830,1,1,0,0,0,0,0,0,0,0,0,0
2002,450830,2,1,0,0,0,0,0,0,0,0,0,0
2002,450830,3,1,0,0,0,0,0,0,0,0,0,0
2002,450831,1,1,0,0,0,0,0,0,0,0,0,0
2002,450831,2,1,18,14,0,0,0,0,0,0,0,0
2002,450832,1,1,0,0,0,0,0,0,0,0,0,0
2002,450832,2,1,0,0,0,0,0,0,0,0,0,0
2002,450833,1,1,0,0,0,0,0,0,0,0,0,0
2002,450833,2,1,0,0,0,0,0,0,0,0,0,0
2002,450834,1,1,14,29,22,12,37,20,6,15,14,14
2002,450834,2,1,0,0,0,0,0,0,0,0,0,0
2002,450835,1,1,0,0,0,21,0,15,23,0,0,0
2002,450835,2,1,0,0,0,0,0,0,0,0,0,0
2002,450836,0,1,0,0,0,0,0,0,0,0,4,0
2002,450836,0,2,30,2,0,7,0,23,9,0,0,15
2002,450836,0,3,0,0,0,0,32,2,0,0,0,0
2002,450836,1,1,17,6,0,0,0,13,0,22,0,11
2002,450837,1,1,32,32,32,32,32,32,32,32,32,32
2002,450838,1,1,24,24,24,24,24,24,24,24,24,24
2002,450839,1,1,0,0,0,0,0,0,0,0,0,22
2002,450840,1,1,0,0,0,0,0,0,0,0,5,0
2002,450840,2,1,0,0,0,0,0,0,19,0,0,19
2002,450841,1,1,0,0,0,0,10,17,0,12,0,0
2002,450842,1,1,4,4,4,4,4,4,4,4,4,4
2002,450843,1,1,0,0,0,0,0,0,0,0,0,0
2002,450843,2,1,0,0,0,0,10,0,0,0,24,0
2002,450843,3,1,0,0,0,0,0,0,0,0,0,0
2002,450844,0,1,22,0,0,22,0,19,35,17,0,21
2002,450844,1,1,24,26,8,15,36,32,13,19,17,21
2002,450844,2,1,0,0,0,0,8,0,35,0,0,0
2002,450845,1,1,0,0,0,0,0,0,0,0,0,0
2002,450845,2,1,0,0,0,0,0,0,0,0,0,0
2002,450847,1,1,0,0,0,0,0,0,0,0,0,0
2002,450847,2,1,0,0,0,0,0,0,0,0,0,0
2002,450848,1,1,0,0,0,0,0,0,11,0,0,0
2002,450848,2,1,0,0,0,0,0,0,0,0,0,7
2002,450849,1,1,16,0,0,20,18,0,0,9,22,0
2002,450850,1,1,7,16,28,35,23,7,8,15,19,20
2002,450851,0,1,0,0,0,0,0,16,23,20,0,0
2002,450851,1,1,0,0,0,0,0,0,0,0,0,0
2002,450852,1,1,0,0,0,0,0,0,0,0,0,0
2002,450852,2,1,0,0,0,0,0,0,0,0,0,0
2002,450853,1,1,16,7,17,22,19,17,23,18,13,16
2002,450854,0,1,0,0,0,0,0,0,0,0,0,0
2002,450854,1,1,0,0,0,0,0,0,0,0,6,0
2002,450855,1,1,0,0,0,0,0,0,0,0,0,0
2002,450855,2,1,0,0,0,0,8,0,0,0,0,0
2002,450856,1,1,28,28,28,28,28,28,28,28,28,28
2002,450856,2,1,0,0,0,0,0,0,0,0,0,0
2002,450857,1,1,21,21,21,21,21,21,21,21,21,21
2002,450858,1,1,0,0,0,0,0,0,15,0,0,0
2002,450858,2,1,17,0,0,0,0,0,0,0,0,14
2002,450859,1,1,0,0,0,0,0,0,0,0,0,0
2002,450859,2,1,0,0,0,0,0,0,0,0,0,0
2002,450859,3,1,0,0,0,0,0,0,0,0,0,0
2002,450860,0,1,6,6,6,6,6,6,6,6,6,6
2002,450860,1,1,0,0,0,0,0,0,0,0,0,0
2002,450861,1,1,0,0,0,0,0,0,0,0,0,0
2002,450861,2,1,16,16,16,16,16,16,16,16,16,16
2002,450862,1,1,0,12,0,0,0,0,39,0,16,16
2002,450862,2,1,0,0,0,0,0,0,11,0,0,0
2002,450863,1,1,0,0,0,0,0,0,0,0,0,0
2002,450863,2,1,0,0,0,0,0,0,0,0,0,0
2002,450863,3,1,0,0,0,0,0,0,0,0,0,0
2002,450864,1,1,0,0,0,0,0,0,0,0,0,0
2002,450864,2,1,0,0,0,0,0,0,0,0,0,0
2002,450865,1,1,0,0,0,0,0,0,0,0,0,0
2002,450865,2,1,6,6,6,6,6,6,6,6,6,6
2002,450866,1,1,0,0,0,0,0,0,0,0,0,0
2002,450866,2,1,14,14,14,14,14,14,14,14,14,14
2002,450866,3,1,0,0,0,0,0,0,0,0,0,0
2002,450867,1,1,0,0,0,0,0,0,4,0,0,0
2002,450867,2,1,0,0,0,0,0,0,0,0,0,0
2002,450868,1,1,18,27,0,21,0,18,13,12,16,26
2002,450868,2,1,23,23,23,23,23,23,23,23,23,23
2002,450869,1,1,0,0,0,0,0,0,0,0,0,0
2002,450870,0,1,48,48,48,48,48,48,48,48,48,48
2002,450870,1,1,0,0,0,0,0,0,0,0,0,0
2002,450871,1,1,0,0,0,14,0,0,0,0,11,0
2002,450872,1,1,17,13,24,20,15,12,24,26,12,5
2002,450872,2,1,12,0,0,20,14,21,0,0,30,0
2002,450873,1,1,0,21,0,0,13,0,0,13,24,0
2002,450873,2,1,28,21,7,17,7,15,20,17,7,21
2002,450874,0,1,0,0,0,0,0,0,0,20,0,0
2002,450874,1,1,0,0,0,13,0,9,0,34,0,0
2002,450874,2,1,13,0,15,0,20,11,0,25,25,0
2002,450874,3,1,0,0,0,0,0,0,0,0,0,0
2002,450875,1,1,23,23,23,23,23,23,23,23,23,23
2002,450876,1,1,0,9,0,0,17,8,0,9,0,0
2002,450876,2,1,0,0,0,0,0,0,0,0,0,0
2002,450877,1,1,0,0,0,0,0,0,0,0,0,0
2002,450877,2,1,0,0,0,0,0,0,0,0,0,0
2002,450878,0,1,0,0,0,0,0,0,0,0,0,0
2002,450878,1,1,0,0,0,0,0,0,0,0,0,0
2002,450879,1,1,0,0,0,0,0,0,0,0,0,0
2002,450880,1,1,21,35,0,8,20,0,30,18,16,30
2002,450881,1,1,0,0,0,0,31,0,0,25,0,0
2002,450882,1,1,0,20,25,2,0,25,14,30,15,27
2002,450883,1,1,0,0,0,0,0,0,0,0,0,0
2002,450884,1,1,0,0,0,0,0,21,11,0,18,0
2002,450885,1,1,0,0,0,0,0,0,0,0,0,0
2002,450886,1,1,0,10,0,0,0,0,0,0,0,0
2002,450886,2,1,0,0,0,13,0,0,0,0,0,0
2002,450887,1,1,0,0,0,0,0,0,0,0,0,10
2002,450888,1,1,29,12,23,27,11,18,24,26,27,24
2002,450889,1,1,0,0,0,0,0,0,0,0,4,0
2002,450890,1,1,0,26,0,0,0,0,0,0,0,0
2002,450890,2,1,0,0,0,0,0,0,0,0,0,0
2002,450891,1,1,0,0,0,0,0,0,0,11,18,0
2002,450891,2,1,0,0,0,0,0,0,0,0,0,0
2002,450892,1,1,0,0,0,0,0,0,0,0,0,0
2002,450892,2,1,0,0,0,0,0,0,0,0,0,0
2002,450893,1,1,0,0,0,0,0,6,0,0,0,0
2002,450894,1,1,0,0,0,0,0,0,0,0,0,0
2002,450894,2,1,0,19,0,0,0,0,0,0,0,0
2002,450895,1,1,0,0,0,0,0,0,0,0,0,0
2002,450895,2,1,0,0,0,0,0,0,0,0,0,11
2002,450895,3,1,0,0,0,0,13,0,0,0,0,0
2002,450896,1,1,25,25,25,25,25,25,25,25,25,25
2002,450897,1,1,9,14,17,7,17,20,5,10,18,7
2002,450898,1,1,21,0,20,7,9,20,0,20,20,9
2002,450899,1,1,13,8,0,8,0,8,11,15,0,18
2002,450900,1,1,7,6,12,8,22,3,17,17,11,17
2002,450901,1,1,25,12,16,6,10,30,29,27,23,14
2002,450902,1,1,0,0,0,0,0,0,0,0,0,0
2002,450902,2,1,0,0,0,0,0,0,0,0,0,0
2002,450903,1,1,0,0,0,0,0,0,0,0,0,0
2002,450904,1,1,0,0,0,0,0,0,0,0,0,0
2002,450904,2,1,0,0,0,0,0,0,0,0,0,0
2002,450905,1,1,0,0,0,0,11,21,0,0,0,0
2002,450905,2,1,0,0,0,0,0,0,0,0,0,0
2002,450906,1,1,0,0,0,0,0,0,0,0,0,0
2002,450907,0,1,0,0,0,0,0,0,0,0,0,0
2002,450907,1,1,0,0,0,0,0,9,0,0,0,0
2002,450908,1,1,0,0,0,0,0,0,0,0,0,0
2002,450908,2,1,0,0,0,0,0,0,0,0,0,0
2002,450909,1,1,0,0,11,0,0,0,0,0,0,0
2002,450910,1,1,0,0,0,0,0,0,0,0,0,14
2002,450911,1,1,0,0,0,0,0,0,0,0,0,0
2002,450912,1,1,0,0,0,0,0,0,10,0,0,4
2002,450912,2,1,0,0,0,0,0,0,0,0,0,0
2002,450913,1,1,23,10,23,14,8,12,16,12,26,15
2002,450914,1,1,8,10,12,11,12,13,18,17,9,20
2002,450914,2,1,34,9,0,0,12,19,0,0,0,0
2002,450915,1,1,0,0,0,0,0,0,0,0,0,0
2002,450916,1,1,20,0,16,12,14,0,0,12,0,13
2002,450916,2,1,0,0,16,0,0,0,0,0,0,0
2002,450917,1,1,23,9,11,6,21,16,19,10,8,7
2002,450918,1,1,0,0,0,0,0,0,0,0,0,0
2002,450919,0,1,0,0,0,0,0,0,0,0,0,0
2002,450919,1,1,7,0,0,0,0,0,0,0,0,0
2002,450920,1,1,0,0,0,0,0,0,0,14,0,0
2002,450920,2,1,0,0,0,0,0,0,0,0,0,0
2002,450921,0,1,27,27,27,27,27,27,27,27,27,27
2002,450921,1,1,8,0,0,0,0,0,19,0,0,0
2002,450922,1,1,15,37,19,17,17,19,18,8,29,12
2002,450923,1,1,13,13,13,13,13,13,13,13,13,13
2002,450924,1,1,17,8,25,4,0,11,19,0,39,11
2002,450925,1,1,22,15,35,13,27,14,8,16,12,8
2002,450926,1,1,0,0,0,0,0,0,0,0,0,0
2002,450926,2,1,0,0,0,0,0,0,0,0,0,14
2002,450927,1,1,0,0,0,0,0,0,0,0,0,12
2002,450927,2,1,0,0,13,0,0,0,0,0,0,0
2002,450928,1,1,21,21,21,21,21,21,21,21,21,21
2002,450928,2,1,0,0,0,0,0,0,0,0,11,27
2002,450929,1,1,0,0,0,0,12,0,0,0,0,0
2002,450929,2,1,15,0,0,4,6,0,0,0,0,31
2002,450930,1,1,0,0,0,0,0,0,0,0,0,0
2002,450931,1,1,0,0,0,0,0,0,0,0,0,0
2002,450931,2,1,0,0,0,0,0,0,0,0,0,0
2002,450932,1,1,0,0,14,0,0,0,0,22,0,0
2002,450933,1,1,12,0,0,0,0,0,0,0,0,0
2002,450934,1,1,0,0,0,0,0,0,0,0,0,0
2002,450935,1,1,0,0,0,0,0,0,0,0,0,21
2002,450936,1,1,19,25,16,27,12,17,14,17,0,4
2002,450937,1,1,0,0,0,21,0,0,0,0,11,0
2002,450937,2,1,0,0,0,14,15,0,25,33,27,0
2002,450938,1,1,8,13,11,16,0,27,13,30,20,14
2002,450938,2,1,0,0,0,0,0,0,12,15,10,0
2002,450939,1,1,0,15,0,0,0,0,0,0,0,0
2002,450940,1,1,0,0,0,0,0,0,0,0,0,0
2002,450940,2,1,0,0,0,0,0,0,0,0,0,0
2002,450941,1,1,0,0,0,0,10,0,0,0,0,0
2002,450942,1,1,0,0,0,0,0,0,0,0,0,0
2002,450942,2,1,0,0,0,0,0,0,0,0,0,0
2002,450943,1,1,0,0,0,0,0,0,0,0,0,0
2002,450943,2,1,0,0,0,0,0,0,0,0,0,0
2002,450944,1,1,14,7,23,0,0,0,0,18,0,13
2002,450945,1,1,0,0,0,0,0,0,0,0,0,0
2002,450945,2,1,0,0,0,21,0,0,0,0,26,0
2002,450946,1,1,0,0,0,0,0,0,0,0,0,0
2002,450946,2,1,0,0,0,0,0,0,0,0,0,0
2002,450947,0,1,0,0,0,0,0,0,0,0,0,0
2002,450947,1,1,0,0,0,0,0,0,0,0,0,0
2002,450948,1,1,0,0,0,0,11,18,0,0,0,0
2002,450949,1,1,0,0,0,0,0,0,0,0,0,0
2002,450950,1,1,26,26,26,26,26,26,26,26,26,26
2002,450951,1,1,0,0,0,0,0,0,0,0,0,0
2002,450951,2,1,14,19,25,5,14,17,10,0,15,14
2002,450952,0,1,4,11,0,29,0,0,35,19,0,30
2002,450952,1,1,8,26,8,15,0,16,14,8,3,12
2002,450953,0,1,0,0,0,15,0,0,0,0,18,53
2002,450953,1,1,0,0,0,0,0,0,0,0,0,0
2002,450954,1,1,0,0,0,0,0,0,0,0,0,0
2002,450954,2,1,0,0,0,0,0,0,0,5,0,3
2002,450955,1,1,27,11,42,37,16,16,9,20,25,38
2002,450956,0,1,0,0,0,0,0,0,0,0,0,0
2002,450956,1,1,0,0,0,0,14,0,0,0,0,13
2002,450957,1,1,14,24,0,0,30,29,10,7,10,21
2002,450958,1,1,15,11,14,0,12,6,0,0,12,0
2002,450959,0,1,24,26,0,29,14,11,0,0,19,0
2002,450959,1,1,0,4,20,0,10,0,20,26,17,18
2002,450960,0,1,0,0,0,0,0,0,0,0,0,0
2002,450960,1,1,0,0,0,0,0,0,0,0,0,0
2002,450962,1,1,0,0,0,0,0,0,0,0,0,0
2002,450962,2,1,0,0,0,0,0,0,0,0,0,0
2002,450962,3,1,0,0,0,0,0,0,0,0,0,0
2002,450964,1,1,0,0,0,0,0,0,0,0,0,0
2002,450965,1,1,0,0,0,2,0,0,19,0,0,0
2002,450965,2,1,0,0,4,0,0,0,0,0,16,0
2002,450967,1,1,24,0,0,0,0,0,0,0,0,0
2002,450967,2,1,0,0,0,16,0,0,0,0,0,0