YEAR,ST_CASE,veh_no,per_no,P1,P2,P3,P4,P5,P6,P7,P8,P9,P10
2002,460001,1,1,0,0,0,0,0,0,0,0,0,0
2002,460002,1,1,0,0,0,0,0,0,0,0,6,0
2002,460002,2,1,0,0,0,0,0,0,0,0,0,0
2002,460003,1,1,0,0,0,0,0,0,0,0,0,0
2002,460003,2,1,0,0,0,0,0,0,0,0,0,0
2002,460004,1,1,1,1,1,1,1,1,1,1,1,1
2002,460004,2,1,0,0,0,0,0,0,0,0,0,0
2002,460005,1,1,0,0,0,0,0,0,0,0,0,0
2002,460006,1,1,0,0,0,0,17,9,0,10,0,0
2002,460007,1,1,0,0,0,0,0,0,0,0,0,0
2002,460008,1,1,14,14,14,14,14,14,14,14,14,14
2002,460009,1,1,0,0,0,0,0,0,0,0,0,0
2002,460010,1,1,20,20,20,20,20,20,20,20,20,20
2002,460011,1,1,0,0,0,0,0,0,0,0,0,0
2002,460011,2,1,0,0,0,0,0,0,0,0,0,0
2002,460012,1,1,0,0,0,0,0,0,0,0,0,0
2002,460012,2,1,0,0,0,0,0,0,0,0,0,0
2002,460013,1,1,0,0,0,0,0,0,0,0,0,0
2002,460014,1,1,31,31,31,31,31,31,31,31,31,31
2002,460015,1,1,6,6,6,6,6,6,6,6,6,6
2002,460016,1,1,0,0,0,0,0,0,0,0,0,0
2002,460016,2,1,24,24,24,24,24,24,24,24,24,24
2002,460017,1,1,7,7,7,7,7,7,7,7,7,7
2002,460017,2,1,0,0,0,0,0,0,0,0,0,0
2002,460018,1,1,0,0,0,0,0,0,0,0,0,0
2002,460019,1,1,0,0,0,11,0,0,0,0,0,0
2002,460019,2,1,0,0,0,0,0,0,0,0,0,0
2002,460020,1,1,0,0,0,0,0,0,0,0,0,0
2002,460021,1,1,18,18,18,18,18,18,18,18,18,18
2002,460022,1,1,0,0,0,0,0,0,0,24,24,14
2002,460023,0,1,0,0,0,0,0,0,0,0,0,0
2002,460023,1,1,0,0,0,0,0,0,0,0,0,0
2002,460024,1,1,13,13,13,13,13,13,13,13,13,13
2002,460024,2,1,23,23,23,23,23,23,23,23,23,23
2002,460025,1,1,0,0,0,0,0,0,0,0,0,0
2002,460025,2,1,0,0,0,0,0,0,0,0,0,0
2002,460026,1,1,19,19,19,19,19,19,19,19,19,19
2002,460027,1,1,0,0,0,0,0,0,0,0,0,0
2002,460028,0,1,40,29,12,21,13,47,36,0,25,29
2002,460028,1,1,0,0,0,0,0,0,0,0,0,0
2002,460029,1,1,0,0,0,0,0,0,0,0,0,0
2002,460029,2,1,0,0,0,0,0,0,0,0,0,0
2002,460030,1,1,0,0,0,0,0,0,0,0,0,0
2002,460030,2,1,0,0,0,0,0,0,0,0,0,0
2002,460031,1,1,0,0,0,0,0,0,0,0,0,0
2002,460031,2,1,12,12,12,12,12,12,12,12,12,12
2002,460032,1,1,22,22,22,22,22,22,22,22,22,22
2002,460033,1,1,0,42,0,0,24,21,16,31,16,0
2002,460034,0,1,0,0,0,0,0,0,0,0,0,0
2002,460034,1,1,15,0,0,0,0,0,0,0,0,0
2002,460035,1,1,0,0,0,0,0,0,0,0,0,0
2002,460035,2,1,0,0,0,0,0,0,0,0,0,0
2002,460036,1,1,25,25,25,25,25,25,25,25,25,25
2002,460037,1,1,0,0,0,20,0,0,0,0,0,0
2002,460037,2,1,0,0,28,0,0,0,0,0,0,0
2002,460038,1,1,0,0,0,0,0,0,0,0,0,0
2002,460039,1,1,0,0,0,0,0,0,0,0,0,0
2002,460039,2,1,28,28,28,28,28,28,28,28,28,28
2002,460040,0,1,0,0,0,0,0,0,0,0,0,0
2002,460040,1,1,0,0,0,0,0,0,0,0,0,0
2002,460041,1,1,21,21,21,21,21,21,21,21,21,21
2002,460042,1,1,16,16,16,16,16,16,16,16,16,16
2002,460042,2,1,0,0,0,0,0,0,0,0,0,0
2002,460043,1,1,0,0,0,0,0,0,0,0,0,0
2002,460044,1,1,0,0,0,0,0,0,0,0,0,0
2002,460045,1,1,0,0,0,0,0,0,0,0,0,0
2002,460045,2,1,0,0,0,0,0,0,0,0,0,0
2002,460046,1,1,15,15,15,15,15,15,15,15,15,15
2002,460046,2,1,0,0,0,0,0,0,0,0,0,0
2002,460047,1,1,0,0,0,0,0,0,0,0,0,0
2002,460048,1,1,0,0,0,0,0,0,0,0,0,0
2002,460049,1,1,0,0,0,0,0,0,0,0,0,0
2002,460049,2,1,0,0,0,0,0,0,0,0,0,0
2002,460050,1,1,0,0,0,0,0,0,0,0,0,0
2002,460051,1,1,18,18,18,18,18,18,18,18,18,18
2002,460052,1,1,5,5,5,5,5,5,5,5,5,5
2002,460052,2,1,0,0,0,0,11,0,0,0,0,0
2002,460053,1,1,27,27,27,27,27,27,27,27,27,27
2002,460054,1,1,19,19,19,19,19,19,19,19,19,19
2002,460055,1,1,0,0,0,0,0,0,0,0,0,0
2002,460056,1,1,0,0,0,0,0,0,0,0,0,0
2002,460057,1,1,0,0,0,0,0,0,0,0,0,0
2002,460058,1,1,0,0,0,0,0,0,0,0,0,0
2002,460059,1,1,13,13,13,13,13,13,13,13,13,13
2002,460060,1,1,0,0,0,0,0,0,0,0,0,0
2002,460061,1,1,0,0,0,0,0,0,0,0,0,0
2002,460062,1,1,13,13,13,13,13,13,13,13,13,13
2002,460062,2,1,0,0,11,7,10,0,6,0,0,0
2002,460063,1,1,0,0,0,0,0,0,0,0,0,0
2002,460063,2,1,12,12,12,12,12,12,12,12,12,12
2002,460064,1,1,9,9,9,9,9,9,9,9,9,9
2002,460065,1,1,0,0,0,0,0,0,0,0,0,0
2002,460065,2,1,0,0,0,0,0,0,0,0,0,0
2002,460066,1,1,0,0,0,0,0,0,0,0,0,0
2002,460066,2,1,4,4,4,4,4,4,4,4,4,4
2002,460067,0,1,0,0,0,0,0,0,0,0,0,0
2002,460067,1,1,0,0,0,0,0,0,0,0,0,0
2002,460068,1,1,0,0,0,0,0,0,0,0,0,0
2002,460068,2,1,0,0,0,0,0,0,0,0,0,0
2002,460069,1,1,23,23,23,23,23,23,23,23,23,23
2002,460070,1,1,0,0,0,0,0,0,0,0,0,0
2002,460070,2,1,0,0,0,0,0,0,0,0,0,0
2002,460071,1,1,21,21,21,21,21,21,21,21,21,21
2002,460072,1,1,0,0,0,11,0,0,8,0,0,0
2002,460073,1,1,0,0,0,0,0,0,0,0,0,0
2002,460074,1,1,13,13,13,13,13,13,13,13,13,13
2002,460075,1,1,1,1,1,1,1,1,1,1,1,1
2002,460076,1,1,17,17,17,17,17,17,17,17,17,17
2002,460077,1,1,21,21,21,21,21,21,21,21,21,21
2002,460077,2,1,0,0,0,0,0,0,0,0,0,0
2002,460078,1,1,15,15,15,15,15,15,15,15,15,15
2002,460079,1,1,0,0,0,0,0,0,13,0,0,0
2002,460080,1,1,0,0,0,0,0,0,0,0,0,0
2002,460081,1,1,0,0,0,0,0,0,0,0,0,0
2002,460081,2,1,0,0,0,0,0,0,0,0,0,0
2002,460082,1,1,0,0,0,0,0,0,0,0,0,0
2002,460083,1,1,0,0,0,0,0,0,0,0,0,0
2002,460083,2,1,0,0,0,0,0,0,0,0,0,0
2002,460084,1,1,0,0,0,0,0,0,0,0,0,0
2002,460085,1,1,0,0,0,0,0,0,0,0,0,0
2002,460086,1,1,19,19,19,19,19,19,19,19,19,19
2002,460087,1,1,0,0,0,0,0,0,0,0,0,0
2002,460087,2,1,0,0,0,0,0,0,0,0,0,0
2002,460088,2,1,0,0,0,0,0,0,0,0,0,0
2002,460089,1,1,0,0,0,0,0,0,0,0,0,0
2002,460090,1,1,27,27,27,27,27,27,27,27,27,27
2002,460091,1,1,0,0,0,0,0,0,0,0,0,0
2002,460091,2,1,0,0,0,0,0,0,0,0,0,0
2002,460092,1,1,0,0,0,0,0,0,0,0,0,0
2002,460092,2,1,0,0,0,0,0,0,0,0,0,0
2002,460092,3,1,0,0,0,0,0,0,0,0,0,0
2002,460092,4,1,0,0,0,0,0,0,0,0,0,0
2002,460092,5,1,0,0,0,0,0,0,0,0,0,0
2002,460093,1,1,0,0,0,0,0,0,0,0,0,0
2002,460094,1,1,0,0,0,5,0,0,0,0,0,0
2002,460094,2,1,0,0,0,0,0,0,0,0,0,0
2002,460094,3,1,0,0,0,0,0,0,0,0,0,0
2002,460095,1,1,2,2,2,2,2,2,2,2,2,2
2002,460096,1,1,0,0,0,0,0,0,0,0,0,0
2002,460096,2,1,0,0,0,0,0,0,0,0,0,0
2002,460096,3,1,10,10,10,10,10,10,10,10,10,10
2002,460096,4,1,12,12,12,12,12,12,12,12,12,12
2002,460097,1,1,0,0,0,0,0,0,0,0,0,0
2002,460097,2,1,0,0,0,0,0,0,0,0,0,0
2002,460098,1,1,0,0,0,0,0,0,0,0,0,0
2002,460099,1,1,24,24,24,24,24,24,24,24,24,24
2002,460099,2,1,0,0,0,0,0,0,0,0,0,0
2002,460100,1,1,0,0,0,0,0,0,0,0,0,0
2002,460101,1,1,0,0,0,0,0,0,0,0,0,0
2002,460102,1,1,39,39,39,39,39,39,39,39,39,39
2002,460103,1,1,9,9,9,9,9,9,9,9,9,9
2002,460104,1,1,24,24,24,24,24,24,24,24,24,24
2002,460105,1,1,33,33,33,33,33,33,33,33,33,33
2002,460106,1,1,16,16,16,16,16,16,16,16,16,16
2002,460107,1,1,0,0,0,0,0,0,0,0,0,0
2002,460107,2,1,0,0,0,0,0,0,0,0,0,0
2002,460108,1,1,0,0,0,0,0,0,0,0,0,0
2002,460109,1,1,0,0,0,14,11,0,0,0,0,5
2002,460110,1,1,0,0,0,0,0,0,0,0,0,0
2002,460111,0,1,0,0,0,0,0,0,0,0,0,0
2002,460111,1,1,0,5,0,0,0,0,0,0,0,0
2002,460112,1,1,0,0,0,0,0,0,0,0,0,0
2002,460112,2,1,0,0,0,0,0,0,0,0,0,0
2002,460113,1,1,14,14,14,14,14,14,14,14,14,14
2002,460114,1,1,0,0,0,0,0,0,0,0,0,0
2002,460115,1,1,0,0,0,0,0,0,0,0,0,0
2002,460115,2,1,13,13,13,13,13,13,13,13,13,13
2002,460116,1,1,0,0,0,0,0,0,0,0,0,0
2002,460117,1,1,26,26,26,26,26,26,26,26,26,26
2002,460118,1,1,0,0,0,0,0,0,0,0,0,0
2002,460118,2,1,0,0,0,0,0,0,0,0,0,0
2002,460119,1,1,13,13,13,13,13,13,13,13,13,13
2002,460120,1,1,7,7,7,7,7,7,7,7,7,7
2002,460121,0,1,17,17,17,17,17,17,17,17,17,17
2002,460121,1,1,0,0,0,0,0,0,0,0,0,0
2002,460122,1,1,0,19,18,13,2,19,27,18,0,14
2002,460123,1,1,27,27,27,27,27,27,27,27,27,27
2002,460124,1,1,26,10,28,0,14,20,12,19,5,13
2002,460125,1,1,0,0,0,0,0,0,0,0,0,0
2002,460126,1,1,0,0,0,0,0,0,0,0,0,0
2002,460127,1,1,0,0,0,0,0,0,0,0,0,0
2002,460127,2,1,0,0,0,0,0,0,0,0,0,0
2002,460128,1,1,15,15,15,15,15,15,15,15,15,15
2002,460128,2,1,0,0,0,0,0,0,0,0,0,0
2002,460129,1,1,0,0,0,0,0,0,0,0,0,0
2002,460130,1,1,0,28,0,0,27,13,7,31,21,17
2002,460131,1,1,17,17,17,17,17,17,17,17,17,17
2002,460132,1,1,30,30,30,30,30,30,30,30,30,30
2002,460132,2,1,0,0,0,0,0,0,0,0,0,0
2002,460133,1,1,0,0,0,0,0,0,0,0,0,0
2002,460134,1,1,0,0,0,0,0,0,0,0,0,0
2002,460134,2,1,0,0,0,0,0,0,0,0,0,0
2002,460135,1,1,22,22,22,22,22,22,22,22,22,22
2002,460136,1,1,26,26,26,26,26,26,26,26,26,26
2002,460137,1,1,0,0,0,0,0,0,0,0,0,0
2002,460137,2,1,16,16,16,16,16,16,16,16,16,16
2002,460138,1,1,0,0,0,0,0,0,0,0,0,0
2002,460139,1,1,18,18,18,18,18,18,18,18,18,18
2002,460140,1,1,0,0,0,0,0,0,0,0,0,0
2002,460141,1,1,22,22,22,22,22,22,22,22,22,22
2002,460141,2,1,0,0,0,0,0,0,0,0,0,0
2002,460142,1,1,0,0,0,0,0,0,0,0,0,0
2002,460143,1,1,0,0,0,0,0,0,0,0,0,0
2002,460143,2,1,0,0,0,0,0,0,0,0,0,0
2002,460144,1,1,25,25,25,25,25,25,25,25,25,25
2002,460145,1,1,23,23,23,23,23,23,23,23,23,23
2002,460146,1,1,12,12,12,12,12,12,12,12,12,12
2002,460147,0,1,35,35,35,35,35,35,35,35,35,35
2002,460147,1,1,31,31,31,31,31,31,31,31,31,31
2002,460148,1,1,7,7,7,7,7,7,7,7,7,7
2002,460149,0,1,0,0,0,0,0,0,0,0,0,0
2002,460149,1,1,0,0,0,0,0,0,0,0,0,0
2002,460150,1,1,4,4,4,4,4,4,4,4,4,4
2002,460151,1,1,0,0,0,0,0,0,0,0,0,0
2002,460151,2,1,0,10,0,0,0,29,0,0,0,0
2002,460152,1,1,9,9,9,9,9,9,9,9,9,9
2002,460153,1,1,29,29,29,29,29,29,29,29,29,29
2002,460154,1,1,12,12,12,12,12,12,12,12,12,12
2002,460155,1,1,5,5,5,5,5,5,5,5,5,5
2002,460156,1,1,18,18,18,18,18,18,18,18,18,18
2002,460157,1,1,15,15,15,15,15,15,15,15,15,15
2002,460158,1,1,18,18,18,18,18,18,18,18,18,18
2002,460159,1,1,0,9,0,18,0,0,22,21,33,19
2002,470001,1,1,27,27,27,27,27,27,27,27,27,27
2002,470002,1,1,0,0,0,0,0,0,0,0,0,0
2002,470003,1,1,10,10,10,10,10,10,10,10,10,10
2002,470004,1,1,14,14,14,14,14,14,14,14,14,14
2002,470005,1,1,0,0,0,0,0,0,0,0,0,0
2002,470006,1,1,0,0,0,0,0,0,0,0,0,0
2002,470006,2,1,21,21,21,21,21,21,21,21,21,21
2002,470007,1,1,14,14,14,14,14,14,14,14,14,14
2002,470007,2,1,0,0,0,0,0,0,0,0,0,0
2002,470008,1,1,0,0,0,0,0,0,0,0,0,0
2002,470009,1,1,0,0,0,0,0,0,0,0,0,0
2002,470010,1,1,26,26,26,26,26,26,26,26,26,26
2002,470011,1,1,0,0,0,0,0,0,0,0,0,0
2002,470011,2,1,0,0,0,0,0,0,0,0,0,0
2002,470012,1,1,22,22,22,22,22,22,22,22,22,22
2002,470012,2,1,0,0,0,0,0,0,0,0,0,0
2002,470013,1,1,0,0,0,0,0,0,0,0,0,0
2002,470014,1,1,0,0,0,0,0,0,0,0,0,0
2002,470015,1,1,0,0,0,0,0,0,0,0,0,0
2002,470016,1,1,2,2,2,2,2,2,2,2,2,2
2002,470017,1,1,0,0,0,0,0,0,0,0,0,0
2002,470017,2,1,0,0,0,0,0,0,0,0,0,0
2002,470018,1,1,20,20,20,20,20,20,20,20,20,20
2002,470019,1,1,0,0,0,0,0,0,0,0,0,0
2002,470019,2,1,0,0,0,0,0,0,0,0,0,0
2002,470020,1,1,0,0,0,0,0,0,0,0,0,0
2002,470021,1,1,0,0,0,0,0,0,0,0,0,0
2002,470022,1,1,16,16,16,16,16,16,16,16,16,16
2002,470023,1,1,23,23,23,23,23,23,23,23,23,23
2002,470024,1,1,0,0,0,0,0,0,0,0,0,0
2002,470024,2,1,24,24,24,24,24,24,24,24,24,24
2002,470025,1,1,0,0,0,0,0,0,0,0,0,0
2002,470025,2,1,0,0,0,0,0,0,0,0,0,0
2002,470026,1,1,8,8,8,8,8,8,8,8,8,8
2002,470027,1,1,0,0,0,0,0,0,0,0,0,0
2002,470028,1,1,0,0,0,0,0,0,0,0,0,0
2002,470029,0,1,0,0,0,0,0,0,0,0,0,0
2002,470029,1,1,0,0,0,0,0,0,0,0,0,0
2002,470030,1,1,0,0,0,0,0,0,0,0,0,0
2002,470030,2,1,0,0,0,0,0,0,0,0,0,0
2002,470031,1,1,0,0,0,0,0,0,0,0,0,0
2002,470031,2,1,12,12,12,12,12,12,12,12,12,12
2002,470032,1,1,4,4,4,4,4,4,4,4,4,4
2002,470033,1,1,6,6,6,6,6,6,6,6,6,6
2002,470034,1,1,0,0,0,0,0,0,0,0,0,0
2002,470035,1,1,0,21,0,0,0,0,0,0,0,0
2002,470035,2,1,0,0,0,0,0,0,0,0,0,0
2002,470035,3,1,0,0,0,0,0,0,0,0,0,0
2002,470037,1,1,9,9,9,9,9,9,9,9,9,9
2002,470038,1,1,6,6,6,6,6,6,6,6,6,6
2002,470040,1,1,0,0,0,0,0,0,0,0,0,0
2002,470040,2,1,0,0,0,0,0,0,0,0,0,0
2002,470041,1,1,0,0,0,14,21,16,4,0,19,0
2002,470042,1,1,0,0,18,0,0,0,0,0,0,0
2002,470043,1,1,0,0,0,0,0,0,0,0,0,0
2002,470043,2,1,0,0,0,0,0,0,0,0,0,0
2002,470043,3,1,0,0,0,0,0,0,0,0,0,0
2002,470043,4,1,0,0,0,8,0,2,17,0,0,0
2002,470044,1,1,0,21,0,20,11,0,21,0,0,0
2002,470045,1,1,4,4,4,4,4,4,4,4,4,4
2002,470046,1,1,8,8,8,8,8,8,8,8,8,8
2002,470047,1,1,0,0,0,0,0,0,0,0,0,0
2002,470047,2,1,0,0,0,0,0,0,0,0,0,0
2002,470048,1,1,13,13,13,13,13,13,13,13,13,13
2002,470048,2,1,0,0,0,0,0,0,0,0,0,0
2002,470049,1,1,26,26,26,26,26,26,26,26,26,26
2002,470050,1,1,0,0,0,0,0,0,0,0,0,0
2002,470050,2,1,0,0,0,0,0,0,0,0,0,0
2002,470051,0,1,19,19,19,19,19,19,19,19,19,19
2002,470051,1,1,0,0,0,0,0,0,0,0,0,14
2002,470052,1,1,0,0,0,0,0,0,0,0,0,0
2002,470052,2,1,0,0,0,0,0,0,0,0,0,0
2002,470053,1,1,18,18,13,18,21,0,31,0,0,27
2002,470054,1,1,0,0,0,0,0,0,0,0,0,0
2002,470054,2,1,0,0,0,0,0,0,0,0,0,0
2002,470055,1,1,0,0,0,0,0,0,0,0,0,0
2002,470055,2,1,0,0,0,0,0,0,0,0,0,0
2002,470056,1,1,0,0,0,0,0,0,0,0,0,0
2002,470056,2,1,0,0,0,0,0,0,0,0,0,0
2002,470057,1,1,0,0,0,0,0,0,0,0,0,0
2002,470057,2,1,0,0,0,0,0,0,0,0,0,0
2002,470058,1,1,0,0,0,0,0,0,0,0,0,0
2002,470058,2,1,0,0,0,0,0,0,0,0,0,0
2002,470059,0,1,0,0,0,0,0,0,0,0,0,0
2002,470059,1,1,0,0,0,0,0,0,0,0,0,0
2002,470060,1,1,0,0,0,0,0,0,19,0,0,0
2002,470061,1,1,0,0,0,0,0,0,0,0,0,0
2002,470062,1,1,0,0,0,0,0,0,13,0,0,0
2002,470062,2,1,4,4,4,4,4,4,4,4,4,4
2002,470063,1,1,0,0,0,0,0,0,0,0,0,0
2002,470063,2,1,0,0,0,0,0,0,0,0,0,0
2002,470064,1,1,0,0,0,0,0,0,0,0,0,0
2002,470064,2,1,0,0,0,0,0,0,0,0,0,0
2002,470065,1,1,0,0,0,0,0,0,0,0,0,0
2002,470066,1,1,24,24,24,24,24,24,24,24,24,24
2002,470066,2,1,0,0,0,0,0,0,0,0,0,0
2002,470066,3,1,0,0,0,0,0,0,0,0,0,0
2002,470067,1,1,0,0,0,0,0,0,0,0,0,0
2002,470068,1,1,0,10,0,23,8,7,21,25,0,8
2002,470069,1,1,0,0,0,0,0,0,0,0,0,0
2002,470069,2,1,17,17,17,17,17,17,17,17,17,17
2002,470070,1,1,20,23,20,16,13,5,11,44,14,14
2002,470071,1,1,0,0,0,0,0,0,0,0,0,0
2002,470071,2,1,0,0,0,0,0,0,0,0,17,0
2002,470072,1,1,13,13,13,13,13,13,13,13,13,13
2002,470073,1,1,39,0,0,0,0,0,5,0,0,0
2002,470073,2,1,0,0,0,0,0,0,0,0,0,0
2002,470074,1,1,8,8,8,8,8,8,8,8,8,8
2002,470075,0,1,17,17,17,17,17,17,17,17,17,17
2002,470075,1,1,0,0,0,10,19,8,0,0,3,10
2002,470076,1,1,0,0,0,0,0,0,0,0,0,6
2002,470076,2,1,0,0,0,0,0,0,0,0,0,0
2002,470077,1,1,0,0,0,0,0,0,0,0,0,0
2002,470077,2,1,0,0,0,0,0,0,0,0,0,0
2002,470078,1,1,0,0,0,0,0,0,0,0,0,0
2002,470078,2,1,10,10,10,10,10,10,10,10,10,10
2002,470079,1,1,0,0,0,0,0,0,0,19,0,0
2002,470079,2,1,0,0,0,0,0,0,0,0,0,0
2002,470080,1,1,23,23,23,23,23,23,23,23,23,23
2002,470081,1,1,0,0,0,0,0,0,0,0,0,0
2002,470081,2,1,0,0,0,0,0,0,0,0,0,13
2002,470082,1,1,0,0,0,0,0,0,0,0,0,0
2002,470083,0,1,0,0,0,0,0,0,0,0,0,0
2002,470083,1,1,0,0,0,5,0,0,0,0,0,0
2002,470084,0,1,23,23,23,23,23,23,23,23,23,23
2002,470084,1,1,0,0,0,0,0,0,0,0,0,0
2002,470085,1,1,22,22,22,22,22,22,22,22,22,22
2002,470086,1,1,19,4,14,18,14,14,20,26,17,29
2002,470087,1,1,0,0,0,0,0,0,0,0,0,0
2002,470087,2,1,0,0,0,0,0,0,0,0,0,0
2002,470088,1,1,0,0,0,0,0,0,0,0,0,0
2002,470089,1,1,0,0,0,0,0,0,0,0,0,0
2002,470089,2,1,0,0,0,0,0,0,0,0,0,0
2002,470089,3,1,0,0,0,0,0,0,0,0,0,0
2002,470090,1,1,2,2,2,2,2,2,2,2,2,2
2002,470090,2,1,0,0,0,0,0,0,0,0,0,0
2002,470091,1,1,0,0,0,0,0,0,0,0,0,0
2002,470091,2,1,0,0,0,0,0,0,0,0,0,0
2002,470092,1,1,14,14,14,14,14,14,14,14,14,14
2002,470093,1,1,0,0,0,0,0,0,0,0,0,0
2002,470093,2,1,0,0,0,0,0,0,0,0,0,0
2002,470094,1,1,11,13,16,17,8,26,28,26,14,19
2002,470095,1,1,0,0,0,0,0,0,0,0,0,0
2002,470096,1,1,26,26,26,26,26,26,26,26,26,26
2002,470098,0,1,0,0,0,0,0,0,0,0,0,0
2002,470098,1,1,0,0,0,0,0,0,0,0,0,0
2002,470099,1,1,0,0,0,0,0,0,0,0,0,0
2002,470100,1,1,0,0,0,0,0,0,0,0,0,0
2002,470101,1,1,0,9,0,0,5,0,0,17,0,0
2002,470101,2,1,0,0,0,0,0,0,0,0,0,0
2002,470102,1,1,0,0,0,0,0,0,0,0,0,0
2002,470102,2,1,0,0,0,0,0,0,0,0,0,0
2002,470103,1,1,0,0,0,0,0,0,0,0,0,0
2002,470103,2,1,0,0,0,0,0,0,0,0,0,0
2002,470104,1,1,0,10,0,0,0,0,0,0,0,0
2002,470104,2,1,0,0,0,0,9,7,0,0,0,0
2002,470104,3,1,0,0,0,0,0,0,0,0,0,0
2002,470105,1,1,0,0,0,0,0,0,0,0,0,0
2002,470105,2,1,16,0,0,0,0,0,0,0,0,0
2002,470106,1,1,0,0,0,0,0,0,0,0,0,0
2002,470107,1,1,0,0,0,0,0,0,0,0,0,0
2002,470107,2,1,0,0,0,0,0,0,0,0,0,0
2002,470108,1,1,39,39,39,39,39,39,39,39,39,39
2002,470108,2,1,0,0,0,0,0,0,0,0,0,0
2002,470108,3,1,0,0,0,7,0,0,0,0,0,0
2002,470109,1,1,25,25,25,25,25,25,25,25,25,25
2002,470109,2,1,0,0,0,0,0,0,0,0,0,0
2002,470110,1,1,0,0,0,0,0,0,0,0,0,0
2002,470110,2,1,0,0,0,0,0,0,0,0,0,0
2002,470111,1,1,0,0,0,0,0,0,0,0,0,0
2002,470111,2,1,0,0,0,0,0,0,0,0,0,0
2002,470111,3,1,0,0,0,0,0,0,0,0,0,0
2002,470112,1,1,15,15,15,15,15,15,15,15,15,15
2002,470112,2,1,0,0,0,0,0,0,0,0,0,0
2002,470113,1,1,15,15,15,15,15,15,15,15,15,15
2002,470113,2,1,0,0,0,0,0,0,0,15,0,0
2002,470114,1,1,3,3,3,3,3,3,3,3,3,3
2002,470115,1,1,25,0,0,0,0,0,17,0,0,4
2002,470115,2,1,10,0,0,0,0,0,0,10,0,6
2002,470116,1,1,0,0,0,0,0,0,0,0,0,0
2002,470117,1,1,0,0,0,0,0,0,0,0,0,0
2002,470117,2,1,0,0,0,0,0,0,0,0,0,0
2002,470118,1,1,30,14,0,11,3,0,12,0,4,18
2002,470119,1,1,0,0,0,0,0,0,0,0,0,0
2002,470120,1,1,0,0,0,0,0,0,0,0,0,0
2002,470121,1,1,0,0,0,0,0,0,0,0,0,0
2002,470122,1,1,0,0,0,0,0,0,0,0,0,0
2002,470123,1,1,25,25,25,25,25,25,25,25,25,25
2002,470124,1,1,15,15,15,15,15,15,15,15,15,15
2002,470125,1,1,15,15,15,15,15,15,15,15,15,15
2002,470126,1,1,20,20,20,20,20,20,20,20,20,20
2002,470127,1,1,0,0,0,0,0,0,0,0,0,23
2002,470127,2,1,0,0,0,0,0,0,0,0,0,0
2002,470128,1,1,0,0,0,0,0,0,0,0,0,0
2002,470128,2,1,0,0,0,0,0,0,0,0,0,0
2002,470129,1,1,0,0,0,0,0,0,0,0,0,0
2002,470130,1,1,0,16,0,0,0,0,0,0,0,0
2002,470131,0,1,0,0,10,0,0,0,0,15,0,18
2002,470131,1,1,0,0,0,0,0,0,0,0,0,0
2002,470132,1,1,0,0,0,0,0,0,0,0,0,0
2002,470132,2,1,14,14,14,14,14,14,14,14,14,14
2002,470133,1,1,0,0,0,0,0,0,0,0,0,0
2002,470133,2,1,0,0,0,0,0,0,0,0,0,0
2002,470134,1,1,23,20,22,11,17,6,21,22,14,12
2002,470135,1,1,10,10,10,10,10,10,10,10,10,10
2002,470136,0,1,0,0,0,0,0,0,0,0,0,0
2002,470136,1,1,0,0,0,0,0,0,0,0,0,0
2002,470136,2,1,0,0,0,0,0,0,0,0,0,0
2002,470137,0,1,0,0,0,0,0,0,0,0,0,0
2002,470137,1,1,15,0,0,0,0,0,0,0,0,0
2002,470138,1,1,0,0,0,0,0,0,0,0,0,0
2002,470139,1,1,25,25,25,25,25,25,25,25,25,25
2002,470140,0,1,29,29,29,29,29,29,29,29,29,29
2002,470140,1,1,0,0,0,20,9,0,0,0,0,0
2002,470141,1,1,0,0,0,0,0,0,0,0,0,0
2002,470141,2,1,0,0,0,0,0,0,0,0,0,0
2002,470142,1,1,0,0,0,0,0,0,0,0,0,0
2002,470143,1,1,0,0,0,0,0,0,0,0,0,0
2002,470143,2,1,0,0,0,0,22,0,23,17,0,0
2002,470144,1,1,0,0,0,0,0,0,0,0,0,0
2002,470144,2,1,0,0,0,0,0,0,0,0,0,0
2002,470144,3,1,0,0,0,0,0,0,0,0,0,0
2002,470145,1,1,0,0,0,0,0,0,0,0,0,0
2002,470145,2,1,0,0,0,0,0,0,14,0,0,0
2002,470146,1,1,0,0,0,0,0,0,0,0,0,0
2002,470146,2,1,0,0,0,0,0,0,0,0,0,0
2002,470147,1,1,0,24,0,0,0,0,0,0,0,0
2002,470147,2,1,0,0,0,0,0,0,0,0,0,0
2002,470148,1,1,0,6,9,12,4,18,14,11,14,0
2002,470149,1,1,0,0,0,0,0,0,0,0,0,0
2002,470149,2,1,3,3,3,3,3,3,3,3,3,3
2002,470150,1,1,20,20,20,20,20,20,20,20,20,20
2002,470151,1,1,0,0,0,0,0,0,0,0,0,0
2002,470152,1,1,15,15,15,15,15,15,15,15,15,15