YEAR,ST_CASE,veh_no,per_no,P1,P2,P3,P4,P5,P6,P7,P8,P9,P10
2002,470459,1,1,16,0,0,0,0,0,0,0,0,0
2002,470459,2,1,0,0,0,0,0,0,0,0,0,0
2002,470460,1,1,0,0,0,0,0,0,0,0,0,0
2002,470461,1,1,0,0,0,0,0,0,0,0,0,0
2002,470461,2,1,0,0,0,0,0,0,0,0,0,0
2002,470462,1,1,0,0,0,0,0,0,0,0,0,0
2002,470463,1,1,0,0,0,0,0,0,0,0,0,0
2002,470464,1,1,0,0,0,0,0,22,0,0,0,0
2002,470465,1,1,19,19,19,19,19,19,19,19,19,19
2002,470466,1,1,9,9,9,9,9,9,9,9,9,9
2002,470466,2,1,0,0,0,0,0,0,0,0,0,0
2002,470467,1,1,11,11,11,11,11,11,11,11,11,11
2002,470468,0,1,6,6,6,6,6,6,6,6,6,6
2002,470468,1,1,0,0,0,0,0,0,0,0,0,0
2002,470469,1,1,23,11,8,7,3,19,6,0,20,21
2002,470469,2,1,0,0,0,0,0,0,0,0,0,0
2002,470469,3,1,0,0,0,0,0,0,0,0,0,0
2002,470470,1,1,30,30,30,30,30,30,30,30,30,30
2002,470471,1,1,0,0,0,0,0,0,0,0,0,0
2002,470472,1,1,9,9,9,9,9,9,9,9,9,9
2002,470472,2,1,0,0,0,0,0,0,0,0,0,0
2002,470473,0,1,10,10,10,10,10,10,10,10,10,10
2002,470473,1,1,0,0,0,0,0,0,0,0,0,0
2002,470473,2,1,0,0,0,0,0,0,0,0,0,0
2002,470474,1,1,0,0,0,0,0,0,0,0,0,0
2002,470474,2,1,0,0,0,0,0,0,0,0,0,0
2002,470475,1,1,21,0,4,23,0,0,15,2,18,10
2002,470475,2,1,14,14,14,14,14,14,14,14,14,14
2002,470476,1,1,0,0,0,0,0,0,0,0,0,39
2002,470476,2,1,0,0,0,0,0,0,0,0,0,0
2002,470477,1,1,0,0,0,0,0,0,0,0,0,0
2002,470478,1,1,0,0,0,0,0,0,0,0,0,0
2002,470478,2,1,0,0,0,0,0,0,0,0,0,0
2002,470479,0,1,0,0,0,0,0,0,0,0,0,0
2002,470479,1,1,0,0,0,0,0,7,0,0,0,0
2002,470480,1,1,25,25,25,25,25,25,25,25,25,25
2002,470481,1,1,0,0,0,0,0,0,0,0,0,0
2002,470481,2,1,0,0,0,0,0,0,0,0,0,0
2002,470482,1,1,15,15,15,15,15,15,15,15,15,15
2002,470482,2,1,0,0,0,0,0,0,0,0,0,0
2002,470483,1,1,0,0,0,0,0,0,0,0,0,0
2002,470483,2,1,2,2,2,2,2,2,2,2,2,2
2002,470484,1,1,17,17,17,17,17,17,17,17,17,17
2002,470485,1,1,0,0,0,0,0,0,0,0,0,0
2002,470485,2,1,0,0,0,0,0,0,0,0,0,0
2002,470486,1,1,0,0,0,0,0,0,0,0,0,0
2002,470487,1,1,22,22,22,22,22,22,22,22,22,22
2002,470488,1,1,0,0,0,0,0,0,0,0,0,0
2002,470488,2,1,0,0,0,0,0,0,0,0,0,0
2002,470489,1,1,0,0,0,0,0,0,0,0,0,0
2002,470489,2,1,0,0,0,0,0,0,0,0,0,0
2002,470490,1,1,0,0,0,0,0,0,0,0,0,0
2002,470491,1,1,0,0,0,0,0,0,0,0,0,0
2002,470492,1,1,0,0,0,0,0,0,0,0,0,0
2002,470493,1,1,19,19,19,19,19,19,19,19,19,19
2002,470494,1,1,0,0,0,0,0,0,0,0,0,0
2002,470495,1,1,0,0,0,0,0,0,0,0,0,0
2002,470496,1,1,0,0,0,0,0,0,0,0,0,0
2002,470496,2,1,0,0,0,0,0,0,0,0,0,0
2002,470497,1,1,9,27,17,0,0,0,25,0,0,24
2002,470498,1,1,0,0,0,21,0,0,0,0,0,0
2002,470499,1,1,16,16,16,16,16,16,16,16,16,16
2002,470499,2,1,0,0,0,0,0,0,0,0,0,0
2002,470500,1,1,18,18,18,18,18,18,18,18,18,18
2002,470501,1,1,0,0,0,0,15,0,0,0,0,0
2002,470501,2,1,36,0,0,0,0,12,0,0,0,0
2002,470502,1,1,0,0,0,0,0,0,0,0,0,0
2002,470502,2,1,0,0,0,0,0,0,0,0,0,0
2002,470503,1,1,0,0,0,0,0,0,0,0,0,0
2002,470504,1,1,0,0,0,0,0,0,0,0,0,0
2002,470504,2,1,0,0,0,0,0,0,0,0,0,0
2002,470505,1,1,13,0,5,20,29,21,0,29,0,17
2002,470506,1,1,25,25,25,25,25,25,25,25,25,25
2002,470507,1,1,0,0,0,0,0,0,0,0,0,0
2002,470507,2,1,0,0,0,0,0,0,0,0,0,0
2002,470508,1,1,0,0,0,0,0,0,0,0,0,0
2002,470508,2,1,0,0,0,0,0,0,0,0,0,0
2002,470509,1,1,18,18,18,18,18,18,18,18,18,18
2002,470510,1,1,22,22,22,22,22,22,22,22,22,22
2002,470511,1,1,0,0,0,0,0,0,0,0,0,0
2002,470511,2,1,0,0,0,0,0,0,0,0,0,0
2002,470512,1,1,0,0,0,0,0,0,0,0,0,0
2002,470512,2,1,0,0,0,0,0,0,0,0,0,0
2002,470513,1,1,0,0,0,0,0,0,0,0,0,0
2002,470514,1,1,0,0,0,0,0,0,0,0,0,0
2002,470515,1,1,19,19,19,19,19,19,19,19,19,19
2002,470515,2,1,0,0,0,0,0,0,0,0,0,0
2002,470515,3,1,15,15,15,15,15,15,15,15,15,15
2002,470516,1,1,0,0,0,0,0,0,0,0,0,0
2002,470517,1,1,0,0,0,0,0,0,0,0,0,0
2002,470518,1,1,12,22,44,19,3,15,27,29,14,0
2002,470519,1,1,4,4,4,4,4,4,4,4,4,4
2002,470519,2,1,0,0,0,0,0,0,0,0,0,0
2002,470520,0,1,17,17,17,17,17,17,17,17,17,17
2002,470520,1,1,0,9,0,0,0,0,0,0,0,0
2002,470521,1,1,0,0,0,0,0,0,0,0,0,0
2002,470521,2,1,0,0,0,0,0,0,0,0,0,0
2002,470522,1,1,0,0,0,0,0,0,0,0,0,0
2002,470522,2,1,0,0,0,0,0,0,0,0,0,0
2002,470523,1,1,0,0,0,0,0,0,0,0,0,0
2002,470524,1,1,16,16,16,16,16,16,16,16,16,16
2002,470525,1,1,0,26,0,0,17,8,0,22,0,0
2002,470525,2,1,20,0,10,11,9,9,18,11,14,14
2002,470526,0,1,19,19,19,19,19,19,19,19,19,19
2002,470526,1,1,0,0,0,0,0,0,0,0,0,0
2002,470527,1,1,16,36,0,15,3,0,15,14,14,28
2002,470528,1,1,0,0,0,0,0,0,0,0,0,0
2002,470529,1,1,0,0,0,0,0,0,0,0,0,0
2002,470529,2,1,0,0,0,0,0,0,0,0,0,0
2002,470530,1,1,0,0,0,0,0,0,0,0,0,0
2002,470531,1,1,0,0,0,0,0,0,0,0,0,0
2002,470531,2,1,0,0,0,0,0,0,0,0,0,0
2002,470532,1,1,0,0,0,0,0,0,0,0,0,0
2002,470532,2,1,0,0,0,0,0,0,0,0,0,0
2002,470533,1,1,0,0,0,0,0,0,0,0,0,0
2002,470533,2,1,15,8,6,0,11,17,0,0,0,0
2002,470534,1,1,15,15,15,15,15,15,15,15,15,15
2002,470535,1,1,0,0,0,0,0,0,0,0,0,0
2002,470536,1,1,0,0,0,0,0,0,0,0,0,0
2002,470537,1,1,0,0,0,0,0,0,0,0,0,0
2002,470538,1,1,0,0,0,0,0,0,0,0,0,0
2002,470538,2,1,0,0,0,0,0,0,0,0,32,0
2002,470539,1,1,20,20,20,20,20,20,20,20,20,20
2002,470540,1,1,0,0,0,0,0,0,0,0,0,0
2002,470541,1,1,0,0,0,0,0,0,0,0,0,0
2002,470541,2,1,0,0,0,0,0,0,0,0,0,0
2002,470542,1,1,0,0,0,0,0,0,0,0,0,0
2002,470542,2,1,0,0,0,0,0,0,0,0,0,0
2002,470543,1,1,0,0,0,0,0,0,0,0,0,0
2002,470545,1,1,0,0,0,0,0,0,0,0,0,0
2002,470545,2,1,0,0,0,0,0,0,0,0,0,0
2002,470547,1,1,0,0,0,0,0,0,0,0,0,0
2002,470547,2,1,0,0,0,0,0,0,0,0,0,0
2002,470548,1,1,0,16,0,16,14,0,20,0,0,18
2002,470549,1,1,0,0,0,0,0,0,0,0,0,0
2002,470549,2,1,0,0,0,0,0,0,0,0,0,0
2002,470549,3,1,22,0,0,0,0,0,0,0,0,11
2002,470550,1,1,0,0,0,0,0,0,0,0,0,0
2002,470551,1,1,4,4,4,4,4,4,4,4,4,4
2002,470552,1,1,0,0,0,13,0,25,16,0,0,0
2002,470553,1,1,0,0,0,0,0,0,0,0,0,0
2002,470553,2,1,0,0,0,0,0,0,0,0,0,0
2002,470554,1,1,19,19,19,19,19,19,19,19,19,19
2002,470555,0,1,26,26,26,26,26,26,26,26,26,26
2002,470555,1,1,0,0,0,0,0,15,0,0,0,0
2002,470556,1,1,0,0,0,0,0,0,0,0,0,0
2002,470557,1,1,0,0,0,0,0,0,0,0,0,0
2002,470558,1,1,0,0,0,0,0,0,0,0,0,0
2002,470558,2,1,0,0,0,0,0,0,0,0,0,0
2002,470559,1,1,0,0,0,0,0,0,0,0,0,0
2002,470559,2,1,0,0,0,0,0,0,0,0,0,0
2002,470560,1,1,6,6,6,6,6,6,6,6,6,6
2002,470560,2,1,0,7,0,0,19,7,0,0,0,0
2002,470560,3,1,0,0,0,0,0,0,0,0,0,0
2002,470561,1,1,0,0,0,0,0,0,0,11,0,0
2002,470561,2,1,0,0,0,0,0,0,0,0,0,0
2002,470562,1,1,0,0,0,0,0,0,0,0,0,0
2002,470563,1,1,0,0,0,0,0,0,0,0,0,0
2002,470564,1,1,7,7,7,7,7,7,7,7,7,7
2002,470564,2,1,16,16,16,16,16,16,16,16,16,16
2002,470565,1,1,6,6,6,6,6,6,6,6,6,6
2002,470566,1,1,18,18,18,18,18,18,18,18,18,18
2002,470566,2,1,0,0,0,0,0,0,0,0,0,0
2002,470567,1,1,0,0,0,0,0,0,0,0,0,0
2002,470567,2,1,0,0,0,0,0,0,0,0,0,0
2002,470568,1,1,0,0,0,0,0,0,0,0,0,0
2002,470568,2,1,0,0,0,0,0,0,0,0,0,0
2002,470569,1,1,0,0,0,0,0,0,0,0,0,0
2002,470570,1,1,21,21,21,21,21,21,21,21,21,21
2002,470571,1,1,0,0,0,0,0,0,0,0,0,0
2002,470571,2,1,0,0,0,0,0,0,0,0,0,0
2002,470572,1,1,0,0,0,0,0,0,0,0,0,0
2002,470573,0,1,19,19,19,19,19,19,19,19,19,19
2002,470573,1,1,0,0,0,0,0,0,0,0,0,0
2002,470575,1,1,0,0,0,0,0,0,0,0,0,0
2002,470575,2,1,0,0,0,0,0,0,0,0,0,0
2002,470576,1,1,0,0,0,0,0,0,0,0,0,0
2002,470576,2,1,0,0,0,0,0,0,0,0,19,0
2002,470576,3,1,0,0,0,0,0,0,0,0,0,0
2002,470577,1,1,0,0,0,0,0,0,0,0,0,0
2002,470577,2,1,0,0,0,0,9,0,0,0,0,0
2002,470578,1,1,23,23,23,23,23,23,23,23,23,23
2002,470579,1,1,0,0,0,0,0,0,0,0,0,0
2002,470579,2,1,0,0,0,0,0,0,0,0,0,0
2002,470580,1,1,0,16,0,0,0,0,0,0,0,0
2002,470581,1,1,0,0,0,0,0,0,0,0,0,0
2002,470581,2,1,0,0,0,0,0,0,37,0,0,0
2002,470582,1,1,0,14,0,10,0,0,0,0,0,0
2002,470582,2,1,8,0,0,0,0,0,0,0,0,0
2002,470583,1,1,15,15,15,15,15,15,15,15,15,15
2002,470584,1,1,0,13,0,0,0,0,0,0,0,0
2002,470584,2,1,0,4,0,0,0,0,0,0,3,0
2002,470585,1,1,0,0,0,0,0,0,0,0,0,0
2002,470585,2,1,0,0,0,0,0,0,0,0,0,0
2002,470586,1,1,0,0,0,0,0,0,0,0,0,0
2002,470587,1,1,0,0,0,0,0,0,0,0,0,0
2002,470587,2,1,20,20,20,20,20,20,20,20,20,20
2002,470588,1,1,0,0,0,0,0,0,0,0,0,0
2002,470589,1,1,0,0,0,0,0,0,0,0,0,0
2002,470589,2,1,0,0,0,0,0,0,0,0,0,0
2002,470590,1,1,0,0,0,0,0,0,0,0,0,0
2002,470590,2,1,0,0,0,0,0,0,0,0,0,0
2002,470591,1,1,0,0,0,0,0,0,0,0,0,0
2002,470591,2,1,0,0,0,0,0,0,0,12,0,0
2002,470592,1,1,0,0,0,0,0,0,0,0,0,0
2002,470593,1,1,0,0,20,0,0,0,0,11,0,3
2002,470594,1,1,0,0,24,12,19,8,18,0,14,13
2002,470594,2,1,3,3,3,3,3,3,3,3,3,3
2002,470595,1,1,23,23,23,23,23,23,23,23,23,23
2002,470596,1,1,0,0,0,0,0,0,0,0,0,0
2002,470597,1,1,6,18,0,0,0,16,0,21,20,0
2002,470597,2,1,5,5,5,5,5,5,5,5,5,5
2002,470598,1,1,0,0,22,0,0,0,0,0,0,0
2002,470599,1,1,0,0,0,0,0,0,0,0,0,0
2002,470599,2,1,0,8,0,0,0,0,0,0,0,0
2002,470600,1,1,0,0,0,0,0,0,0,0,0,0
2002,470600,2,1,10,10,10,10,10,10,10,10,10,10
2002,470600,3,1,0,0,0,0,0,0,0,0,0,0
2002,470601,1,1,0,0,0,0,0,0,0,0,0,0
2002,470602,1,1,24,24,24,24,24,24,24,24,24,24
2002,470603,1,1,0,0,0,0,0,0,0,0,0,0
2002,470603,2,1,0,15,0,0,19,0,0,0,0,0
2002,470604,1,1,0,0,0,0,0,0,0,0,0,0
2002,470605,1,1,24,24,24,24,24,24,24,24,24,24
2002,470606,1,1,0,0,0,0,0,0,0,0,0,0
2002,470607,0,1,17,17,17,17,17,17,17,17,17,17
2002,470607,1,1,0,0,0,0,0,0,0,0,0,0
2002,470608,1,1,0,0,0,0,0,0,0,0,0,0
2002,470609,1,1,9,20,22,14,8,8,11,9,15,20
2002,470610,1,1,0,0,0,0,0,0,0,0,0,0
2002,470610,2,1,19,19,19,19,19,19,19,19,19,19
2002,470611,1,1,0,0,8,0,0,0,0,0,0,0
2002,470611,2,1,0,0,0,0,0,0,0,0,9,0
2002,470612,1,1,0,0,0,0,0,0,0,0,0,0
2002,470613,1,1,0,0,0,0,0,0,0,0,0,0
2002,470614,1,1,0,0,0,0,0,0,0,0,0,0
2002,470614,2,1,0,0,0,0,0,0,0,0,0,0
2002,470615,1,1,0,0,0,0,0,0,0,0,0,0
2002,470616,1,1,0,0,0,0,0,0,0,0,0,0
2002,470617,1,1,0,0,0,0,0,0,0,0,0,0
2002,470617,2,1,0,0,0,0,0,0,0,0,0,0
2002,470618,1,1,0,0,0,0,0,0,0,0,0,0
2002,470619,1,1,0,0,0,0,0,0,0,0,0,0
2002,470619,2,1,11,0,0,12,0,0,0,0,0,0
2002,470619,3,1,0,0,0,0,0,0,0,0,0,0
2002,470620,1,1,0,0,0,0,18,0,0,19,0,0
2002,470621,1,1,0,0,0,0,0,0,0,0,0,0
2002,470622,0,1,8,8,8,8,8,8,8,8,8,8
2002,470622,1,1,22,22,22,22,22,22,22,22,22,22
2002,470623,1,1,0,0,0,0,0,13,13,0,0,0
2002,470623,2,1,12,13,0,0,0,0,0,21,25,0
2002,470624,1,1,0,0,0,0,0,0,0,0,0,0
2002,470625,1,1,0,0,0,18,0,0,0,0,0,0
2002,470626,1,1,0,0,0,0,0,0,0,0,0,0
2002,470627,1,1,0,0,0,0,0,0,0,0,0,0
2002,470627,2,1,0,0,0,0,0,0,0,0,0,0
2002,470628,1,1,0,0,0,0,0,0,0,0,0,0
2002,470630,1,1,0,0,0,0,0,0,0,0,0,0
2002,470631,0,1,37,37,37,37,37,37,37,37,37,37
2002,470631,1,1,37,37,37,37,37,37,37,37,37,37
2002,470632,1,1,9,0,0,0,0,0,0,0,9,0
2002,470633,1,1,0,0,0,0,0,0,0,0,0,0
2002,470633,2,1,0,0,0,0,0,0,0,0,0,0
2002,470634,0,1,4,16,7,19,21,0,0,0,0,19
2002,470634,1,1,0,0,0,0,0,0,0,0,0,0
2002,470635,1,1,0,0,0,0,0,0,0,0,0,0
2002,470636,1,1,21,23,0,0,0,0,0,17,0,0
2002,470637,1,1,24,24,24,24,24,24,24,24,24,24
2002,470638,1,1,10,0,0,13,15,0,0,0,8,0
2002,470639,1,1,0,0,0,0,0,0,0,0,0,0
2002,470639,2,1,0,0,0,0,0,0,0,0,0,0
2002,470640,1,1,0,11,0,0,0,0,8,0,0,0
2002,470640,2,1,0,0,0,0,0,0,0,0,0,0
2002,470641,1,1,0,0,0,0,0,0,0,0,0,0
2002,470641,2,1,0,0,0,0,0,0,0,0,0,0
2002,470642,1,1,0,0,0,0,0,0,0,0,0,0
2002,470642,2,1,22,22,22,22,22,22,22,22,22,22
2002,470643,1,1,8,8,8,8,8,8,8,8,8,8
2002,470644,1,1,0,0,0,0,0,0,0,0,0,0
2002,470644,2,1,0,0,0,0,0,0,0,0,0,0
2002,470645,1,1,0,0,0,0,0,0,0,0,0,0
2002,470645,2,1,0,0,0,0,0,0,0,0,0,0
2002,470645,3,1,0,0,0,0,0,0,0,0,0,0
2002,470646,1,1,0,0,0,0,0,0,0,0,0,0
2002,470646,2,1,0,0,0,0,0,0,0,0,0,0
2002,470647,1,1,0,0,0,0,0,0,0,0,0,0
2002,470648,1,1,0,0,0,0,0,0,0,0,0,0
2002,470648,2,1,0,0,0,0,13,0,0,0,0,0
2002,470649,1,1,0,0,0,0,0,0,0,0,0,0
2002,470649,2,1,22,19,0,0,0,11,6,0,16,0
2002,470650,1,1,0,0,0,0,0,0,0,0,0,0
2002,470651,1,1,6,6,6,6,6,6,6,6,6,6
2002,470652,1,1,15,15,15,15,15,15,15,15,15,15
2002,470652,2,1,0,0,0,0,0,0,0,0,0,0
2002,470652,3,1,0,16,0,0,0,0,0,0,0,0
2002,470653,1,1,0,0,0,0,15,0,9,0,15,9
2002,470654,1,1,11,11,11,11,11,11,11,11,11,11
2002,470654,2,1,0,0,0,0,0,0,0,0,0,0
2002,470655,1,1,0,0,0,0,0,0,0,0,0,0
2002,470656,1,1,9,9,9,9,9,9,9,9,9,9
2002,470657,1,1,21,21,21,21,21,21,21,21,21,21
2002,470658,1,1,0,0,0,0,0,0,0,0,0,0
2002,470659,1,1,0,0,0,0,0,0,0,0,0,0
2002,470660,1,1,14,15,16,19,14,17,18,9,23,23
2002,470661,1,1,26,0,0,25,0,8,0,0,0,0
2002,470661,2,1,0,0,0,0,0,0,0,0,0,0
2002,470662,1,1,13,13,13,13,13,13,13,13,13,13
2002,470663,1,1,21,21,21,21,21,21,21,21,21,21
2002,470664,1,1,0,0,0,0,0,0,0,0,0,0
2002,470665,1,1,0,0,0,0,0,0,0,0,0,0
2002,470666,1,1,0,0,0,0,0,0,0,0,0,0
2002,470666,2,1,0,0,0,0,0,0,0,0,0,0
2002,470667,1,1,0,0,0,0,0,0,0,0,0,0
2002,470668,1,1,16,16,16,16,16,16,16,16,16,16
2002,470668,2,1,0,0,0,13,0,0,0,0,0,8
2002,470669,1,1,0,0,0,0,0,0,0,0,0,0
2002,470670,1,1,7,0,12,0,0,0,0,0,0,0
2002,470671,1,1,0,0,0,0,0,0,0,0,0,0
2002,470672,1,1,0,0,0,0,0,0,0,0,0,0
2002,470672,2,1,4,4,4,4,4,4,4,4,4,4
2002,470673,0,1,0,0,0,0,0,0,0,0,0,0
2002,470673,1,1,0,0,0,0,0,0,0,0,0,16
2002,470674,1,1,6,6,6,6,6,6,6,6,6,6
2002,470676,0,1,27,27,27,27,27,27,27,27,27,27
2002,470676,1,1,0,0,0,0,0,0,0,0,0,0
2002,470677,1,1,11,11,11,11,11,11,11,11,11,11
2002,470678,1,1,0,0,0,0,0,0,0,0,0,0
2002,470678,2,1,0,0,0,0,0,0,0,0,0,0
2002,470679,1,1,14,0,0,0,0,0,0,0,0,0
2002,470679,2,1,0,0,0,0,0,0,0,0,0,0
2002,470680,1,1,0,0,0,0,0,0,0,0,0,0
2002,470680,2,1,0,0,0,0,0,0,0,0,0,0
2002,470681,1,1,0,10,0,0,0,0,0,0,0,0
2002,470682,1,1,0,0,0,0,0,0,0,0,0,0
2002,470682,2,1,0,0,0,0,0,0,0,0,0,0
2002,470683,0,1,0,0,0,0,0,0,0,0,0,0
2002,470683,1,1,0,0,0,0,0,0,0,0,0,0
2002,470684,1,1,17,17,17,17,17,17,17,17,17,17
2002,470685,1,1,0,0,0,0,0,0,0,0,0,0
2002,470685,2,1,13,13,13,13,13,13,13,13,13,13
2002,470686,1,1,15,15,15,15,15,15,15,15,15,15
2002,470687,1,1,20,20,20,20,20,20,20,20,20,20
2002,470688,1,1,0,0,0,0,0,0,0,0,0,0
2002,470688,2,1,17,17,17,17,17,17,17,17,17,17
2002,470689,1,1,0,0,0,0,0,0,0,0,0,0
2002,470689,2,1,0,0,0,0,0,0,0,0,0,0
2002,470690,1,1,0,0,0,0,0,0,0,0,0,0
2002,470690,2,1,0,0,0,0,0,0,0,0,0,0
2002,470691,1,1,18,18,18,18,18,18,18,18,18,18
2002,470692,1,1,0,0,0,0,0,0,0,0,0,0
2002,470692,2,1,0,0,0,0,11,0,0,0,0,17
2002,470693,1,1,16,13,15,33,9,17,12,16,21,11
2002,470693,2,1,0,0,0,0,0,0,0,0,0,0
2002,470694,1,1,26,26,26,26,26,26,26,26,26,26
2002,470695,1,1,0,0,0,5,31,0,0,51,25,6
2002,470696,1,1,0,0,0,0,0,0,0,0,0,0
2002,470696,2,1,0,0,0,0,0,0,0,0,0,0
2002,470696,3,1,0,0,0,0,0,0,0,0,0,0
2002,470697,1,1,0,0,0,0,0,0,0,0,0,0
2002,470698,1,1,0,0,0,0,0,0,0,0,0,0
2002,470698,2,1,0,0,0,0,0,0,0,0,0,0
2002,470698,3,1,0,0,0,0,0,0,0,0,0,0
2002,470699,1,1,15,15,15,15,15,15,15,15,15,15
2002,470700,1,1,0,0,0,0,0,0,0,0,0,0
2002,470700,2,1,0,0,0,0,0,0,0,0,0,0
2002,470701,1,1,0,0,0,0,0,0,0,0,0,0
2002,470701,2,1,0,0,15,0,0,0,0,0,0,18
2002,470702,1,1,0,0,0,0,0,0,0,0,0,0
2002,470703,1,1,0,21,0,0,0,0,0,0,0,0
2002,470704,1,1,29,19,27,17,18,13,22,16,20,22
2002,470705,0,1,0,0,0,0,0,0,0,0,0,0
2002,470705,1,1,0,0,0,0,0,0,0,0,0,0
2002,470706,0,1,0,0,22,0,0,24,7,14,26,0
2002,470706,0,2,0,0,0,0,0,0,0,0,0,0
2002,470706,1,1,0,0,0,0,0,0,0,0,0,0
2002,470707,1,1,0,0,0,0,0,0,0,0,0,0
2002,470708,1,1,26,26,26,26,26,26,26,26,26,26
2002,470709,1,1,2,2,2,2,2,2,2,2,2,2
2002,470710,1,1,0,0,0,0,0,0,0,0,0,0
2002,470711,1,1,0,0,0,0,0,0,0,0,0,0
2002,470711,2,1,0,0,0,0,0,0,0,0,0,0
2002,470712,1,1,0,0,0,15,0,0,0,0,0,0
2002,470712,2,1,0,0,0,0,0,0,0,0,0,0
2002,470713,1,1,0,0,0,0,0,8,0,0,0,0
2002,470713,2,1,23,0,0,0,0,0,0,0,0,0
2002,470713,3,1,0,0,0,0,0,0,0,0,0,0
2002,470714,1,1,0,0,0,0,0,0,0,0,0,0
2002,470715,1,1,16,16,16,16,16,16,16,16,16,16
2002,470716,1,1,0,0,0,0,0,0,0,0,0,0
2002,470716,2,1,0,0,0,0,0,0,0,0,0,0
2002,470716,3,1,0,0,0,0,0,0,0,0,0,0
2002,470716,4,1,0,0,0,0,0,0,0,0,0,0
2002,470717,1,1,0,0,0,0,0,0,0,0,0,0
2002,470717,2,1,0,0,0,0,0,0,0,0,0,0
2002,470718,0,1,0,0,0,0,0,0,0,0,0,0
2002,470718,1,1,0,0,0,0,0,0,0,0,0,0
2002,470719,1,1,0,0,0,0,0,0,0,0,0,0
2002,470720,1,1,19,19,19,19,19,19,19,19,19,19
2002,470720,2,1,0,0,0,0,0,0,0,0,0,0
2002,470721,1,1,0,23,0,0,0,0,10,5,0,0
2002,470722,1,1,27,17,15,9,19,27,20,12,16,33
2002,470723,1,1,11,11,11,11,11,11,11,11,11,11
2002,470724,1,1,0,0,0,0,0,0,0,0,0,0
2002,470724,2,1,0,0,0,0,0,0,0,0,0,0
2002,470725,1,1,21,21,21,21,21,21,21,21,21,21
2002,470726,1,1,0,0,0,0,0,0,0,0,0,24
2002,470726,2,1,0,0,0,0,0,0,13,0,6,0
2002,470727,1,1,18,18,18,18,18,18,18,18,18,18
2002,470728,1,1,0,16,21,0,0,0,0,0,8,19
2002,470729,1,1,0,0,0,0,0,0,0,0,0,0
2002,470729,2,1,0,0,0,0,0,0,0,0,0,9
2002,470730,1,1,0,0,0,0,0,0,0,0,0,0
2002,470730,2,1,0,0,0,0,0,0,0,0,0,0
2002,470731,1,1,0,0,0,0,0,0,0,0,0,0
2002,470732,1,1,0,0,0,0,0,0,0,0,0,0
2002,470732,2,1,0,0,0,0,0,0,0,0,0,0
2002,470733,1,1,15,17,14,25,8,13,20,24,15,11
2002,470734,1,1,8,8,8,8,8,8,8,8,8,8
2002,470735,1,1,0,0,0,0,0,0,0,0,0,0
2002,470735,2,1,0,0,0,0,0,0,0,0,0,0
2002,470736,1,1,23,23,23,23,23,23,23,23,23,23
2002,470737,1,1,0,0,0,0,0,0,0,0,0,0
2002,470737,2,1,0,0,0,0,0,0,0,0,0,0
2002,470738,1,1,0,0,0,0,0,0,0,0,0,0
2002,470738,2,1,0,0,0,0,0,0,0,0,0,0
2002,470739,1,1,24,24,24,24,24,24,24,24,24,24
2002,470740,1,1,10,10,10,10,10,10,10,10,10,10
2002,470741,1,1,0,0,0,0,0,0,0,0,0,0
2002,470742,1,1,25,25,25,25,25,25,25,25,25,25
2002,470743,1,1,0,0,0,0,0,0,0,0,0,0
2002,470744,1,1,0,0,10,5,11,20,0,17,8,10
2002,470744,2,1,0,0,0,0,0,0,0,0,0,0
2002,470745,1,1,22,22,22,22,22,22,22,22,22,22
2002,470746,1,1,8,0,0,0,0,15,22,0,12,13
2002,470747,1,1,0,0,0,0,0,0,0,0,0,0
2002,470747,2,1,0,0,0,0,0,0,0,0,0,0
2002,470748,1,1,12,12,12,12,12,12,12,12,12,12
2002,470749,0,1,0,0,0,0,0,0,0,0,0,0
2002,470749,1,1,0,0,0,0,0,0,0,0,0,0
2002,470750,1,1,0,0,0,0,0,0,0,0,0,0
2002,470751,1,1,14,14,14,14,14,14,14,14,14,14
2002,470752,1,1,0,0,0,0,0,0,0,0,0,0
2002,470752,2,1,0,0,0,0,0,0,0,0,0,0
2002,470753,1,1,22,22,22,22,22,22,22,22,22,22
2002,470753,2,1,12,12,12,12,12,12,12,12,12,12
2002,470754,1,1,0,0,0,0,0,0,0,0,0,0
2002,470754,2,1,10,10,10,10,10,10,10,10,10,10
2002,470755,1,1,15,0,0,0,0,6,0,0,0,0
2002,470756,1,1,0,0,0,0,0,0,10,0,0,0
2002,470756,2,1,0,0,0,0,0,0,0,0,0,0
2002,470757,1,1,0,0,0,0,9,0,0,19,11,0
2002,470757,2,1,0,0,0,0,0,0,0,0,0,0
2002,470758,1,1,0,0,0,0,0,0,0,0,0,0
2002,470758,2,1,0,0,0,0,0,0,0,0,0,11
2002,470759,1,1,5,5,5,5,5,5,5,5,5,5
2002,470760,1,1,24,24,24,24,24,24,24,24,24,24
2002,470760,2,1,0,0,0,0,0,0,0,0,0,0
2002,470761,1,1,15,15,15,15,15,15,15,15,15,15
2002,470762,1,1,0,0,0,0,0,0,0,0,0,0
2002,470763,1,1,16,16,16,16,16,16,16,16,16,16
2002,470764,1,1,0,0,0,0,0,0,0,0,0,0