YEAR,ST_CASE,veh_no,per_no,P1,P2,P3,P4,P5,P6,P7,P8,P9,P10
2002,470764,2,1,0,0,0,0,0,0,0,0,0,0
2002,470765,1,1,0,0,0,0,0,0,0,0,0,0
2002,470765,2,1,0,0,0,0,0,0,0,0,0,0
2002,470766,1,1,0,0,0,0,0,0,0,0,0,0
2002,470766,2,1,14,0,0,0,0,0,7,13,0,0
2002,470767,1,1,0,0,0,0,0,0,0,0,0,0
2002,470768,1,1,0,0,0,0,0,0,0,0,0,0
2002,470768,2,1,0,0,0,0,0,0,0,0,0,0
2002,470768,3,1,0,0,0,0,0,0,0,0,0,0
2002,470769,1,1,0,0,0,0,0,0,0,0,0,0
2002,470770,1,1,25,25,25,25,25,25,25,25,25,25
2002,470771,1,1,15,20,19,20,26,9,15,32,12,13
2002,470772,0,1,22,22,22,22,22,22,22,22,22,22
2002,470772,1,1,0,0,0,0,0,0,0,0,0,0
2002,470773,1,1,0,0,0,0,0,0,0,0,0,0
2002,470773,2,1,0,0,0,0,0,0,0,0,0,0
2002,470774,1,1,0,0,0,0,0,0,0,0,0,0
2002,470774,2,1,0,0,0,0,0,0,0,0,0,0
2002,470775,1,1,0,0,0,0,0,0,0,0,0,0
2002,470776,1,1,0,0,0,0,0,0,0,0,0,0
2002,470777,1,1,14,14,14,14,14,14,14,14,14,14
2002,470777,2,1,0,0,0,0,0,0,0,0,0,0
2002,470778,1,1,0,0,0,0,0,0,0,0,0,0
2002,470779,1,1,0,0,0,0,0,0,0,0,0,0
2002,470780,1,1,0,0,0,0,0,0,22,0,17,0
2002,470780,2,1,0,0,0,0,0,0,0,0,0,0
2002,470781,1,1,20,20,20,20,20,20,20,20,20,20
2002,470782,1,1,11,11,16,13,27,6,13,14,27,22
2002,470783,0,1,0,0,0,0,0,34,0,0,0,0
2002,470783,1,1,0,0,0,0,0,0,0,0,0,0
2002,470784,1,1,0,0,0,7,0,0,0,0,0,0
2002,470784,2,1,0,0,0,0,0,0,0,0,0,0
2002,470784,3,1,0,0,0,0,0,0,0,0,0,0
2002,470785,1,1,0,0,0,0,0,0,0,0,0,0
2002,470786,1,1,12,12,12,12,12,12,12,12,12,12
2002,470787,1,1,0,0,0,0,0,0,0,0,0,0
2002,470787,2,1,0,0,0,0,0,0,0,0,0,0
2002,470788,1,1,0,0,0,0,0,0,0,0,0,0
2002,470789,1,1,0,0,0,0,0,0,0,0,0,0
2002,470790,1,1,12,12,12,12,12,12,12,12,12,12
2002,470790,2,1,0,0,0,0,0,0,0,0,0,0
2002,470791,1,1,7,7,7,7,7,7,7,7,7,7
2002,470792,0,1,22,23,0,13,0,18,0,0,25,29
2002,470792,1,1,35,11,0,0,18,7,0,0,26,22
2002,470793,1,1,0,0,0,0,0,0,0,0,0,0
2002,470793,2,1,9,0,0,0,0,0,0,0,0,0
2002,470794,1,1,0,0,0,0,0,0,0,0,0,0
2002,470795,1,1,8,8,8,8,8,8,8,8,8,8
2002,470796,1,1,3,3,3,3,3,3,3,3,3,3
2002,470797,1,1,16,16,16,16,16,16,16,16,16,16
2002,470798,1,1,0,0,0,0,0,0,0,0,0,0
2002,470798,2,1,0,0,0,0,0,0,0,0,0,0
2002,470799,1,1,13,0,0,0,0,0,0,0,0,17
2002,470800,1,1,0,0,0,0,0,0,0,0,0,0
2002,470800,2,1,0,0,0,0,0,0,0,0,0,0
2002,470801,0,1,19,19,19,19,19,19,19,19,19,19
2002,470801,1,1,0,0,0,0,0,0,0,0,0,0
2002,470801,2,1,0,0,0,0,0,0,0,0,0,23
2002,470802,1,1,27,16,21,23,22,34,13,14,26,6
2002,470803,1,1,4,4,4,4,4,4,4,4,4,4
2002,470804,0,1,0,0,0,0,0,0,0,14,12,0
2002,470804,1,1,0,0,0,0,0,0,0,0,0,0
2002,470805,1,1,19,19,19,19,19,19,19,19,19,19
2002,470806,1,1,10,10,10,10,10,10,10,10,10,10
2002,470807,1,1,0,0,0,0,0,0,0,0,0,0
2002,470808,1,1,9,0,22,0,0,0,0,0,22,4
2002,470808,2,1,12,0,0,0,0,14,11,30,0,5
2002,470809,0,1,0,0,0,0,0,0,0,0,0,0
2002,470809,1,1,10,0,4,0,0,0,0,0,0,0
2002,470810,1,1,20,36,0,0,0,0,0,0,0,0
2002,470810,2,1,0,0,0,0,0,0,0,0,0,0
2002,470811,1,1,11,0,0,0,0,0,0,0,0,0
2002,470811,2,1,16,16,16,16,16,16,16,16,16,16
2002,470812,1,1,12,12,12,12,12,12,12,12,12,12
2002,470813,1,1,0,0,0,0,0,0,0,0,0,0
2002,470814,1,1,0,0,0,0,0,0,0,0,0,0
2002,470815,1,1,0,0,0,0,0,0,0,0,0,0
2002,470815,2,1,0,0,0,0,0,0,0,0,0,0
2002,470816,1,1,37,44,0,14,23,0,27,17,29,15
2002,470817,1,1,0,0,0,0,0,0,0,0,0,0
2002,470817,2,1,0,0,0,0,0,0,0,0,0,0
2002,470818,1,1,0,0,0,0,0,0,0,0,0,0
2002,470818,2,1,15,9,15,21,27,4,26,13,20,17
2002,470819,1,1,12,9,12,9,22,0,20,15,21,22
2002,470820,1,1,15,15,15,15,15,15,15,15,15,15
2002,470821,1,1,24,24,24,24,24,24,24,24,24,24
2002,470822,0,1,35,15,18,24,7,20,0,0,16,0
2002,470822,1,1,0,0,0,0,0,0,0,0,0,0
2002,470823,1,1,0,0,0,0,0,0,0,0,0,0
2002,470824,1,1,0,0,4,0,35,23,0,0,0,0
2002,470825,1,1,0,0,0,0,0,0,0,0,0,0
2002,470826,1,1,19,19,19,19,19,19,19,19,19,19
2002,470827,1,1,3,3,3,3,3,3,3,3,3,3
2002,470827,2,1,0,0,0,0,0,0,0,0,0,0
2002,470828,1,1,0,0,0,0,0,0,0,0,0,0
2002,470828,2,1,0,0,0,0,0,0,0,0,0,0
2002,470828,3,1,0,0,0,0,0,0,0,0,0,0
2002,470829,1,1,26,26,26,26,26,26,26,26,26,26
2002,470829,2,1,0,0,0,0,0,0,0,0,0,0
2002,470829,3,1,0,0,0,0,0,0,0,0,0,0
2002,470829,4,1,0,0,0,0,0,0,0,0,0,0
2002,470830,1,1,0,0,0,0,0,0,0,0,0,0
2002,470830,2,1,0,0,0,0,0,0,0,0,0,0
2002,470831,1,1,0,0,0,0,0,0,0,0,0,0
2002,470831,2,1,0,0,0,0,0,0,0,0,0,0
2002,470831,3,1,0,0,0,0,0,0,0,0,0,0
2002,470832,1,1,0,0,0,0,0,0,0,0,0,0
2002,470833,1,1,0,0,0,0,0,0,0,0,0,0
2002,470833,2,1,16,16,16,16,16,16,16,16,16,16
2002,470834,1,1,0,0,0,16,0,16,14,0,0,15
2002,470835,1,1,13,13,13,13,13,13,13,13,13,13
2002,470836,1,1,20,20,20,20,20,20,20,20,20,20
2002,470837,1,1,8,8,8,8,8,8,8,8,8,8
2002,470838,1,1,8,8,8,8,8,8,8,8,8,8
2002,470839,0,1,0,0,0,5,0,0,0,0,0,0
2002,470839,1,1,0,0,0,0,0,0,0,0,0,0
2002,470840,0,1,15,15,15,15,15,15,15,15,15,15
2002,470840,1,1,0,0,0,0,0,0,0,0,0,0
2002,470841,1,1,0,0,0,0,0,0,0,0,0,0
2002,470842,1,1,0,0,0,0,0,0,0,0,0,0
2002,470842,2,1,26,26,26,26,26,26,26,26,26,26
2002,470843,1,1,0,0,0,0,0,0,0,0,0,0
2002,470843,2,1,0,0,0,0,0,0,0,0,0,0
2002,470844,1,1,0,0,0,0,0,0,0,0,0,0
2002,470844,2,1,0,0,0,0,0,0,0,0,0,0
2002,470845,1,1,0,0,0,0,0,8,0,0,0,0
2002,470846,1,1,10,25,25,12,13,11,19,20,18,10
2002,470847,1,1,20,20,20,20,20,20,20,20,20,20
2002,470847,2,1,0,0,0,0,0,0,0,0,0,0
2002,470848,1,1,0,0,14,0,0,16,0,0,0,0
2002,470849,1,1,0,0,0,0,0,0,0,0,0,0
2002,470850,1,1,13,13,13,13,13,13,13,13,13,13
2002,470850,2,1,15,0,0,0,0,0,0,0,0,9
2002,470850,3,1,0,0,0,0,0,0,0,0,0,0
2002,470851,1,1,0,0,0,0,0,0,0,0,0,0
2002,470852,1,1,0,0,0,0,0,0,0,0,0,0
2002,470852,2,1,0,0,0,0,0,0,0,0,0,0
2002,470853,1,1,11,0,11,5,12,0,0,13,0,6
2002,470853,2,1,0,0,0,0,0,0,0,0,0,0
2002,470854,1,1,7,0,0,0,0,8,0,0,0,0
2002,470854,2,1,0,0,0,0,0,0,0,0,0,0
2002,470854,3,1,5,0,0,0,0,0,0,0,0,0
2002,470855,0,1,0,0,0,0,0,0,0,0,0,0
2002,470855,1,1,0,0,0,0,0,0,0,0,0,0
2002,470855,3,1,0,0,0,0,0,0,0,0,0,0
2002,470856,1,1,20,20,20,20,20,20,20,20,20,20
2002,470857,1,1,11,11,11,11,11,11,11,11,11,11
2002,470858,1,1,0,0,0,0,0,0,0,0,0,0
2002,470859,1,1,0,0,0,18,0,0,14,0,14,14
2002,470859,2,1,0,0,0,0,0,0,12,0,0,0
2002,470860,1,1,0,0,0,0,0,0,0,0,0,0
2002,470860,2,1,10,10,10,10,10,10,10,10,10,10
2002,470861,1,1,0,0,0,5,0,0,0,0,0,0
2002,470862,1,1,0,0,0,0,0,0,0,0,0,0
2002,470863,1,1,0,10,0,0,0,19,0,0,0,0
2002,470863,2,1,0,0,0,0,0,0,0,0,0,0
2002,470864,1,1,0,0,0,0,0,0,0,0,0,0
2002,470864,2,1,0,0,0,0,0,0,0,0,0,0
2002,470864,3,1,0,0,0,0,0,0,0,0,0,0
2002,470865,1,1,12,12,12,12,12,12,12,12,12,12
2002,470866,1,1,0,0,0,0,0,0,0,0,0,23
2002,470867,1,1,0,0,0,0,0,0,0,0,0,0
2002,470867,2,1,0,0,0,0,0,0,0,0,0,0
2002,470868,1,1,11,11,11,11,11,11,11,11,11,11
2002,470869,1,1,0,0,0,0,0,0,0,0,0,0
2002,470869,2,1,0,0,0,0,0,0,0,0,0,11
2002,470870,1,1,15,21,26,13,26,23,22,7,17,20
2002,470870,2,1,0,0,0,0,0,0,0,0,0,0
2002,470871,1,1,0,0,0,0,0,0,0,0,0,0
2002,470872,1,1,0,0,0,0,0,0,0,0,0,0
2002,470872,2,1,30,22,9,0,12,19,0,31,9,10
2002,470873,1,1,7,7,7,7,7,7,7,7,7,7
2002,470873,2,1,0,0,0,0,0,0,0,0,0,0
2002,470874,1,1,8,0,0,0,0,0,0,0,0,0
2002,470875,1,1,0,0,0,0,0,0,0,0,0,0
2002,470875,2,1,0,0,0,0,0,0,0,0,0,0
2002,470876,1,1,0,0,0,0,0,0,0,0,0,0
2002,470876,2,1,0,0,0,0,0,0,0,0,0,0
2002,470877,1,1,26,26,26,26,26,26,26,26,26,26
2002,470878,1,1,13,13,13,13,13,13,13,13,13,13
2002,470879,1,1,0,0,0,0,0,0,0,0,0,0
2002,470880,1,1,2,0,0,0,0,0,0,0,0,0
2002,470880,2,1,0,0,0,0,0,0,0,0,0,0
2002,470881,1,1,0,0,0,0,0,0,0,0,0,0
2002,470882,1,1,9,9,9,9,9,9,9,9,9,9
2002,470883,1,1,0,0,0,0,0,0,0,0,0,0
2002,470883,2,1,11,11,11,11,11,11,11,11,11,11
2002,470884,1,1,11,11,11,11,11,11,11,11,11,11
2002,470885,1,1,0,0,0,0,0,0,0,0,0,0
2002,470886,1,1,32,0,0,0,0,0,0,0,0,14
2002,470887,0,1,0,0,0,0,0,0,0,0,0,0
2002,470887,1,1,0,0,0,0,0,0,0,0,0,0
2002,470888,1,1,0,0,0,0,0,0,0,0,0,0
2002,470889,1,1,0,0,0,0,0,0,0,0,0,0
2002,470889,2,1,0,0,0,0,0,0,0,0,0,0
2002,470889,3,1,0,0,0,0,0,0,0,0,0,0
2002,470890,1,1,8,9,0,0,8,20,0,0,0,11
2002,470891,1,1,0,0,0,0,0,0,0,0,0,0
2002,470891,2,1,0,0,0,0,0,0,0,0,0,0
2002,470892,1,1,0,0,0,0,0,0,0,0,0,0
2002,470892,2,1,0,0,0,0,0,0,0,0,0,0
2002,470893,1,1,0,0,0,0,0,0,0,0,0,0
2002,470894,1,1,39,40,4,19,0,12,0,19,13,19
2002,470895,1,1,0,0,0,0,0,0,0,0,0,0
2002,470896,0,1,30,30,30,30,30,30,30,30,30,30
2002,470896,1,1,18,0,0,8,0,0,0,0,0,0
2002,470897,1,1,0,9,0,0,0,0,0,0,0,0
2002,470897,2,1,0,0,0,0,0,0,0,0,0,0
2002,470898,1,1,0,0,0,0,0,0,0,0,0,0
2002,470898,2,1,10,10,10,10,10,10,10,10,10,10
2002,470899,1,1,10,8,5,12,2,8,16,3,19,7
2002,470900,1,1,36,36,36,36,36,36,36,36,36,36
2002,470901,1,1,0,0,0,0,0,0,0,0,0,9
2002,470902,1,1,0,0,0,0,0,0,0,0,0,0
2002,470902,2,1,0,0,0,0,0,0,0,0,0,0
2002,470903,1,1,0,0,0,0,0,0,0,0,0,0
2002,470904,1,1,20,23,18,27,28,20,23,5,31,31
2002,470905,1,1,0,0,0,0,0,0,0,0,0,0
2002,470907,1,1,0,0,0,0,0,0,0,0,0,0
2002,470908,1,1,0,0,0,0,0,0,0,0,0,0
2002,470908,2,1,0,0,0,0,0,0,0,0,0,0
2002,470909,1,1,18,18,18,18,18,18,18,18,18,18
2002,470910,1,1,0,0,0,0,0,0,0,0,0,0
2002,470911,1,1,26,26,26,26,26,26,26,26,26,26
2002,470912,1,1,0,0,0,0,0,0,0,0,0,0
2002,470913,1,1,15,15,15,15,15,15,15,15,15,15
2002,470913,2,1,0,0,0,0,0,0,0,0,0,0
2002,470914,1,1,0,0,0,0,0,0,0,0,0,0
2002,470914,2,1,0,0,0,0,0,0,0,0,0,0
2002,470915,1,1,0,0,0,0,0,0,0,0,0,0
2002,470915,2,1,0,0,0,4,0,0,0,0,0,0
2002,470916,1,1,0,0,0,0,0,0,0,0,0,0
2002,470916,2,1,0,0,0,0,0,0,0,0,0,0
2002,470917,1,1,0,0,0,0,0,0,0,0,0,0
2002,470918,1,1,0,0,0,0,0,0,0,0,0,0
2002,470919,1,1,0,0,0,0,0,0,0,0,0,0
2002,470920,1,1,18,18,18,18,18,18,18,18,18,18
2002,470921,1,1,18,18,18,18,18,18,18,18,18,18
2002,470922,1,1,0,0,18,7,0,0,8,0,17,0
2002,470923,1,1,0,15,0,0,7,0,18,12,5,0
2002,470924,1,1,31,31,31,31,31,31,31,31,31,31
2002,470924,2,1,0,0,11,0,0,0,0,0,0,0
2002,470925,0,1,0,0,0,0,0,0,0,0,0,0
2002,470925,1,1,0,12,18,6,20,16,16,21,9,0
2002,470926,1,1,15,0,0,0,0,0,0,0,0,0
2002,470926,2,1,0,0,0,0,0,0,0,0,0,0
2002,470927,0,1,0,0,0,0,0,11,15,15,0,0
2002,470927,1,1,0,0,0,0,0,0,0,0,0,0
2002,470928,0,1,0,0,0,0,0,0,0,0,0,0
2002,470928,1,1,0,0,0,0,0,0,0,0,0,0
2002,470928,2,1,0,4,0,0,0,0,0,0,0,0
2002,470928,3,1,0,0,0,0,0,0,0,0,0,0
2002,470929,1,1,0,0,0,0,0,0,0,0,0,0
2002,470930,1,1,26,24,22,7,27,13,17,19,19,16
2002,470931,1,1,3,3,3,3,3,3,3,3,3,3
2002,470932,1,1,0,0,0,0,0,0,0,0,0,0
2002,470932,2,1,0,0,0,0,0,0,0,0,0,0
2002,470933,1,1,16,21,0,19,28,13,38,7,24,11
2002,470933,2,1,0,0,0,0,0,0,3,0,0,0
2002,470933,3,1,0,0,0,0,0,0,0,0,0,0
2002,470934,1,1,0,0,0,0,0,0,0,0,0,0
2002,470934,2,1,0,0,0,0,0,0,0,0,0,0
2002,470935,1,1,0,0,0,0,0,0,0,0,0,0
2002,470936,1,1,0,0,0,0,0,0,0,0,0,0
2002,470937,1,1,0,0,0,0,0,0,0,0,0,0
2002,470938,1,1,23,23,23,23,23,23,23,23,23,23
2002,470939,1,1,6,0,23,0,0,25,0,18,0,14
2002,470940,1,1,0,0,0,0,0,0,0,0,0,0
2002,470940,2,1,0,0,0,0,0,0,0,0,0,0
2002,470941,0,1,0,0,0,0,0,0,0,0,0,0
2002,470941,1,1,0,0,0,0,0,0,0,0,0,0
2002,470942,1,1,3,3,3,3,3,3,3,3,3,3
2002,470942,2,1,0,0,0,0,0,0,0,0,0,0
2002,470943,0,1,28,28,28,28,28,28,28,28,28,28
2002,470943,1,1,0,0,0,0,0,0,0,0,0,0
2002,470944,1,1,0,0,0,0,0,0,0,0,0,0
2002,470945,1,1,0,0,0,0,0,0,0,0,0,0
2002,470945,2,1,16,16,16,16,16,16,16,16,16,16
2002,470946,1,1,0,0,0,0,0,0,0,0,0,0
2002,470947,1,1,0,0,0,0,0,0,0,0,0,0
2002,470947,2,1,14,14,14,14,14,14,14,14,14,14
2002,470948,1,1,0,0,0,0,0,0,0,0,0,0
2002,470949,1,1,0,0,0,0,0,0,0,0,0,0
2002,470949,2,1,0,0,0,0,0,0,0,0,0,0
2002,470950,1,1,0,0,0,0,0,0,0,0,0,0
2002,470951,0,1,25,25,25,25,25,25,25,25,25,25
2002,470951,1,1,0,0,12,0,0,0,0,0,6,12
2002,470952,1,1,0,0,0,0,0,0,0,0,0,0
2002,470953,1,1,0,0,0,0,0,12,9,0,0,0
2002,470954,1,1,0,0,0,0,0,0,0,0,5,0
2002,470955,0,1,0,0,0,0,0,0,0,0,0,0
2002,470955,0,2,0,0,0,0,0,0,0,0,0,0
2002,470955,1,1,0,0,0,0,0,0,0,0,0,0
2002,470956,1,1,0,0,0,0,0,0,0,0,0,0
2002,470957,1,1,0,0,0,0,0,0,0,0,0,0
2002,470957,2,1,0,0,0,0,0,0,0,0,0,0
2002,470958,1,1,0,0,0,0,0,0,0,0,0,0
2002,470959,1,1,0,0,0,0,0,0,0,0,0,0
2002,470959,2,1,0,0,0,0,0,0,0,0,0,0
2002,470960,1,1,14,14,14,14,14,14,14,14,14,14
2002,470960,2,1,0,0,0,0,0,0,0,0,0,0
2002,470961,1,1,0,0,12,24,26,13,3,16,21,13
2002,470962,1,1,0,0,0,0,0,0,0,0,0,0
2002,470962,2,1,0,0,0,0,0,0,0,0,0,0
2002,470963,1,1,31,31,31,31,31,31,31,31,31,31
2002,470964,1,1,30,30,30,30,30,30,30,30,30,30
2002,470965,1,1,0,0,0,0,0,0,0,0,0,0
2002,470965,2,1,0,0,0,0,0,0,0,0,0,0
2002,470966,1,1,0,0,0,0,0,0,0,0,0,0
2002,470966,2,1,0,0,0,0,0,0,0,0,0,0
2002,470967,1,1,0,0,0,0,0,0,0,0,0,0
2002,470967,2,1,28,28,28,28,28,28,28,28,28,28
2002,470968,1,1,16,16,16,16,16,16,16,16,16,16
2002,470969,1,1,0,0,0,0,0,0,0,0,0,0
2002,470970,1,1,0,0,5,2,0,0,0,0,0,8
2002,470971,1,1,0,0,0,0,0,0,0,0,0,0
2002,470972,1,1,0,0,0,0,0,0,0,0,0,0
2002,470972,2,1,0,0,0,0,0,0,0,0,0,0
2002,470973,1,1,0,0,0,0,0,0,0,0,0,0
2002,470974,1,1,0,0,0,0,0,0,0,0,0,0
2002,470974,2,1,0,0,0,0,0,0,0,0,0,0
2002,470975,1,1,0,0,0,0,0,0,0,0,0,0
2002,470975,2,1,20,0,0,19,15,10,11,28,26,5
2002,470976,1,1,0,0,0,0,0,0,0,0,0,0
2002,470977,1,1,0,0,0,0,0,0,0,0,0,0
2002,470978,1,1,0,0,0,0,0,0,0,0,0,0
2002,470978,2,1,0,0,0,0,0,0,0,0,0,0
2002,470979,1,1,13,13,13,13,13,13,13,13,13,13
2002,470980,1,1,0,0,0,0,0,0,0,0,0,0
2002,470981,1,1,38,38,38,38,38,38,38,38,38,38
2002,470982,0,1,0,0,0,0,0,0,0,0,0,0
2002,470982,1,1,0,0,0,0,0,0,0,0,0,0
2002,470983,1,1,0,0,0,0,0,0,0,0,0,0
2002,470984,1,1,0,0,0,0,22,0,0,13,0,0
2002,470984,2,1,0,0,0,0,0,0,0,0,0,0
2002,470985,1,1,0,0,0,0,7,0,0,0,0,0
2002,470985,2,1,0,0,0,0,0,0,0,0,0,0
2002,470986,1,1,24,24,24,24,24,24,24,24,24,24
2002,470986,2,1,0,0,0,0,0,0,0,0,0,0
2002,470987,1,1,0,0,0,0,0,0,0,0,0,0
2002,470988,1,1,0,0,0,0,0,0,0,0,0,0
2002,470988,2,1,0,0,0,0,0,0,0,0,0,0
2002,470988,3,1,0,0,0,0,0,0,0,0,0,0
2002,470989,1,1,0,0,0,0,0,0,15,0,0,0
2002,470989,2,1,0,0,0,0,0,0,0,0,0,0
2002,470990,1,1,0,0,0,0,0,0,0,0,0,0
2002,470991,1,1,0,0,0,0,0,0,0,0,0,0
2002,470992,1,1,18,16,20,15,19,22,21,27,19,16
2002,470993,1,1,14,14,14,14,14,14,14,14,14,14
2002,470994,1,1,0,0,0,0,0,0,0,0,0,0
2002,470995,1,1,15,15,0,18,19,24,12,30,24,14
2002,470996,1,1,0,0,0,0,0,0,0,0,0,20
2002,470997,1,1,0,0,0,0,0,0,0,0,0,0
2002,470997,2,1,0,0,0,0,0,0,0,0,0,0
2002,470998,0,1,0,0,0,0,0,0,0,0,0,0
2002,470998,1,1,0,0,0,0,0,0,0,0,0,0
2002,470999,1,1,12,11,15,12,29,0,23,27,21,12
2002,471000,1,1,0,0,0,0,0,0,0,0,0,0
2002,471000,2,1,0,0,0,0,0,0,0,0,0,0
2002,471001,1,1,0,0,0,0,0,0,0,0,0,0
2002,471001,2,1,0,0,0,0,0,0,0,0,0,0
2002,471002,1,1,0,0,0,0,0,0,0,0,0,0
2002,471002,2,1,0,0,0,0,0,0,0,0,0,0
2002,471003,0,1,28,28,28,28,28,28,28,28,28,28
2002,471003,1,1,0,0,0,0,0,0,0,0,15,0
2002,471004,1,1,0,0,0,0,0,0,0,0,0,0
2002,471004,2,1,0,0,0,0,0,0,0,0,0,0
2002,471004,3,1,0,0,0,0,0,0,0,0,0,0
2002,471004,4,1,0,0,0,0,0,0,0,0,0,0
2002,471005,1,1,0,0,22,0,16,14,0,0,0,0
2002,471006,1,1,15,17,17,13,21,34,17,7,0,0
2002,471006,2,1,0,0,0,0,0,0,0,0,0,0
2002,471007,1,1,0,0,0,0,0,0,0,0,0,0
2002,471007,2,1,0,0,0,0,0,0,0,0,0,0
2002,471008,1,1,16,16,16,16,16,16,16,16,16,16
2002,471008,2,1,0,0,0,0,0,0,0,0,0,0
2002,471009,0,2,0,0,0,0,0,0,0,0,0,0
2002,471009,0,3,0,0,0,9,0,0,0,0,0,0
2002,471009,1,1,20,20,20,20,20,20,20,20,20,20
2002,471010,1,1,0,0,0,0,0,0,0,0,0,0
2002,471010,2,1,0,0,0,0,0,0,0,0,0,0
2002,471011,1,1,0,0,0,0,0,0,0,0,0,0
2002,471011,2,1,0,0,0,0,0,0,0,0,0,0
2002,471012,1,1,23,10,16,5,16,0,14,6,7,15
2002,471012,2,1,0,0,0,0,0,0,0,0,0,0
2002,471013,1,1,0,13,0,24,0,13,0,0,0,0
2002,471014,1,1,10,10,10,10,10,10,10,10,10,10
2002,471015,1,1,32,32,32,32,32,32,32,32,32,32
2002,471016,1,1,0,9,0,23,14,9,18,0,0,10
2002,471017,1,1,0,0,0,0,0,0,0,0,0,0
2002,471017,2,1,0,0,0,0,0,0,0,0,0,0
2002,471018,1,1,19,18,15,13,22,14,10,36,12,6
2002,471020,1,1,0,0,3,0,0,11,0,0,0,0
2002,471020,2,1,0,0,0,0,0,0,0,0,11,0
2002,471021,1,1,7,7,7,7,7,7,7,7,7,7
2002,471022,1,1,0,0,0,0,3,0,0,0,0,0
2002,471024,1,1,0,0,0,0,0,0,0,0,0,0
2002,471024,2,1,0,0,0,0,0,0,0,0,0,0
2002,471025,0,1,0,0,0,0,0,0,0,0,0,0
2002,471025,1,1,0,0,0,0,0,0,0,0,0,0
2002,471026,1,1,9,21,29,14,25,13,19,22,10,9
2002,471027,1,1,19,19,19,19,19,19,19,19,19,19
2002,471028,1,1,22,11,11,7,17,20,9,18,33,11
2002,471029,0,1,0,0,0,0,0,6,0,0,0,0
2002,471029,1,1,6,0,4,0,0,0,0,0,0,0
2002,471030,1,1,8,8,8,8,8,8,8,8,8,8
2002,471030,2,1,0,0,0,0,0,0,14,0,29,16
2002,471031,1,1,0,0,0,0,0,0,0,0,0,0
2002,471031,2,1,0,0,0,0,0,9,0,0,0,0
2002,471031,3,1,0,0,0,0,0,0,0,0,0,0
2002,471032,1,1,0,0,0,0,0,0,0,0,0,0
2002,471032,2,1,0,0,0,0,0,0,0,0,0,0
2002,471033,0,1,0,0,0,0,0,0,0,0,0,0
2002,471033,1,1,0,0,0,0,21,0,0,0,0,0
2002,471034,1,1,0,0,0,0,0,0,0,0,0,0
2002,471034,2,1,0,0,0,0,0,0,0,17,0,0
2002,471035,1,1,38,13,36,10,11,11,19,27,39,15
2002,471036,1,1,13,5,11,10,0,11,14,4,18,9
2002,471036,2,1,0,0,0,0,0,0,0,0,0,0
2002,471036,3,1,0,0,0,0,0,0,0,9,0,0
2002,471036,4,1,0,0,11,0,0,0,0,0,0,28
2002,471037,1,1,0,0,0,0,0,0,0,0,0,0
2002,471038,0,1,0,0,0,12,0,18,0,0,18,0
2002,471038,1,1,9,0,0,0,0,0,0,0,0,0
2002,471039,1,1,0,0,0,0,0,0,0,15,0,0
2002,471039,2,1,0,0,0,0,0,0,0,0,0,0
2002,471040,1,1,0,0,22,0,0,12,0,0,0,29
2002,471040,2,1,0,0,0,0,0,0,0,0,0,0
2002,471040,3,1,0,0,0,0,0,10,0,0,0,0
2002,471041,1,1,0,0,0,0,0,0,0,0,0,0
2002,471041,2,1,0,0,0,0,0,0,0,0,0,0
2002,471042,1,1,0,0,0,0,0,0,0,0,0,0
2002,471042,2,1,0,0,0,0,0,0,0,0,0,0
2002,471043,1,1,9,9,9,9,9,9,9,9,9,9
2002,471044,1,1,0,0,0,0,0,0,0,0,0,0
2002,471044,2,1,22,22,22,22,22,22,22,22,22,22
2002,471044,3,1,0,0,0,0,0,0,0,0,0,0
2002,471045,1,1,11,11,11,11,11,11,11,11,11,11
2002,471046,1,1,0,0,0,0,0,0,0,0,0,0
2002,471046,2,1,0,0,0,0,0,0,0,0,0,0
2002,471047,1,1,0,0,0,0,0,0,0,0,0,0
2002,471047,2,1,28,0,0,0,20,0,0,0,0,0
2002,471048,1,1,0,0,9,0,0,0,0,0,0,0
2002,471049,1,1,0,0,0,0,0,0,0,0,0,0
2002,471049,2,1,0,0,0,0,0,0,0,0,0,0
2002,471050,1,1,0,0,0,0,0,11,0,0,0,0
2002,471050,2,1,0,0,0,0,0,0,0,0,0,0
2002,471050,3,1,0,0,0,0,0,0,0,0,0,0
2002,471051,1,1,0,0,0,0,0,0,0,0,0,0
2002,471051,2,1,0,0,0,0,0,0,0,0,0,0
2002,471052,1,1,0,0,0,0,0,0,0,16,0,0
2002,471053,1,1,5,5,5,5,5,5,5,5,5,5
2002,471053,2,1,0,0,0,0,0,0,0,0,0,0
2002,471054,1,1,0,0,0,0,0,0,0,0,0,0
2002,471055,1,1,19,0,0,0,0,0,0,0,0,0
2002,471055,2,1,0,0,0,0,0,0,0,0,0,0
2002,471056,1,1,0,0,0,0,0,0,0,0,0,0
2002,471056,2,1,0,0,0,0,0,0,0,0,0,0
2002,471056,3,1,0,0,0,0,0,0,0,0,0,0
2002,471057,1,1,0,0,0,0,0,0,0,0,0,0
2002,471057,2,1,0,0,0,0,0,0,0,0,0,0