YEAR,ST_CASE,veh_no,per_no,P1,P2,P3,P4,P5,P6,P7,P8,P9,P10
2002,471058,1,1,0,18,0,0,0,0,0,0,0,0
2002,471058,2,1,0,0,0,0,0,0,0,0,0,0
2002,471059,1,1,0,0,0,0,0,0,0,0,0,0
2002,471059,2,1,0,0,0,0,0,0,0,0,0,0
2002,471060,1,1,9,13,14,9,14,0,5,14,10,14
2002,471061,1,1,0,0,0,6,26,0,0,0,0,0
2002,471062,1,1,0,0,0,0,0,0,0,0,11,0
2002,471063,1,1,0,0,0,0,0,3,0,13,0,0
2002,471063,2,1,0,0,0,0,0,0,0,0,0,0
2002,471064,1,1,0,0,0,0,0,0,0,0,0,0
2002,471065,0,1,0,0,0,0,0,0,0,0,0,0
2002,471065,1,1,0,0,0,0,0,21,0,0,0,0
2002,471066,1,1,0,0,0,21,0,0,0,0,12,0
2002,471066,2,1,0,0,0,0,0,0,0,0,0,0
2002,471067,0,1,16,30,18,42,29,27,26,24,25,24
2002,471067,1,1,0,0,0,0,0,0,0,0,0,0
2002,471068,1,1,0,0,0,0,0,0,0,0,0,2
2002,471068,2,1,0,0,0,0,9,0,0,0,0,0
2002,471069,1,1,24,0,0,27,0,0,0,0,0,0
2002,471070,1,1,19,19,19,19,19,19,19,19,19,19
2002,471071,1,1,0,0,0,0,11,0,0,7,0,12
2002,471072,1,1,35,0,0,0,0,0,0,0,0,0
2002,471072,2,1,0,0,0,0,0,0,0,0,0,0
2002,471073,1,1,0,0,0,0,0,0,0,0,0,0
2002,480001,1,1,21,0,3,12,6,8,9,8,10,7
2002,480001,2,1,17,0,14,0,10,11,0,0,0,0
2002,480002,1,1,21,21,21,21,21,21,21,21,21,21
2002,480003,1,1,0,0,0,0,0,0,0,0,0,0
2002,480004,1,1,15,15,15,15,15,15,15,15,15,15
2002,480005,1,1,0,0,0,0,0,0,0,11,27,0
2002,480006,1,1,0,0,0,19,0,7,0,0,0,0
2002,480007,1,1,0,0,0,0,0,0,0,0,0,0
2002,480008,0,1,11,11,11,11,11,11,11,11,11,11
2002,480008,1,1,0,0,0,0,0,0,0,0,0,0
2002,480009,1,1,0,0,0,0,0,0,0,0,0,0
2002,480009,2,1,0,0,0,0,0,0,0,0,0,0
2002,480010,1,1,0,0,0,0,0,3,0,0,3,0
2002,480010,2,1,0,0,0,0,0,0,0,9,0,0
2002,480011,0,1,0,0,0,0,0,0,0,0,0,0
2002,480011,1,1,0,0,0,0,0,0,0,0,0,0
2002,480012,1,1,2,2,2,2,2,2,2,2,2,2
2002,480012,2,1,0,0,0,0,0,0,0,0,0,0
2002,480013,1,1,0,0,0,0,0,0,0,0,0,5
2002,480013,2,1,0,0,0,0,10,0,0,0,0,0
2002,480013,3,1,0,0,0,0,0,0,0,0,0,0
2002,480014,1,1,0,0,0,0,0,4,0,0,0,0
2002,480014,2,1,0,0,0,0,0,0,0,0,0,0
2002,480015,0,1,0,20,0,0,0,0,0,22,0,0
2002,480015,1,1,0,0,0,0,0,0,0,0,0,0
2002,480016,1,1,0,0,0,0,0,0,0,0,0,0
2002,480016,2,1,0,0,0,0,0,0,0,0,0,0
2002,480017,1,1,0,13,0,0,0,0,0,0,0,0
2002,480018,1,1,33,33,33,33,33,33,33,33,33,33
2002,480019,1,1,20,20,20,20,20,20,20,20,20,20
2002,480020,1,1,8,27,12,21,17,16,18,26,12,13
2002,480021,1,1,0,0,0,0,0,0,0,0,0,0
2002,480021,2,1,0,0,26,0,0,0,0,0,0,0
2002,480023,1,1,0,0,0,17,0,0,0,0,0,20
2002,480023,2,1,0,0,0,0,0,0,0,0,0,0
2002,480024,1,1,0,0,0,0,0,0,0,0,0,0
2002,480024,2,1,29,29,29,29,29,29,29,29,29,29
2002,480025,1,1,24,24,24,24,24,24,24,24,24,24
2002,480026,1,1,0,0,0,0,0,0,0,0,0,0
2002,480027,1,1,26,26,26,26,26,26,26,26,26,26
2002,480028,1,1,25,25,25,25,25,25,25,25,25,25
2002,480029,1,1,5,5,5,5,5,5,5,5,5,5
2002,480030,1,1,0,0,0,0,0,0,0,0,0,0
2002,480030,2,1,0,13,0,0,0,0,0,0,0,0
2002,480031,1,1,20,20,20,20,20,20,20,20,20,20
2002,480031,2,1,14,4,14,21,0,11,12,0,36,3
2002,480032,0,1,14,14,14,14,14,14,14,14,14,14
2002,480032,1,1,0,7,3,9,0,30,0,0,0,0
2002,480033,1,1,6,0,0,0,0,0,0,0,0,0
2002,480034,1,1,10,10,10,10,10,10,10,10,10,10
2002,480035,1,1,25,0,0,0,5,0,0,17,0,0
2002,480036,0,1,0,0,0,0,0,0,14,0,0,0
2002,480036,1,1,0,0,0,0,0,4,0,0,0,0
2002,480037,1,1,4,4,4,4,4,4,4,4,4,4
2002,480037,2,1,7,22,13,27,0,0,0,11,18,0
2002,480038,1,1,0,28,0,33,0,13,8,16,0,0
2002,480039,1,1,0,0,0,4,0,0,0,0,14,0
2002,480040,1,1,0,12,29,0,0,19,0,0,0,17
2002,480041,1,1,0,0,0,0,0,0,0,0,0,0
2002,480042,1,1,0,0,0,0,0,0,0,0,0,0
2002,480043,1,1,11,15,8,16,12,15,6,17,14,19
2002,480044,1,1,0,0,0,0,0,0,0,0,0,0
2002,480044,2,1,0,0,0,0,0,0,0,0,0,0
2002,480044,3,1,0,0,0,0,0,0,0,0,0,0
2002,480045,1,1,0,0,0,0,0,0,0,0,0,0
2002,480045,2,1,25,0,0,0,0,0,0,0,0,0
2002,480046,1,1,0,0,0,0,0,0,0,0,0,0
2002,480046,2,1,0,0,0,0,0,0,0,18,0,12
2002,480047,1,1,10,5,14,14,0,0,23,20,0,0
2002,480048,0,1,0,0,28,23,21,8,0,0,9,22
2002,480048,1,1,0,0,0,0,0,3,0,0,0,0
2002,480049,1,1,36,36,36,36,36,36,36,36,36,36
2002,480049,2,1,0,0,0,0,0,0,0,0,0,0
2002,480050,1,1,11,11,11,11,11,11,11,11,11,11
2002,480051,1,1,0,19,0,4,20,0,21,0,2,12
2002,480052,1,1,0,0,0,0,0,0,0,0,0,0
2002,480052,2,1,0,0,0,0,0,0,0,0,0,0
2002,480053,1,1,11,11,11,11,11,11,11,11,11,11
2002,480053,2,1,9,8,0,0,0,9,0,0,0,34
2002,480054,1,1,4,4,4,4,4,4,4,4,4,4
2002,480054,2,1,23,0,0,0,26,0,4,18,18,7
2002,480055,1,1,19,19,19,19,19,19,19,19,19,19
2002,480055,2,1,0,0,0,0,0,0,0,0,0,0
2002,480056,1,1,0,0,15,18,0,0,3,0,12,0
2002,480057,0,1,0,0,0,0,0,0,0,0,0,0
2002,480057,1,1,18,0,0,0,0,0,9,29,0,0
2002,480058,1,1,0,0,0,0,0,0,0,0,0,0
2002,480059,1,1,0,0,3,16,23,0,0,21,13,0
2002,480060,0,1,0,0,0,0,0,0,0,0,0,0
2002,480060,1,1,0,0,0,0,0,0,0,0,0,0
2002,480061,1,1,0,0,0,28,0,0,0,0,0,0
2002,480062,0,1,0,0,0,0,0,0,0,0,0,0
2002,480062,1,1,0,0,0,0,0,26,0,0,0,0
2002,480063,0,1,18,18,19,27,10,0,20,0,0,0
2002,480063,1,1,0,0,0,0,0,0,0,0,0,0
2002,480064,1,1,0,0,0,0,0,0,0,0,0,0
2002,480064,2,1,0,0,0,0,0,0,0,0,0,0
2002,480065,1,1,0,0,0,29,0,0,0,22,10,0
2002,480066,1,1,30,30,30,30,30,30,30,30,30,30
2002,480066,2,1,0,7,0,0,0,0,0,0,0,0
2002,480067,1,1,15,15,15,15,15,15,15,15,15,15
2002,480067,2,1,0,0,0,0,0,0,0,0,0,0
2002,480068,1,1,0,0,0,0,0,0,0,0,0,0
2002,480069,1,1,0,0,0,20,0,0,0,0,0,0
2002,480069,2,1,0,0,15,8,0,0,0,0,0,0
2002,480070,1,1,27,27,27,27,27,27,27,27,27,27
2002,480071,1,1,16,0,21,12,0,8,10,0,7,0
2002,480072,1,1,17,17,17,17,17,17,17,17,17,17
2002,480072,2,1,0,0,0,0,0,0,0,11,0,0
2002,480072,3,1,0,0,0,0,0,0,0,0,0,0
2002,480073,0,1,17,0,20,22,10,16,22,0,9,2
2002,480073,1,1,6,0,16,0,0,0,0,25,0,21
2002,480074,1,1,17,6,0,0,1,0,10,37,0,26
2002,480075,0,1,28,0,0,18,0,0,0,24,0,0
2002,480075,1,1,0,7,0,0,0,0,0,0,0,0
2002,480076,1,1,21,21,21,21,21,21,21,21,21,21
2002,480077,0,1,20,0,0,32,26,24,13,7,23,0
2002,480077,1,1,5,20,0,9,11,0,0,0,0,9
2002,480078,0,1,0,26,22,0,11,0,0,13,0,0
2002,480078,1,1,0,0,0,0,12,14,0,0,22,7
2002,480079,1,1,11,11,11,11,11,11,11,11,11,11
2002,480080,1,1,0,0,0,0,0,0,0,0,0,0
2002,480080,2,1,21,0,0,0,0,20,24,0,0,14
2002,480080,3,1,0,0,0,0,0,0,0,0,0,0
2002,480081,1,1,0,0,0,0,0,0,0,0,0,0
2002,480081,2,1,7,7,7,7,7,7,7,7,7,7
2002,480082,1,1,0,0,0,13,0,0,0,0,0,8
2002,480082,2,1,0,0,7,0,0,0,0,0,0,0
2002,480083,1,1,9,9,9,9,9,9,9,9,9,9
2002,480083,2,1,0,6,10,17,0,21,12,0,0,0
2002,480084,1,1,27,5,20,10,11,23,28,18,17,28
2002,480085,1,1,0,0,0,0,0,0,0,0,0,0
2002,480086,0,1,0,0,0,0,0,0,0,0,0,0
2002,480086,1,1,0,0,0,0,0,0,0,0,0,0
2002,480087,1,1,23,23,23,23,23,23,23,23,23,23
2002,480087,2,1,0,0,0,0,0,0,0,0,0,0
2002,480087,3,1,0,0,0,0,0,0,0,0,0,0
2002,480088,1,1,0,0,0,0,0,0,0,0,0,0
2002,480089,1,1,7,7,7,7,7,7,7,7,7,7
2002,480090,1,1,0,0,0,0,0,0,0,0,0,0
2002,480090,2,1,0,0,0,0,0,0,0,0,0,0
2002,480091,1,1,0,0,0,0,0,0,0,0,0,0
2002,480091,2,1,0,0,0,0,0,0,0,16,0,0
2002,480092,0,1,0,7,0,0,0,0,0,0,0,0
2002,480092,1,1,0,0,0,0,0,0,0,19,0,0
2002,480093,1,1,0,0,0,0,0,0,0,0,0,0
2002,480093,2,1,0,0,0,0,0,0,0,0,0,0
2002,480094,1,1,0,0,0,0,0,0,0,0,0,0
2002,480094,2,1,0,0,0,0,0,0,0,0,0,17
2002,480095,1,1,0,0,0,22,0,0,0,0,0,0
2002,480096,1,1,19,0,17,24,23,17,11,19,16,10
2002,480097,1,1,0,0,0,0,0,0,0,0,0,0
2002,480098,1,1,0,0,0,0,0,0,0,0,0,0
2002,480098,2,1,0,0,0,0,0,0,0,19,0,0
2002,480099,1,1,0,0,0,0,0,0,0,0,0,0
2002,480099,2,1,0,0,0,0,0,0,0,0,0,0
2002,480100,1,1,2,2,2,2,2,2,2,2,2,2
2002,480101,1,1,23,23,23,23,23,23,23,23,23,23
2002,480102,1,1,0,0,0,0,0,0,7,0,0,0
2002,480102,2,1,0,0,0,0,0,0,0,0,0,0
2002,480103,1,1,14,14,14,14,14,14,14,14,14,14
2002,480104,1,1,4,4,4,4,4,4,4,4,4,4
2002,480104,2,1,0,0,0,0,0,0,0,0,0,0
2002,480104,3,1,0,0,0,0,0,0,0,0,0,0
2002,480105,0,1,0,0,0,0,0,0,0,0,0,0
2002,480105,1,1,0,0,0,0,0,0,0,0,0,0
2002,480106,1,1,0,0,0,0,0,0,0,0,0,0
2002,480106,2,1,0,0,0,0,0,0,0,0,0,0
2002,480107,1,1,0,0,0,0,0,0,0,0,0,0
2002,480108,1,1,0,0,0,0,0,0,0,0,0,0
2002,480109,1,1,31,31,31,31,31,31,31,31,31,31
2002,480110,1,1,0,0,0,19,0,0,0,7,0,0
2002,480110,2,1,0,10,0,0,9,19,0,26,0,0
2002,480110,3,1,0,0,0,0,0,0,0,0,11,0
2002,480111,1,1,22,22,22,22,22,22,22,22,22,22
2002,480112,1,1,0,0,0,0,0,0,0,0,0,0
2002,480112,2,1,3,0,0,4,8,0,0,0,0,15
2002,480113,1,1,0,0,0,0,0,23,0,0,2,0
2002,480114,1,1,19,19,19,19,19,19,19,19,19,19
2002,480114,2,1,0,0,0,0,0,0,0,0,19,0
2002,480115,1,1,8,8,8,8,8,8,8,8,8,8
2002,480116,1,1,20,20,20,20,20,20,20,20,20,20
2002,480117,1,1,0,0,0,0,0,0,0,0,0,0
2002,480118,1,1,0,0,0,0,0,0,0,0,0,0
2002,480118,2,1,0,0,0,0,0,0,0,0,0,0
2002,480119,1,1,17,17,17,17,17,17,17,17,17,17
2002,480120,1,1,0,20,9,0,18,0,0,18,0,17
2002,480120,2,1,15,15,15,15,15,15,15,15,15,15
2002,480121,1,1,0,0,0,0,0,0,0,0,0,0
2002,480121,2,1,0,0,0,0,0,0,14,0,0,0
2002,480121,3,1,0,0,0,0,0,0,0,0,0,0
2002,480122,0,1,12,31,12,6,34,16,26,29,0,36
2002,480122,1,1,0,0,0,3,0,0,0,0,0,0
2002,480123,1,1,0,0,0,19,0,0,0,0,0,0
2002,480124,0,1,0,23,0,0,0,0,0,11,21,25
2002,480124,1,1,13,0,0,0,0,0,0,0,0,0
2002,480125,1,1,0,0,18,0,0,6,0,0,3,2
2002,480126,1,1,0,0,0,0,0,0,0,0,0,0
2002,480126,2,1,0,0,0,0,0,0,0,0,0,0
2002,480127,1,1,9,0,11,17,10,24,13,16,9,6
2002,480128,1,1,30,20,17,0,0,0,0,26,0,24
2002,480129,1,1,24,24,24,24,24,24,24,24,24,24
2002,480129,2,1,0,9,0,0,0,14,0,0,0,0
2002,480130,1,1,11,11,11,11,11,11,11,11,11,11
2002,480131,1,1,0,0,0,0,0,0,0,0,0,0
2002,480131,2,1,0,0,0,0,0,0,0,0,0,0
2002,480132,1,1,0,0,0,0,0,0,0,0,0,0
2002,480133,1,1,25,0,0,5,15,0,0,0,12,35
2002,480134,1,1,0,0,0,0,0,0,0,0,0,0
2002,480134,2,1,0,0,0,0,0,0,0,0,0,0
2002,480135,1,1,17,0,42,0,27,0,0,0,21,5
2002,480136,1,1,0,27,0,29,0,17,7,0,5,0
2002,480137,1,1,0,0,0,0,12,9,0,0,0,0
2002,480138,1,1,17,17,17,17,17,17,17,17,17,17
2002,480138,2,1,0,0,0,0,0,0,0,11,6,0
2002,480138,3,1,0,0,0,0,0,0,0,0,0,0
2002,480138,4,1,0,0,0,0,0,0,0,0,0,0
2002,480139,1,1,0,0,0,0,0,0,0,0,0,0
2002,480139,2,1,0,0,0,0,0,0,0,0,0,0
2002,480140,1,1,17,17,17,17,17,17,17,17,17,17
2002,480141,0,1,0,0,22,0,32,0,0,0,0,12
2002,480141,1,1,0,0,0,0,0,0,0,0,0,0
2002,480142,0,1,15,0,14,6,23,29,0,0,0,15
2002,480142,1,1,4,4,4,4,4,4,4,4,4,4
2002,480143,0,1,15,15,15,15,15,15,15,15,15,15
2002,480143,1,1,0,0,0,0,5,0,0,0,0,15
2002,480144,1,1,0,0,0,0,0,0,0,0,0,0
2002,480144,2,1,0,0,0,0,0,0,0,0,0,0
2002,480145,1,1,0,0,0,0,6,0,0,0,9,20
2002,480145,2,1,0,0,0,0,0,0,0,0,0,4
2002,480146,1,1,30,30,30,30,30,30,30,30,30,30
2002,480147,0,1,41,41,41,41,41,41,41,41,41,41
2002,480147,1,1,16,9,0,0,0,0,0,0,11,0
2002,480148,0,1,0,0,0,8,0,24,22,21,0,0
2002,480148,1,1,0,4,0,0,0,0,0,0,0,0
2002,480149,1,1,9,9,9,9,9,9,9,9,9,9
2002,480150,1,1,0,6,6,8,10,13,20,14,0,0
2002,480151,1,1,24,5,5,26,10,12,23,23,13,16
2002,480152,1,1,11,9,0,0,6,22,14,15,6,0
2002,480152,2,1,0,0,6,0,0,0,17,0,0,0
2002,480153,1,1,0,0,0,0,0,0,0,0,0,0
2002,480154,1,1,0,0,0,0,0,0,0,0,0,0
2002,480154,2,1,0,0,0,0,0,0,0,0,0,0
2002,480154,3,1,0,0,0,0,0,0,0,0,0,0
2002,480155,1,1,26,26,26,26,26,26,26,26,26,26
2002,480155,2,1,0,0,0,0,0,0,0,0,0,0
2002,480156,1,1,32,0,11,15,0,14,12,4,0,0
2002,480157,1,1,0,0,0,0,0,0,0,0,0,0
2002,480157,2,1,0,0,0,0,0,0,0,0,0,0
2002,480157,3,1,0,0,0,0,0,0,13,16,0,0
2002,480158,1,1,21,14,0,0,20,14,39,11,0,17
2002,480159,1,1,0,0,0,13,0,0,0,0,0,0
2002,480159,2,1,0,15,0,0,0,0,8,23,10,0
2002,480160,0,1,0,25,0,0,22,0,0,13,35,7
2002,480160,1,1,0,0,0,0,0,0,0,0,20,0
2002,480160,2,1,0,0,19,0,0,6,0,0,0,17
2002,480161,1,1,0,0,0,0,0,0,0,0,0,0
2002,480161,2,1,0,0,0,0,0,0,0,0,0,0
2002,480162,1,1,35,35,35,35,35,35,35,35,35,35
2002,480163,1,1,0,0,0,0,0,0,0,0,0,0
2002,480163,2,1,0,0,0,0,0,0,0,0,0,0
2002,480164,1,1,0,0,0,0,0,0,0,0,0,0
2002,480164,2,1,0,8,0,0,0,0,0,0,0,0
2002,480165,0,2,27,0,24,8,21,31,0,16,35,0
2002,480165,0,3,10,23,22,0,16,0,22,15,20,0
2002,480165,1,1,0,0,0,0,16,0,0,0,0,0
2002,480165,2,1,21,0,0,0,0,0,0,0,0,0
2002,480166,1,1,23,23,23,23,23,23,23,23,23,23
2002,480166,2,1,0,0,0,0,0,0,0,0,6,0
2002,480166,3,1,0,0,0,0,0,0,0,0,0,0
2002,480166,4,1,0,0,0,0,0,0,0,2,0,7
2002,480166,5,1,0,0,0,0,0,0,0,0,0,0
2002,480166,6,1,0,0,0,3,0,0,0,0,0,11
2002,480167,1,1,6,6,6,6,6,6,6,6,6,6
2002,480168,0,1,0,0,0,0,0,0,0,0,0,0
2002,480168,1,1,19,0,0,33,0,0,14,0,18,0
2002,480169,1,1,30,30,30,30,30,30,30,30,30,30
2002,480170,1,1,0,0,0,0,0,0,0,0,0,0
2002,480170,2,1,0,10,0,0,0,0,0,0,0,0
2002,480170,3,1,0,23,20,11,24,0,0,0,0,0
2002,480170,4,1,16,0,0,0,0,0,0,0,0,0
2002,480171,0,1,0,5,12,11,0,45,22,25,37,23
2002,480171,1,1,21,21,21,21,21,21,21,21,21,21
2002,480172,0,1,0,0,0,0,20,0,20,0,0,0
2002,480172,1,1,0,0,14,0,0,0,0,0,0,0
2002,480173,1,1,0,0,0,0,0,0,0,0,0,0
2002,480173,2,1,0,0,0,0,0,0,0,0,0,0
2002,480174,1,1,0,14,0,0,0,0,0,0,0,0
2002,480174,2,1,0,0,0,0,0,0,0,0,0,0
2002,480174,3,1,0,0,0,0,0,0,0,0,0,0
2002,480175,0,1,11,11,11,11,11,11,11,11,11,11
2002,480175,1,1,0,0,0,0,0,0,0,0,9,0
2002,480176,0,1,0,0,0,0,0,4,16,0,0,0
2002,480176,1,1,0,0,0,0,0,0,0,0,0,0
2002,480177,1,1,0,16,0,0,0,0,0,0,2,0
2002,480177,2,1,14,0,0,0,0,0,7,0,0,0
2002,480178,1,1,0,0,9,0,0,0,0,45,31,0
2002,480178,2,1,0,0,0,0,0,0,0,0,0,0
2002,480179,0,1,0,12,0,0,20,0,0,0,0,0
2002,480179,1,1,0,0,13,0,0,14,0,0,0,0
2002,480180,0,1,0,0,0,0,0,0,0,0,0,0
2002,480180,1,1,22,0,0,0,0,0,24,0,0,0
2002,480181,1,1,0,0,9,7,0,27,0,0,0,0
2002,480182,0,1,0,0,0,0,0,0,0,0,0,0
2002,480182,1,1,0,0,0,0,21,0,8,10,0,0
2002,480183,0,1,0,0,0,0,0,0,0,0,0,0
2002,480183,1,1,0,0,0,0,0,0,0,0,0,0
2002,480184,0,1,15,0,14,0,0,8,0,47,22,0
2002,480184,1,1,0,0,0,0,0,0,0,0,0,11
2002,480185,1,1,0,14,25,0,8,0,0,13,10,0
2002,480186,1,1,0,0,0,0,0,0,0,0,0,0
2002,480186,2,1,0,0,0,0,0,0,0,0,0,0
2002,480187,1,1,12,12,12,12,12,12,12,12,12,12
2002,480188,0,1,0,0,0,0,0,0,0,0,0,0
2002,480188,1,1,0,0,0,0,0,0,0,0,0,0
2002,480188,2,1,0,0,0,0,0,0,0,0,0,0
2002,480189,1,1,15,15,15,15,15,15,15,15,15,15
2002,480189,2,1,4,4,4,4,4,4,4,4,4,4
2002,480190,1,1,0,0,15,0,0,0,0,0,0,0
2002,480190,2,1,0,0,0,0,11,0,0,0,15,17
2002,480190,3,1,0,0,0,0,0,0,0,22,0,15
2002,480190,4,1,0,0,19,12,22,0,0,15,0,0
2002,480191,1,1,0,0,0,0,0,0,0,0,0,0
2002,480191,2,1,11,16,17,10,0,12,21,0,15,13
2002,480192,1,1,0,7,0,0,19,0,0,0,0,0
2002,480192,2,1,0,0,0,0,18,0,0,0,0,9
2002,480193,1,1,0,0,6,0,0,0,0,0,0,0
2002,480193,2,1,24,24,24,24,24,24,24,24,24,24
2002,480194,1,1,0,0,0,0,0,0,0,0,0,0
2002,480194,2,1,0,0,0,0,0,0,0,0,0,0
2002,480195,1,1,0,0,10,0,28,0,0,0,0,23
2002,480195,2,1,0,0,0,0,0,0,0,0,0,0
2002,480195,3,1,0,0,0,0,0,0,0,0,0,0
2002,480196,1,1,14,17,24,33,0,0,12,14,29,7
2002,480197,1,1,0,0,0,0,0,0,0,0,0,0
2002,480197,2,1,0,0,0,0,0,0,0,0,0,0
2002,480198,0,1,3,3,3,3,3,3,3,3,3,3
2002,480198,1,1,10,0,8,16,0,26,0,33,31,0
2002,480199,1,1,0,0,0,0,7,0,0,0,0,0
2002,480199,2,1,0,11,0,0,0,0,0,0,0,0
2002,480199,3,1,0,0,0,0,0,0,0,0,0,0
2002,480200,1,1,0,0,0,0,0,0,0,0,0,0
2002,480200,2,1,0,0,0,0,23,0,0,0,0,0
2002,480201,1,1,25,25,25,25,25,25,25,25,25,25
2002,480201,2,1,11,6,19,0,0,0,36,0,0,0
2002,480202,1,1,0,0,0,0,0,0,0,0,0,0
2002,480203,1,1,43,43,43,43,43,43,43,43,43,43
2002,480204,1,1,0,0,0,0,0,0,0,0,0,0
2002,480204,2,1,0,0,0,0,0,0,0,0,0,0
2002,480205,1,1,0,0,0,0,0,0,0,0,0,0
2002,480205,2,1,0,0,0,0,0,0,0,0,0,0
2002,480205,3,1,0,0,0,0,0,0,0,0,0,0
2002,480205,4,1,0,0,0,0,0,15,0,0,0,5
2002,480206,1,1,0,0,0,15,0,0,0,0,0,16
2002,480207,0,1,1,1,1,1,1,1,1,1,1,1
2002,480207,1,1,0,6,0,0,14,0,0,0,6,0
2002,480208,1,1,18,18,18,18,18,18,18,18,18,18
2002,480209,1,1,17,17,17,17,17,17,17,17,17,17
2002,480209,2,1,0,0,0,0,0,0,0,0,0,13
2002,480210,1,1,14,14,14,14,14,14,14,14,14,14
2002,480210,2,1,0,0,0,0,0,0,0,0,0,0
2002,480211,1,1,0,0,0,0,0,0,0,0,0,0
2002,480211,2,1,0,0,0,0,0,0,0,0,0,0
2002,480212,1,1,20,20,20,20,20,20,20,20,20,20
2002,480212,2,1,0,0,0,0,0,0,0,0,0,0
2002,480213,0,1,0,0,0,0,0,0,0,0,0,0
2002,480213,1,1,0,6,24,0,0,0,0,0,10,0
2002,480214,1,1,17,17,17,17,17,17,17,17,17,17
2002,480215,0,1,17,17,17,17,17,17,17,17,17,17
2002,480215,1,1,20,24,11,12,0,0,17,0,7,15
2002,480216,1,1,0,4,19,0,0,0,15,33,0,0
2002,480216,2,1,15,13,2,21,25,30,0,15,22,18
2002,480217,1,1,0,12,0,19,3,19,14,16,16,0
2002,480217,2,1,11,6,0,7,0,18,5,4,8,0
2002,480218,1,1,0,0,0,0,0,0,0,0,0,0
2002,480218,2,1,0,0,0,0,0,0,0,0,0,0
2002,480218,3,1,0,0,0,0,0,0,0,0,0,0
2002,480219,1,1,1,1,1,1,1,1,1,1,1,1
2002,480220,1,1,0,13,0,0,0,0,0,4,0,0
2002,480221,1,1,31,31,31,31,31,31,31,31,31,31
2002,480222,1,1,0,0,0,0,0,0,0,0,0,0
2002,480222,2,1,0,7,0,0,0,0,0,0,0,0
2002,480223,1,1,0,0,0,0,0,0,0,0,0,0
2002,480223,2,1,0,0,0,0,0,0,0,0,0,0
2002,480224,1,1,0,0,0,0,0,0,0,0,0,0
2002,480224,2,1,3,3,3,3,3,3,3,3,3,3
2002,480225,1,1,0,0,0,17,0,0,0,0,0,0
2002,480225,2,1,0,0,0,0,0,0,0,0,0,0
2002,480225,3,1,0,0,0,0,0,0,0,0,0,0
2002,480225,4,1,0,0,0,0,0,0,0,0,0,0
2002,480225,5,1,0,0,0,0,0,0,0,0,0,0
2002,480226,0,1,0,0,0,0,20,0,23,0,0,0
2002,480226,1,1,0,15,36,33,0,17,0,0,0,0
2002,480227,0,1,37,0,0,0,0,0,0,34,0,20
2002,480227,1,1,0,0,0,0,0,0,0,0,0,0
2002,480228,1,1,0,0,0,19,0,0,0,0,0,0
2002,480229,1,1,0,0,0,0,0,0,13,0,0,0
2002,480229,2,1,0,0,0,17,0,0,0,0,0,0
2002,480230,1,1,0,0,0,0,0,0,0,0,0,0
2002,480230,2,1,0,0,0,0,0,0,0,0,0,0
2002,480231,1,1,23,23,23,23,23,23,23,23,23,23
2002,480231,2,1,0,0,0,0,0,0,0,0,0,0
2002,480232,1,1,17,9,11,0,17,18,12,0,17,23
2002,480233,1,1,0,0,0,0,0,0,0,0,0,0
2002,480233,2,1,0,0,12,24,0,0,0,11,0,21
2002,480234,1,1,23,0,0,5,0,0,0,0,2,0
2002,480235,1,1,22,22,22,22,22,22,22,22,22,22
2002,480236,1,1,21,29,0,9,36,18,30,0,25,0
2002,480237,1,1,0,0,0,0,0,0,18,0,0,0
2002,480237,2,1,0,0,0,32,0,0,0,0,0,0
2002,480237,3,1,0,0,0,0,0,0,0,0,0,0
2002,480238,1,1,0,0,11,0,17,0,10,0,0,0
2002,480238,2,1,0,0,0,0,0,0,0,0,0,0
2002,480239,1,1,0,0,0,0,0,0,0,0,0,0
2002,480239,2,1,0,0,0,0,0,0,0,0,0,0
2002,480239,3,1,0,0,0,0,0,0,0,0,0,0
2002,480240,0,1,21,0,0,0,13,0,0,0,21,0
2002,480240,1,1,11,0,0,0,0,0,0,0,0,0
2002,480241,1,1,6,6,6,6,6,6,6,6,6,6
2002,480242,1,1,0,0,0,0,0,0,0,0,0,0
2002,480242,2,1,0,0,0,0,0,0,0,0,0,0
2002,480243,0,1,40,32,7,33,0,0,15,26,10,30
2002,480243,1,1,12,12,12,12,12,12,12,12,12,12
2002,480243,2,1,14,14,14,14,14,14,14,14,14,14
2002,480244,0,1,19,0,19,15,0,30,12,14,0,0
2002,480244,1,1,3,3,3,3,3,3,3,3,3,3
2002,480245,1,1,8,8,8,8,8,8,8,8,8,8
2002,480246,1,1,25,25,25,25,25,25,25,25,25,25
2002,480247,0,1,24,24,24,24,24,24,24,24,24,24
2002,480247,1,1,0,0,0,0,0,0,0,0,0,0
2002,480248,1,1,0,0,0,0,0,0,0,0,0,0
2002,480248,2,1,0,0,0,0,0,0,0,0,0,0
2002,480249,1,1,0,0,0,0,0,0,0,0,0,0