YEAR,ST_CASE,veh_no,per_no,P1,P2,P3,P4,P5,P6,P7,P8,P9,P10
2002,480249,2,1,0,0,0,0,0,0,0,0,0,0
2002,480250,1,1,0,0,0,0,0,0,0,0,0,0
2002,480251,0,1,19,0,0,0,0,0,0,46,18,0
2002,480251,1,1,0,0,0,0,0,0,0,0,0,0
2002,480252,0,1,0,0,0,0,0,0,0,0,0,0
2002,480252,1,1,0,0,0,0,0,0,0,0,17,0
2002,480252,2,1,0,0,0,0,0,0,0,0,0,0
2002,480253,1,1,0,0,0,0,0,0,0,0,0,0
2002,480253,2,1,0,0,0,0,0,0,0,0,0,0
2002,480254,1,1,0,0,10,0,10,0,0,0,0,0
2002,480255,1,1,0,0,0,0,0,0,0,0,0,0
2002,480255,2,1,0,0,0,0,0,0,5,0,0,0
2002,480256,1,1,0,0,0,0,0,0,0,0,0,0
2002,480256,2,1,0,0,0,0,0,0,0,0,0,0
2002,480257,1,1,21,21,21,21,21,21,21,21,21,21
2002,480258,1,1,12,12,12,12,12,12,12,12,12,12
2002,480259,1,1,0,0,0,0,0,0,0,0,0,0
2002,480259,2,1,0,0,0,0,0,0,18,0,0,0
2002,480260,1,1,0,0,0,0,0,0,0,0,0,0
2002,480260,2,1,9,9,9,9,9,9,9,9,9,9
2002,480261,1,1,18,18,18,18,18,18,18,18,18,18
2002,480262,1,1,17,17,17,17,17,17,17,17,17,17
2002,480263,1,1,0,0,0,0,0,0,0,0,0,0
2002,480264,1,1,10,0,19,0,0,0,0,0,0,0
2002,480264,2,1,0,21,20,17,0,22,16,0,17,19
2002,480265,1,1,0,0,0,0,0,0,0,0,0,0
2002,480265,2,1,0,0,0,0,0,0,0,0,0,0
2002,480265,3,1,0,0,0,0,0,0,0,0,0,0
2002,480266,0,1,0,0,0,0,0,0,0,0,0,16
2002,480266,1,1,0,0,0,0,0,0,0,0,0,0
2002,480267,1,1,0,21,0,15,0,0,0,0,0,0
2002,480267,2,1,0,0,7,0,0,0,16,0,0,16
2002,480268,1,1,9,12,24,12,14,13,0,12,0,9
2002,480269,1,1,20,18,0,9,7,0,11,22,15,10
2002,480270,1,1,9,0,13,0,0,0,22,0,0,0
2002,480271,1,1,0,0,0,0,0,0,0,0,0,0
2002,480272,0,1,0,41,16,22,17,0,14,0,44,18
2002,480272,1,1,11,10,18,10,0,0,16,13,0,23
2002,480273,1,1,0,0,0,0,0,0,0,0,0,0
2002,480273,2,1,0,0,0,0,0,0,0,0,0,0
2002,480274,0,1,0,0,0,0,0,0,0,11,0,12
2002,480274,0,2,17,0,0,0,0,21,4,0,12,7
2002,480274,1,1,14,14,14,14,14,14,14,14,14,14
2002,480275,1,1,0,0,0,0,0,0,0,0,0,0
2002,480276,1,1,19,19,19,19,19,19,19,19,19,19
2002,480277,1,1,21,30,13,22,21,12,24,22,18,10
2002,480278,1,1,29,29,29,29,29,29,29,29,29,29
2002,480279,1,1,18,21,0,0,0,0,21,53,0,13
2002,480280,1,1,0,0,0,0,0,0,0,0,0,0
2002,480280,2,1,0,0,0,0,0,0,0,0,0,0
2002,480281,0,1,0,0,0,0,0,0,0,0,0,0
2002,480281,1,1,0,0,23,0,24,0,0,0,0,0
2002,480282,1,1,0,0,0,0,5,0,0,0,6,0
2002,480283,1,1,0,0,0,0,0,0,0,0,0,0
2002,480283,2,1,0,0,0,0,0,0,0,0,0,0
2002,480284,1,1,0,0,0,0,0,0,0,0,0,0
2002,480284,2,1,0,27,0,0,0,0,0,0,0,0
2002,480284,3,1,0,0,0,0,0,0,0,0,0,0
2002,480285,0,1,19,19,19,19,19,19,19,19,19,19
2002,480285,1,1,0,0,0,0,19,10,0,0,0,9
2002,480286,1,1,0,0,0,0,0,0,0,0,0,0
2002,480286,2,1,0,0,0,0,0,0,0,0,0,0
2002,480287,1,1,16,16,16,16,16,16,16,16,16,16
2002,480288,1,1,0,20,0,16,0,0,21,17,6,0
2002,480289,1,1,0,0,0,0,0,0,0,0,0,0
2002,480289,2,1,0,0,0,0,0,0,0,0,0,0
2002,480290,1,1,0,0,0,0,0,0,0,0,0,0
2002,480290,2,1,0,0,0,0,0,0,0,0,0,0
2002,480291,1,1,14,14,14,14,14,14,14,14,14,14
2002,480292,1,1,0,0,0,0,0,0,0,0,0,0
2002,480292,2,1,27,0,0,18,0,0,0,0,0,0
2002,480293,1,1,0,0,0,0,0,0,0,0,0,0
2002,480293,2,1,0,0,0,0,0,0,0,0,0,0
2002,480294,1,1,23,23,23,23,23,23,23,23,23,23
2002,480295,0,1,0,0,0,0,0,0,0,0,0,0
2002,480295,1,1,0,0,0,0,0,0,0,0,0,0
2002,480296,1,1,0,0,0,0,0,0,0,0,0,0
2002,480296,2,1,0,0,0,0,0,0,0,0,0,0
2002,480297,1,1,0,0,0,0,0,0,0,0,0,0
2002,480298,0,1,18,18,18,18,18,18,18,18,18,18
2002,480298,1,1,15,21,0,0,0,0,17,8,0,0
2002,480299,1,1,0,0,10,0,0,22,0,13,0,0
2002,480299,2,1,0,0,0,0,8,0,0,0,0,0
2002,480300,1,1,0,0,0,0,0,0,0,0,0,0
2002,480300,2,1,0,0,0,0,0,0,0,0,0,0
2002,480301,1,1,0,0,0,0,0,0,0,0,0,0
2002,480302,1,1,0,0,26,0,23,0,0,12,10,0
2002,480303,0,1,0,0,0,0,0,0,5,0,0,24
2002,480303,1,1,0,0,0,0,0,0,0,0,0,0
2002,480304,1,1,0,0,0,0,0,0,0,0,0,0
2002,480304,2,1,0,0,0,0,0,0,0,0,0,0
2002,480305,1,1,0,18,0,12,24,13,30,9,22,20
2002,480305,2,1,0,9,14,0,15,0,0,0,0,8
2002,480306,1,1,8,8,8,8,8,8,8,8,8,8
2002,480306,2,1,0,0,0,0,0,0,0,0,0,0
2002,480307,1,1,9,9,9,9,9,9,9,9,9,9
2002,480308,1,1,0,0,0,0,0,0,0,0,0,0
2002,480308,2,1,0,0,0,0,0,0,0,0,0,0
2002,480309,1,1,0,0,23,0,0,0,0,0,0,0
2002,480309,2,1,0,0,0,0,0,0,0,0,0,0
2002,480310,1,1,0,0,0,0,0,0,0,0,0,0
2002,480311,1,1,8,8,8,8,8,8,8,8,8,8
2002,480312,1,1,20,20,20,20,20,20,20,20,20,20
2002,480313,1,1,22,22,22,22,22,22,22,22,22,22
2002,480313,2,1,15,19,17,0,0,11,0,22,0,0
2002,480314,1,1,0,0,0,0,0,0,0,0,0,0
2002,480314,2,1,0,0,0,6,4,8,0,0,0,0
2002,480315,1,1,2,2,2,2,2,2,2,2,2,2
2002,480316,1,1,22,22,22,22,22,22,22,22,22,22
2002,480317,1,1,25,25,25,25,25,25,25,25,25,25
2002,480318,1,1,0,0,0,0,0,0,0,3,0,4
2002,480319,1,1,19,29,13,4,14,12,17,24,30,29
2002,480320,1,1,23,23,23,23,23,23,23,23,23,23
2002,480321,1,1,4,4,4,4,4,4,4,4,4,4
2002,480322,1,1,0,0,21,0,0,0,0,0,0,0
2002,480322,2,1,0,0,0,0,0,0,0,0,0,0
2002,480323,1,1,3,18,0,26,17,18,0,0,21,6
2002,480324,1,1,0,18,22,0,0,11,0,0,23,0
2002,480325,1,1,14,0,3,0,0,0,0,0,0,0
2002,480325,2,1,0,0,0,0,13,0,0,20,0,0
2002,480326,1,1,0,0,0,0,0,0,0,0,0,0
2002,480327,1,1,0,0,0,21,0,0,6,28,0,0
2002,480328,1,1,19,19,19,19,19,19,19,19,19,19
2002,480329,1,1,2,2,2,2,2,2,2,2,2,2
2002,480330,0,1,14,14,14,14,14,14,14,14,14,14
2002,480330,1,1,19,19,19,19,19,19,19,19,19,19
2002,480331,1,1,0,0,0,0,0,0,0,0,0,0
2002,480331,2,1,0,0,0,0,0,0,0,0,0,0
2002,480332,1,1,0,15,0,0,0,0,0,0,0,0
2002,480333,1,1,0,0,0,0,0,0,7,0,0,0
2002,480333,2,1,0,0,0,0,0,7,0,0,0,0
2002,480334,0,1,0,0,0,0,0,0,0,0,0,0
2002,480334,1,1,0,0,0,0,0,0,0,0,0,0
2002,480335,1,1,22,22,22,22,22,22,22,22,22,22
2002,480335,2,1,18,0,0,12,0,0,0,0,27,28
2002,480336,1,1,0,0,20,25,9,32,0,24,20,20
2002,480337,1,1,24,24,24,24,24,24,24,24,24,24
2002,480338,1,1,6,8,30,17,17,7,4,7,5,5
2002,480338,2,1,10,0,35,0,20,0,18,0,27,27
2002,480339,1,1,21,21,21,21,21,21,21,21,21,21
2002,480340,1,1,0,0,0,0,0,0,0,0,0,0
2002,480340,2,1,2,0,0,0,7,14,10,18,8,10
2002,480341,1,1,0,0,0,0,0,0,0,0,0,0
2002,480342,1,1,23,16,21,25,16,27,22,17,42,20
2002,480343,0,1,9,18,28,0,29,0,38,24,0,17
2002,480343,1,1,0,0,20,6,2,13,10,10,0,12
2002,480344,1,1,25,31,20,6,34,6,13,0,27,25
2002,480345,1,1,9,9,9,9,9,9,9,9,9,9
2002,480346,1,1,5,5,5,5,5,5,5,5,5,5
2002,480347,0,1,13,13,13,13,13,13,13,13,13,13
2002,480347,1,1,18,0,0,0,0,0,0,0,0,0
2002,480348,1,1,25,10,24,22,19,18,19,23,14,18
2002,480349,0,1,0,0,0,0,0,0,0,22,0,0
2002,480349,1,1,5,16,0,0,0,0,0,0,0,0
2002,480350,1,1,2,24,20,16,11,15,10,11,0,8
2002,480350,2,1,33,0,0,0,0,15,28,0,0,0
2002,480351,1,1,17,0,2,0,0,0,0,36,18,9
2002,480352,1,1,0,0,0,0,0,0,0,10,0,0
2002,480352,2,1,0,0,0,0,0,0,15,0,0,0
2002,480353,1,1,15,0,0,0,0,0,0,24,15,0
2002,480354,1,1,0,0,0,0,0,0,0,0,0,0
2002,480354,2,1,0,0,0,0,0,0,0,0,0,0
2002,480354,3,1,0,0,0,0,0,0,0,0,0,0
2002,480355,1,1,25,25,25,25,25,25,25,25,25,25
2002,480355,2,1,10,10,10,10,10,10,10,10,10,10
2002,480356,1,1,0,0,0,0,0,0,0,0,0,0
2002,480357,1,1,0,32,19,40,33,26,6,13,12,14
2002,480358,1,1,0,0,0,0,0,0,0,0,0,0
2002,480359,1,1,0,0,0,0,0,0,0,0,0,0
2002,480359,2,1,0,0,0,0,0,0,0,0,0,0
2002,480359,3,1,0,0,0,0,0,0,0,0,0,2
2002,480360,1,1,25,25,25,25,25,25,25,25,25,25
2002,480361,1,1,0,0,0,0,0,0,0,0,0,0
2002,480361,2,1,0,0,0,0,0,0,0,0,0,0
2002,480362,1,1,0,0,0,0,0,0,0,0,0,0
2002,480362,2,1,16,16,16,16,16,16,16,16,16,16
2002,480363,1,1,0,0,14,9,30,29,12,13,12,24
2002,480363,2,1,2,2,2,2,2,2,2,2,2,2
2002,480364,1,1,11,11,11,11,11,11,11,11,11,11
2002,480364,2,1,0,0,0,0,0,0,8,9,0,2
2002,480365,1,1,0,0,0,0,0,0,0,0,0,0
2002,480365,2,1,0,0,0,0,0,2,0,0,0,0
2002,480366,1,1,13,0,0,0,0,0,0,0,0,21
2002,480366,2,1,0,0,0,0,0,0,0,0,0,0
2002,480366,3,1,0,2,0,0,0,0,0,0,12,0
2002,480367,1,1,18,18,18,18,18,18,18,18,18,18
2002,480367,2,1,19,0,11,0,10,0,0,0,0,12
2002,480367,3,1,5,11,10,17,0,0,0,0,0,22
2002,480368,1,1,0,18,0,0,19,0,14,0,0,29
2002,480369,1,1,0,0,0,0,0,0,8,0,0,0
2002,480369,2,1,0,0,0,14,4,0,11,8,0,0
2002,480370,0,1,9,0,0,0,14,0,24,0,5,0
2002,480370,1,1,0,0,0,0,0,0,0,10,0,0
2002,480371,1,1,22,22,22,22,22,22,22,22,22,22
2002,480372,0,1,4,11,0,0,0,0,21,0,0,0
2002,480372,1,1,0,0,0,0,0,0,0,0,0,0
2002,480373,1,1,0,0,0,0,0,0,0,0,0,0
2002,480374,1,1,9,20,12,24,10,0,0,0,0,10
2002,480375,1,1,0,0,0,0,0,0,0,0,0,0
2002,480375,2,1,0,0,0,0,0,0,0,0,0,0
2002,480376,1,1,0,15,0,16,0,0,0,21,0,36
2002,480377,0,1,0,0,27,0,0,0,0,0,0,0
2002,480377,1,1,0,0,0,0,0,25,0,0,0,0
2002,480378,1,1,33,5,0,17,0,0,0,0,31,0
2002,480379,1,1,30,30,30,30,30,30,30,30,30,30
2002,480379,2,1,0,0,0,0,0,0,0,0,0,0
2002,480380,0,1,0,0,18,8,0,0,32,0,0,0
2002,480380,2,1,0,0,10,0,2,0,0,0,8,9
2002,480381,1,1,0,0,0,0,0,0,0,0,0,0
2002,480381,2,1,0,0,0,0,0,0,0,0,0,0
2002,480381,3,1,0,0,0,0,0,0,0,0,0,0
2002,480382,1,1,0,0,0,0,0,0,0,0,0,0
2002,480382,2,1,0,0,0,0,0,0,0,0,0,0
2002,480382,3,1,0,0,0,0,0,0,0,0,0,0
2002,480382,4,1,0,0,0,0,0,0,0,0,0,0
2002,480382,5,1,0,0,0,0,0,0,0,0,0,0
2002,480383,0,1,23,23,23,23,23,23,23,23,23,23
2002,480383,1,1,0,0,0,0,0,0,0,0,0,0
2002,480384,0,1,34,34,34,34,34,34,34,34,34,34
2002,480384,1,1,16,0,0,0,0,10,21,15,9,0
2002,480385,1,1,0,0,0,0,0,0,0,0,0,0
2002,480385,2,1,0,0,0,0,0,0,0,0,0,0
2002,480385,3,1,15,0,12,0,0,0,0,0,0,0
2002,480386,1,1,13,27,11,21,13,25,38,0,30,18
2002,480387,1,1,0,0,11,0,0,32,0,0,15,11
2002,480387,2,1,0,0,3,0,5,0,8,0,11,0
2002,480388,1,1,18,0,0,0,11,0,24,0,0,0
2002,480389,1,1,18,18,18,18,18,18,18,18,18,18
2002,480389,2,1,0,0,0,0,0,0,0,0,0,0
2002,480390,0,1,0,0,0,0,0,0,14,10,0,0
2002,480390,1,1,0,0,0,0,0,0,0,0,0,0
2002,480390,2,1,0,0,0,0,0,0,0,0,0,0
2002,480391,1,1,3,3,3,3,3,3,3,3,3,3
2002,480391,2,1,27,27,27,27,27,27,27,27,27,27
2002,480392,1,1,18,12,16,29,32,17,5,16,25,16
2002,480393,1,1,0,0,0,0,0,0,0,0,0,0
2002,480393,2,1,0,0,0,0,0,0,0,0,0,0
2002,480394,1,1,11,34,0,22,11,0,29,14,0,0
2002,480395,1,1,0,0,0,0,0,0,0,0,0,0
2002,480395,2,1,0,0,0,0,0,0,0,0,0,0
2002,480395,3,1,0,0,0,0,0,0,0,0,0,0
2002,480396,1,1,0,9,3,16,7,0,14,15,11,32
2002,480397,1,1,0,0,0,0,0,0,0,0,0,0
2002,480398,1,1,28,10,0,25,18,20,7,17,11,16
2002,480398,2,1,0,0,0,0,6,0,0,0,22,0
2002,480399,0,1,0,11,15,19,22,0,0,18,21,0
2002,480399,0,2,0,19,23,0,22,0,0,15,0,0
2002,480399,1,1,0,0,0,0,0,0,0,0,0,0
2002,480399,2,1,0,5,0,0,22,0,0,0,25,0
2002,480400,1,1,0,0,0,0,19,0,0,16,0,0
2002,480401,1,1,11,11,11,11,11,11,11,11,11,11
2002,480402,1,1,21,21,21,21,21,21,21,21,21,21
2002,480403,1,1,0,0,0,0,0,0,0,0,0,0
2002,480404,1,1,19,31,16,10,6,11,15,11,9,16
2002,480405,1,1,0,0,0,0,0,5,0,0,0,0
2002,480405,2,1,0,0,0,0,0,0,0,0,0,0
2002,480406,1,1,19,19,19,19,19,19,19,19,19,19
2002,480407,0,1,0,0,0,0,0,0,0,0,0,0
2002,480407,1,1,0,0,0,0,0,0,0,0,0,0
2002,480408,1,1,0,0,0,30,0,0,0,0,0,0
2002,480409,0,1,0,0,0,0,0,0,0,0,0,0
2002,480409,1,1,0,0,12,0,0,0,10,0,0,0
2002,480409,2,1,0,0,0,0,0,0,0,0,0,0
2002,480410,1,1,0,0,0,0,0,0,0,0,0,0
2002,480410,2,1,0,0,0,31,0,0,0,0,0,0
2002,480410,3,1,0,0,0,0,0,0,0,0,0,0
2002,480411,1,1,0,0,21,0,0,20,0,18,8,0
2002,480411,2,1,0,0,0,0,0,0,0,0,0,0
2002,480412,1,1,0,0,0,0,0,0,0,0,0,0
2002,480413,1,1,0,0,0,0,0,0,0,0,0,0
2002,480413,2,1,0,0,0,0,0,0,0,0,0,0
2002,480414,1,1,0,0,0,0,0,0,0,0,0,0
2002,480414,2,1,0,0,0,0,0,0,0,0,0,0
2002,480415,1,1,0,0,0,0,0,0,0,0,0,0
2002,480415,2,1,0,0,0,0,0,0,0,0,0,0
2002,480416,1,1,0,0,0,0,0,0,0,0,0,0
2002,480416,2,1,0,0,0,15,0,9,0,0,0,0
2002,480416,3,1,0,0,0,0,0,0,0,0,0,0
2002,480417,1,1,28,28,28,28,28,28,28,28,28,28
2002,480418,1,1,5,7,0,14,0,23,0,4,16,26
2002,480418,2,1,0,0,0,0,0,0,0,0,0,0
2002,480419,1,1,14,14,14,14,14,14,14,14,14,14
2002,480420,1,1,22,22,22,22,22,22,22,22,22,22
2002,480421,0,1,20,20,25,14,0,0,24,37,3,14
2002,480421,1,1,0,0,0,0,0,0,17,14,0,17
2002,480422,1,1,0,18,0,0,14,18,0,27,0,0
2002,480423,1,1,0,0,0,22,0,0,12,0,0,0
2002,480423,2,1,19,0,14,0,7,0,0,0,0,15
2002,480424,1,1,0,0,0,0,0,0,12,0,0,13
2002,480424,2,1,10,0,0,0,8,0,19,0,0,0
2002,480425,1,1,0,0,0,0,0,0,0,0,0,0
2002,480425,2,1,0,0,0,0,0,0,0,0,0,0
2002,480426,1,1,0,9,14,30,0,0,11,36,0,0
2002,480427,1,1,0,0,0,0,0,0,0,0,0,0
2002,480427,2,1,10,0,0,0,19,0,0,0,0,0
2002,480428,1,1,0,0,0,0,0,0,0,0,0,0
2002,480428,2,1,0,0,0,0,0,0,0,0,0,0
2002,480429,1,1,0,0,0,0,0,0,0,0,0,0
2002,480430,1,1,10,10,10,10,10,10,10,10,10,10
2002,480431,1,1,0,0,0,0,0,0,0,0,0,0
2002,480433,1,1,0,0,0,0,0,0,0,0,0,0
2002,480433,2,1,0,0,0,0,0,0,0,0,0,0
2002,480434,0,1,0,0,0,0,0,0,0,0,34,0
2002,480434,1,1,0,0,0,0,0,0,0,0,0,0
2002,480435,1,1,20,20,20,20,20,20,20,20,20,20
2002,480435,2,1,0,0,0,0,0,0,0,9,0,0
2002,480436,1,1,7,34,12,13,5,17,11,19,14,17
2002,480436,2,1,34,24,0,11,0,0,0,8,12,31
2002,480437,1,1,24,8,18,0,0,16,0,0,16,0
2002,480438,1,1,0,0,0,0,0,0,0,0,17,0
2002,480438,2,1,0,0,0,0,0,0,0,0,0,0
2002,480439,1,1,20,0,24,22,5,3,38,0,8,8
2002,480440,0,1,24,24,24,24,24,24,24,24,24,24
2002,480440,1,1,0,0,0,0,0,0,0,0,0,0
2002,480440,2,1,0,0,0,0,0,0,0,0,0,0
2002,480441,0,1,0,0,0,0,0,0,0,0,0,0
2002,480441,1,1,0,0,0,0,0,0,0,0,0,0
2002,480442,1,1,0,6,0,0,0,0,0,0,0,0
2002,480443,1,1,0,0,0,0,0,0,0,15,14,0
2002,480444,1,1,35,35,35,35,35,35,35,35,35,35
2002,480445,1,1,0,0,0,0,0,0,0,0,0,0
2002,480445,2,1,0,0,0,0,0,0,0,0,0,0
2002,480446,1,1,0,0,0,0,0,0,0,0,0,0
2002,480447,1,1,21,21,21,21,21,21,21,21,21,21
2002,480447,2,1,11,0,41,0,0,0,0,0,0,0
2002,480448,1,1,0,0,0,0,0,0,0,0,0,0
2002,480449,1,1,0,0,0,0,0,0,0,0,0,0
2002,480449,2,1,0,0,0,0,0,0,2,0,0,0
2002,480450,1,1,18,18,18,18,18,18,18,18,18,18
2002,480450,2,1,0,0,0,0,0,0,0,0,0,0
2002,480451,1,1,0,0,0,0,0,0,0,0,0,0
2002,480451,2,1,0,0,0,0,0,0,0,0,0,0
2002,480452,1,1,0,0,0,0,0,0,0,0,0,0
2002,480452,2,1,7,11,0,12,0,0,0,20,14,4
2002,480453,1,1,15,15,15,15,15,15,15,15,15,15
2002,480454,1,1,0,0,0,0,0,0,0,0,0,0
2002,480454,2,1,0,0,0,0,0,0,0,0,0,0
2002,480454,3,1,0,0,0,0,0,0,17,0,0,0
2002,480455,1,1,0,0,0,0,0,0,3,0,0,0
2002,480455,2,1,0,0,0,0,0,0,0,0,0,0
2002,480456,1,1,0,0,0,0,0,0,0,0,0,0
2002,480456,2,1,12,0,0,0,0,0,0,0,0,0
2002,480457,1,1,17,0,0,29,0,0,0,0,16,0
2002,480458,1,1,25,25,25,25,25,25,25,25,25,25
2002,480459,1,1,0,0,0,0,0,0,0,0,0,0
2002,480459,2,1,0,0,0,0,0,0,0,0,0,0
2002,480460,1,1,0,31,11,27,16,21,0,12,0,27
2002,480461,0,1,37,0,21,4,15,0,0,21,0,0
2002,480461,1,1,0,0,15,0,0,0,0,0,0,0
2002,480462,1,1,0,0,0,6,17,15,0,0,0,0
2002,480462,2,1,0,0,0,0,0,6,0,0,0,0
2002,480463,1,1,0,0,0,0,0,0,0,0,0,0
2002,480463,2,1,0,0,0,0,0,0,0,0,0,0
2002,480464,1,1,3,18,12,3,0,8,10,11,0,10
2002,480465,1,1,0,0,0,0,0,0,0,0,0,0
2002,480465,2,1,22,0,0,0,0,0,0,0,0,0
2002,480466,1,1,0,0,24,0,0,0,0,0,15,18
2002,480466,2,1,0,0,0,0,0,0,0,0,0,0
2002,480467,0,1,0,0,0,0,0,0,0,0,0,0
2002,480467,1,1,0,0,4,0,0,0,19,0,13,0
2002,480468,1,1,10,15,0,0,16,15,0,0,36,0
2002,480469,1,1,0,0,0,0,0,0,0,0,0,0
2002,480469,2,1,0,0,0,0,0,0,0,0,0,0
2002,480469,3,1,0,0,0,0,0,0,0,0,0,0
2002,480469,4,1,0,0,0,0,0,0,0,0,0,0
2002,480470,1,1,15,8,7,11,16,19,14,17,5,25
2002,480471,1,1,27,27,27,27,27,27,27,27,27,27
2002,480472,1,1,0,13,0,0,0,14,0,12,0,28
2002,480473,1,1,8,39,8,11,0,0,0,0,0,0
2002,480474,1,1,0,0,35,0,0,0,0,16,0,0
2002,480475,1,1,15,0,0,4,0,15,0,0,9,0
2002,480475,2,1,0,0,12,0,0,0,18,12,0,0
2002,480476,1,1,4,4,4,4,4,4,4,4,4,4
2002,480476,2,1,17,17,17,17,17,17,17,17,17,17
2002,480477,1,1,15,15,15,13,11,25,21,17,0,22
2002,480478,1,1,22,22,22,22,22,22,22,22,22,22
2002,480479,1,1,12,0,22,0,0,14,0,0,0,0
2002,480479,2,1,18,17,0,6,0,26,24,24,0,25
2002,480479,3,1,0,0,0,0,0,0,6,0,7,17
2002,480480,1,1,13,0,0,12,0,0,0,16,0,12
2002,480480,2,2,0,0,0,0,0,0,0,0,0,0
2002,480481,1,1,0,0,0,0,0,0,0,0,0,0
2002,480481,2,1,0,0,0,0,0,0,0,0,0,0
2002,480482,1,1,6,6,6,6,6,6,6,6,6,6
2002,480483,1,1,9,0,0,7,0,0,0,0,5,0
2002,480484,1,1,7,7,7,7,7,7,7,7,7,7
2002,480485,1,1,0,0,0,0,0,0,0,0,0,0
2002,480485,2,1,0,0,0,0,0,0,0,0,0,0
2002,480486,0,1,22,19,17,20,14,24,15,21,37,18
2002,480486,1,1,0,0,0,0,0,0,0,0,0,0
2002,480486,2,1,0,0,0,0,9,0,0,0,0,14
2002,480487,0,1,0,0,0,0,0,0,0,0,0,0
2002,480487,1,1,0,35,0,28,0,0,7,0,0,0
2002,480488,1,1,10,10,10,10,10,10,10,10,10,10
2002,480489,1,1,0,22,0,0,0,0,9,0,0,0
2002,480489,2,1,0,0,0,0,0,0,0,0,0,0
2002,480490,1,1,0,0,0,0,0,0,0,0,0,0
2002,480491,1,1,0,0,8,0,0,0,0,8,0,0
2002,480491,2,1,6,0,0,7,0,0,0,0,0,0
2002,480492,1,1,0,0,0,0,0,0,0,0,0,0
2002,480492,2,1,0,0,0,0,0,0,0,0,0,0
2002,480492,3,1,0,0,0,0,0,0,0,0,0,0
2002,480493,1,1,0,0,0,0,0,0,0,0,0,0
2002,480494,1,1,0,0,0,0,0,0,12,0,0,0
2002,480494,2,1,0,0,27,0,12,0,17,25,12,0
2002,480495,1,1,0,0,0,3,0,0,25,0,0,0
2002,480495,2,1,0,0,0,0,0,0,0,0,0,0
2002,480496,1,1,0,0,0,0,0,0,0,0,0,0
2002,480496,2,1,0,0,0,0,0,0,0,0,0,4
2002,480496,3,1,0,16,0,0,10,0,0,0,6,0
2002,480497,1,1,0,0,0,0,0,0,3,0,0,0
2002,480497,2,1,9,0,0,0,0,0,0,0,0,0
2002,480498,1,1,14,14,14,14,14,14,14,14,14,14
2002,480499,1,1,0,0,0,0,0,0,0,0,0,0
2002,480499,2,1,0,0,0,0,4,0,0,0,0,0
2002,480500,1,1,18,18,18,18,18,18,18,18,18,18
2002,480501,1,1,0,0,0,0,0,0,0,0,0,0
2002,480501,2,1,0,0,0,0,0,17,0,0,0,0
2002,480502,0,1,17,22,17,17,33,0,14,0,15,0
2002,480502,1,1,0,6,0,24,0,0,13,0,17,6
2002,480503,0,1,0,3,16,0,20,13,0,0,0,0
2002,480503,1,1,4,0,16,0,0,0,0,0,0,0
2002,480504,1,1,0,0,0,0,0,0,0,0,0,0
2002,480504,2,1,0,0,13,0,0,0,0,0,0,0
2002,480505,1,1,11,0,0,0,0,0,12,0,0,0
2002,480505,2,1,0,0,0,0,0,0,0,0,0,0
2002,480506,1,1,0,0,26,0,0,0,29,17,0,0
2002,480507,1,1,0,0,0,0,0,0,0,0,0,0
2002,480507,2,1,0,0,0,0,0,14,0,0,0,0
2002,480508,0,1,7,7,7,7,7,7,7,7,7,7
2002,480508,1,1,24,20,0,27,0,0,20,0,32,23
2002,480509,0,1,0,18,22,0,0,6,0,0,0,26
2002,480509,1,1,16,0,0,0,28,0,14,5,0,0
2002,480510,1,1,37,37,37,37,37,37,37,37,37,37
2002,480511,1,1,0,0,32,21,0,4,18,13,22,19
2002,480512,1,1,0,24,27,0,24,23,0,13,0,0
2002,480513,1,1,8,22,18,15,13,6,23,9,12,0
2002,480513,2,1,5,15,0,0,5,0,0,0,0,0
2002,480514,1,1,15,15,15,15,15,15,15,15,15,15
2002,480514,2,1,6,4,0,0,9,15,0,7,16,23
2002,480515,1,1,8,0,0,0,0,23,0,0,0,0
2002,480516,1,1,16,26,0,17,0,0,19,14,0,15
2002,480517,1,1,0,0,0,0,0,0,0,0,0,0
2002,480517,2,1,0,0,0,0,0,0,0,0,0,0
2002,480518,1,1,0,0,13,0,0,0,0,0,0,15
2002,480518,2,1,23,6,8,17,10,0,14,0,0,7
2002,480519,1,1,0,11,3,11,0,0,0,0,23,11
2002,480519,2,1,25,25,25,25,25,25,25,25,25,25
2002,480520,1,1,0,0,0,0,0,0,0,0,0,0
2002,480520,2,1,0,0,0,0,0,0,0,0,0,0
2002,480521,1,1,0,0,0,0,0,0,0,0,0,0
2002,480521,2,1,0,0,0,0,0,0,23,14,0,0
2002,480522,1,1,0,0,0,0,0,0,6,11,0,5
2002,480523,1,1,0,0,0,25,0,0,0,0,0,0
2002,480523,2,1,0,0,0,0,0,0,0,0,0,0
2002,480524,1,1,0,0,13,0,0,0,4,0,0,0