YEAR,ST_CASE,veh_no,per_no,P1,P2,P3,P4,P5,P6,P7,P8,P9,P10
2002,480524,2,1,18,18,18,18,18,18,18,18,18,18
2002,480525,1,1,0,0,0,0,0,0,19,0,0,0
2002,480525,2,1,0,5,8,0,0,11,0,0,0,10
2002,480526,1,1,12,12,12,12,12,12,12,12,12,12
2002,480526,2,1,0,0,0,0,0,0,0,0,2,0
2002,480527,1,1,0,0,0,0,0,0,0,0,0,0
2002,480527,2,1,0,0,0,11,0,0,0,0,7,0
2002,480528,1,1,0,0,0,0,0,0,10,0,0,0
2002,480528,2,1,0,0,0,0,0,0,0,0,0,0
2002,480529,0,1,0,0,0,0,0,0,0,0,0,0
2002,480529,1,1,13,11,22,15,0,0,0,15,12,0
2002,480530,1,1,0,0,0,0,5,0,0,0,0,0
2002,480530,2,1,0,0,0,0,0,0,32,11,0,0
2002,480530,3,1,0,0,0,0,0,15,8,0,0,0
2002,480531,1,1,0,0,0,0,13,0,0,0,6,0
2002,480531,2,1,0,0,0,0,0,0,0,0,0,0
2002,480532,1,1,0,0,0,0,0,0,0,0,0,0
2002,480532,2,1,0,0,0,0,0,0,0,0,0,0
2002,480533,0,1,0,0,0,0,0,0,0,0,0,0
2002,480533,1,1,21,0,0,0,17,0,11,0,0,0
2002,480534,1,1,0,0,0,0,9,0,21,24,0,0
2002,480534,2,1,12,0,0,0,26,0,0,0,24,0
2002,480535,1,1,0,0,20,11,23,0,14,34,18,11
2002,480536,1,1,0,0,0,0,0,0,0,0,0,0
2002,480536,2,1,0,0,0,0,12,0,0,0,0,0
2002,480537,1,1,15,13,25,11,22,16,33,13,23,14
2002,480538,0,1,0,0,0,0,0,0,0,0,0,0
2002,480538,1,1,0,0,0,0,0,0,0,0,0,0
2002,480539,1,1,0,0,12,0,0,0,0,0,0,0
2002,480539,2,1,0,0,6,0,0,0,0,0,0,0
2002,480540,1,1,0,0,0,15,11,0,15,11,0,0
2002,480541,1,1,0,0,0,0,0,0,0,0,11,0
2002,480541,2,1,0,0,0,0,0,0,15,0,0,0
2002,480542,1,1,0,0,0,0,0,0,0,0,0,0
2002,480542,2,1,0,0,0,0,0,0,0,0,0,0
2002,480543,1,1,0,0,0,0,0,0,21,0,0,0
2002,480543,2,1,0,0,0,0,0,0,0,0,0,0
2002,480544,1,1,31,31,31,31,31,31,31,31,31,31
2002,480545,1,1,0,0,0,0,0,0,0,0,0,0
2002,480545,2,1,0,0,0,0,0,0,0,0,0,0
2002,480546,1,1,29,29,29,29,29,29,29,29,29,29
2002,480546,2,1,25,6,14,2,0,11,8,3,18,0
2002,480547,1,1,0,0,0,0,0,0,0,0,0,0
2002,480547,2,1,0,11,0,0,0,0,0,3,0,0
2002,480548,1,1,0,0,0,0,0,0,0,0,0,0
2002,480548,2,1,0,0,0,7,18,0,0,0,0,0
2002,480548,3,1,0,0,0,0,0,0,0,0,0,0
2002,480549,0,1,27,27,27,27,27,27,27,27,27,27
2002,480549,1,1,0,25,16,0,25,0,0,0,0,0
2002,480550,1,1,16,16,16,16,16,16,16,16,16,16
2002,480550,2,1,0,0,0,0,14,0,0,0,11,20
2002,480551,1,1,0,0,0,0,0,0,0,0,0,0
2002,480551,2,1,0,0,0,0,0,0,0,0,0,0
2002,480552,1,1,19,21,31,19,0,26,13,30,34,15
2002,480553,1,1,27,22,17,13,32,17,30,23,19,12
2002,480553,2,1,0,0,0,0,0,0,9,0,0,0
2002,480554,1,1,7,7,7,7,7,7,7,7,7,7
2002,480555,1,1,22,22,22,22,22,22,22,22,22,22
2002,480555,2,1,0,0,0,0,0,10,5,0,0,0
2002,480556,1,1,19,19,19,19,19,19,19,19,19,19
2002,480557,1,1,0,0,19,0,0,0,0,6,12,10
2002,480558,1,1,0,0,0,0,0,0,0,0,0,0
2002,480558,2,1,0,0,0,0,0,0,0,0,0,2
2002,480559,1,1,18,18,18,18,18,18,18,18,18,18
2002,480559,2,1,0,24,14,15,0,7,4,12,4,23
2002,480560,1,1,0,0,0,0,0,0,0,0,0,0
2002,480560,2,1,11,0,0,0,0,0,18,33,0,0
2002,480561,1,1,0,0,0,0,0,0,0,0,0,0
2002,480561,2,1,0,0,0,0,0,0,0,0,0,0
2002,480562,0,1,0,31,0,0,0,0,0,0,29,0
2002,480562,1,1,0,0,0,0,0,0,0,0,0,0
2002,480563,0,1,0,0,0,0,0,0,0,0,0,0
2002,480563,1,1,0,0,0,0,0,0,0,0,0,0
2002,480564,1,1,0,0,0,0,11,0,0,0,0,0
2002,480564,2,1,0,0,0,0,0,0,0,0,0,0
2002,480565,0,1,0,0,0,0,0,32,0,0,23,0
2002,480565,1,1,0,0,0,0,0,14,17,0,8,0
2002,480566,1,1,14,13,5,20,0,0,0,17,0,10
2002,480567,1,1,40,40,40,40,40,40,40,40,40,40
2002,480567,2,1,0,0,0,0,0,0,0,0,0,0
2002,480568,1,1,0,0,0,0,0,0,0,0,0,0
2002,480568,2,1,0,0,0,0,0,0,0,0,0,0
2002,480569,1,1,0,0,0,0,0,0,0,0,0,0
2002,480569,2,1,0,0,0,0,0,0,0,0,0,27
2002,480570,1,1,0,23,0,0,0,0,0,0,14,0
2002,480571,1,1,16,16,16,16,16,16,16,16,16,16
2002,480572,1,1,28,28,28,28,28,28,28,28,28,28
2002,480572,2,1,0,0,0,0,0,10,0,0,0,0
2002,480573,1,1,21,21,21,21,21,21,21,21,21,21
2002,480574,1,1,28,0,0,0,0,0,0,10,7,0
2002,480575,1,1,23,0,28,28,11,31,26,18,15,14
2002,480576,1,1,0,0,0,0,0,0,0,0,0,0
2002,480576,2,1,0,0,0,0,0,0,0,0,0,0
2002,480577,1,1,0,0,0,0,0,0,0,0,0,0
2002,480577,2,1,17,17,17,17,17,17,17,17,17,17
2002,480578,0,1,0,0,0,18,0,21,0,0,0,19
2002,480578,1,1,0,0,0,0,0,0,0,0,0,0
2002,480579,1,1,16,16,16,16,16,16,16,16,16,16
2002,480579,2,1,0,8,0,0,0,0,0,0,9,0
2002,480580,0,1,36,36,24,23,32,20,12,4,14,23
2002,480580,1,1,17,25,16,16,6,21,10,29,22,13
2002,480581,1,1,2,2,2,2,2,2,2,2,2,2
2002,480582,0,1,17,17,17,17,17,17,17,17,17,17
2002,480582,1,1,0,0,0,0,0,0,0,0,0,0
2002,480583,1,1,35,35,35,35,35,35,35,35,35,35
2002,480583,2,1,7,7,7,7,7,7,7,7,7,7
2002,480584,1,1,0,0,0,0,0,0,0,0,0,0
2002,480584,2,1,0,0,0,15,0,0,0,0,0,0
2002,480585,0,1,0,0,4,11,29,4,18,15,0,0
2002,480585,1,1,17,13,15,6,11,13,14,14,3,13
2002,480586,1,1,0,0,0,0,0,0,0,0,0,0
2002,480586,2,1,0,8,13,0,0,0,3,5,0,0
2002,480587,1,1,22,21,16,24,11,16,6,11,25,8
2002,480587,2,1,0,0,0,0,0,12,0,9,0,0
2002,480588,0,1,0,0,0,0,0,0,0,0,0,0
2002,480588,1,1,0,0,0,0,0,0,0,0,0,0
2002,480589,1,1,0,0,0,0,0,0,0,22,0,0
2002,480589,2,1,33,33,33,33,33,33,33,33,33,33
2002,480590,1,1,14,14,14,14,14,14,14,14,14,14
2002,480591,0,1,0,36,0,0,0,16,53,0,18,5
2002,480591,1,1,20,0,0,0,0,0,0,0,0,16
2002,480592,1,1,1,1,1,1,1,1,1,1,1,1
2002,480593,1,1,21,21,21,21,21,21,21,21,21,21
2002,480594,1,1,0,0,0,0,0,0,0,0,0,0
2002,480594,2,1,0,0,0,0,0,0,0,0,0,0
2002,480595,0,1,38,0,0,0,0,0,0,0,11,0
2002,480595,1,1,0,15,0,0,7,12,0,0,17,0
2002,480596,1,1,0,0,0,0,0,0,0,0,0,0
2002,480596,2,1,0,0,0,0,0,0,0,0,0,0
2002,480597,0,1,0,0,0,0,0,0,0,0,0,0
2002,480597,1,1,0,0,0,0,0,0,0,0,0,0
2002,480598,0,1,21,21,21,21,21,21,21,21,21,21
2002,480598,1,1,18,18,18,18,18,18,18,18,18,18
2002,480599,1,1,0,18,0,11,0,0,0,0,16,0
2002,480599,2,1,0,0,0,0,0,17,0,0,0,0
2002,480600,1,1,0,12,10,11,0,40,0,0,18,0
2002,480600,2,1,0,0,0,0,0,0,0,0,0,0
2002,480601,1,1,11,11,11,11,11,11,11,11,11,11
2002,480601,2,1,0,0,0,0,0,8,0,0,0,0
2002,480601,3,1,0,0,0,0,0,0,0,0,0,0
2002,480602,1,1,14,14,14,14,14,14,14,14,14,14
2002,480602,2,1,10,0,6,15,13,36,0,0,0,18
2002,480603,1,1,18,18,18,18,18,18,18,18,18,18
2002,480604,1,1,0,0,0,0,0,11,0,0,0,0
2002,480605,1,1,0,0,0,0,0,0,0,0,0,0
2002,480606,1,1,17,0,0,0,18,0,4,0,29,0
2002,480607,1,1,11,11,11,11,11,11,11,11,11,11
2002,480608,1,1,0,16,8,0,11,0,28,0,0,0
2002,480609,1,1,0,0,0,0,0,0,0,0,0,0
2002,480609,2,1,0,0,0,0,0,0,0,0,0,0
2002,480610,1,1,10,19,38,22,11,23,27,45,0,14
2002,480611,0,1,32,32,32,32,32,32,32,32,32,32
2002,480611,1,1,0,36,0,0,0,0,0,0,0,4
2002,480612,1,1,0,0,0,0,0,0,0,0,0,0
2002,480612,2,1,0,0,0,0,0,8,26,0,0,0
2002,480613,0,1,13,32,0,0,13,12,11,25,22,25
2002,480613,1,1,17,5,0,0,0,0,0,0,0,0
2002,480614,1,1,12,23,28,0,0,21,20,32,16,23
2002,480614,2,1,0,0,0,0,0,0,0,0,0,0
2002,480615,1,1,0,0,0,0,0,0,0,0,0,0
2002,480616,1,1,0,0,0,0,0,0,0,0,0,0
2002,480616,2,1,0,0,0,0,0,0,0,0,0,11
2002,480617,1,1,0,0,0,0,0,0,0,0,0,0
2002,480617,2,1,0,0,0,0,0,0,0,0,0,0
2002,480618,0,1,28,27,17,7,18,0,0,0,29,0
2002,480618,1,1,11,0,8,0,0,0,0,0,0,0
2002,480619,0,1,28,28,28,28,28,28,28,28,28,28
2002,480619,1,1,0,0,0,0,0,0,0,0,0,0
2002,480620,0,1,0,0,27,16,13,10,0,16,0,0
2002,480620,1,1,0,25,0,24,19,0,0,0,0,0
2002,480620,2,1,18,0,0,0,0,0,0,0,0,0
2002,480621,1,1,0,0,0,23,0,0,0,0,0,0
2002,480621,2,1,0,0,0,0,0,0,0,0,0,17
2002,480621,3,1,14,0,0,0,0,0,0,0,0,0
2002,480622,1,1,0,0,0,0,0,0,0,0,0,0
2002,480623,1,1,0,0,0,0,0,0,0,0,0,0
2002,480623,2,1,0,0,0,0,0,0,0,0,0,0
2002,480624,1,1,11,0,0,13,0,0,0,15,0,11
2002,480624,2,1,0,0,0,0,0,0,0,0,0,0
2002,480625,1,1,0,0,0,4,0,0,0,0,0,0
2002,480626,1,1,16,16,16,16,16,16,16,16,16,16
2002,480626,2,1,8,8,8,8,8,8,8,8,8,8
2002,480627,1,1,27,27,27,27,27,27,27,27,27,27
2002,480627,2,1,7,0,0,19,0,0,0,0,0,0
2002,480628,1,1,20,28,0,0,0,0,0,20,13,20
2002,480628,2,1,0,20,7,0,0,7,23,24,0,9
2002,480629,1,1,28,28,28,28,28,28,28,28,28,28
2002,480630,0,1,0,0,0,0,0,0,0,0,0,0
2002,480630,1,1,15,15,15,15,15,15,15,15,15,15
2002,480631,1,1,0,0,0,0,0,0,4,0,0,0
2002,480631,2,1,0,0,15,20,19,0,12,0,0,0
2002,480632,1,1,14,10,8,0,7,19,12,13,16,0
2002,480633,1,1,30,25,0,0,0,0,33,13,0,0
2002,480634,1,1,20,20,20,20,20,20,20,20,20,20
2002,480635,1,1,0,0,0,10,15,15,12,0,0,0
2002,480635,2,1,14,14,14,14,14,14,14,14,14,14
2002,480636,1,1,10,0,0,0,0,0,0,0,0,0
2002,480637,1,1,12,0,7,0,0,0,17,0,0,0
2002,480638,1,1,0,0,0,0,0,0,0,0,0,0
2002,480638,2,1,0,22,0,16,0,0,0,0,0,0
2002,480639,1,1,25,0,0,38,0,23,5,22,37,32
2002,480640,1,1,0,0,0,0,0,21,0,0,14,0
2002,480640,2,1,0,0,0,0,0,0,0,0,0,0
2002,480641,1,1,0,0,0,0,0,0,0,0,0,0
2002,480641,2,1,0,0,0,0,0,0,0,0,0,0
2002,480641,3,1,0,0,0,0,0,0,0,0,0,0
2002,480642,1,1,0,0,0,0,0,0,0,0,0,0
2002,480643,1,1,13,13,13,13,13,13,13,13,13,13
2002,480643,2,1,0,0,0,0,13,0,0,0,0,0
2002,480643,3,1,0,0,0,0,0,0,0,0,0,0
2002,480644,1,1,17,0,21,11,10,14,11,3,23,9
2002,480645,1,1,0,0,0,10,0,17,0,0,0,0
2002,480646,0,1,0,0,0,0,0,0,0,0,0,0
2002,480646,1,1,0,0,0,0,0,7,0,0,5,0
2002,480647,1,1,0,0,0,0,0,0,0,0,0,0
2002,480647,2,1,0,0,0,0,0,0,0,0,0,0
2002,480648,1,1,0,0,0,0,0,0,0,0,0,0
2002,480648,2,1,0,0,0,0,0,0,0,0,0,0
2002,480649,1,1,0,0,0,0,0,14,0,0,0,0
2002,480649,2,1,0,0,0,0,0,0,0,0,0,0
2002,480650,1,1,0,0,0,0,0,0,0,0,0,0
2002,480651,1,1,0,0,0,0,0,8,0,0,19,17
2002,480651,2,1,0,0,0,0,0,0,0,0,0,0
2002,480652,1,1,0,19,18,26,13,10,36,18,17,0
2002,480653,0,1,0,0,0,17,0,0,9,0,0,0
2002,480653,1,1,0,23,25,0,0,37,0,0,0,12
2002,480654,1,1,0,0,0,0,0,8,0,0,0,4
2002,480655,1,1,0,0,0,0,0,0,0,0,0,0
2002,480655,2,1,0,0,0,0,0,0,0,0,0,0
2002,480655,3,1,19,18,10,33,9,0,16,20,20,0
2002,480656,1,1,19,19,19,19,19,19,19,19,19,19
2002,480656,2,1,0,0,0,0,0,0,0,0,0,0
2002,480657,1,1,0,7,0,0,0,41,0,0,50,0
2002,480658,1,1,5,5,5,5,5,5,5,5,5,5
2002,480658,2,1,22,22,22,22,22,22,22,22,22,22
2002,480659,1,1,0,0,0,0,0,0,0,0,0,0
2002,480660,1,1,24,24,24,24,24,24,24,24,24,24
2002,480660,2,1,12,12,12,12,12,12,12,12,12,12
2002,480661,1,1,13,13,13,13,13,13,13,13,13,13
2002,480662,0,1,0,0,34,0,0,0,21,33,24,22
2002,480662,1,1,0,14,0,0,3,0,0,8,0,0
2002,480663,1,1,13,12,31,32,15,20,16,3,31,12
2002,480664,1,1,3,3,3,3,3,3,3,3,3,3
2002,480665,0,1,0,0,0,0,32,5,19,0,0,0
2002,480665,1,1,19,11,14,22,0,17,31,13,15,22
2002,480666,1,1,32,32,32,32,32,32,32,32,32,32
2002,480666,2,1,0,0,0,0,0,0,0,0,0,0
2002,480667,1,1,0,12,0,0,4,0,21,0,17,0
2002,480668,1,1,0,0,0,0,0,0,0,0,0,0
2002,480668,2,1,0,16,0,5,0,0,0,17,0,0
2002,480669,1,1,15,15,15,15,15,15,15,15,15,15
2002,480670,1,1,13,13,13,13,13,13,13,13,13,13
2002,480670,2,1,0,0,21,0,16,0,9,0,9,0
2002,480671,1,1,0,0,0,0,0,0,0,0,0,0
2002,480671,2,1,0,0,0,0,0,0,0,0,0,0
2002,480671,3,1,0,27,0,0,0,0,7,0,0,0
2002,480672,1,1,13,13,13,13,13,13,13,13,13,13
2002,480673,1,1,24,24,24,24,24,24,24,24,24,24
2002,480673,2,1,0,0,0,0,0,0,0,0,0,0
2002,480673,3,1,10,0,0,10,0,0,0,0,6,0
2002,480674,1,1,9,9,9,9,9,9,9,9,9,9
2002,480674,2,1,0,0,0,0,5,0,0,0,0,0
2002,480675,1,1,20,20,20,20,20,20,20,20,20,20
2002,480676,1,1,15,15,15,15,15,15,15,15,15,15
2002,480676,2,1,0,0,0,0,0,0,0,0,0,0
2002,480677,1,1,0,11,0,0,0,0,11,0,0,0
2002,480678,0,1,23,23,23,23,23,23,23,23,23,23
2002,480678,1,1,0,0,0,0,0,19,0,0,0,0
2002,480679,1,1,0,13,20,16,0,0,9,0,0,31
2002,480680,0,1,0,0,0,0,0,0,29,14,31,21
2002,480680,1,1,0,0,0,0,0,0,0,0,27,0
2002,480681,1,1,17,17,17,17,17,17,17,17,17,17
2002,480682,1,1,10,25,13,9,21,16,33,0,29,0
2002,480682,2,1,5,0,0,0,10,0,0,0,17,0
2002,480683,1,1,8,8,8,8,8,8,8,8,8,8
2002,480684,1,1,0,0,0,0,0,0,0,0,0,0
2002,480685,1,1,0,0,0,0,0,0,0,0,0,0
2002,480686,1,1,9,0,0,5,0,0,0,0,0,0
2002,480686,2,1,0,0,0,0,0,0,0,0,0,0
2002,480687,1,1,0,0,0,0,0,0,0,0,0,0
2002,480687,2,1,0,0,0,0,0,0,0,0,0,0
2002,480687,3,1,0,0,0,0,0,0,0,0,13,0
2002,480687,4,1,0,18,0,0,0,3,12,0,0,3
2002,480688,1,1,0,0,0,0,0,0,0,0,0,0
2002,480689,1,1,0,0,0,0,0,0,14,0,0,0
2002,480689,2,1,0,0,0,0,0,0,0,0,0,0
2002,480690,0,1,0,5,0,0,0,0,0,0,0,0
2002,480690,1,1,0,0,0,0,0,0,0,0,0,0
2002,480691,1,1,0,0,0,0,0,26,0,0,0,0
2002,480692,1,1,0,0,0,0,0,0,0,0,0,0
2002,480692,2,1,0,0,0,0,0,0,0,0,0,0
2002,480693,1,1,0,0,0,0,0,0,0,0,0,0
2002,480693,2,1,0,0,0,0,0,0,0,0,0,0
2002,480694,1,1,0,0,0,0,0,0,8,0,0,0
2002,480695,1,1,0,0,0,0,0,0,0,0,0,0
2002,480695,2,1,0,0,0,0,0,0,0,0,0,0
2002,480696,1,1,0,0,0,0,0,0,0,0,0,0
2002,480696,2,1,0,0,0,0,0,0,0,0,0,0
2002,480696,3,1,0,0,0,0,0,0,0,0,12,0
2002,480697,0,1,0,23,10,15,33,0,0,20,24,0
2002,480697,1,1,17,0,0,14,20,22,0,0,0,0
2002,480698,1,1,16,15,0,7,14,20,0,18,7,12
2002,480698,2,1,20,22,41,0,0,0,12,0,26,0
2002,480699,1,1,14,14,14,14,14,14,14,14,14,14
2002,480700,1,1,0,0,0,0,0,0,0,0,0,0
2002,480701,1,1,0,18,15,21,12,0,0,0,0,0
2002,480701,2,1,3,11,0,0,17,0,0,0,0,0
2002,480701,3,1,0,0,0,0,0,0,0,0,0,18
2002,480702,1,1,0,0,0,0,0,0,0,0,0,0
2002,480702,2,1,25,25,25,25,25,25,25,25,25,25
2002,480703,1,1,23,18,11,21,0,0,23,30,0,0
2002,480704,1,1,0,0,0,0,0,0,0,0,0,0
2002,480704,2,1,0,0,0,0,0,0,0,0,0,0
2002,480705,1,1,19,19,19,19,19,19,19,19,19,19
2002,480706,1,1,22,6,16,27,18,25,18,13,22,16
2002,480707,1,1,16,16,16,16,16,16,16,16,16,16
2002,480707,2,1,0,0,0,0,0,0,0,0,0,0
2002,480708,1,1,0,0,0,0,0,0,0,0,0,0
2002,480708,2,1,19,16,0,8,0,0,0,0,0,0
2002,480709,1,1,0,0,0,0,19,0,19,0,12,0
2002,480709,2,1,0,12,0,0,0,7,15,0,0,0
2002,480710,1,1,0,0,0,13,0,19,0,0,11,15
2002,480710,2,1,0,0,0,0,0,0,0,0,0,0
2002,480711,1,1,23,23,23,23,23,23,23,23,23,23
2002,480712,1,1,0,0,0,0,0,0,0,0,0,0
2002,480712,2,1,0,26,0,0,0,22,0,17,16,0
2002,480713,1,1,0,0,0,0,0,0,0,0,12,0
2002,480714,1,1,20,20,20,20,20,20,20,20,20,20
2002,480715,1,1,2,2,2,2,2,2,2,2,2,2
2002,480716,1,1,30,0,0,0,8,0,0,0,0,0
2002,480717,1,1,2,2,2,2,2,2,2,2,2,2
2002,480717,2,1,0,0,0,0,0,0,0,0,0,0
2002,480717,3,1,0,0,0,0,0,0,0,0,0,0
2002,480717,4,1,0,0,13,0,0,0,0,0,0,0
2002,480718,1,1,0,0,19,12,0,0,0,0,0,0
2002,480719,1,1,0,27,18,31,0,15,0,13,0,0
2002,480720,1,1,0,0,0,0,0,0,0,0,0,0
2002,480721,0,1,0,0,8,7,0,0,10,0,0,0
2002,480721,1,1,0,0,0,0,0,0,0,0,0,0
2002,480722,1,1,0,0,0,0,0,0,0,0,0,0
2002,480723,1,1,13,13,13,13,13,13,13,13,13,13
2002,480723,2,1,9,9,9,9,9,9,9,9,9,9
2002,480723,3,1,0,0,31,7,26,13,0,18,0,11
2002,480724,1,1,20,12,0,0,0,13,0,0,0,0
2002,480725,1,1,0,0,0,0,0,0,0,0,0,0
2002,480725,2,1,0,0,0,0,0,0,0,0,0,0
2002,480726,1,1,0,0,0,0,0,0,0,0,0,0
2002,480726,2,1,0,0,0,0,0,0,0,0,0,0
2002,480727,1,1,0,0,0,0,0,0,0,0,0,0
2002,480727,2,1,0,0,0,0,0,0,0,0,0,0
2002,480728,1,1,0,0,0,0,0,0,0,0,0,0
2002,480728,2,1,0,0,0,0,0,0,0,0,0,0
2002,480729,1,1,0,0,0,0,0,0,0,0,0,0
2002,480729,2,1,24,12,35,12,14,15,0,0,23,20
2002,480730,1,1,0,0,0,0,0,0,0,0,0,0
2002,480730,2,1,0,0,0,0,9,0,0,0,0,0
2002,480731,1,1,16,14,0,21,36,19,30,18,0,14
2002,480732,1,1,0,0,0,0,0,0,0,0,0,0
2002,480732,2,1,0,0,0,0,0,0,0,0,0,0
2002,480733,1,1,9,9,9,9,9,9,9,9,9,9
2002,480734,1,1,0,0,23,0,14,11,0,0,0,0
2002,480734,2,1,0,0,0,0,0,0,0,0,0,0
2002,480734,3,1,0,0,0,0,0,0,0,12,0,0
2002,480735,1,1,0,0,0,0,0,0,0,0,0,11
2002,480735,2,1,0,0,17,22,22,0,0,14,0,0
2002,480736,1,1,22,22,22,22,22,22,22,22,22,22
2002,480737,1,1,20,20,20,20,20,20,20,20,20,20
2002,480738,1,1,22,22,22,22,22,22,22,22,22,22
2002,480738,2,1,0,0,0,0,0,0,0,0,0,0
2002,480739,0,1,19,19,19,19,19,19,19,19,19,19
2002,480739,1,1,20,20,20,20,20,20,20,20,20,20
2002,480740,1,1,11,11,11,11,11,11,11,11,11,11
2002,480740,2,1,1,1,1,1,1,1,1,1,1,1
2002,480741,1,1,19,12,0,32,9,20,0,0,21,17
2002,480742,1,1,14,14,14,14,14,14,14,14,14,14
2002,480742,2,1,0,0,0,0,0,0,0,10,0,0
2002,480743,1,1,0,0,0,0,0,0,0,0,0,0
2002,480743,2,1,0,0,14,0,9,8,0,0,0,0
2002,480744,1,1,9,0,25,14,12,17,19,0,5,20
2002,480745,1,1,0,9,23,10,0,0,0,0,0,0
2002,480745,2,1,0,0,0,0,0,0,0,0,0,0
2002,480746,1,1,12,0,0,0,0,0,0,0,0,0
2002,480746,2,1,0,0,0,0,0,0,0,0,0,0
2002,480747,1,1,0,0,0,0,0,0,0,0,0,0
2002,480748,1,1,0,0,0,0,0,0,0,0,0,0
2002,480748,2,1,0,0,0,5,0,0,0,0,0,0
2002,480749,1,1,0,0,0,0,0,0,0,0,0,0
2002,480749,2,1,0,0,0,0,0,0,0,0,0,0
2002,480750,1,1,0,0,28,0,0,0,0,0,0,0
2002,480750,2,1,0,0,0,0,0,0,0,0,0,0
2002,480751,1,1,0,0,0,0,11,0,0,0,0,0
2002,480751,2,1,0,14,0,22,0,0,11,4,0,17
2002,480752,1,1,0,0,0,0,0,13,0,0,12,10
2002,480752,2,1,0,0,19,0,0,0,15,4,0,0
2002,480753,1,1,0,0,0,0,0,0,0,0,0,0
2002,480754,1,1,0,0,0,0,0,10,0,0,0,0
2002,480755,1,1,0,0,0,0,0,0,0,0,0,0
2002,480756,1,1,0,0,0,0,0,0,0,0,0,0
2002,480756,2,1,0,0,0,0,0,0,0,0,0,0
2002,480757,1,1,12,5,0,0,0,0,0,4,0,12
2002,480758,1,1,20,20,12,16,16,10,0,28,33,8
2002,480759,1,1,9,9,9,9,9,9,9,9,9,9
2002,480760,1,1,0,0,18,28,0,30,36,0,21,0
2002,480760,2,1,23,12,0,0,14,34,0,0,18,0
2002,480761,1,1,4,16,10,12,18,5,11,6,6,11
2002,480762,1,1,15,14,11,5,18,9,12,0,17,19
2002,480763,0,1,12,27,18,24,0,21,6,5,0,17
2002,480763,1,1,30,0,0,15,0,0,0,21,13,0
2002,480764,0,1,0,20,10,9,32,0,0,0,12,24
2002,480764,1,1,0,14,0,0,0,16,13,0,4,0
2002,480765,1,1,9,19,20,30,26,16,30,8,19,19
2002,480766,1,1,22,19,10,0,0,12,0,0,0,0
2002,480766,2,1,0,0,0,0,0,0,0,0,0,0
2002,480767,1,1,20,20,20,20,20,20,20,20,20,20
2002,480767,2,1,0,0,0,0,0,0,0,0,0,0
2002,480769,1,1,3,3,3,3,3,3,3,3,3,3
2002,480770,1,1,0,0,0,9,0,0,7,0,0,0
2002,480770,2,1,28,28,28,28,28,28,28,28,28,28
2002,480771,1,1,26,26,26,26,26,26,26,26,26,26
2002,480771,2,1,0,0,22,0,6,0,12,0,9,10
2002,480772,0,1,16,16,16,16,16,16,16,16,16,16
2002,480772,1,1,0,0,0,0,0,0,0,0,0,0
2002,480773,1,1,5,5,5,5,5,5,5,5,5,5
2002,480774,1,1,0,15,20,0,0,0,0,0,5,0
2002,480775,1,1,21,0,0,0,0,0,0,0,0,0
2002,480775,2,1,0,0,0,8,0,0,0,0,0,0
2002,480776,1,1,16,16,16,16,16,16,16,16,16,16
2002,480777,1,1,25,25,25,25,25,25,25,25,25,25
2002,480777,2,1,0,0,0,0,0,0,0,0,0,0
2002,480778,1,1,17,17,17,17,17,17,17,17,17,17
2002,480779,1,1,0,0,0,0,0,0,0,0,0,0
2002,480779,2,1,0,0,0,0,0,0,0,0,0,0
2002,480780,0,1,15,15,15,15,15,15,15,15,15,15
2002,480780,1,1,29,10,15,20,10,0,18,12,15,21
2002,480781,1,1,22,16,13,17,20,13,21,6,17,26
2002,480782,0,1,0,0,0,0,0,0,0,0,0,0
2002,480782,1,1,15,0,0,0,0,0,0,0,5,0
2002,480783,1,1,22,21,16,42,0,8,21,0,0,18
2002,480783,2,1,23,18,0,13,0,0,11,0,0,0
2002,480783,3,1,11,0,0,0,0,0,5,0,0,6
2002,480784,1,1,0,0,0,0,0,0,0,0,0,0
2002,480784,2,1,0,0,0,0,0,0,0,23,0,0
2002,480785,1,1,6,4,11,21,13,25,16,12,0,12
2002,480786,1,1,0,0,0,0,0,0,0,0,0,17
2002,480786,2,1,0,0,0,0,0,0,0,0,0,0
2002,480787,1,1,0,0,12,0,0,18,0,0,0,0
2002,480788,1,1,0,0,0,0,0,0,0,0,0,0
2002,480788,2,1,0,0,0,0,0,0,0,0,0,0
2002,480789,1,1,0,0,12,0,0,27,0,0,0,0
2002,480790,1,1,0,0,11,0,0,0,0,0,0,0
2002,480791,1,1,0,0,0,0,0,0,0,0,0,0