YEAR,ST_CASE,veh_no,per_no,P1,P2,P3,P4,P5,P6,P7,P8,P9,P10
2002,480791,2,1,0,31,25,12,3,0,4,15,0,0
2002,480792,1,1,0,0,0,0,17,24,0,14,0,0
2002,480793,1,1,0,0,0,0,0,0,0,0,0,0
2002,480793,2,1,0,6,0,0,0,0,0,0,0,0
2002,480794,1,1,24,0,27,12,0,14,0,0,0,4
2002,480795,1,1,20,20,20,20,20,20,20,20,20,20
2002,480795,2,1,0,0,0,0,0,0,0,0,0,0
2002,480796,0,1,29,22,10,18,17,32,46,31,20,20
2002,480796,1,1,20,34,6,0,19,22,15,16,0,8
2002,480797,1,1,31,31,31,31,31,31,31,31,31,31
2002,480798,1,1,20,20,20,20,20,20,20,20,20,20
2002,480799,1,1,0,0,0,0,0,0,0,0,0,0
2002,480800,1,1,0,0,0,0,0,0,0,0,9,0
2002,480800,2,1,0,0,0,0,0,0,0,0,0,0
2002,480801,1,1,8,0,0,0,0,20,0,0,0,0
2002,480802,1,1,0,0,0,0,0,0,0,0,0,10
2002,480803,1,1,0,0,0,0,0,0,0,0,0,0
2002,480803,2,1,0,0,0,0,0,0,0,0,0,0
2002,480804,0,1,3,3,3,3,3,3,3,3,3,3
2002,480804,1,1,0,0,0,0,0,0,0,0,0,0
2002,480805,1,1,0,0,0,0,0,0,0,11,0,0
2002,480805,2,1,0,14,0,22,0,0,16,0,0,31
2002,480806,1,1,0,0,8,0,20,0,0,0,0,0
2002,480806,2,1,0,0,0,0,0,0,0,0,0,0
2002,480807,1,1,0,0,26,9,0,19,0,0,0,0
2002,480807,2,1,0,0,0,0,0,0,0,0,0,0
2002,480808,1,1,0,0,0,9,0,21,0,0,0,0
2002,480809,1,1,13,19,0,18,0,12,0,0,0,0
2002,480810,1,1,0,0,0,0,0,0,0,0,0,0
2002,480810,2,1,0,0,0,0,0,0,0,0,0,0
2002,480811,1,1,15,36,11,30,18,18,21,0,15,28
2002,480812,1,1,0,0,0,0,0,0,0,0,8,0
2002,480812,2,1,11,11,11,11,11,11,11,11,11,11
2002,480813,1,1,42,42,42,42,42,42,42,42,42,42
2002,480814,1,1,20,20,20,20,20,20,20,20,20,20
2002,480814,2,1,0,16,0,0,0,14,0,0,8,0
2002,480815,1,1,16,21,9,21,18,22,19,17,34,26
2002,480816,1,1,25,25,25,25,25,25,25,25,25,25
2002,480817,1,1,0,0,0,0,0,0,0,0,0,0
2002,480818,1,1,19,12,0,11,0,0,14,0,16,0
2002,480818,2,1,0,0,0,0,0,8,0,0,28,0
2002,480819,1,1,0,0,0,0,0,0,0,0,0,0
2002,480819,2,1,0,0,0,0,0,0,0,0,0,0
2002,480820,1,1,0,0,0,0,0,0,0,0,0,0
2002,480820,2,1,0,0,0,0,0,0,0,0,0,0
2002,480821,1,1,0,0,0,0,0,0,0,0,0,0
2002,480822,1,1,29,29,29,29,29,29,29,29,29,29
2002,480823,1,1,22,22,22,22,22,22,22,22,22,22
2002,480824,1,1,0,7,0,0,0,0,13,0,0,0
2002,480824,2,1,0,5,22,0,0,0,0,0,0,0
2002,480825,0,1,27,7,0,34,0,7,26,0,0,18
2002,480825,1,1,0,0,0,0,0,0,0,0,0,0
2002,480826,1,1,0,0,0,0,0,0,0,0,0,0
2002,480826,2,1,0,0,0,0,0,0,0,0,0,0
2002,480827,1,1,9,9,9,9,9,9,9,9,9,9
2002,480828,1,1,28,28,28,28,28,28,28,28,28,28
2002,480828,2,1,0,0,0,0,0,0,0,0,0,0
2002,480829,1,1,0,0,0,0,0,31,0,0,0,0
2002,480830,1,1,0,0,0,0,0,0,0,0,0,0
2002,480830,2,1,0,0,0,0,0,0,0,0,0,0
2002,480831,1,1,24,8,12,21,14,13,10,11,23,16
2002,480832,1,1,13,13,13,13,13,13,13,13,13,13
2002,480833,1,1,0,0,19,0,0,0,0,0,0,0
2002,480833,2,1,0,0,0,0,0,0,0,0,0,11
2002,480834,1,1,15,32,9,14,0,19,19,30,5,12
2002,480835,1,1,9,9,9,9,9,9,9,9,9,9
2002,480836,0,1,0,0,20,0,13,0,0,0,6,0
2002,480836,1,1,21,11,15,20,20,14,14,6,17,20
2002,480837,1,1,0,0,0,0,0,0,0,0,0,0
2002,480838,1,1,0,0,0,0,0,0,0,0,0,0
2002,480838,2,1,0,30,23,21,0,0,10,30,8,0
2002,480839,1,1,4,4,4,4,4,4,4,4,4,4
2002,480839,2,1,7,7,7,7,7,7,7,7,7,7
2002,480839,3,1,0,3,9,22,0,8,10,8,0,0
2002,480840,1,1,0,0,0,0,0,0,0,0,0,0
2002,480840,2,1,0,0,0,0,0,18,0,0,0,0
2002,480841,1,1,0,0,0,0,0,0,0,0,0,0
2002,480841,2,1,0,0,0,0,0,0,0,0,0,0
2002,480841,3,1,14,0,0,10,0,13,0,0,0,0
2002,480842,1,1,17,0,0,0,0,0,0,0,0,0
2002,480842,2,1,0,0,0,0,0,0,0,0,5,0
2002,480843,0,1,0,23,0,19,25,6,0,0,0,33
2002,480843,1,1,21,5,0,0,0,0,0,0,0,0
2002,480844,1,1,0,0,0,0,0,0,0,0,0,0
2002,480845,1,1,36,13,29,22,0,15,8,17,27,15
2002,480846,0,1,23,8,0,16,0,0,0,9,32,38
2002,480846,1,1,8,0,0,0,0,0,0,0,0,24
2002,480847,1,1,0,0,0,0,0,13,0,0,0,0
2002,480847,2,1,0,0,0,0,0,0,0,0,0,0
2002,480848,1,1,0,0,0,0,8,0,0,12,0,0
2002,480849,1,1,0,17,0,0,0,0,0,0,0,0
2002,480849,2,1,0,0,0,0,0,0,0,0,0,0
2002,480850,0,1,19,0,20,0,31,18,22,15,0,31
2002,480850,1,1,6,0,0,0,0,0,0,0,0,0
2002,480851,1,1,0,0,0,0,0,0,0,0,0,0
2002,480851,2,1,0,0,0,0,0,0,0,0,0,4
2002,480852,1,1,11,0,0,0,5,7,0,0,0,0
2002,480852,2,1,15,0,18,15,12,0,23,17,19,0
2002,480853,1,1,0,0,0,0,0,0,0,0,0,0
2002,480853,2,1,0,0,0,0,0,0,0,0,0,0
2002,480854,1,1,14,14,14,14,14,14,14,14,14,14
2002,480854,2,1,15,15,15,15,15,15,15,15,15,15
2002,480855,1,1,0,0,0,0,0,0,0,0,0,0
2002,480856,1,1,0,0,0,0,0,0,0,0,0,0
2002,480856,2,1,0,0,0,0,0,0,0,0,0,0
2002,480857,1,1,11,8,16,10,8,18,5,23,24,8
2002,480858,1,1,8,8,8,8,8,8,8,8,8,8
2002,480858,2,1,0,0,0,0,0,0,12,0,0,0
2002,480859,0,1,25,0,37,24,0,14,0,14,44,17
2002,480859,1,1,20,0,0,0,0,19,0,0,0,0
2002,480859,2,1,0,0,0,0,11,0,0,0,0,0
2002,480860,1,1,0,0,0,0,0,0,0,0,0,0
2002,480861,0,1,0,9,0,0,0,16,36,17,8,10
2002,480861,1,1,0,0,0,0,0,0,0,0,5,0
2002,480861,2,1,12,0,0,0,0,0,0,0,0,0
2002,480862,1,1,0,0,0,0,0,0,0,0,0,0
2002,480862,2,1,0,0,0,0,0,0,13,0,0,0
2002,480863,1,1,28,0,0,8,0,0,0,0,0,0
2002,480864,1,1,0,0,0,0,0,0,0,0,0,0
2002,480864,2,1,0,0,0,0,0,0,0,0,8,8
2002,480865,1,1,13,0,14,18,0,24,15,39,0,22
2002,480865,2,1,0,0,0,0,0,0,0,0,0,0
2002,480866,1,1,0,12,0,0,0,0,0,0,0,0
2002,480866,2,1,0,0,0,0,0,0,0,0,0,0
2002,480866,3,1,0,0,0,0,0,0,0,0,0,0
2002,480867,1,1,13,13,13,13,13,13,13,13,13,13
2002,480868,1,1,0,0,0,0,0,0,0,0,0,0
2002,480868,2,1,0,0,0,0,0,0,0,0,0,0
2002,480869,1,1,12,12,12,12,12,12,12,12,12,12
2002,480869,2,1,0,18,0,0,11,5,0,0,0,0
2002,480870,1,1,9,9,9,9,9,9,9,9,9,9
2002,480871,1,1,0,13,19,0,0,0,0,0,0,0
2002,480871,2,1,0,0,0,0,0,0,0,0,0,0
2002,480872,1,1,0,25,22,15,0,21,0,0,23,0
2002,480873,0,1,0,27,0,0,0,0,0,0,0,18
2002,480873,1,1,0,0,0,0,0,0,0,0,0,0
2002,480874,1,1,0,0,0,0,0,0,0,0,0,0
2002,480874,2,1,12,12,12,12,12,12,12,12,12,12
2002,480875,1,1,21,21,21,21,21,21,21,21,21,21
2002,480876,1,1,0,0,0,0,0,0,9,0,0,0
2002,480876,2,1,0,0,0,0,0,0,0,0,0,0
2002,480877,1,1,28,28,28,28,28,28,28,28,28,28
2002,480878,1,1,0,32,0,0,0,21,26,0,0,0
2002,480879,1,1,0,0,0,15,9,0,0,23,0,0
2002,480879,2,1,0,0,0,0,0,0,0,0,0,0
2002,480880,1,1,13,0,0,0,0,0,0,0,0,18
2002,480880,2,1,0,0,0,0,0,0,0,0,0,0
2002,480880,3,1,0,0,0,0,0,0,5,0,0,0
2002,480881,1,1,0,0,0,0,0,0,0,0,0,0
2002,480881,2,1,0,0,0,0,0,0,0,0,0,0
2002,480882,1,1,34,0,21,16,23,0,24,0,0,12
2002,480883,1,1,0,0,0,0,0,0,0,0,0,0
2002,480883,2,1,0,0,0,30,0,0,0,0,0,0
2002,480884,1,1,0,0,0,0,0,0,0,0,0,0
2002,480884,2,1,25,6,17,9,10,27,17,12,4,0
2002,480885,1,1,0,0,0,0,0,0,0,0,0,0
2002,480885,2,1,0,0,0,0,0,14,0,0,0,0
2002,480886,1,1,17,0,0,0,0,11,0,4,0,0
2002,480887,1,1,0,0,0,0,0,0,0,0,0,0
2002,480887,2,1,0,0,0,0,0,0,0,0,0,0
2002,480887,3,1,0,0,0,0,0,0,0,0,20,0
2002,480887,4,1,0,0,0,0,0,6,0,0,0,0
2002,480888,1,1,35,35,35,35,35,35,35,35,35,35
2002,480889,1,1,0,0,0,0,0,0,0,0,0,0
2002,480889,2,1,0,0,0,0,0,0,0,0,0,0
2002,480890,1,1,0,0,0,0,0,0,0,0,0,0
2002,480891,1,1,13,14,9,22,0,0,0,0,0,0
2002,480892,1,1,0,0,9,0,26,0,0,0,8,0
2002,480893,1,1,0,0,0,0,0,16,0,0,0,0
2002,480893,2,1,0,14,19,0,0,0,0,0,0,10
2002,480894,1,1,0,16,0,18,0,0,0,0,0,0
2002,480894,2,1,24,24,24,24,24,24,24,24,24,24
2002,480895,1,1,22,22,22,22,22,22,22,22,22,22
2002,480895,2,1,0,0,0,0,0,6,13,7,0,17
2002,480895,3,1,0,0,0,14,0,0,0,14,0,35
2002,480896,1,1,18,7,23,13,0,0,20,26,7,0
2002,480897,1,1,17,17,17,17,17,17,17,17,17,17
2002,480898,0,1,15,15,15,15,15,15,15,15,15,15
2002,480898,1,1,0,0,0,0,0,0,0,0,0,0
2002,480899,1,1,12,12,12,12,12,12,12,12,12,12
2002,480900,1,1,0,0,0,0,0,0,0,0,0,0
2002,480901,1,1,10,10,10,10,10,10,10,10,10,10
2002,480901,2,1,14,0,0,0,0,19,0,6,0,0
2002,480902,1,1,0,0,0,0,0,0,0,0,0,0
2002,480903,1,1,0,0,0,0,0,0,0,0,0,0
2002,480904,1,1,0,0,0,0,0,0,0,0,0,0
2002,480904,2,1,0,0,16,0,0,0,19,0,10,0
2002,480905,1,1,20,20,20,20,20,20,20,20,20,20
2002,480906,1,1,0,13,18,31,17,9,18,16,15,17
2002,480907,1,1,0,11,0,12,0,0,0,17,0,0
2002,480907,2,1,10,0,8,17,0,8,0,6,0,16
2002,480908,0,1,0,0,0,29,0,0,0,0,0,19
2002,480908,1,1,0,0,25,16,18,18,18,0,0,0
2002,480909,1,1,0,0,0,0,0,0,0,0,0,0
2002,480909,2,1,0,0,0,0,0,0,0,0,0,0
2002,480910,1,1,19,19,19,19,19,19,19,19,19,19
2002,480910,2,1,0,0,0,0,0,0,0,0,0,0
2002,480911,1,1,0,0,0,0,0,0,0,0,0,0
2002,480912,1,1,0,0,0,0,0,0,0,0,0,0
2002,480912,2,1,0,0,0,0,0,0,0,0,0,0
2002,480913,1,1,0,0,0,0,0,0,0,0,0,0
2002,480914,0,1,0,0,18,0,0,0,0,19,0,0
2002,480914,1,1,0,0,11,10,0,0,0,0,0,0
2002,480915,1,1,0,0,0,0,0,0,0,0,0,0
2002,480915,2,1,0,0,0,0,0,0,0,0,0,0
2002,480916,1,1,0,0,0,0,0,0,12,0,0,0
2002,480917,1,1,0,24,0,0,0,0,0,0,21,0
2002,480918,1,1,0,0,0,0,0,29,20,31,41,0
2002,480919,1,1,0,0,0,0,0,0,0,0,0,0
2002,480919,2,1,28,28,28,28,28,28,28,28,28,28
2002,480920,1,1,16,16,16,16,16,16,16,16,16,16
2002,480921,1,1,17,0,21,38,23,0,0,0,19,0
2002,480922,1,1,0,0,0,0,0,0,0,0,0,0
2002,480922,2,1,0,0,0,0,0,0,0,0,0,0
2002,480923,1,1,0,0,0,0,0,0,0,0,0,0
2002,480924,1,1,0,0,0,0,0,0,0,0,0,0
2002,480924,2,1,0,0,0,0,0,0,0,0,0,0
2002,480925,1,1,10,0,0,0,0,0,0,10,0,0
2002,480926,1,1,30,30,30,30,30,30,30,30,30,30
2002,480927,1,1,6,6,6,6,6,6,6,6,6,6
2002,480927,2,1,14,0,0,0,11,0,0,0,0,0
2002,480928,1,1,27,0,16,20,0,22,3,0,17,12
2002,480929,1,1,0,0,16,7,0,0,0,0,0,0
2002,480929,2,1,0,0,0,0,0,0,0,0,0,0
2002,480930,1,1,0,0,0,0,0,0,0,0,0,0
2002,480930,2,1,0,0,21,0,9,0,13,0,0,0
2002,480931,1,1,24,24,24,24,24,24,24,24,24,24
2002,480932,1,1,1,1,1,1,1,1,1,1,1,1
2002,480932,2,1,15,6,24,0,0,10,0,27,16,9
2002,480932,3,1,0,19,0,0,0,13,9,0,0,3
2002,480932,4,1,0,0,0,0,0,8,24,0,5,0
2002,480933,1,1,25,25,25,25,25,25,25,25,25,25
2002,480934,1,1,0,0,0,0,0,0,0,0,0,0
2002,480935,1,1,0,0,0,0,0,0,0,0,0,0
2002,480935,2,1,23,23,23,23,23,23,23,23,23,23
2002,480936,1,1,14,0,8,9,27,25,27,15,0,22
2002,480936,2,1,0,0,0,0,0,0,0,13,0,0
2002,480937,1,1,0,0,0,0,0,0,0,0,0,0
2002,480938,1,1,12,12,12,12,12,12,12,12,12,12
2002,480939,1,1,0,0,0,0,0,0,0,0,0,0
2002,480940,1,1,28,0,0,0,0,0,0,0,6,0
2002,480941,0,1,0,0,0,0,0,0,0,0,0,0
2002,480941,1,1,0,0,0,0,0,0,0,0,0,0
2002,480942,0,1,23,23,23,23,23,23,23,23,23,23
2002,480942,1,1,13,0,0,0,0,0,11,6,0,7
2002,480943,1,1,0,0,0,0,0,0,0,0,0,0
2002,480943,2,1,0,0,0,0,0,0,0,0,0,0
2002,480944,1,1,9,20,17,19,0,20,27,0,0,21
2002,480945,1,1,29,15,17,0,25,14,29,0,7,0
2002,480946,1,1,9,9,9,9,9,9,9,9,9,9
2002,480947,1,1,24,24,24,24,24,24,24,24,24,24
2002,480947,2,1,2,2,2,2,2,2,2,2,2,2
2002,480948,0,1,0,0,15,0,0,12,16,33,12,8
2002,480948,1,1,0,0,31,21,24,0,32,4,0,11
2002,480949,1,1,11,11,11,11,11,11,11,11,11,11
2002,480950,1,1,14,14,14,14,14,14,14,14,14,14
2002,480951,1,1,31,0,15,18,0,0,13,6,16,0
2002,480952,1,1,0,0,0,0,0,0,0,0,0,0
2002,480953,1,1,11,11,11,11,11,11,11,11,11,11
2002,480954,0,1,8,26,0,7,23,4,0,0,0,0
2002,480954,1,1,15,15,15,15,15,15,15,15,15,15
2002,480955,1,1,11,0,0,0,0,0,0,2,9,12
2002,480955,2,1,0,0,0,0,27,0,0,0,0,13
2002,480955,3,1,0,0,0,0,0,8,0,0,14,0
2002,480956,1,1,8,3,19,0,25,22,0,11,0,4
2002,480957,1,1,0,0,0,0,0,0,0,0,0,0
2002,480957,2,1,0,0,0,0,0,0,0,0,0,0
2002,480957,3,1,0,0,0,0,9,0,0,0,0,11
2002,480958,1,1,21,0,14,18,0,0,0,0,0,0
2002,480958,2,1,0,0,0,0,0,0,28,0,0,0
2002,480959,1,1,0,0,0,0,0,0,0,0,0,0
2002,480960,0,1,0,0,0,0,0,0,0,0,0,0
2002,480960,1,1,8,8,8,8,8,8,8,8,8,8
2002,480961,1,1,0,0,0,0,0,0,0,0,0,0
2002,480961,2,1,0,27,0,0,0,0,7,0,0,0
2002,480962,1,1,0,0,0,0,0,21,19,33,0,0
2002,480963,1,1,0,0,22,0,0,0,6,0,0,0
2002,480963,2,1,0,0,0,19,0,0,0,0,0,0
2002,480964,1,1,0,0,0,0,0,0,0,0,0,18
2002,480964,2,1,12,0,0,0,0,0,0,0,0,0
2002,480965,0,1,0,0,0,0,0,0,0,0,0,0
2002,480965,1,1,0,0,8,0,0,0,12,33,0,16
2002,480966,1,1,0,0,0,0,12,0,24,0,0,0
2002,480966,2,1,0,0,0,0,0,0,0,0,0,0
2002,480967,1,1,0,0,0,0,0,0,0,0,0,0
2002,480968,1,1,0,0,18,0,0,0,0,0,24,0
2002,480969,1,1,0,0,0,0,0,17,15,0,0,0
2002,480969,2,1,0,0,0,0,0,0,0,0,0,0
2002,480970,1,1,0,9,20,16,20,11,20,7,24,28
2002,480971,1,1,0,19,0,0,0,0,0,0,0,0
2002,480972,1,1,0,0,0,0,0,0,0,0,0,0
2002,480973,1,1,0,0,16,0,26,0,17,0,11,0
2002,480973,2,1,0,0,0,0,0,0,0,0,0,0
2002,480973,3,1,0,0,0,0,0,0,0,0,0,0
2002,480974,1,1,11,11,11,11,11,11,11,11,11,11
2002,480975,1,1,10,10,10,10,10,10,10,10,10,10
2002,480976,1,1,0,0,0,0,7,18,0,0,0,0
2002,480977,1,1,0,0,9,0,0,0,11,0,0,0
2002,480978,1,1,0,0,0,0,0,0,0,0,0,0
2002,480978,2,1,0,0,0,0,0,0,0,0,0,0
2002,480979,1,1,11,11,11,11,11,11,11,11,11,11
2002,480980,1,1,0,0,0,16,0,0,0,0,0,6
2002,480980,2,1,0,0,0,0,0,9,0,0,0,0
2002,480980,3,1,3,0,13,0,0,0,10,0,17,0
2002,480981,0,1,0,0,0,0,0,0,0,0,0,0
2002,480981,1,1,0,0,0,0,0,0,0,0,0,12
2002,480982,1,1,21,21,21,21,21,21,21,21,21,21
2002,480983,1,1,0,0,0,0,0,0,0,0,0,0
2002,480983,2,1,0,0,0,0,0,0,0,0,0,0
2002,480984,1,1,0,0,0,0,0,0,22,0,0,0
2002,480985,1,1,13,0,16,0,8,16,0,12,0,22
2002,480986,1,1,0,34,0,0,0,0,0,13,4,0
2002,480987,1,1,0,0,25,0,0,0,0,0,0,0
2002,480987,2,1,0,0,0,0,0,0,0,0,0,0
2002,480988,1,1,0,0,0,0,0,0,0,0,0,0
2002,480989,1,1,0,0,9,0,0,0,0,0,0,0
2002,480990,1,1,0,0,0,0,0,0,0,0,0,0
2002,480990,2,1,0,6,0,0,20,0,0,0,0,16
2002,480991,1,1,0,0,0,0,0,0,0,0,0,0
2002,480991,2,1,0,11,4,17,19,0,0,0,13,12
2002,480992,1,1,21,21,21,21,21,21,21,21,21,21
2002,480992,2,1,4,3,0,0,0,0,0,0,0,0
2002,480993,1,1,0,0,0,0,0,0,0,0,0,0
2002,480993,2,1,0,0,0,0,0,0,0,0,0,0
2002,480994,1,1,31,31,31,31,31,31,31,31,31,31
2002,480995,1,1,3,3,3,3,3,3,3,3,3,3
2002,480995,2,1,0,0,0,0,0,0,0,0,0,0
2002,480995,3,1,0,23,14,0,0,0,19,47,11,16
2002,480996,0,1,0,0,0,11,20,0,0,0,23,0
2002,480996,1,1,0,0,0,0,0,0,0,0,0,0
2002,480997,1,1,0,0,0,0,0,5,0,0,0,0
2002,480997,2,1,0,0,0,0,0,0,0,0,8,0
2002,480998,1,1,0,18,0,0,0,0,0,0,0,0
2002,480998,2,1,0,0,19,0,0,0,0,0,0,0
2002,480999,1,1,19,19,19,19,19,19,19,19,19,19
2002,481000,1,1,0,0,0,0,0,0,0,0,0,0
2002,481001,1,1,28,7,20,0,0,21,0,10,5,0
2002,481002,0,1,0,24,0,0,0,0,31,0,0,0
2002,481002,1,1,28,28,28,28,28,28,28,28,28,28
2002,481003,1,1,4,12,16,12,7,9,18,19,22,10
2002,481004,0,1,0,0,0,0,0,0,0,0,0,0
2002,481004,1,1,0,0,0,0,0,0,0,0,0,0
2002,481005,1,1,21,9,14,0,0,0,10,0,0,0
2002,481005,2,1,6,0,0,0,0,0,0,0,0,0
2002,481006,1,1,15,15,15,15,15,15,15,15,15,15
2002,481007,1,1,33,33,33,33,33,33,33,33,33,33
2002,481008,1,1,0,0,0,0,0,0,0,0,0,0
2002,481008,2,1,0,0,0,0,0,0,0,0,0,0
2002,481009,1,1,0,20,23,22,0,31,0,11,18,14
2002,481010,1,1,0,0,0,0,0,0,0,0,0,0
2002,481010,2,1,16,16,18,5,23,31,10,7,14,3
2002,481011,1,1,0,0,0,0,38,0,18,0,13,0
2002,481011,2,1,0,0,8,0,0,0,0,0,0,0
2002,481012,1,1,2,0,0,0,19,0,19,3,0,0
2002,481013,1,1,0,0,0,0,0,0,0,0,0,0
2002,481013,2,1,0,0,15,0,0,0,15,0,0,0
2002,481013,3,1,0,0,0,0,0,0,0,0,0,0
2002,481013,4,1,0,0,0,0,0,0,0,0,0,19
2002,481014,1,1,0,9,0,0,0,15,21,16,10,0
2002,481015,1,1,25,25,25,25,25,25,25,25,25,25
2002,481016,1,1,13,13,13,13,13,13,13,13,13,13
2002,481017,1,1,21,21,21,21,21,21,21,21,21,21
2002,481018,1,1,22,23,13,10,26,12,0,16,0,22
2002,481019,1,1,0,13,0,0,12,16,18,0,0,0
2002,481020,1,1,16,0,7,25,0,0,27,0,0,0
2002,481021,1,1,0,0,0,0,0,0,0,0,0,0
2002,481022,1,1,0,0,0,0,0,0,0,0,0,0
2002,481022,2,1,0,0,0,0,0,0,0,0,0,0
2002,481023,1,1,0,0,15,19,0,0,7,33,0,0
2002,481023,2,1,0,0,0,0,0,0,0,0,0,0
2002,481024,1,1,0,0,0,0,0,0,0,0,0,0
2002,481025,1,1,0,0,0,0,0,0,0,0,0,0
2002,481025,2,1,0,0,0,0,0,0,0,0,0,0
2002,481026,1,1,20,20,20,20,20,20,20,20,20,20
2002,481027,1,1,0,0,0,0,0,0,0,0,0,0
2002,481027,2,1,12,0,0,0,0,0,0,0,0,0
2002,481028,1,1,0,0,0,0,0,0,0,0,0,0
2002,481028,2,1,0,0,15,0,0,0,9,0,0,0
2002,481029,1,1,2,2,2,2,2,2,2,2,2,2
2002,481029,2,1,0,0,0,0,0,15,0,0,0,0
2002,481030,1,1,0,0,0,0,0,0,0,0,0,0
2002,481030,2,1,0,0,0,0,0,0,0,0,0,0
2002,481030,3,1,0,0,0,0,0,0,0,0,0,0
2002,481030,4,1,9,0,0,0,0,0,0,0,0,20
2002,481031,1,1,0,0,0,0,0,0,0,0,0,0
2002,481032,1,1,0,0,0,0,0,0,0,0,0,0
2002,481032,2,1,0,0,0,0,0,0,0,0,0,0
2002,481033,1,1,8,6,0,11,6,9,0,8,14,11
2002,481033,2,1,0,0,0,0,0,0,0,0,0,0
2002,481034,1,1,20,20,20,20,20,20,20,20,20,20
2002,481034,2,1,0,0,0,0,0,0,0,0,0,0
2002,481035,1,1,0,8,20,27,4,0,0,18,16,13
2002,481036,1,1,5,0,0,0,0,0,1,0,0,0
2002,481036,2,1,0,0,0,0,0,0,0,0,0,0
2002,481037,1,1,0,0,0,0,0,4,0,0,0,0
2002,481037,2,1,0,0,4,14,0,0,0,0,0,0
2002,481038,1,1,33,0,27,19,23,29,11,11,8,21
2002,481039,1,1,0,0,0,0,0,0,26,0,0,0
2002,481040,1,1,18,18,18,18,18,18,18,18,18,18
2002,481041,1,1,17,17,17,17,17,17,17,17,17,17
2002,481041,2,1,0,0,6,0,0,0,0,0,0,23
2002,481041,3,1,0,0,0,11,11,0,0,0,0,0
2002,481041,4,1,0,0,17,0,0,0,0,0,0,0
2002,481041,5,1,0,0,0,0,0,18,0,0,0,0
2002,481041,6,1,5,0,13,0,8,0,0,0,0,0
2002,481041,7,1,0,0,0,0,24,0,0,0,0,0
2002,481042,1,1,17,17,17,17,17,17,17,17,17,17
2002,481043,1,1,0,0,0,7,0,0,0,0,0,0
2002,481044,1,1,5,5,5,5,5,5,5,5,5,5
2002,481045,1,1,0,0,0,0,0,0,0,0,0,0
2002,481045,2,1,0,0,0,0,0,0,0,0,0,0
2002,481046,1,1,0,0,0,0,0,0,0,0,0,0
2002,481046,2,1,0,0,0,0,10,0,0,0,0,0
2002,481047,1,1,0,0,14,0,0,0,0,10,0,0
2002,481048,0,1,0,0,0,0,0,0,0,0,0,0
2002,481048,0,2,0,0,0,0,0,0,0,0,0,0
2002,481048,0,3,0,0,20,0,0,0,11,0,0,0
2002,481048,0,4,0,0,0,0,0,0,0,0,0,0
2002,481048,1,1,23,23,23,23,23,23,23,23,23,23
2002,481049,1,1,10,10,10,10,10,10,10,10,10,10
2002,481049,2,1,0,0,0,0,4,0,0,0,0,0
2002,481050,0,1,0,0,0,0,0,6,14,0,0,0
2002,481050,1,1,8,0,0,0,6,0,0,0,0,0
2002,481051,1,1,14,14,14,14,14,14,14,14,14,14
2002,481051,2,1,0,0,0,0,0,0,0,0,0,0
2002,481052,1,1,0,0,0,0,0,0,0,5,0,19
2002,481052,2,1,20,0,0,0,0,0,0,19,0,0
2002,481053,1,1,8,8,8,8,8,8,8,8,8,8
2002,481054,1,1,21,21,21,21,21,21,21,21,21,21
2002,481055,1,1,0,0,0,5,0,0,0,0,0,0
2002,481055,2,1,9,10,0,0,0,0,0,0,0,0
2002,481055,3,1,0,0,0,0,0,0,0,0,0,0
2002,481055,4,1,10,0,0,24,0,4,12,23,0,0
2002,481056,1,1,0,0,0,0,0,0,0,0,0,0
2002,481056,2,1,0,0,0,0,0,0,0,0,0,0
2002,481056,3,1,16,20,20,15,0,17,0,0,4,0
2002,481057,0,1,0,6,0,15,0,0,0,0,0,40
2002,481057,1,1,0,0,0,0,0,0,0,0,0,0
2002,481058,0,1,0,20,19,27,0,20,16,0,0,5
2002,481058,0,2,37,0,36,0,36,0,21,0,17,13
2002,481058,1,1,0,0,15,0,0,0,0,0,14,0
2002,481059,1,1,0,0,0,0,0,0,0,0,35,0
2002,481060,1,1,13,0,0,0,0,16,0,0,0,0
2002,481061,1,1,19,19,19,19,19,19,19,19,19,19
2002,481062,1,1,0,0,0,0,0,0,0,0,0,0
2002,481063,1,1,0,0,0,14,0,0,0,0,0,0
2002,481063,2,1,13,13,13,13,13,13,13,13,13,13
2002,481064,1,1,0,0,0,0,0,0,0,0,0,0
2002,481064,2,1,0,0,0,0,0,0,0,0,0,0
2002,481065,1,1,17,17,17,17,17,17,17,17,17,17
2002,481065,2,1,0,0,0,0,0,28,18,0,0,0
2002,481066,1,1,0,0,0,0,0,0,0,0,0,0
2002,481066,2,1,11,17,0,16,6,16,7,0,0,0
2002,481067,1,1,0,0,0,0,0,0,0,0,0,0
2002,481067,2,1,0,0,0,0,0,0,0,0,0,0