YEAR,ST_CASE,veh_no,per_no,P1,P2,P3,P4,P5,P6,P7,P8,P9,P10
2002,481351,0,3,0,0,9,0,0,0,0,0,0,0
2002,481351,0,4,0,0,0,0,0,0,0,0,0,0
2002,481351,1,1,0,12,0,23,15,14,0,0,0,0
2002,481352,1,1,20,0,19,19,0,0,0,25,0,25
2002,481353,1,1,0,0,0,0,0,0,0,0,0,0
2002,481353,2,1,0,0,14,0,0,0,0,0,0,0
2002,481354,1,1,0,0,0,0,0,0,0,0,0,0
2002,481354,2,1,0,0,0,0,0,0,0,0,0,0
2002,481355,1,1,0,0,0,0,0,0,0,0,0,0
2002,481355,2,1,0,0,0,0,0,0,0,0,0,0
2002,481356,0,1,5,0,9,0,31,20,0,0,0,0
2002,481356,1,1,0,0,0,0,0,0,11,0,0,0
2002,481357,1,1,33,33,33,33,33,33,33,33,33,33
2002,481358,1,1,0,0,0,0,0,0,0,0,0,0
2002,481358,2,1,0,0,0,0,0,0,0,0,0,0
2002,481359,1,1,9,22,12,23,0,17,18,22,0,25
2002,481359,2,1,0,0,0,0,0,0,0,0,0,0
2002,481360,0,1,0,0,0,0,0,0,0,0,0,18
2002,481360,1,1,0,0,0,19,0,9,0,0,0,0
2002,481361,1,1,0,0,0,0,28,0,0,0,0,0
2002,481362,1,1,0,0,0,0,0,21,0,0,0,0
2002,481362,2,1,0,0,0,0,0,0,0,0,0,0
2002,481363,1,1,0,0,0,0,0,0,0,0,0,0
2002,481364,1,1,0,0,0,0,0,0,0,0,0,0
2002,481364,2,1,0,0,0,0,0,0,0,0,0,0
2002,481365,1,1,0,0,0,0,0,0,0,0,0,0
2002,481366,1,1,26,26,26,26,26,26,26,26,26,26
2002,481367,1,1,0,0,0,0,0,0,0,0,0,0
2002,481367,2,1,9,9,9,9,9,9,9,9,9,9
2002,481368,1,1,2,2,2,2,2,2,2,2,2,2
2002,481368,2,1,0,0,0,0,0,0,0,0,0,0
2002,481369,1,1,0,5,0,0,0,0,0,0,0,0
2002,481369,2,1,0,0,0,0,0,0,0,0,0,0
2002,481370,1,1,0,0,0,0,0,0,0,0,0,0
2002,481371,1,1,11,11,11,11,11,11,11,11,11,11
2002,481372,1,1,0,0,0,0,0,0,0,0,0,0
2002,481373,1,1,9,11,17,9,16,20,9,14,13,11
2002,481374,1,1,14,14,14,14,14,14,14,14,14,14
2002,481375,1,1,28,28,28,28,28,28,28,28,28,28
2002,481376,1,1,0,0,0,0,0,0,0,0,0,0
2002,481376,2,1,14,14,14,14,14,14,14,14,14,14
2002,481377,1,1,0,0,0,0,0,0,0,0,0,0
2002,481378,1,1,6,6,6,6,6,6,6,6,6,6
2002,481378,2,1,0,0,0,0,0,0,0,0,0,0
2002,481379,1,1,0,0,0,0,0,0,0,0,0,0
2002,481379,2,1,0,0,0,0,0,0,0,0,0,0
2002,481380,1,1,0,0,0,0,0,0,0,0,0,0
2002,481380,2,1,0,0,0,0,0,0,0,0,0,0
2002,481381,0,1,29,30,21,0,20,0,0,24,0,0
2002,481381,1,1,21,21,21,21,21,21,21,21,21,21
2002,481382,1,1,0,24,0,33,0,15,0,24,22,0
2002,481383,1,1,0,0,20,0,0,0,5,9,0,0
2002,481384,1,1,13,25,10,19,19,23,18,20,15,17
2002,481385,1,1,9,9,9,9,9,9,9,9,9,9
2002,481386,1,1,14,14,14,14,14,14,14,14,14,14
2002,481387,1,1,0,0,0,0,0,0,0,0,0,0
2002,481387,2,1,0,0,0,0,0,0,0,0,0,0
2002,481388,0,1,0,6,13,0,0,0,0,0,24,0
2002,481388,1,1,0,0,0,12,0,0,0,9,0,0
2002,481389,1,1,15,19,0,7,30,5,27,0,12,15
2002,481390,1,1,17,26,26,19,25,17,9,27,18,27
2002,481391,1,1,26,0,10,10,7,0,0,0,15,0
2002,481392,1,1,0,0,0,0,0,0,0,0,0,0
2002,481392,2,1,0,0,0,0,0,0,0,0,0,0
2002,481393,1,1,32,32,32,32,32,32,32,32,32,32
2002,481394,1,1,16,26,7,0,0,23,10,9,12,4
2002,481395,1,1,15,0,0,0,0,19,19,0,0,23
2002,481395,2,1,0,0,0,0,0,0,0,0,0,0
2002,481396,1,1,22,22,22,22,22,22,22,22,22,22
2002,481397,1,1,0,0,0,0,0,0,0,0,0,0
2002,481398,1,1,0,0,0,0,0,0,0,0,0,0
2002,481398,2,1,0,0,0,0,0,0,0,0,0,0
2002,481399,0,1,0,18,0,0,0,0,0,0,0,0
2002,481399,1,1,6,6,6,6,6,6,6,6,6,6
2002,481400,1,1,0,0,0,0,0,0,0,0,0,0
2002,481401,1,1,0,4,0,0,0,0,24,0,19,0
2002,481402,1,1,0,0,0,0,0,0,0,0,0,0
2002,481402,2,1,0,0,0,0,0,0,0,0,0,0
2002,481403,1,1,0,0,0,0,0,0,0,0,0,0
2002,481403,2,1,35,22,10,6,6,0,13,0,10,0
2002,481404,1,1,10,10,10,10,10,10,10,10,10,10
2002,481405,1,1,11,0,0,0,0,0,0,0,0,0
2002,481405,2,1,0,0,0,0,0,0,0,0,0,11
2002,481406,1,1,0,8,0,0,0,0,0,0,0,0
2002,481406,2,1,0,0,0,0,0,0,0,0,0,0
2002,481407,1,1,14,0,0,0,0,0,0,0,0,0
2002,481407,2,1,0,0,0,0,0,0,0,0,0,0
2002,481408,1,1,0,0,0,22,0,0,0,6,0,0
2002,481408,2,1,0,0,0,0,0,0,0,0,0,0
2002,481409,1,1,0,0,0,0,0,0,0,13,0,21
2002,481409,2,1,0,0,0,0,0,0,0,0,0,0
2002,481410,1,1,0,0,0,0,0,0,0,0,0,0
2002,481411,1,1,0,0,0,11,7,0,14,0,0,19
2002,481412,1,1,0,0,0,12,0,0,0,0,0,0
2002,481413,1,1,2,2,2,2,2,2,2,2,2,2
2002,481413,2,1,0,0,0,0,0,0,0,0,0,0
2002,481414,0,1,0,0,0,0,0,0,0,0,0,0
2002,481414,1,1,0,0,0,0,0,0,0,0,0,0
2002,481415,1,1,0,0,0,0,0,0,0,0,0,0
2002,481416,1,1,0,0,0,0,0,0,0,0,0,0
2002,481417,1,1,11,11,11,11,11,11,11,11,11,11
2002,481418,1,1,0,0,0,0,0,0,0,0,0,0
2002,481418,2,1,0,0,0,0,0,0,0,0,0,0
2002,481419,1,1,8,8,8,8,8,8,8,8,8,8
2002,481420,0,1,29,19,22,19,33,19,30,22,32,21
2002,481420,1,1,0,0,0,0,0,7,0,0,0,0
2002,481421,0,1,44,44,44,44,44,44,44,44,44,44
2002,481421,1,1,0,0,0,6,0,0,0,0,0,0
2002,481422,1,1,0,0,0,0,0,0,0,0,0,0
2002,481422,2,1,0,0,0,0,0,0,0,0,0,0
2002,481423,1,1,31,31,31,31,31,31,31,31,31,31
2002,481424,1,1,0,0,0,0,0,0,0,0,0,0
2002,481425,1,1,19,12,17,0,15,19,19,5,11,10
2002,481426,1,1,26,7,9,8,25,19,30,5,0,11
2002,481426,2,1,0,0,0,0,0,0,0,0,0,0
2002,481427,0,1,0,0,0,0,0,0,0,0,0,0
2002,481427,1,1,0,0,0,0,0,0,0,0,0,0
2002,481428,1,1,0,0,0,0,0,0,0,0,0,0
2002,481428,2,1,0,6,40,0,7,14,14,2,0,8
2002,481429,1,1,31,31,31,31,31,31,31,31,31,31
2002,481429,2,1,0,0,16,9,0,0,0,0,6,0
2002,481430,1,1,0,0,0,0,0,7,0,0,0,0
2002,481430,2,1,0,0,0,0,0,0,0,0,0,0
2002,481431,1,1,0,0,0,0,0,0,0,0,0,0
2002,481431,2,1,0,0,0,0,0,0,0,0,0,0
2002,481432,1,1,0,0,0,0,0,0,0,0,0,0
2002,481432,2,1,0,0,0,0,0,0,0,0,0,0
2002,481432,3,1,0,0,0,0,0,0,0,0,0,0
2002,481432,4,1,0,0,0,0,0,0,0,0,0,0
2002,481432,5,1,0,0,0,0,0,0,0,0,0,13
2002,481432,6,1,0,23,0,0,0,0,0,0,26,0
2002,481433,1,1,0,0,0,0,0,0,0,0,0,0
2002,481433,2,1,0,0,0,0,8,0,0,0,0,0
2002,481434,1,1,0,0,0,0,0,0,0,0,0,0
2002,481435,1,1,0,0,0,0,0,0,0,0,0,0
2002,481435,2,1,12,0,22,0,0,0,0,0,0,21
2002,481436,0,1,11,0,0,0,0,0,0,0,0,0
2002,481436,1,1,0,0,0,0,0,0,0,0,0,0
2002,481437,0,1,0,0,0,0,0,0,0,0,0,0
2002,481437,1,1,0,0,0,0,0,0,0,0,0,0
2002,481438,1,1,0,9,0,0,0,0,0,0,0,0
2002,481439,1,1,0,0,0,19,0,0,0,0,0,0
2002,481439,2,1,0,0,0,0,0,0,0,0,0,0
2002,481440,1,1,24,24,24,24,24,24,24,24,24,24
2002,481441,0,1,0,0,0,0,0,0,0,0,0,0
2002,481441,1,1,0,0,0,0,0,0,0,0,0,0
2002,481442,0,3,18,18,18,18,18,18,18,18,18,18
2002,481442,0,4,0,0,0,0,0,0,0,0,17,25
2002,481442,1,1,0,0,0,13,0,10,0,0,0,0
2002,481443,0,1,0,0,12,0,0,11,0,26,6,10
2002,481443,1,1,0,0,0,0,0,0,41,0,0,0
2002,481444,1,1,0,0,0,0,0,0,0,0,0,0
2002,481445,1,1,0,0,0,0,0,0,0,0,0,0
2002,481446,1,1,0,0,0,0,0,0,0,0,0,0
2002,481446,2,1,0,0,0,0,0,0,0,0,0,0
2002,481447,1,1,26,26,26,26,26,26,26,26,26,26
2002,481448,1,1,0,0,0,0,0,0,0,0,0,0
2002,481448,2,1,0,0,0,0,0,0,0,0,0,0
2002,481449,0,1,20,20,20,20,20,20,20,20,20,20
2002,481449,1,1,16,16,16,16,16,16,16,16,16,16
2002,481450,1,1,0,0,0,0,0,0,0,0,0,0
2002,481450,2,1,0,0,0,0,0,0,0,0,0,0
2002,481451,1,1,0,0,0,0,0,0,0,0,0,0
2002,481451,2,1,0,0,0,0,0,0,0,0,0,0
2002,481453,0,1,8,0,0,4,15,21,0,34,15,20
2002,481453,1,1,0,0,0,0,0,0,0,0,0,0
2002,481454,1,1,0,0,0,0,0,0,0,0,0,0
2002,481455,1,1,0,0,0,0,0,0,0,0,0,0
2002,481455,2,1,0,17,0,0,0,0,0,0,0,0
2002,481455,3,1,0,0,0,0,0,0,0,0,0,0
2002,481456,1,1,6,6,6,6,6,6,6,6,6,6
2002,481456,2,1,0,0,0,0,0,0,0,0,0,0
2002,481457,1,1,24,24,24,24,24,24,24,24,24,24
2002,481458,0,1,8,8,8,8,8,8,8,8,8,8
2002,481458,1,1,0,0,0,0,0,0,0,9,0,0
2002,481459,1,1,18,18,18,18,18,18,18,18,18,18
2002,481460,1,1,30,30,30,30,30,30,30,30,30,30
2002,481460,2,1,0,0,0,0,0,5,0,0,0,0
2002,481460,3,1,0,12,0,0,0,0,0,10,0,0
2002,481461,1,1,13,13,13,13,13,13,13,13,13,13
2002,481462,0,1,6,6,6,6,6,6,6,6,6,6
2002,481462,1,1,0,0,0,0,0,0,0,0,0,0
2002,481463,1,1,0,0,0,0,0,0,0,0,0,0
2002,481464,1,1,0,0,0,0,12,0,20,0,11,0
2002,481465,0,1,0,0,0,0,0,0,0,0,0,0
2002,481465,1,1,0,0,0,0,20,0,0,0,0,24
2002,481466,1,1,38,38,38,38,38,38,38,38,38,38
2002,481467,1,1,13,12,24,18,10,7,16,3,16,20
2002,481468,0,1,0,0,0,0,0,0,0,0,0,0
2002,481468,1,1,12,0,13,0,0,0,8,13,0,10
2002,481469,1,1,19,19,19,19,19,19,19,19,19,19
2002,481469,2,1,0,13,8,13,21,0,5,15,35,11
2002,481469,3,1,0,0,0,0,15,18,0,0,6,0
2002,481470,1,1,23,23,23,23,23,23,23,23,23,23
2002,481471,1,1,0,0,0,0,8,0,6,0,0,0
2002,481472,1,1,26,9,16,15,17,17,13,14,21,6
2002,481473,1,1,0,14,16,11,14,24,25,9,6,9
2002,481474,1,1,0,0,0,0,0,0,0,5,0,0
2002,481475,0,1,0,0,0,0,0,0,0,0,0,0
2002,481475,1,1,24,0,0,0,0,0,0,0,0,0
2002,481476,1,1,0,0,0,0,0,0,0,0,0,0
2002,481476,2,1,0,0,0,21,0,35,19,0,46,10
2002,481477,1,1,0,0,0,0,0,0,0,0,0,0
2002,481477,2,1,0,0,0,0,0,0,0,0,0,0
2002,481478,0,1,0,0,0,0,5,0,16,0,17,0
2002,481478,1,1,0,0,19,0,0,0,0,7,35,0
2002,481479,1,1,2,10,0,0,0,4,2,11,13,0
2002,481480,1,1,26,26,26,26,26,26,26,26,26,26
2002,481481,1,1,40,40,40,40,40,40,40,40,40,40
2002,481482,0,1,15,13,23,0,28,31,9,15,31,15
2002,481482,1,1,0,0,0,0,0,0,0,0,0,0
2002,481483,1,1,18,18,18,18,18,18,18,18,18,18
2002,481484,1,1,0,0,0,0,0,0,0,0,0,0
2002,481484,2,1,0,0,0,0,0,0,0,0,0,0
2002,481485,1,1,29,30,18,27,27,15,28,15,22,44
2002,481486,1,1,0,0,0,0,0,0,0,0,0,0
2002,481486,2,1,0,0,0,0,0,0,0,0,0,0
2002,481487,1,1,39,39,39,39,39,39,39,39,39,39
2002,481487,2,1,0,13,0,0,0,0,0,0,0,0
2002,481488,1,1,0,0,0,0,0,0,0,0,0,0
2002,481488,2,1,0,0,0,0,0,0,0,0,0,0
2002,481489,2,1,0,0,0,0,0,0,0,0,0,0
2002,481489,3,1,0,0,0,0,0,0,0,0,0,0
2002,481489,4,1,0,0,0,0,0,0,0,0,0,0
2002,481490,1,1,0,0,0,0,0,0,18,0,10,0
2002,481490,2,1,0,0,0,0,0,0,0,0,0,0
2002,481491,1,1,23,23,23,23,23,23,23,23,23,23
2002,481492,1,1,0,0,0,0,0,0,0,0,0,0
2002,481493,1,1,16,16,16,16,16,16,16,16,16,16
2002,481494,1,1,0,0,0,0,0,0,0,0,0,0
2002,481495,1,1,0,0,0,0,0,0,0,0,0,0
2002,481495,2,1,0,0,0,0,0,0,0,0,0,0
2002,481496,1,1,0,0,0,0,0,0,0,0,0,0
2002,481496,2,1,12,12,12,12,12,12,12,12,12,12
2002,481497,0,1,0,0,0,0,0,0,14,17,17,31
2002,481497,1,1,0,0,0,0,0,0,0,0,0,0
2002,481498,1,1,0,0,0,0,0,0,0,0,0,0
2002,481499,1,1,0,0,0,0,0,0,0,0,0,0
2002,481500,1,1,0,0,25,0,0,0,0,0,0,0
2002,481500,2,1,8,0,0,0,0,0,0,0,0,0
2002,481500,3,1,0,0,0,0,14,0,0,0,0,0
2002,481501,1,1,0,0,0,0,0,0,0,0,0,0
2002,481502,1,1,0,0,0,0,0,0,0,0,0,0
2002,481502,2,1,0,0,0,0,0,0,0,0,0,0
2002,481503,1,1,0,0,0,0,0,0,0,0,0,0
2002,481504,1,1,0,0,0,0,0,0,0,0,0,0
2002,481504,2,1,0,0,0,0,0,0,0,0,0,0
2002,481505,1,1,0,0,0,10,0,0,0,0,0,0
2002,481505,2,1,0,0,0,17,12,0,6,0,0,0
2002,481506,1,1,11,0,13,0,9,0,3,18,0,0
2002,481507,0,1,0,19,15,30,12,0,0,11,0,1
2002,481507,1,1,0,0,0,0,0,0,0,0,36,16
2002,481508,0,1,13,0,16,0,25,19,8,24,33,0
2002,481508,0,2,21,16,0,0,0,6,0,0,0,0
2002,481508,1,1,7,8,23,13,8,0,4,20,0,0
2002,481509,0,1,25,29,11,21,31,6,19,0,16,23
2002,481509,1,1,0,0,19,0,5,14,0,0,10,14
2002,481510,0,1,30,30,30,30,30,30,30,30,30,30
2002,481510,1,1,0,0,0,12,12,0,15,0,25,0
2002,481511,1,1,12,0,0,0,0,0,0,0,10,0
2002,481511,2,1,0,0,0,0,8,0,0,0,0,0
2002,481512,1,1,0,0,0,0,0,0,0,0,0,0
2002,481513,0,1,0,0,0,0,0,0,0,0,0,0
2002,481513,1,1,0,0,0,0,0,0,0,0,0,0
2002,481514,1,1,7,7,7,7,7,7,7,7,7,7
2002,481515,1,1,0,9,25,22,24,11,24,0,12,18
2002,481516,1,1,0,0,0,0,0,0,0,0,0,0
2002,481517,1,1,19,19,19,19,19,19,19,19,19,19
2002,481518,1,1,10,0,0,0,0,0,8,0,14,30
2002,481519,1,1,20,20,20,20,20,20,20,20,20,20
2002,481520,1,1,25,25,25,25,25,25,25,25,25,25
2002,481521,1,1,0,11,26,18,13,10,38,20,30,22
2002,481522,1,1,14,14,14,14,14,14,14,14,14,14
2002,481523,1,1,0,0,0,0,0,0,0,0,0,0
2002,481523,2,1,0,0,0,0,13,22,0,0,0,13
2002,481524,1,1,13,13,13,13,13,13,13,13,13,13
2002,481525,0,1,0,0,0,0,0,0,0,0,0,0
2002,481525,1,1,0,0,0,7,0,0,0,6,18,0
2002,481526,1,1,0,16,24,5,9,0,2,0,0,0
2002,481526,2,1,18,0,0,0,0,0,0,0,0,0
2002,481527,1,1,0,0,0,3,0,0,0,0,0,0
2002,481527,2,1,0,0,0,0,0,0,0,0,0,0
2002,481528,1,1,0,0,0,0,0,0,0,0,0,0
2002,481528,2,1,0,0,0,0,0,0,0,0,0,0
2002,481529,1,1,7,7,7,7,7,7,7,7,7,7
2002,481530,1,1,0,0,0,0,0,0,0,0,0,0
2002,481531,1,1,0,0,0,0,0,0,0,0,0,0
2002,481531,2,1,0,5,0,8,0,13,0,0,0,0
2002,481532,1,1,0,0,0,0,0,0,0,0,0,0
2002,481532,2,1,0,0,0,0,0,0,0,0,0,0
2002,481533,1,1,0,0,0,0,0,0,0,0,0,0
2002,481534,1,1,0,0,0,0,0,0,0,0,0,0
2002,481534,2,1,0,0,0,0,0,0,0,0,0,0
2002,481535,1,1,10,0,0,0,16,0,14,0,3,0
2002,481536,0,1,0,0,22,0,32,0,0,0,13,0
2002,481536,1,1,31,0,25,0,0,0,0,0,0,0
2002,481537,1,1,0,0,0,0,0,0,0,0,15,0
2002,481537,2,1,0,0,0,0,0,0,0,0,0,0
2002,481538,1,1,16,16,16,16,16,16,16,16,16,16
2002,481538,2,1,0,0,0,0,0,13,0,0,10,0
2002,481539,1,1,0,0,0,9,20,0,0,0,0,0
2002,481539,2,1,0,0,0,16,0,0,0,0,0,3
2002,481540,1,1,7,7,7,7,7,7,7,7,7,7
2002,481540,2,1,0,0,0,27,0,22,13,0,0,10
2002,481541,1,1,0,0,0,0,0,0,0,0,0,0
2002,481542,1,1,31,31,31,31,31,31,31,31,31,31
2002,481543,1,1,0,0,0,0,0,0,0,19,0,0
2002,481543,2,1,0,0,0,0,0,0,0,0,0,0
2002,481544,1,1,0,0,0,0,0,0,0,0,0,0
2002,481544,2,1,0,0,0,0,0,0,0,0,0,0
2002,481545,1,1,24,4,11,0,0,0,11,0,0,0
2002,481546,1,1,21,0,15,25,15,16,11,15,30,0
2002,481547,1,1,17,28,0,0,0,12,18,16,7,0
2002,481548,1,1,1,1,1,1,1,1,1,1,1,1
2002,481549,0,1,0,2,10,0,0,0,0,0,12,0
2002,481549,0,2,0,0,0,0,23,0,0,14,32,22
2002,481549,1,1,13,13,13,13,13,13,13,13,13,13
2002,481550,1,1,8,0,30,0,15,0,16,0,13,4
2002,481551,1,1,27,27,27,27,27,27,27,27,27,27
2002,481552,1,1,21,0,0,0,0,0,0,0,0,0
2002,481553,1,1,0,0,0,0,0,0,0,0,0,0
2002,481553,2,1,0,0,0,0,0,0,0,0,0,0
2002,481554,1,1,22,8,12,17,0,0,11,0,29,0
2002,481555,0,1,0,0,0,0,0,0,0,0,0,0
2002,481555,1,1,8,8,8,8,8,8,8,8,8,8
2002,481556,1,1,0,0,0,0,0,0,0,0,0,0
2002,481556,2,1,0,0,0,0,0,0,0,0,0,0
2002,481557,1,1,17,17,17,17,17,17,17,17,17,17
2002,481558,1,1,26,16,0,24,28,24,25,21,34,0
2002,481559,1,1,0,16,19,0,36,0,15,13,39,40
2002,481560,1,1,0,0,0,0,0,0,0,0,0,0
2002,481560,2,1,0,0,16,0,0,0,0,0,0,0
2002,481561,1,1,0,0,0,0,5,0,0,0,0,0
2002,481561,2,1,8,8,8,8,8,8,8,8,8,8
2002,481562,1,1,18,18,18,18,18,18,18,18,18,18
2002,481563,1,1,0,0,0,0,0,0,0,0,0,0
2002,481563,2,1,0,0,0,0,0,0,0,0,7,0
2002,481564,1,1,6,6,6,6,6,6,6,6,6,6
2002,481564,2,1,5,5,5,5,5,5,5,5,5,5
2002,481564,3,1,4,4,4,4,4,4,4,4,4,4
2002,481564,4,1,0,21,9,0,19,0,9,7,0,12
2002,481564,5,1,13,7,0,15,0,11,19,13,0,0
2002,481565,1,1,6,6,6,6,6,6,6,6,6,6
2002,481566,1,1,0,0,0,9,10,0,0,0,0,0
2002,481566,2,1,7,0,0,17,0,16,0,0,11,0
2002,481567,1,1,0,0,0,0,0,0,0,0,0,0
2002,481568,1,1,10,15,2,17,18,24,6,17,0,36
2002,481569,1,1,18,12,25,8,16,16,9,24,16,16
2002,481569,2,1,0,0,0,0,0,0,0,0,0,0
2002,481569,3,1,0,0,0,0,0,0,0,0,7,0
2002,481570,1,1,0,0,0,0,0,0,0,0,0,0
2002,481571,1,1,0,0,0,0,0,0,0,0,0,0
2002,481571,2,1,24,8,21,0,0,23,8,0,0,3
2002,481572,1,1,0,0,0,0,0,0,0,0,0,0
2002,481572,2,1,0,0,0,0,0,0,0,0,0,0
2002,481573,1,1,0,0,0,0,0,0,0,0,0,0
2002,481573,2,1,0,0,0,0,0,0,0,0,0,0
2002,481573,3,1,0,0,0,0,20,0,0,18,0,0
2002,481574,1,1,8,8,8,8,8,8,8,8,8,8
2002,481575,1,1,0,0,0,15,16,12,32,8,0,7
2002,481576,0,1,21,21,21,21,21,21,21,21,21,21
2002,481576,1,1,0,0,0,22,0,0,0,0,0,0
2002,481577,0,1,0,0,0,6,0,0,0,0,16,0
2002,481577,1,1,0,0,0,0,0,0,0,0,0,0
2002,481579,1,1,25,0,0,0,19,23,0,0,0,14
2002,481579,2,1,2,11,0,0,0,0,0,0,16,0
2002,481580,1,1,0,4,19,0,0,19,0,0,0,0
2002,481580,2,1,0,0,0,0,0,0,0,0,0,0
2002,481581,1,1,14,14,14,14,14,14,14,14,14,14
2002,481582,1,1,0,0,16,0,0,0,0,0,0,0
2002,481582,2,1,15,15,15,15,15,15,15,15,15,15
2002,481583,1,1,0,0,15,12,0,0,0,0,0,0
2002,481583,2,1,0,0,0,0,0,0,0,11,0,0
2002,481584,1,1,16,16,16,16,16,16,16,16,16,16
2002,481584,2,1,0,0,9,0,14,0,0,0,0,0
2002,481585,1,1,0,14,0,0,0,0,0,0,18,0
2002,481586,1,1,0,0,0,0,0,0,0,0,0,0
2002,481586,2,1,0,0,0,0,0,0,0,0,0,0
2002,481587,1,1,20,20,20,20,20,20,20,20,20,20
2002,481588,1,1,26,22,22,21,18,14,28,0,12,0
2002,481589,1,1,2,2,2,2,2,2,2,2,2,2
2002,481590,1,1,0,0,0,0,0,0,0,0,0,0
2002,481590,2,1,0,0,0,0,0,26,0,0,0,9
2002,481591,1,1,0,0,0,0,0,0,0,0,0,0
2002,481591,2,1,0,0,0,17,9,3,0,0,0,0
2002,481592,1,1,18,18,18,18,18,18,18,18,18,18
2002,481592,2,1,16,17,0,14,13,7,9,27,9,0
2002,481593,1,1,0,0,0,0,0,0,0,0,0,0
2002,481594,1,1,24,24,24,24,24,24,24,24,24,24
2002,481595,1,1,2,2,2,2,2,2,2,2,2,2
2002,481596,1,1,10,15,22,20,17,17,23,12,19,19
2002,481597,1,1,16,21,0,23,10,25,0,9,29,14
2002,481598,1,1,0,0,0,0,0,0,0,0,0,0
2002,481598,2,1,0,0,0,0,0,0,0,0,0,0
2002,481599,1,1,0,0,0,0,0,0,0,0,0,0
2002,481599,2,1,0,0,0,0,0,0,0,0,0,0
2002,481600,1,1,0,0,0,0,0,0,0,0,0,0
2002,481600,2,1,0,0,0,0,0,0,0,0,0,0
2002,481601,1,1,0,0,0,0,0,0,0,0,0,0
2002,481602,0,1,0,30,19,8,0,21,20,41,32,46
2002,481602,1,1,0,0,0,0,0,0,0,0,0,0
2002,481602,2,1,0,4,0,17,0,8,8,0,9,5
2002,481603,1,1,0,0,0,0,0,0,0,0,0,0
2002,481604,1,1,0,9,14,0,23,13,8,0,0,26
2002,481605,0,1,0,0,20,6,0,0,14,9,0,0
2002,481605,1,1,0,13,17,0,10,11,9,0,20,0
2002,481606,1,1,0,0,0,0,0,0,0,0,0,0
2002,481606,2,1,0,0,0,0,0,0,0,0,0,0
2002,481607,1,1,8,8,8,8,8,8,8,8,8,8
2002,481608,1,1,9,9,9,9,9,9,9,9,9,9
2002,481609,1,1,0,0,0,0,19,0,0,5,0,28
2002,481610,0,1,0,0,0,0,0,0,0,0,0,0
2002,481610,1,1,0,0,0,0,0,23,0,0,10,0
2002,481611,1,1,0,0,0,13,0,0,0,0,12,0
2002,481612,1,1,0,0,11,0,0,0,0,0,0,0
2002,481612,2,1,0,0,0,0,0,0,0,0,0,0
2002,481612,3,1,0,0,21,0,0,0,0,0,0,0
2002,481613,1,1,16,16,16,16,16,16,16,16,16,16
2002,481614,1,1,0,0,0,0,0,0,0,0,0,0
2002,481614,2,1,0,0,0,0,0,0,0,0,0,0
2002,481615,1,1,0,0,0,0,0,0,0,0,0,0
2002,481615,2,1,0,0,0,0,0,0,0,0,0,0
2002,481616,1,1,0,0,0,0,0,0,0,0,0,0
2002,481616,2,1,0,0,0,0,0,0,0,0,0,0
2002,481617,1,1,19,19,19,19,19,19,19,19,19,19
2002,481618,1,1,0,0,0,0,0,0,0,0,0,0
2002,481618,2,1,0,0,0,0,0,0,0,0,0,0
2002,481619,1,1,0,30,0,0,0,0,0,0,0,0
2002,481620,1,1,0,0,0,0,0,0,0,0,0,0
2002,481621,0,1,0,0,0,0,0,0,0,0,0,0
2002,481621,1,1,0,0,0,0,0,0,0,0,0,0
2002,481622,1,1,0,0,0,0,0,0,0,0,0,0
2002,481622,2,1,0,0,0,0,0,0,0,0,0,0
2002,481623,1,1,26,26,26,26,26,26,26,26,26,26
2002,481623,2,1,0,0,0,0,0,0,0,0,0,0
2002,481623,3,1,0,0,0,6,3,9,0,0,0,0
2002,481623,4,1,0,0,0,0,0,0,0,0,0,0
2002,481624,1,1,0,0,0,0,0,0,0,0,0,0
2002,481624,2,1,0,0,0,0,0,0,0,0,0,0
2002,481625,1,1,0,0,0,0,0,0,0,0,0,0
2002,481626,1,1,0,0,0,0,0,11,0,0,0,0
2002,481626,2,1,0,0,0,0,11,0,0,0,3,0
2002,481627,1,1,8,8,8,8,8,8,8,8,8,8
2002,481628,0,1,26,26,26,26,26,26,26,26,26,26
2002,481628,1,1,6,17,0,0,7,17,6,8,13,2
2002,481629,1,1,20,20,20,20,20,20,20,20,20,20
2002,481629,2,1,0,17,0,14,0,0,0,0,10,0
2002,481629,3,1,0,0,0,0,0,0,0,0,0,0
2002,481629,4,1,0,0,0,0,24,5,0,0,3,0
2002,481630,1,1,22,9,13,17,15,13,10,15,33,20
2002,481631,1,1,0,0,0,0,14,0,17,0,0,0
2002,481632,0,1,27,27,27,27,27,27,27,27,27,27
2002,481632,1,1,21,21,21,21,21,21,21,21,21,21
2002,481633,1,1,14,14,14,14,14,14,14,14,14,14
2002,481634,0,1,0,0,0,0,9,0,0,0,0,0
2002,481634,1,1,0,0,10,19,0,22,0,0,12,4
2002,481635,1,1,0,0,6,0,0,21,16,0,0,10
2002,481636,1,1,10,39,16,21,25,25,27,15,25,4