YEAR,ST_CASE,veh_no,per_no,P1,P2,P3,P4,P5,P6,P7,P8,P9,P10
2002,481905,1,1,21,0,0,10,13,6,20,20,6,0
2002,481905,2,1,0,0,0,9,24,0,9,15,0,0
2002,481906,1,1,0,0,15,0,0,0,0,0,0,0
2002,481906,2,1,10,0,0,0,12,0,13,0,5,0
2002,481907,1,1,0,0,0,0,0,0,0,0,0,0
2002,481907,2,1,0,0,0,0,0,0,0,0,0,0
2002,481908,1,1,0,9,0,0,0,0,0,0,0,0
2002,481909,1,1,15,0,0,0,0,0,0,3,0,0
2002,481909,2,1,0,0,0,0,0,0,0,0,0,0
2002,481910,1,1,12,18,13,22,0,19,0,10,16,14
2002,481911,1,1,0,0,0,0,0,0,0,0,0,0
2002,481911,2,1,27,27,27,27,27,27,27,27,27,27
2002,481911,3,1,0,0,0,0,0,0,0,0,0,0
2002,481912,1,1,25,30,23,11,9,12,19,0,10,0
2002,481913,1,1,20,20,20,20,20,20,20,20,20,20
2002,481913,2,1,0,0,0,0,0,0,0,0,0,15
2002,481914,0,1,20,14,0,0,22,0,0,0,18,14
2002,481914,1,1,0,15,0,0,0,10,27,0,0,0
2002,481915,1,1,27,0,40,0,0,0,0,0,0,18
2002,481915,2,1,0,0,0,0,0,0,0,0,0,17
2002,481916,1,1,3,3,3,3,3,3,3,3,3,3
2002,481916,2,1,22,0,16,0,0,0,0,27,0,0
2002,481917,1,1,0,0,0,0,0,0,0,0,0,0
2002,481918,1,1,0,0,0,0,0,0,0,0,0,0
2002,481919,1,1,29,15,0,13,16,23,0,0,23,26
2002,481920,1,1,0,17,0,20,0,17,0,17,12,17
2002,481920,2,1,0,0,18,0,0,20,0,0,3,0
2002,481921,1,1,7,0,0,10,0,0,0,0,14,8
2002,481922,1,1,0,0,0,0,0,0,0,0,0,0
2002,481923,1,1,6,6,13,0,26,0,0,0,0,0
2002,481924,1,1,0,0,0,0,0,0,0,0,0,0
2002,481924,2,1,0,0,0,0,0,0,0,0,0,0
2002,481924,3,1,0,0,0,0,0,0,0,0,0,0
2002,481925,1,1,0,0,0,0,0,0,0,0,0,0
2002,481926,1,1,0,0,7,0,17,0,0,0,0,0
2002,481927,1,1,0,0,33,0,0,0,10,0,0,15
2002,481927,2,1,0,0,0,0,0,0,2,0,0,0
2002,481928,0,1,22,22,22,22,22,22,22,22,22,22
2002,481928,1,1,0,0,12,21,0,16,0,5,10,17
2002,481929,1,1,0,0,0,0,0,0,0,0,0,0
2002,481929,2,1,0,0,0,0,5,0,11,12,0,0
2002,481930,1,1,29,0,8,0,0,0,22,0,0,15
2002,481931,1,1,0,0,26,0,21,0,0,21,0,0
2002,481932,1,1,1,1,1,1,1,1,1,1,1,1
2002,481933,1,1,0,0,0,0,0,0,0,0,0,0
2002,481934,0,1,24,24,24,24,24,24,24,24,24,24
2002,481934,1,1,23,0,0,0,0,0,0,0,27,0
2002,481935,1,1,0,0,0,0,0,0,0,0,0,0
2002,481935,2,1,0,0,0,0,0,0,0,0,0,0
2002,481936,1,1,6,6,6,6,6,6,6,6,6,6
2002,481937,1,1,0,0,0,0,0,0,0,0,0,0
2002,481937,2,1,0,0,0,0,0,0,0,0,0,0
2002,481938,1,1,0,8,0,15,22,39,23,8,20,0
2002,481939,1,1,9,0,0,0,0,9,0,0,0,0
2002,481940,1,1,0,4,0,0,5,0,0,8,0,0
2002,481941,1,1,0,0,0,0,0,0,0,0,0,0
2002,481941,2,1,0,0,0,0,0,22,0,21,0,0
2002,481942,1,1,12,23,0,0,38,0,25,21,16,23
2002,481943,1,1,0,0,0,0,0,0,0,27,0,0
2002,481944,1,1,18,13,0,0,0,21,0,0,0,0
2002,481944,2,1,0,0,0,0,0,0,12,0,0,32
2002,481945,1,1,0,0,0,0,0,0,0,0,0,0
2002,481946,1,1,0,0,0,0,0,0,0,0,0,0
2002,481947,1,1,6,6,6,6,6,6,6,6,6,6
2002,481948,0,1,0,0,36,0,14,0,0,11,19,17
2002,481948,1,1,0,0,36,0,0,0,0,0,0,0
2002,481949,1,1,0,0,13,23,0,43,4,12,31,29
2002,481950,1,1,0,0,0,21,0,0,0,14,0,0
2002,481950,2,1,0,0,0,0,0,0,0,0,18,0
2002,481951,1,1,0,0,0,0,0,11,0,0,0,14
2002,481952,0,1,0,6,0,0,32,11,15,5,0,19
2002,481952,1,1,0,0,0,0,0,0,0,0,0,0
2002,481953,1,1,0,0,0,0,0,0,0,0,0,0
2002,481954,1,1,0,0,29,0,0,0,20,0,0,0
2002,481954,2,1,0,0,0,0,0,0,0,0,0,0
2002,481955,1,1,10,0,38,0,22,17,7,16,30,0
2002,481956,1,1,0,13,11,0,0,0,0,0,0,0
2002,481956,2,1,0,0,0,0,0,0,0,0,0,0
2002,481957,1,1,15,9,30,16,25,0,16,24,16,11
2002,481957,2,1,0,0,0,0,0,0,0,0,23,0
2002,481958,1,1,0,0,0,0,0,0,0,0,0,0
2002,481958,2,1,0,0,0,0,0,0,0,0,0,19
2002,481959,0,1,0,0,25,19,35,0,34,0,29,16
2002,481959,1,1,0,0,0,0,0,0,0,0,0,0
2002,481960,1,1,14,14,14,14,14,14,14,14,14,14
2002,481961,1,1,31,31,31,31,31,31,31,31,31,31
2002,481961,2,1,0,0,0,14,0,0,0,0,6,0
2002,481962,1,1,20,20,20,20,20,20,20,20,20,20
2002,481963,1,1,18,18,18,18,18,18,18,18,18,18
2002,481964,0,1,17,17,20,10,26,26,37,29,29,12
2002,481964,1,1,6,16,15,21,4,25,22,0,6,17
2002,481965,1,1,0,16,0,0,0,0,0,0,6,0
2002,481965,2,1,0,0,0,0,0,0,0,0,0,0
2002,481966,1,1,8,8,8,8,8,8,8,8,8,8
2002,481967,0,1,31,31,31,31,31,31,31,31,31,31
2002,481967,1,1,0,16,0,24,0,7,12,0,14,0
2002,481968,1,1,30,30,30,30,30,30,30,30,30,30
2002,481969,1,1,22,0,21,12,13,0,28,0,16,25
2002,481969,2,1,0,0,0,0,0,0,0,0,0,0
2002,481969,3,1,0,0,0,0,0,0,0,0,0,0
2002,481969,4,1,0,0,0,0,0,10,0,0,0,19
2002,481969,5,1,0,0,0,0,0,16,0,0,0,7
2002,481969,6,1,0,0,0,0,0,0,0,0,0,0
2002,481970,0,3,0,25,0,0,0,0,12,0,0,10
2002,481970,0,4,0,13,23,0,20,0,16,0,0,20
2002,481970,0,5,0,20,0,12,21,0,18,14,7,17
2002,481970,1,1,17,15,20,24,0,13,0,17,11,27
2002,481971,1,1,0,0,0,0,0,0,29,0,0,0
2002,481972,1,1,0,0,45,0,10,24,16,0,13,16
2002,481973,1,1,11,27,11,4,25,11,11,8,13,6
2002,481973,2,1,0,0,0,0,0,0,0,0,0,0
2002,481974,1,1,0,0,0,0,0,0,0,0,0,0
2002,481975,1,1,0,11,25,0,14,13,0,17,0,8
2002,481976,1,1,0,0,0,0,0,0,0,0,0,0
2002,481977,1,1,0,0,0,0,0,0,0,0,0,0
2002,481977,2,1,0,0,0,4,0,10,0,0,0,18
2002,481978,1,1,0,0,0,0,0,0,0,0,0,0
2002,481978,2,1,0,0,0,0,0,0,0,0,0,0
2002,481979,1,1,0,0,0,0,0,0,0,0,0,0
2002,481979,2,1,12,0,0,0,0,0,0,0,0,21
2002,481980,1,1,0,0,0,0,0,0,0,0,0,0
2002,481980,2,1,0,0,0,0,0,0,0,0,0,0
2002,481980,3,1,0,0,0,0,0,0,0,0,0,0
2002,481980,4,1,0,0,0,0,0,0,0,0,0,0
2002,481980,5,1,21,0,0,0,0,0,0,0,0,0
2002,481980,6,1,0,0,0,0,0,0,0,0,0,0
2002,481981,1,1,7,7,7,7,7,7,7,7,7,7
2002,481981,2,1,0,0,0,0,0,9,0,0,0,0
2002,481982,1,1,18,18,18,18,18,18,18,18,18,18
2002,481983,1,1,0,0,0,0,0,0,0,0,0,0
2002,481984,1,1,55,55,55,55,55,55,55,55,55,55
2002,481985,1,1,18,18,18,18,18,18,18,18,18,18
2002,481986,1,1,0,0,0,0,0,0,0,0,0,0
2002,481986,2,1,0,25,0,0,0,18,20,0,0,0
2002,481987,1,1,19,19,20,0,20,0,15,9,15,0
2002,481988,1,1,27,0,19,7,0,0,0,17,11,0
2002,481989,1,1,0,0,0,0,0,0,0,0,0,0
2002,481989,2,1,25,25,25,25,25,25,25,25,25,25
2002,481990,1,1,0,0,9,0,0,10,16,0,0,0
2002,481991,1,1,0,0,0,0,0,0,0,0,0,0
2002,481991,2,1,0,0,0,0,0,0,0,0,0,0
2002,481992,1,1,0,14,0,0,0,0,0,0,0,0
2002,481993,0,1,0,0,0,0,0,0,0,0,0,0
2002,481993,1,1,0,31,0,23,0,0,0,17,11,0
2002,481994,0,1,5,21,0,0,0,22,12,0,0,20
2002,481994,1,1,0,0,7,0,16,0,0,3,14,0
2002,481995,1,1,0,0,0,0,0,0,0,0,0,0
2002,481995,2,1,0,0,14,0,0,0,0,0,0,0
2002,481996,1,1,0,0,0,0,6,0,0,0,0,0
2002,481996,2,1,0,0,0,0,0,0,0,0,0,0
2002,481997,0,1,0,20,0,0,0,17,0,15,0,0
2002,481997,0,2,0,0,0,0,0,0,0,0,0,0
2002,481997,1,1,10,0,0,0,0,0,0,13,0,0
2002,481998,1,1,0,0,0,0,0,0,0,0,0,0
2002,481998,2,1,0,0,0,0,0,0,5,0,0,27
2002,481999,1,1,25,25,25,25,25,25,25,25,25,25
2002,482000,0,1,0,0,0,0,0,0,0,0,0,0
2002,482000,0,2,0,0,0,0,0,0,0,0,0,0
2002,482000,1,1,0,0,0,0,0,0,0,0,0,0
2002,482001,1,1,0,0,0,0,0,0,0,0,0,0
2002,482001,2,1,0,0,0,0,0,0,0,0,0,0
2002,482002,1,1,0,0,0,0,0,0,0,0,0,0
2002,482003,1,1,0,0,0,0,0,0,0,0,0,0
2002,482004,1,1,0,0,0,0,0,0,0,0,0,0
2002,482004,2,1,9,0,0,27,0,0,0,0,0,0
2002,482005,1,1,0,0,0,27,0,22,0,0,0,0
2002,482005,2,1,0,0,0,0,0,0,0,0,0,0
2002,482006,1,1,22,22,22,22,22,22,22,22,22,22
2002,482006,2,1,0,0,4,0,0,13,21,0,11,0
2002,482007,1,1,14,14,14,14,14,14,14,14,14,14
2002,482007,2,1,0,0,0,0,0,0,0,0,0,0
2002,482008,0,1,28,28,28,28,28,28,28,28,28,28
2002,482008,1,1,13,13,13,13,13,13,13,13,13,13
2002,482009,1,1,0,0,0,0,0,0,0,0,17,0
2002,482009,2,1,0,0,0,0,0,0,0,0,0,0
2002,482010,1,1,0,17,0,6,15,11,11,14,0,30
2002,482010,2,1,0,0,13,17,12,32,0,7,0,16
2002,482011,1,1,22,0,0,0,7,0,0,0,0,0
2002,482012,0,1,20,20,15,35,31,25,8,8,25,16
2002,482012,1,1,0,0,0,0,0,0,0,0,0,0
2002,482013,0,1,17,34,17,22,22,0,14,26,0,16
2002,482013,1,1,0,0,6,20,14,0,0,21,0,0
2002,482014,1,1,7,7,17,44,6,16,22,22,4,10
2002,482015,1,1,7,0,24,0,17,23,21,39,34,13
2002,482016,1,1,22,22,22,22,22,22,22,22,22,22
2002,482016,2,1,14,0,0,18,0,0,0,11,0,13
2002,482017,1,1,15,15,15,15,15,15,15,15,15,15
2002,482018,1,1,0,0,0,0,0,0,0,0,0,0
2002,482018,2,1,0,0,0,0,0,0,0,13,0,7
2002,482019,1,1,11,14,22,0,18,16,16,12,15,11
2002,482020,1,1,0,0,0,0,0,0,0,0,3,7
2002,482020,2,1,0,0,0,10,0,0,0,0,0,0
2002,482021,1,1,19,0,19,29,6,0,15,14,19,19
2002,482022,1,1,23,15,7,17,13,26,13,17,15,24
2002,482023,1,1,14,14,14,14,14,14,14,14,14,14
2002,482024,0,1,30,30,30,30,30,30,30,30,30,30
2002,482024,1,1,0,0,0,12,0,0,0,0,0,17
2002,482025,1,1,8,0,0,0,8,0,0,0,4,0
2002,482026,1,1,19,19,19,19,19,19,19,19,19,19
2002,482027,1,1,19,19,19,19,19,19,19,19,19,19
2002,482028,1,1,0,0,15,0,15,14,8,0,0,0
2002,482028,2,1,0,13,0,0,0,0,0,0,0,0
2002,482029,1,1,24,20,26,13,20,30,17,12,17,15
2002,482030,1,1,0,0,0,0,0,0,0,0,0,0
2002,482030,2,1,0,0,0,0,0,0,0,0,0,0
2002,482031,1,1,0,0,0,0,0,0,0,0,0,0
2002,482031,2,1,0,0,0,0,0,0,0,0,0,0
2002,482032,1,1,0,0,0,0,0,0,0,0,0,0
2002,482032,2,1,0,0,0,0,0,0,0,0,0,0
2002,482033,1,1,0,0,0,0,0,0,0,0,0,0
2002,482033,2,1,0,0,0,0,0,0,0,0,0,0
2002,482033,3,1,0,0,0,0,0,0,0,0,0,0
2002,482034,1,1,9,9,9,9,9,9,9,9,9,9
2002,482035,1,1,0,13,0,0,0,0,0,0,0,0
2002,482036,1,1,0,0,0,0,0,0,0,0,0,0
2002,482036,2,1,0,0,0,0,0,0,0,0,0,0
2002,482037,0,1,0,21,22,31,33,0,18,0,0,40
2002,482037,1,1,0,2,14,0,9,0,17,10,0,16
2002,482038,1,1,0,0,0,0,0,0,0,0,0,0
2002,482038,2,1,0,0,0,0,0,21,0,0,18,0
2002,482039,1,1,0,0,0,0,0,0,0,0,0,0
2002,482039,2,1,0,0,0,0,0,0,0,0,0,0
2002,482040,1,1,0,0,0,0,0,0,0,0,0,0
2002,482041,1,1,0,0,0,0,0,0,0,0,0,0
2002,482041,2,1,0,0,0,0,0,0,0,0,0,0
2002,482042,1,1,7,7,7,7,7,7,7,7,7,7
2002,482043,1,1,12,19,10,28,6,20,0,15,0,14
2002,482044,0,1,44,14,31,29,13,0,0,25,27,21
2002,482044,0,2,0,0,0,0,0,0,0,0,0,0
2002,482044,1,1,0,0,0,0,12,11,0,0,0,0
2002,482045,1,1,0,0,0,0,0,0,0,0,0,0
2002,482045,2,1,0,0,0,0,9,20,0,0,0,0
2002,482046,1,1,0,0,0,0,0,0,0,0,0,0
2002,482046,2,1,0,0,0,0,0,12,0,0,0,0
2002,482047,1,1,0,4,0,0,0,0,0,0,0,0
2002,482048,1,1,19,0,6,0,0,0,8,0,0,0
2002,482048,2,1,0,0,0,0,0,0,0,0,0,0
2002,482049,1,1,0,0,0,0,0,0,0,0,0,0
2002,482049,2,1,11,0,13,22,18,16,0,0,13,0
2002,482050,1,1,0,5,26,0,17,16,23,32,24,6
2002,482051,1,1,17,15,15,17,19,10,31,29,39,19
2002,482052,1,1,0,0,0,0,0,0,0,0,0,0
2002,482052,2,1,14,0,10,0,5,0,0,3,0,0
2002,482052,3,1,0,0,0,0,0,0,0,0,28,0
2002,482053,1,1,21,21,21,21,21,21,21,21,21,21
2002,482054,1,1,22,22,22,22,22,22,22,22,22,22
2002,482055,1,1,13,13,13,13,13,13,13,13,13,13
2002,482055,2,1,0,0,0,0,0,0,0,0,0,0
2002,482056,1,1,5,5,5,5,5,5,5,5,5,5
2002,482056,2,1,0,0,0,0,0,0,0,0,0,0
2002,482056,3,1,0,0,0,0,0,0,0,14,0,0
2002,482057,1,1,26,26,26,26,26,26,26,26,26,26
2002,482058,1,1,0,0,0,0,21,0,0,9,0,0
2002,482058,2,1,0,0,0,0,0,0,0,0,0,0
2002,482059,1,1,9,23,24,0,0,8,0,0,18,0
2002,482059,2,1,0,0,0,0,0,0,0,0,0,0
2002,482060,1,1,0,0,19,0,32,0,0,14,19,9
2002,482061,1,1,0,0,0,6,0,0,0,0,0,14
2002,482061,2,1,0,0,0,0,0,0,0,0,0,0
2002,482062,1,1,0,0,0,0,0,0,0,14,0,0
2002,482062,2,1,0,0,0,12,0,0,0,0,0,0
2002,482063,1,1,18,24,12,0,0,33,26,19,26,14
2002,482064,0,1,19,19,19,19,19,19,19,19,19,19
2002,482064,1,1,0,0,0,0,0,0,0,0,0,0
2002,482065,1,1,0,0,0,0,0,0,0,0,0,0
2002,482066,1,1,0,0,0,0,0,25,5,0,4,0
2002,482067,1,1,21,21,21,21,21,21,21,21,21,21
2002,482068,1,1,19,19,19,19,19,19,19,19,19,19
2002,482069,1,1,0,10,0,0,0,0,0,0,0,0
2002,482069,2,1,0,13,0,11,21,0,0,0,0,0
2002,482070,1,1,13,24,18,0,19,17,13,7,8,22
2002,482071,0,1,0,0,0,0,0,0,0,0,0,0
2002,482071,1,1,0,0,0,0,0,0,0,0,0,0
2002,482072,1,1,0,0,0,0,16,19,0,0,16,0
2002,482072,2,1,0,0,0,0,0,0,0,0,0,0
2002,482073,1,1,0,0,0,0,0,0,0,0,0,0
2002,482073,2,1,0,0,0,0,0,0,0,0,0,0
2002,482074,0,1,0,23,28,0,0,7,0,0,14,0
2002,482074,1,1,11,0,36,13,17,21,12,24,16,17
2002,482075,1,1,13,0,0,0,3,0,23,0,4,0
2002,482076,1,1,21,21,21,21,21,21,21,21,21,21
2002,482077,1,1,25,25,25,25,25,25,25,25,25,25
2002,482077,2,1,0,7,0,0,0,0,0,0,0,0
2002,482078,1,1,0,0,0,0,0,0,0,0,0,0
2002,482078,2,1,0,5,0,0,0,0,0,0,0,0
2002,482078,3,1,0,0,0,0,0,0,0,0,0,0
2002,482078,4,1,0,0,0,0,0,0,0,0,0,0
2002,482078,5,1,0,0,0,0,0,0,10,0,0,0
2002,482078,6,1,0,0,0,0,0,0,0,0,0,0
2002,482079,1,1,0,0,0,0,0,0,0,0,0,0
2002,482080,1,1,0,0,0,0,0,0,0,0,0,0
2002,482081,1,1,5,5,5,5,5,5,5,5,5,5
2002,482082,1,1,1,1,1,1,1,1,1,1,1,1
2002,482083,1,1,16,16,16,16,16,16,16,16,16,16
2002,482083,2,1,26,15,0,14,0,0,15,0,20,0
2002,482084,0,1,37,37,37,37,37,37,37,37,37,37
2002,482084,1,1,19,16,19,0,16,17,0,4,0,0
2002,482085,1,1,0,0,0,0,0,0,0,0,0,0
2002,482085,2,1,0,0,0,0,0,0,0,0,0,0
2002,482086,1,1,5,0,0,13,27,3,0,0,17,2
2002,482087,1,1,0,0,0,0,0,0,0,0,0,0
2002,482087,2,1,0,0,0,0,0,0,0,0,0,0
2002,482088,1,1,24,24,24,24,24,24,24,24,24,24
2002,482089,1,1,8,8,8,8,8,8,8,8,8,8
2002,482090,1,1,0,0,0,0,0,0,0,0,0,0
2002,482090,2,1,0,0,0,0,0,0,0,0,0,0
2002,482091,1,1,11,0,19,15,15,9,0,15,22,16
2002,482092,1,1,16,16,16,16,16,16,16,16,16,16
2002,482092,2,1,0,0,0,10,0,0,0,0,0,0
2002,482093,0,1,24,24,24,24,24,24,24,24,24,24
2002,482093,1,1,0,0,0,0,0,0,0,0,0,0
2002,482093,2,1,0,6,0,0,21,0,0,0,0,0
2002,482094,1,1,23,23,23,23,23,23,23,23,23,23
2002,482095,1,1,26,26,26,26,26,26,26,26,26,26
2002,482096,1,1,24,24,24,24,24,24,24,24,24,24
2002,482097,1,1,13,13,13,13,13,13,13,13,13,13
2002,482098,1,1,0,0,0,0,0,0,0,0,0,0
2002,482099,1,1,0,0,0,0,0,0,0,0,0,0
2002,482099,2,1,0,0,0,0,0,20,0,14,0,0
2002,482100,1,1,0,0,0,0,0,0,0,0,0,0
2002,482100,2,1,0,0,0,0,0,0,0,0,0,0
2002,482101,1,1,30,30,30,30,30,30,30,30,30,30
2002,482101,2,1,0,0,0,0,0,0,0,0,0,0
2002,482102,1,1,6,13,0,0,3,14,23,0,10,27
2002,482103,0,1,20,20,20,20,20,20,20,20,20,20
2002,482103,1,1,0,0,0,0,0,0,19,0,0,0
2002,482104,1,1,16,0,0,0,0,0,0,0,0,0
2002,482104,2,1,19,19,19,19,19,19,19,19,19,19
2002,482105,1,1,21,21,21,21,21,21,21,21,21,21
2002,482106,1,1,0,0,0,0,0,0,0,0,0,0
2002,482107,1,1,0,0,0,0,0,0,0,10,18,0
2002,482108,1,1,0,0,0,0,0,16,47,24,0,0
2002,482108,2,1,0,0,0,0,0,0,0,0,0,0
2002,482109,1,1,11,11,11,11,11,11,11,11,11,11
2002,482110,1,1,13,13,13,13,13,13,13,13,13,13
2002,482111,0,1,15,15,15,15,15,15,15,15,15,15
2002,482111,1,1,0,0,0,0,0,0,0,0,0,0
2002,482112,1,1,0,0,0,0,0,0,0,0,0,0
2002,482112,2,1,0,0,0,0,0,0,0,0,0,0
2002,482113,0,1,24,24,24,24,24,24,24,24,24,24
2002,482113,1,1,0,0,0,0,0,0,4,23,13,0
2002,482114,1,1,26,26,26,26,26,26,26,26,26,26
2002,482115,1,1,0,0,0,0,0,0,0,0,0,0
2002,482116,1,1,0,0,0,0,0,20,27,0,0,0
2002,482116,2,1,0,0,0,0,0,0,0,0,0,0
2002,482117,1,1,0,0,0,0,0,0,0,0,0,0
2002,482117,2,1,0,0,0,0,0,0,0,0,0,0
2002,482118,1,1,0,0,0,0,0,0,0,0,0,0
2002,482118,2,1,0,0,0,0,0,0,0,0,0,0
2002,482119,1,1,0,26,0,0,0,0,0,11,0,0
2002,482119,2,1,0,0,0,0,0,0,0,0,0,0
2002,482120,1,1,0,0,0,0,0,0,0,0,0,0
2002,482120,2,1,0,0,0,0,0,0,0,0,0,0
2002,482121,1,1,0,0,0,0,0,0,0,0,16,0
2002,482121,2,1,0,0,0,0,0,0,0,0,0,0
2002,482122,1,1,9,0,0,0,23,0,9,0,0,0
2002,482123,1,1,0,0,0,0,0,0,0,0,0,0
2002,482124,1,1,0,0,0,0,0,0,0,0,0,0
2002,482124,2,1,0,0,22,0,19,15,0,15,0,4
2002,482125,1,1,0,0,0,0,0,0,0,0,0,0
2002,482125,2,1,0,0,0,0,0,0,0,0,0,0
2002,482125,3,1,0,0,0,0,0,0,0,7,0,0
2002,482125,4,1,0,0,0,0,0,0,0,0,0,0
2002,482125,5,1,0,0,0,0,0,3,0,0,0,0
2002,482126,1,1,16,9,16,29,19,32,14,14,39,12
2002,482127,1,1,0,0,0,0,0,0,0,0,0,0
2002,482127,2,1,0,0,0,0,15,0,0,0,0,0
2002,482128,1,1,24,24,16,20,11,20,9,13,11,24
2002,482129,1,1,9,9,9,9,9,9,9,9,9,9
2002,482130,1,1,34,34,34,34,34,34,34,34,34,34
2002,482131,0,1,40,23,23,26,14,21,19,24,26,12
2002,482131,1,1,0,0,0,0,0,0,0,0,0,0
2002,482132,0,1,0,0,25,0,0,29,0,10,0,0
2002,482132,1,1,0,0,21,0,0,0,0,0,0,0
2002,482132,2,1,0,0,0,0,0,0,0,0,0,0
2002,482132,3,1,0,0,0,0,0,0,0,13,0,0
2002,482133,0,1,43,43,43,43,43,43,43,43,43,43
2002,482133,1,1,0,0,0,0,0,0,0,0,0,0
2002,482134,1,1,0,0,0,0,0,17,0,0,16,25
2002,482135,0,1,7,0,28,0,0,0,0,27,0,4
2002,482135,1,1,0,19,0,0,0,0,10,0,0,0
2002,482136,1,1,13,13,13,13,13,13,13,13,13,13
2002,482137,1,1,0,0,0,0,0,0,0,0,0,0
2002,482137,2,1,25,0,0,15,25,14,22,0,0,0
2002,482138,0,1,26,25,17,5,13,9,18,35,27,0
2002,482138,1,1,0,0,0,0,0,0,0,0,0,0
2002,482139,0,1,0,24,0,20,0,0,25,22,0,0
2002,482139,1,1,0,0,0,0,0,0,0,0,0,0
2002,482140,1,1,24,0,21,10,0,19,0,0,15,0
2002,482140,2,1,0,0,0,9,0,0,0,0,0,2
2002,482141,1,1,20,20,20,20,20,20,20,20,20,20
2002,482142,1,1,6,6,6,6,6,6,6,6,6,6
2002,482142,2,1,0,0,0,0,0,12,6,0,22,0
2002,482143,1,1,0,11,16,9,22,12,0,24,8,13
2002,482143,2,1,0,0,0,0,0,0,0,0,0,0
2002,482144,1,1,0,10,0,0,0,0,0,0,0,0
2002,482144,2,1,16,0,0,0,0,0,0,0,13,0
2002,482145,1,1,0,0,0,0,0,0,0,0,0,0
2002,482145,2,1,0,0,0,0,0,0,0,0,0,0
2002,482146,1,1,15,15,15,15,15,15,15,15,15,15
2002,482147,1,1,0,0,0,0,0,0,0,0,0,0
2002,482147,2,1,0,0,0,0,0,0,0,0,0,0
2002,482147,3,1,9,11,4,0,0,18,0,19,11,8
2002,482148,1,1,28,37,0,27,0,27,25,17,0,19
2002,482149,0,1,0,33,27,0,0,34,9,0,11,56
2002,482149,1,1,0,0,0,0,0,0,0,0,0,32
2002,482150,1,1,27,0,31,12,0,0,0,0,11,8
2002,482151,0,1,0,0,0,34,11,0,0,0,0,0
2002,482151,1,1,0,0,0,8,0,0,0,0,0,15
2002,482152,1,1,9,24,14,0,0,0,12,16,0,12
2002,482153,1,1,0,12,0,2,12,3,0,17,17,7
2002,482154,1,1,0,16,0,15,0,0,0,0,0,0
2002,482154,2,1,0,0,0,0,0,0,0,0,0,0
2002,482155,1,1,0,0,0,0,0,0,0,0,0,0
2002,482155,2,1,0,0,0,0,0,0,0,0,0,0
2002,482156,1,1,25,25,24,26,13,10,18,13,18,18
2002,482157,1,1,0,0,0,0,0,0,0,0,0,0
2002,482158,1,1,38,24,10,25,31,12,20,12,16,27
2002,482159,1,1,0,0,0,0,0,0,0,0,0,0
2002,482159,2,1,0,0,0,0,0,0,0,0,0,0
2002,482160,1,1,18,18,18,18,18,18,18,18,18,18
2002,482160,2,1,0,0,2,0,0,0,0,0,0,0
2002,482161,0,1,0,0,0,0,0,0,0,0,0,0
2002,482161,1,1,0,0,0,20,0,0,0,0,0,0
2002,482162,0,1,38,0,0,12,0,0,13,0,13,11
2002,482162,1,1,5,0,0,14,0,0,0,17,0,0
2002,482163,1,1,22,35,31,25,23,23,15,7,0,0
2002,482163,2,1,0,0,0,0,0,0,0,0,0,0
2002,482164,0,1,0,0,0,0,0,0,0,0,0,0
2002,482164,0,2,0,0,0,0,0,0,42,0,0,0
2002,482164,1,1,0,0,0,0,0,0,0,0,0,0
2002,482165,1,1,10,0,0,13,0,0,0,0,0,12
2002,482165,2,1,9,9,9,9,9,9,9,9,9,9
2002,482166,0,1,0,0,0,19,0,0,0,0,0,0
2002,482166,2,1,0,0,0,8,0,0,0,0,0,0
2002,482167,1,1,0,22,0,0,0,0,0,0,0,0
2002,482167,2,1,0,0,0,0,0,10,0,0,0,0
2002,482168,1,1,7,0,16,0,0,0,0,0,0,0
2002,482169,1,1,0,0,0,0,0,0,0,0,0,0
2002,482170,1,1,0,0,0,0,0,0,0,0,0,0
2002,482170,2,1,0,9,0,0,0,9,14,0,0,0
2002,482171,1,1,18,18,18,18,18,18,18,18,18,18
2002,482171,2,1,0,0,0,0,0,0,0,0,0,0
2002,482171,3,1,0,0,0,0,5,0,0,0,0,0
2002,482172,1,1,17,17,17,17,17,17,17,17,17,17
2002,482173,1,1,21,21,21,21,21,21,21,21,21,21
2002,482174,0,1,0,0,0,0,0,0,0,0,0,0
2002,482174,1,1,8,8,8,8,8,8,8,8,8,8
2002,482174,3,1,0,0,0,0,0,0,0,0,0,0
2002,482175,1,1,3,14,10,8,24,0,21,8,25,6
2002,482176,1,1,24,17,0,24,18,22,31,0,22,17
2002,482177,1,1,0,0,0,0,0,0,0,0,0,0