YEAR,ST_CASE,veh_no,per_no,P1,P2,P3,P4,P5,P6,P7,P8,P9,P10
2002,482177,2,1,0,0,0,0,0,12,0,0,0,0
2002,482177,3,1,0,0,0,0,0,0,0,0,0,26
2002,482178,1,1,0,0,0,0,0,0,0,0,0,0
2002,482178,2,1,0,0,0,0,0,0,0,0,0,0
2002,482179,1,1,12,12,12,12,12,12,12,12,12,12
2002,482179,2,1,16,0,0,0,0,0,0,0,14,0
2002,482179,3,1,0,0,0,0,0,0,0,0,0,0
2002,482180,1,1,19,19,19,19,19,19,19,19,19,19
2002,482181,1,1,0,0,0,0,0,0,0,0,0,0
2002,482181,2,1,0,0,0,0,0,0,0,0,0,0
2002,482182,1,1,16,16,16,16,16,16,16,16,16,16
2002,482183,1,1,15,15,15,15,15,15,15,15,15,15
2002,482184,0,1,0,0,0,0,0,0,0,0,0,0
2002,482184,0,2,0,0,0,0,0,0,0,0,0,0
2002,482184,1,1,0,0,0,0,0,0,0,0,0,0
2002,482185,1,1,6,19,10,13,9,0,0,14,11,10
2002,482185,2,1,0,0,13,0,22,0,0,0,5,0
2002,482186,1,1,0,0,0,0,0,0,0,0,0,0
2002,482187,1,1,0,0,0,7,0,0,0,0,0,0
2002,482188,1,1,0,0,7,0,0,12,0,0,2,0
2002,482188,2,1,31,31,31,31,31,31,31,31,31,31
2002,482189,1,1,13,13,13,13,13,13,13,13,13,13
2002,482190,1,1,0,0,11,0,0,0,0,0,0,0
2002,482190,2,1,0,0,0,0,0,0,0,0,0,0
2002,482191,1,1,19,19,19,19,19,19,19,19,19,19
2002,482192,1,1,0,0,0,0,9,0,0,0,20,0
2002,482193,1,1,0,0,0,0,0,0,0,0,0,0
2002,482193,2,1,0,0,0,0,0,0,0,0,0,0
2002,482194,1,1,10,34,20,15,23,12,20,13,13,10
2002,482195,1,1,0,0,0,0,0,0,0,0,0,0
2002,482195,2,1,0,0,0,6,25,0,0,0,0,13
2002,482196,1,1,16,16,16,16,16,16,16,16,16,16
2002,482196,2,1,0,0,0,0,0,6,0,0,0,0
2002,482197,1,1,13,13,13,13,13,13,13,13,13,13
2002,482197,2,1,0,0,0,0,0,0,0,0,10,0
2002,482198,1,1,22,22,22,22,22,22,22,22,22,22
2002,482198,2,1,0,0,0,0,0,0,0,0,0,0
2002,482199,1,1,0,0,0,0,0,0,0,0,0,0
2002,482200,1,1,0,0,0,0,0,0,0,0,0,0
2002,482200,2,1,0,0,0,0,0,0,0,0,0,0
2002,482201,1,1,0,0,0,0,0,0,0,0,0,0
2002,482201,2,1,0,0,0,0,0,0,0,0,0,0
2002,482201,3,1,0,0,0,0,0,17,0,0,0,0
2002,482202,0,1,17,27,0,22,0,0,0,28,30,0
2002,482202,1,1,0,0,0,0,0,0,0,0,0,0
2002,482203,1,1,11,0,11,13,23,8,0,8,7,37
2002,482203,2,1,0,9,0,0,10,12,0,0,0,0
2002,482203,3,1,14,0,0,0,0,0,0,0,12,24
2002,482204,1,1,48,24,0,45,13,0,15,0,0,15
2002,482205,1,1,24,17,24,13,0,0,9,0,10,13
2002,482206,1,1,10,10,10,10,10,10,10,10,10,10
2002,482207,0,1,0,0,0,0,0,0,0,0,0,0
2002,482207,1,1,0,0,0,0,0,0,0,0,0,0
2002,482208,1,1,0,0,0,0,0,0,0,0,0,0
2002,482208,2,1,0,0,0,0,0,0,0,0,0,0
2002,482209,1,1,0,0,20,0,0,0,0,0,0,0
2002,482210,1,1,10,10,10,10,10,10,10,10,10,10
2002,482211,1,1,0,0,0,0,0,0,0,0,0,0
2002,482211,2,1,0,0,0,0,0,0,0,0,0,0
2002,482212,0,1,0,0,0,0,17,0,11,0,17,0
2002,482212,1,1,12,0,0,17,25,0,0,0,0,23
2002,482213,1,1,0,23,22,23,22,34,7,17,0,11
2002,482213,2,1,0,0,0,0,0,0,0,0,0,25
2002,482214,1,1,0,0,0,0,0,0,0,0,8,0
2002,482214,2,1,0,0,0,0,0,0,0,0,0,0
2002,482215,1,1,13,13,13,13,13,13,13,13,13,13
2002,482216,1,1,14,14,14,14,14,14,14,14,14,14
2002,482216,2,1,0,0,0,25,0,0,0,17,0,0
2002,482217,1,1,0,11,18,8,27,6,14,8,0,17
2002,482218,1,1,0,0,0,0,0,0,0,0,0,0
2002,482219,1,1,0,0,0,0,0,0,0,0,0,0
2002,482219,2,1,0,0,0,0,0,0,0,0,0,0
2002,482220,1,1,0,0,0,0,0,0,0,0,0,0
2002,482221,0,1,42,44,18,46,23,16,6,45,37,14
2002,482221,1,1,0,0,0,0,9,0,3,5,7,0
2002,482222,1,1,0,0,0,0,0,0,0,0,0,0
2002,482222,2,1,0,0,0,0,0,0,0,0,5,0
2002,482223,1,1,0,0,0,0,0,0,0,0,0,0
2002,482223,2,1,0,0,0,0,0,0,0,0,0,0
2002,482224,1,1,0,8,6,0,0,15,15,0,0,0
2002,482225,1,1,16,16,16,16,16,16,16,16,16,16
2002,482226,1,1,0,0,0,0,0,7,0,38,21,19
2002,482226,2,1,20,8,18,0,0,16,0,0,12,4
2002,482227,1,1,0,0,0,0,0,0,0,0,0,0
2002,482227,2,1,0,0,0,0,0,0,0,0,0,0
2002,482228,1,1,0,6,8,0,0,32,14,15,22,19
2002,482229,1,1,8,0,0,0,0,0,0,0,0,0
2002,482229,2,1,0,0,0,0,0,0,0,0,0,0
2002,482229,3,1,0,0,0,0,13,0,0,22,0,0
2002,482230,0,1,24,31,25,18,26,6,47,33,22,0
2002,482230,2,1,0,0,0,0,0,0,0,0,0,0
2002,482231,0,1,17,27,15,30,14,29,24,16,37,7
2002,482231,1,1,0,0,0,0,0,0,0,16,8,0
2002,482232,1,1,10,18,10,5,7,20,10,19,18,18
2002,482233,1,1,26,26,26,26,26,26,26,26,26,26
2002,482233,2,1,0,0,0,0,0,0,0,0,0,0
2002,482234,1,1,0,0,8,12,16,0,14,8,19,0
2002,482234,2,1,0,0,11,11,0,0,0,0,0,0
2002,482235,1,1,19,19,19,19,19,19,19,19,19,19
2002,482235,2,1,0,0,0,0,0,0,0,0,0,0
2002,482236,1,1,0,0,0,12,0,11,0,0,0,0
2002,482236,2,1,0,0,0,0,0,0,0,0,0,0
2002,482237,1,1,13,19,11,0,20,0,12,9,11,0
2002,482238,1,1,0,0,0,0,0,0,0,0,0,0
2002,482238,2,1,0,0,0,0,0,0,0,0,0,0
2002,482238,3,1,0,0,0,0,0,0,0,0,0,0
2002,482238,4,1,0,0,0,0,17,0,0,0,0,0
2002,482239,1,1,0,0,0,0,0,0,0,0,0,0
2002,482240,1,1,14,14,14,14,14,14,14,14,14,14
2002,482241,1,1,10,10,10,10,10,10,10,10,10,10
2002,482241,2,1,0,0,0,0,0,21,24,0,0,0
2002,482242,1,1,14,14,14,14,14,14,14,14,14,14
2002,482243,1,1,0,0,0,0,0,0,0,0,0,0
2002,482243,2,1,0,0,0,0,0,0,0,0,0,0
2002,482244,1,1,13,8,8,11,7,14,26,11,25,23
2002,482245,1,1,16,16,16,16,16,16,16,16,16,16
2002,482246,1,1,28,28,28,28,28,28,28,28,28,28
2002,482246,2,1,0,20,0,0,12,0,0,0,0,0
2002,482247,0,1,0,0,11,0,0,0,0,6,0,25
2002,482247,0,2,0,0,0,0,27,0,0,28,28,9
2002,482247,1,1,17,17,17,17,17,17,17,17,17,17
2002,482248,0,1,0,0,7,0,0,13,0,0,0,0
2002,482248,1,1,0,0,0,0,0,0,0,0,0,0
2002,482249,1,1,0,0,0,15,0,0,12,0,0,0
2002,482249,2,1,0,0,0,0,0,0,0,0,0,0
2002,482250,1,1,30,30,30,30,30,30,30,30,30,30
2002,482251,1,1,0,0,0,0,0,0,0,0,0,0
2002,482251,2,1,0,0,0,0,0,0,0,0,0,0
2002,482252,1,1,24,24,24,24,24,24,24,24,24,24
2002,482253,1,1,0,0,0,0,0,0,0,0,16,0
2002,482253,2,1,0,13,0,0,0,0,0,0,0,0
2002,482254,1,1,0,0,0,0,0,0,0,0,0,0
2002,482254,2,1,0,0,0,0,0,14,0,0,0,0
2002,482255,1,1,0,0,0,0,0,0,0,0,0,0
2002,482255,2,1,13,0,0,0,0,0,0,0,0,0
2002,482256,1,1,35,35,35,35,35,35,35,35,35,35
2002,482257,1,1,21,21,21,21,21,21,21,21,21,21
2002,482257,2,1,0,0,0,0,0,0,0,0,0,0
2002,482258,1,1,0,0,0,0,0,0,8,5,0,0
2002,482259,1,1,0,0,6,0,0,8,13,0,0,0
2002,482259,2,1,0,0,0,0,0,0,0,0,0,0
2002,482260,0,1,6,11,0,0,0,0,23,0,0,0
2002,482260,1,1,0,0,0,0,0,0,7,0,8,11
2002,482261,1,1,0,0,0,19,0,0,17,0,0,0
2002,482261,2,1,0,0,0,0,0,0,0,0,16,0
2002,482262,1,1,0,0,0,0,0,0,0,0,0,0
2002,482262,2,1,0,0,0,0,0,0,0,0,0,0
2002,482263,1,1,17,8,22,17,11,22,19,21,20,4
2002,482264,1,1,0,0,0,0,0,0,0,0,0,0
2002,482264,2,1,0,0,0,0,0,0,0,0,0,0
2002,482265,1,1,0,0,0,12,4,0,0,17,15,19
2002,482266,1,1,32,32,32,32,32,32,32,32,32,32
2002,482267,1,1,0,0,0,0,0,0,0,0,0,17
2002,482268,1,1,0,0,0,10,0,0,0,14,21,0
2002,482269,1,1,0,19,6,11,16,0,13,0,17,0
2002,482270,1,1,0,0,12,17,20,0,0,22,0,0
2002,482271,1,1,0,0,0,0,0,0,0,0,0,0
2002,482272,1,1,12,12,12,12,12,12,12,12,12,12
2002,482273,1,1,0,7,4,18,4,0,13,15,17,16
2002,482273,2,1,0,0,0,0,0,0,0,0,0,0
2002,482274,0,1,42,42,42,42,42,42,42,42,42,42
2002,482275,1,1,0,0,0,0,0,0,0,0,0,0
2002,482275,2,1,0,0,8,0,0,0,0,0,0,0
2002,482276,1,1,6,6,0,0,0,0,0,0,0,0
2002,482277,1,1,29,29,29,29,29,29,29,29,29,29
2002,482278,1,1,0,0,0,0,0,0,0,0,0,0
2002,482279,1,1,11,11,11,11,11,11,11,11,11,11
2002,482280,1,1,0,0,0,0,0,0,0,0,0,0
2002,482280,2,1,0,0,0,0,0,0,0,0,0,0
2002,482282,0,1,0,0,0,0,0,0,0,0,0,0
2002,482282,1,1,0,0,0,0,0,0,12,0,0,0
2002,482283,1,1,0,0,8,0,0,0,0,7,0,0
2002,482284,1,1,0,0,0,0,0,0,0,0,0,0
2002,482284,2,1,0,7,0,0,0,0,0,0,0,0
2002,482286,1,1,0,13,11,0,0,0,0,0,0,0
2002,482286,2,1,0,0,0,0,7,0,0,0,0,0
2002,482286,3,1,20,20,20,20,20,20,20,20,20,20
2002,482287,1,1,0,0,0,0,0,0,0,0,0,0
2002,482287,2,1,0,0,0,0,0,0,0,0,0,0
2002,482288,1,1,38,38,38,38,38,38,38,38,38,38
2002,482289,1,1,0,0,0,11,0,0,0,0,0,0
2002,482290,1,1,23,23,23,23,23,23,23,23,23,23
2002,482291,0,1,0,15,0,0,0,0,23,18,0,0
2002,482291,1,1,0,0,0,0,0,0,0,0,0,0
2002,482292,1,1,0,0,0,0,0,0,0,0,0,0
2002,482292,2,1,0,0,0,0,0,0,0,0,0,0
2002,482293,1,1,0,0,0,0,10,0,0,0,0,0
2002,482294,1,1,17,16,25,14,9,21,14,0,20,6
2002,482295,1,1,0,9,0,18,0,0,0,0,0,0
2002,482295,2,1,0,0,0,0,0,0,0,0,0,0
2002,482296,1,1,19,19,19,19,19,19,19,19,19,19
2002,482296,2,1,9,10,0,0,0,0,0,0,0,0
2002,482297,0,1,0,0,8,22,31,33,0,24,10,0
2002,482297,1,1,0,0,0,0,0,0,0,0,0,0
2002,482298,0,1,0,0,0,0,0,0,0,0,0,0
2002,482298,1,1,11,0,0,0,0,0,10,0,0,0
2002,482299,1,1,5,5,5,5,5,5,5,5,5,5
2002,482300,1,1,15,15,15,15,15,15,15,15,15,15
2002,482300,2,1,41,14,0,0,12,0,0,0,14,8
2002,482301,1,1,22,22,22,22,22,22,22,22,22,22
2002,482302,1,1,0,0,0,0,0,0,0,0,0,0
2002,482302,2,1,0,0,6,0,0,0,0,0,0,0
2002,482303,1,1,22,22,22,22,22,22,22,22,22,22
2002,482303,2,1,0,0,0,0,0,0,0,0,0,0
2002,482304,1,1,0,0,0,0,0,0,0,0,0,0
2002,482304,2,1,19,0,9,0,0,0,0,0,0,0
2002,482305,1,1,0,0,0,0,0,0,0,0,0,0
2002,482306,0,1,0,0,0,0,0,0,0,0,0,0
2002,482306,1,1,0,0,0,0,7,0,0,0,0,0
2002,482307,0,1,0,0,0,0,0,0,0,0,0,0
2002,482307,1,1,0,0,0,0,0,0,0,0,10,0
2002,482308,1,1,7,7,7,7,7,7,7,7,7,7
2002,482308,2,1,14,18,16,22,0,7,9,16,19,20
2002,482309,1,1,21,21,21,21,21,21,21,21,21,21
2002,482310,1,1,14,11,0,0,23,0,0,0,0,0
2002,482311,1,1,0,0,0,0,0,0,0,0,0,0
2002,482311,2,1,0,0,0,0,0,0,0,0,0,0
2002,482312,1,1,0,0,0,0,0,0,0,0,0,0
2002,482312,2,1,0,0,0,0,0,0,0,0,0,0
2002,482313,1,1,0,0,0,0,0,0,0,0,0,0
2002,482313,2,1,21,21,21,21,21,21,21,21,21,21
2002,482314,1,1,0,0,0,0,0,0,0,0,0,0
2002,482315,1,1,5,5,5,5,5,5,5,5,5,5
2002,482316,1,1,0,0,0,0,0,0,0,0,0,0
2002,482318,1,1,12,25,17,21,9,16,5,37,0,29
2002,482319,1,1,8,43,0,12,10,20,15,14,0,0
2002,482320,0,1,0,0,0,0,0,0,0,0,0,0
2002,482320,1,1,0,0,0,0,0,0,0,0,0,0
2002,482321,0,1,0,0,0,0,0,0,0,0,0,0
2002,482321,1,1,0,8,0,0,16,0,0,0,0,0
2002,482322,1,1,20,20,20,20,20,20,20,20,20,20
2002,482323,1,1,0,0,0,0,0,0,0,0,0,0
2002,482324,1,1,0,0,0,0,0,0,0,0,0,0
2002,482324,2,1,0,0,0,0,0,0,0,0,0,0
2002,482325,1,1,0,0,0,0,0,0,0,0,0,19
2002,482325,2,1,0,0,0,0,0,0,0,0,0,0
2002,482326,1,1,0,0,0,0,0,0,0,0,0,0
2002,482327,0,1,0,0,0,0,0,0,0,0,0,0
2002,482327,1,1,12,0,0,0,0,0,0,0,0,0
2002,482327,2,1,0,0,0,0,0,0,0,0,0,0
2002,482327,3,1,0,0,0,0,0,18,0,0,0,0
2002,482328,1,1,0,0,0,0,0,0,0,0,0,0
2002,482329,1,1,0,0,0,0,0,0,0,0,0,0
2002,482330,1,1,17,17,17,17,17,17,17,17,17,17
2002,482331,1,1,7,0,0,0,0,0,0,0,0,0
2002,482332,1,1,0,0,23,0,0,0,0,0,0,0
2002,482333,1,1,0,0,10,0,0,0,0,0,0,0
2002,482334,1,1,17,17,17,17,17,17,17,17,17,17
2002,482334,2,1,0,0,0,0,0,0,20,0,0,0
2002,482335,1,1,0,0,0,0,0,22,0,0,0,0
2002,482335,2,1,0,0,20,0,0,0,0,0,0,0
2002,482336,1,1,0,0,0,0,0,0,0,0,0,0
2002,482336,2,1,0,12,0,0,0,10,0,0,0,0
2002,482337,1,1,22,22,22,22,22,22,22,22,22,22
2002,482338,0,1,18,18,18,18,18,18,18,18,18,18
2002,482338,1,1,0,0,0,0,0,0,5,0,0,0
2002,482339,1,1,0,0,0,0,0,0,0,0,0,0
2002,482340,2,1,20,20,20,20,20,20,20,20,20,20
2002,482341,0,1,16,31,0,18,0,12,19,0,0,0
2002,482341,1,1,0,19,0,0,0,0,0,0,0,0
2002,482342,1,1,22,17,12,0,10,18,0,0,21,14
2002,482343,1,1,17,10,34,4,16,13,10,17,16,13
2002,482344,1,1,13,12,18,17,13,18,27,10,9,26
2002,482345,1,1,7,7,7,7,7,7,7,7,7,7
2002,482346,1,1,0,0,0,0,0,0,0,0,0,0
2002,482346,2,1,0,0,0,0,0,0,0,0,0,0
2002,482347,0,1,0,0,33,17,0,19,0,0,0,30
2002,482347,1,1,0,0,0,0,0,0,0,0,0,0
2002,482348,1,1,0,0,0,0,0,0,0,0,0,0
2002,482348,2,1,0,0,0,0,0,0,0,0,0,0
2002,482349,1,1,0,0,0,21,27,37,0,26,15,0
2002,482350,1,1,18,18,18,18,18,18,18,18,18,18
2002,482350,2,1,0,0,8,19,0,0,0,0,0,10
2002,482350,3,1,0,0,14,0,0,0,0,7,0,0
2002,482351,0,1,0,0,0,0,0,0,0,0,0,0
2002,482351,1,1,0,0,0,0,0,0,0,0,0,0
2002,482352,1,1,0,0,0,0,0,0,0,0,0,0
2002,482352,2,1,0,0,0,0,0,0,0,0,0,0
2002,482353,1,1,13,0,0,0,0,0,0,0,9,6
2002,482353,2,1,0,0,30,0,0,0,15,0,0,10
2002,482353,3,1,0,0,0,0,0,0,0,0,0,0
2002,482353,4,1,0,0,0,0,0,0,0,0,0,0
2002,482354,1,1,0,0,0,0,0,0,0,0,0,0
2002,482354,2,1,0,0,0,0,0,0,0,0,0,0
2002,482355,1,1,0,0,0,0,0,0,0,0,0,0
2002,482355,2,1,0,0,0,0,0,0,0,0,0,0
2002,482355,3,1,0,0,0,0,0,0,0,0,0,0
2002,482356,1,1,0,0,0,0,0,0,0,0,0,0
2002,482356,2,1,0,0,0,0,0,0,0,0,0,0
2002,482356,3,1,0,0,0,0,0,0,9,0,0,0
2002,482357,1,1,0,0,0,0,0,0,0,0,0,0
2002,482358,1,1,0,0,0,0,12,0,7,0,0,0
2002,482358,2,1,0,0,0,0,0,0,0,0,0,0
2002,482359,1,1,23,23,23,23,23,23,23,23,23,23
2002,482360,1,1,0,0,0,0,26,0,0,0,0,21
2002,482360,2,1,0,0,0,0,0,0,0,0,0,0
2002,482361,1,1,0,0,0,0,0,0,0,0,0,0
2002,482361,2,1,0,10,9,20,12,0,3,26,4,0
2002,482362,0,1,0,13,0,9,16,20,24,17,0,0
2002,482362,0,2,0,22,0,18,16,0,0,31,11,0
2002,482362,1,1,0,0,0,0,0,0,0,0,8,0
2002,482363,1,1,0,0,0,0,0,0,0,0,0,0
2002,482363,2,1,0,0,0,0,0,0,0,0,0,0
2002,482363,3,1,0,0,0,0,0,0,0,0,0,0
2002,482364,1,1,0,0,0,0,11,0,0,0,5,0
2002,482364,2,1,0,0,0,0,0,0,0,0,0,0
2002,482365,0,1,0,11,0,0,0,0,8,20,0,15
2002,482365,1,1,0,0,0,0,9,0,0,16,25,0
2002,482366,1,1,15,15,15,15,15,15,15,15,15,15
2002,482366,2,1,0,0,0,0,0,0,25,0,0,0
2002,482367,1,1,0,0,0,10,0,0,0,0,0,0
2002,482368,1,1,15,17,0,6,9,10,20,0,19,23
2002,482368,2,1,0,0,0,0,0,0,0,0,0,0
2002,482369,1,1,0,0,0,0,0,0,0,0,0,0
2002,482369,2,1,9,0,0,0,14,15,4,8,0,8
2002,482370,1,1,26,18,18,11,9,0,13,25,0,0
2002,482371,1,1,14,14,14,14,14,14,14,14,14,14
2002,482371,2,1,10,21,8,0,17,0,7,0,17,0
2002,482372,1,1,20,20,20,20,20,20,20,20,20,20
2002,482373,0,1,0,0,0,0,0,0,0,0,0,0
2002,482373,1,1,0,0,0,0,0,0,0,0,0,0
2002,482374,1,1,25,25,25,25,25,25,25,25,25,25
2002,482375,0,1,22,0,32,0,0,19,21,0,10,0
2002,482375,1,1,0,0,10,15,4,0,0,16,0,0
2002,482375,2,1,0,0,0,0,0,0,0,0,0,0
2002,482375,3,1,14,0,0,31,46,20,23,0,0,8
2002,482376,1,1,0,0,0,0,0,0,0,0,0,0
2002,482376,2,1,0,0,0,0,0,0,0,0,0,0
2002,482376,3,1,0,0,0,0,0,5,0,21,0,13
2002,482376,4,1,0,0,0,23,0,0,0,0,0,0
2002,482377,1,1,6,0,0,9,0,0,0,0,0,0
2002,482378,1,1,18,18,18,18,18,18,18,18,18,18
2002,482379,1,1,0,0,5,15,7,0,0,0,16,0
2002,482380,1,1,8,8,8,8,8,8,8,8,8,8
2002,482381,1,1,20,20,20,20,20,20,20,20,20,20
2002,482381,2,1,0,0,0,0,0,0,0,0,0,0
2002,482382,0,1,21,15,8,21,0,0,41,23,20,9
2002,482382,1,1,0,0,0,0,0,0,0,0,24,0
2002,482383,1,1,0,0,0,0,0,0,0,0,0,0
2002,482384,1,1,0,0,0,0,16,0,0,0,0,27
2002,482384,2,1,0,0,0,0,0,0,0,0,0,0
2002,482385,1,1,0,0,0,0,0,0,0,0,0,0
2002,482386,1,1,17,33,0,36,10,0,28,11,24,15
2002,482386,2,1,0,0,0,0,0,0,0,0,0,0
2002,482387,1,1,17,0,0,13,0,10,0,0,0,0
2002,482388,1,1,0,0,0,0,0,0,0,16,0,0
2002,482389,0,1,0,0,0,0,36,0,0,0,0,0
2002,482389,1,1,25,20,0,9,17,27,0,12,0,39
2002,482390,1,1,20,20,20,20,20,20,20,20,20,20
2002,482391,1,1,0,0,0,0,0,0,0,0,0,0
2002,482391,2,1,0,20,0,0,0,0,0,0,0,0
2002,482392,1,1,0,0,0,0,0,0,0,0,0,0
2002,482392,2,1,0,0,14,0,0,0,0,0,0,0
2002,482393,0,1,0,0,0,0,0,0,0,0,0,0
2002,482393,0,2,0,0,0,0,0,0,0,0,0,0
2002,482393,1,1,0,0,0,0,0,0,0,0,0,0
2002,482394,1,1,19,19,19,19,19,19,19,19,19,19
2002,482394,2,1,0,0,0,0,0,14,0,0,0,0
2002,482395,0,1,0,0,0,0,0,0,0,0,0,0
2002,482395,1,1,0,0,0,13,0,0,0,0,0,0
2002,482396,0,1,24,0,0,25,21,0,0,26,15,12
2002,482396,1,1,0,0,0,0,0,0,0,0,0,0
2002,482397,1,1,0,0,0,0,0,0,0,0,0,0
2002,482397,2,1,0,0,0,0,0,0,0,0,0,0
2002,482398,1,1,0,0,0,0,0,0,0,0,0,0
2002,482399,0,1,40,40,40,40,40,40,40,40,40,40
2002,482399,1,1,9,9,9,9,9,9,9,9,9,9
2002,482400,1,1,0,0,0,0,0,0,0,0,0,0
2002,482400,2,1,0,0,0,0,0,0,0,0,0,0
2002,482401,1,1,0,0,0,0,0,0,0,16,0,0
2002,482401,2,1,0,0,0,0,0,0,0,0,0,0
2002,482402,1,1,0,0,0,19,0,0,0,0,0,0
2002,482402,2,1,0,0,0,0,0,0,0,0,0,0
2002,482403,1,1,0,0,0,0,0,0,0,0,0,0
2002,482403,2,1,0,12,0,0,0,0,0,0,0,7
2002,482404,1,1,19,19,19,19,19,19,19,19,19,19
2002,482405,1,1,0,0,17,12,0,0,0,16,0,19
2002,482406,0,1,0,0,33,0,46,0,0,0,0,17
2002,482406,1,1,0,0,0,0,0,9,0,0,0,0
2002,482407,0,1,16,0,0,6,0,0,21,0,0,0
2002,482407,0,2,0,0,0,0,0,0,0,0,0,28
2002,482407,1,1,6,20,0,16,0,0,27,0,0,0
2002,482408,1,1,21,12,19,21,15,14,17,7,13,13
2002,482409,1,1,0,0,0,0,0,0,0,0,0,0
2002,482409,2,1,0,0,0,0,0,0,0,0,0,0
2002,482410,1,1,22,22,22,22,22,22,22,22,22,22
2002,482411,0,1,36,36,36,36,36,36,36,36,36,36
2002,482411,1,1,0,0,0,0,0,0,0,13,0,0
2002,482412,1,1,17,8,0,4,0,0,0,0,0,0
2002,482413,1,1,0,0,0,0,0,0,0,0,0,0
2002,482413,2,1,0,0,0,22,0,0,0,0,0,0
2002,482414,1,1,0,0,0,35,0,0,0,0,0,0
2002,482414,2,1,0,0,0,0,0,0,0,0,0,0
2002,482415,1,1,19,0,15,0,11,14,0,16,5,19
2002,482416,1,1,24,9,19,6,0,13,7,7,0,15
2002,482416,2,1,0,0,0,0,0,0,0,0,0,0
2002,482417,1,1,0,0,0,0,0,0,0,0,0,0
2002,482417,2,1,0,0,0,0,0,16,20,0,0,0
2002,482418,0,1,19,0,4,0,0,11,0,21,19,7
2002,482418,1,1,0,0,0,0,0,0,0,0,0,0
2002,482419,1,1,0,0,0,0,0,0,0,0,0,0
2002,482419,2,1,0,0,0,0,0,0,0,0,0,0
2002,482420,1,1,13,13,33,31,15,20,0,0,27,26
2002,482421,1,1,0,21,16,15,26,0,7,31,17,15
2002,482422,1,1,0,0,0,0,0,0,0,0,0,0
2002,482422,2,1,0,0,0,0,18,0,0,0,19,0
2002,482422,3,1,0,0,0,0,0,0,0,0,0,0
2002,482423,1,1,27,27,27,27,27,27,27,27,27,27
2002,482424,1,1,21,21,21,21,21,21,21,21,21,21
2002,482424,2,1,12,0,18,0,0,0,0,0,13,0
2002,482425,1,1,0,0,0,0,0,0,0,0,0,0
2002,482425,2,1,0,0,0,0,0,0,0,0,12,0
2002,482426,1,1,0,0,0,0,0,0,0,0,0,0
2002,482426,2,1,0,0,0,0,0,0,0,0,0,0
2002,482427,1,1,27,27,27,27,27,27,27,27,27,27
2002,482428,0,1,0,0,0,0,0,0,0,0,0,0
2002,482428,1,1,6,6,6,6,6,6,6,6,6,6
2002,482429,1,1,0,0,0,0,0,0,0,0,0,0
2002,482430,1,1,0,0,0,0,0,2,0,0,0,0
2002,482431,0,1,0,0,0,0,0,0,0,0,0,0
2002,482431,1,1,0,0,0,0,0,0,0,0,0,0
2002,482432,1,1,0,0,0,0,0,15,0,0,0,0
2002,482432,2,1,0,13,11,16,0,0,0,20,0,0
2002,482433,1,1,0,0,0,0,0,7,0,0,0,0
2002,482433,2,1,0,0,0,0,0,0,0,0,0,0
2002,482434,1,1,0,0,0,0,0,0,0,0,0,7
2002,482434,2,1,5,0,0,6,0,0,0,0,0,0
2002,482435,1,1,0,0,0,0,0,0,0,0,0,0
2002,482435,2,1,0,3,0,0,0,0,0,0,0,0
2002,482436,1,1,0,0,0,0,0,0,0,0,0,0
2002,482437,1,1,0,0,0,0,0,0,0,0,19,0
2002,482437,2,1,0,0,0,0,0,0,0,0,0,0
2002,482438,1,1,14,14,14,14,14,14,14,14,14,14
2002,482439,1,1,0,19,0,0,0,0,0,0,0,0
2002,482439,2,1,0,0,0,0,0,0,0,0,0,0
2002,482439,3,1,11,0,0,0,0,0,0,0,0,0
2002,482440,1,1,12,15,0,0,0,0,0,0,0,0
2002,482440,2,1,0,0,0,0,0,0,0,13,0,0
2002,482441,1,1,17,0,0,7,0,5,6,7,11,0
2002,482441,2,1,0,0,0,0,0,0,0,0,0,0
2002,482442,0,1,0,0,0,0,0,0,0,0,0,0
2002,482442,1,1,26,26,26,26,26,26,26,26,26,26
2002,482442,2,1,0,0,0,0,0,0,0,0,0,0
2002,482443,0,1,0,0,0,0,26,0,0,0,16,0
2002,482443,1,1,0,0,0,0,0,0,0,0,0,0
2002,482444,1,1,0,0,0,0,0,0,0,0,0,0
2002,482444,2,1,0,0,0,0,0,0,0,0,0,0
2002,482444,3,1,0,0,0,0,0,0,0,0,0,0
2002,482445,1,1,0,0,0,0,0,12,0,0,0,0
2002,482445,2,1,11,11,0,0,0,12,0,0,0,8
2002,482446,1,1,0,0,0,0,0,0,0,0,0,0
2002,482446,2,1,0,9,0,0,0,0,0,0,0,0
2002,482447,1,1,0,0,0,0,0,0,0,0,0,0
2002,482447,2,1,0,0,0,0,0,25,0,0,0,0
2002,482448,0,1,0,6,7,0,0,20,19,0,6,0
2002,482448,1,1,0,35,0,0,8,12,0,2,6,11