YEAR,ST_CASE,veh_no,per_no,P1,P2,P3,P4,P5,P6,P7,P8,P9,P10
2002,482449,1,1,19,19,19,19,19,19,19,19,19,19
2002,482450,1,1,11,2,12,35,0,0,0,0,0,0
2002,482450,2,1,0,9,18,19,0,13,0,0,0,0
2002,482451,1,1,14,11,4,22,4,8,0,6,13,8
2002,482451,2,1,0,0,19,0,0,14,0,0,0,13
2002,482451,3,1,0,36,0,0,0,0,0,0,0,0
2002,482451,4,1,23,0,0,22,0,0,0,0,16,0
2002,482451,5,1,0,0,0,17,0,0,0,0,17,0
2002,482452,1,1,0,0,0,0,0,0,0,0,0,0
2002,482452,2,1,0,0,0,0,0,0,0,0,0,0
2002,482453,1,1,7,7,7,7,7,7,7,7,7,7
2002,482454,1,1,17,17,17,17,17,17,17,17,17,17
2002,482455,0,1,0,0,0,0,0,0,0,0,0,0
2002,482455,1,1,0,0,0,0,0,0,0,0,16,0
2002,482456,1,1,0,0,0,0,0,0,0,0,0,0
2002,482456,2,1,0,0,0,0,0,0,0,0,0,0
2002,482456,3,1,0,0,0,0,0,0,0,0,0,0
2002,482457,1,1,0,0,6,0,0,0,0,0,0,0
2002,482457,2,1,0,0,25,18,0,0,25,0,10,38
2002,482457,3,1,0,0,0,0,13,6,14,0,0,0
2002,482457,4,1,11,0,0,0,10,0,11,0,0,0
2002,482457,5,1,0,0,0,0,0,0,0,12,0,0
2002,482457,6,1,0,14,10,0,0,0,0,0,0,10
2002,482457,7,1,0,0,0,0,0,0,0,0,0,15
2002,482458,1,1,16,13,20,11,14,24,16,0,9,14
2002,482459,1,1,12,9,0,0,0,0,0,12,22,0
2002,482459,2,1,0,0,0,25,0,0,0,0,0,0
2002,482459,3,1,0,0,22,0,0,0,0,0,0,0
2002,482460,0,1,0,0,0,19,12,0,0,0,0,0
2002,482460,1,1,0,0,0,0,0,0,0,0,0,0
2002,482461,1,1,0,0,0,0,0,0,0,0,0,0
2002,482462,1,1,25,25,25,25,25,25,25,25,25,25
2002,482462,2,1,0,12,0,0,0,0,0,0,0,7
2002,482463,1,1,21,31,43,0,0,24,0,9,27,26
2002,482464,0,1,0,0,0,7,0,0,0,0,0,0
2002,482464,1,1,0,0,0,0,0,0,0,0,0,0
2002,482465,1,1,0,0,0,0,0,0,0,0,0,0
2002,482466,0,1,0,0,0,0,0,0,0,0,0,0
2002,482466,0,2,0,0,0,0,0,0,0,0,0,0
2002,482466,0,3,0,0,0,0,0,0,0,0,10,0
2002,482466,1,1,0,0,0,0,13,0,0,0,0,0
2002,482467,0,1,9,0,40,0,24,0,0,14,0,0
2002,482467,1,1,0,0,0,0,0,0,0,0,0,0
2002,482468,1,1,16,8,0,0,15,0,0,7,0,0
2002,482468,2,1,0,0,0,0,0,0,0,0,0,0
2002,482469,1,1,0,35,4,4,0,7,10,13,4,0
2002,482470,1,1,0,0,0,0,0,0,0,0,0,0
2002,482471,1,1,0,0,0,0,0,0,0,0,0,0
2002,482471,2,1,0,0,7,10,29,0,0,0,0,24
2002,482472,1,1,17,17,17,17,17,17,17,17,17,17
2002,482473,0,1,8,12,12,0,0,7,0,26,0,0
2002,482473,1,1,15,0,0,0,0,26,24,29,0,0
2002,482474,1,1,0,0,0,0,0,0,0,0,0,0
2002,482475,1,1,0,0,0,0,0,0,0,0,0,0
2002,482475,2,1,0,0,0,0,0,0,0,0,0,0
2002,482476,0,1,14,25,13,0,0,18,0,9,0,19
2002,482476,0,2,0,0,0,0,0,0,0,5,7,0
2002,482476,1,1,0,23,9,17,0,0,0,20,0,11
2002,482477,0,1,0,0,0,0,0,0,0,0,0,0
2002,482477,1,1,0,0,0,0,0,0,0,0,0,0
2002,482478,1,1,0,0,15,0,0,0,0,0,0,0
2002,482478,2,1,0,0,0,0,0,0,0,0,0,0
2002,482478,3,1,0,0,0,0,0,0,0,0,0,0
2002,482479,1,1,0,0,0,0,0,0,0,0,0,0
2002,482479,2,1,0,0,0,18,0,9,0,0,0,0
2002,482479,3,1,0,0,0,0,0,0,0,0,0,0
2002,482480,1,1,18,18,18,18,18,18,18,18,18,18
2002,482480,2,1,7,7,7,7,7,7,7,7,7,7
2002,482481,1,1,6,6,6,6,6,6,6,6,6,6
2002,482481,2,1,9,9,9,9,9,9,9,9,9,9
2002,482482,1,1,18,18,18,18,18,18,18,18,18,18
2002,482482,2,1,0,0,0,0,9,0,0,0,0,0
2002,482483,0,1,26,26,26,26,26,26,26,26,26,26
2002,482483,1,1,0,0,0,0,0,20,0,0,0,0
2002,482484,0,1,0,0,0,0,0,0,0,0,0,0
2002,482484,1,1,0,0,32,21,0,0,0,22,0,0
2002,482485,1,1,3,0,0,0,0,0,0,0,0,0
2002,482485,2,1,0,0,0,0,0,0,0,0,0,0
2002,482486,1,1,20,20,20,20,20,20,20,20,20,20
2002,482487,1,1,0,0,10,16,0,12,0,18,8,0
2002,482487,2,1,20,0,0,0,16,15,0,0,0,0
2002,482488,1,1,0,0,0,0,0,6,0,0,5,12
2002,482488,2,1,0,0,0,0,0,0,0,0,0,0
2002,482489,0,1,10,5,25,22,18,14,27,20,16,12
2002,482489,0,2,18,22,22,25,29,0,0,10,27,19
2002,482489,1,1,17,18,20,16,9,21,14,7,10,6
2002,482490,1,1,0,0,0,0,0,11,0,0,0,0
2002,482491,1,1,0,0,0,0,0,0,0,0,0,26
2002,482492,1,1,0,0,0,0,0,0,12,0,0,0
2002,482492,2,1,0,0,0,0,0,0,0,0,0,0
2002,482493,1,1,16,16,16,16,16,16,16,16,16,16
2002,482494,1,1,17,17,17,17,17,17,17,17,17,17
2002,482494,2,1,1,1,1,1,1,1,1,1,1,1
2002,482495,1,1,0,0,0,0,0,0,0,0,0,0
2002,482495,2,1,0,0,0,0,0,0,18,0,0,0
2002,482496,1,1,8,8,8,8,8,8,8,8,8,8
2002,482496,2,1,2,2,2,2,2,2,2,2,2,2
2002,482497,1,1,0,0,0,0,0,0,0,0,0,0
2002,482497,2,1,0,0,0,0,0,0,0,0,0,0
2002,482497,3,1,0,0,0,0,0,0,0,0,0,0
2002,482497,4,1,0,0,0,0,0,0,0,0,0,0
2002,482497,5,1,0,0,0,0,0,0,0,0,0,0
2002,482498,0,1,0,21,22,20,9,28,0,0,30,30
2002,482498,1,1,0,0,5,0,10,0,0,25,0,15
2002,482499,1,1,11,13,3,9,13,17,12,12,14,25
2002,482500,1,1,0,10,0,0,0,0,9,0,13,0
2002,482501,0,1,12,0,18,31,18,0,19,22,0,0
2002,482501,0,2,0,0,45,19,0,0,0,0,14,0
2002,482501,1,1,25,25,25,25,25,25,25,25,25,25
2002,482501,2,1,18,18,18,18,18,18,18,18,18,18
2002,482502,1,1,0,0,22,20,0,0,14,9,10,0
2002,482502,2,1,0,0,0,0,0,0,0,0,0,0
2002,482502,3,1,0,0,0,0,17,0,0,0,0,0
2002,482503,1,1,13,13,13,13,13,13,13,13,13,13
2002,482503,2,1,0,0,0,0,0,0,0,0,0,0
2002,482504,1,1,27,25,21,35,15,12,16,9,16,15
2002,482505,1,1,22,22,22,22,22,22,22,22,22,22
2002,482506,1,1,24,24,24,24,24,24,24,24,24,24
2002,482506,2,1,0,0,0,0,0,0,0,0,0,0
2002,482507,0,1,0,25,26,0,0,14,0,0,15,40
2002,482507,1,1,0,0,9,0,0,0,0,0,0,17
2002,482508,1,1,8,0,0,0,0,18,0,0,0,0
2002,482508,2,1,0,0,0,0,0,0,0,0,0,0
2002,482509,0,1,0,0,0,0,0,0,0,0,0,0
2002,482509,1,1,0,0,0,0,0,0,0,0,0,0
2002,482510,1,1,0,0,0,0,0,0,0,0,0,0
2002,482510,2,1,8,8,8,8,8,8,8,8,8,8
2002,482510,3,1,0,0,0,0,0,0,0,0,0,0
2002,482511,1,1,15,0,0,0,0,0,5,0,2,0
2002,482511,2,1,0,0,0,0,0,14,0,0,0,0
2002,482512,1,1,13,16,7,24,20,8,23,15,0,20
2002,482513,0,1,21,21,21,21,21,21,21,21,21,21
2002,482513,1,1,2,13,11,15,6,23,15,18,17,9
2002,482514,1,1,28,14,27,33,31,14,33,33,0,16
2002,482515,1,1,0,0,0,0,0,0,0,0,0,0
2002,482515,2,1,0,0,0,0,0,8,0,0,13,0
2002,482515,3,1,0,0,0,0,0,0,10,0,0,0
2002,482516,1,1,0,0,12,0,0,0,0,0,0,25
2002,482516,2,1,0,0,0,0,0,0,0,0,0,0
2002,482517,0,1,0,0,0,0,0,0,0,0,0,0
2002,482517,1,1,0,0,0,0,0,0,0,0,0,0
2002,482518,1,1,0,0,0,0,0,0,0,0,0,0
2002,482518,2,1,9,18,18,0,0,7,9,6,6,9
2002,482519,1,1,0,19,8,0,7,0,0,0,16,0
2002,482520,0,1,22,22,22,22,22,22,22,22,22,22
2002,482520,1,1,10,21,0,0,29,25,0,0,0,0
2002,482521,1,1,8,0,0,0,0,0,0,0,0,0
2002,482522,1,1,12,12,12,12,12,12,12,12,12,12
2002,482522,2,1,0,0,0,0,0,0,0,0,0,0
2002,482523,1,1,0,0,0,0,0,0,0,0,0,0
2002,482523,2,1,0,0,0,0,0,0,0,0,0,0
2002,482524,1,1,1,1,1,1,1,1,1,1,1,1
2002,482525,1,1,15,15,15,15,15,15,15,15,15,15
2002,482526,1,1,0,29,15,0,13,0,21,6,0,6
2002,482526,2,1,4,4,4,4,4,4,4,4,4,4
2002,482526,3,1,10,7,11,0,0,31,5,31,24,8
2002,482527,1,1,17,6,9,0,0,0,0,15,0,0
2002,482527,2,1,0,0,0,0,0,0,0,0,0,0
2002,482528,1,1,0,0,0,0,0,0,0,14,0,0
2002,482529,1,1,0,0,0,0,0,0,0,0,0,0
2002,482529,2,1,0,0,0,0,0,0,0,0,0,0
2002,482530,1,1,0,0,0,0,0,0,0,0,0,0
2002,482531,1,1,25,25,25,25,25,25,25,25,25,25
2002,482531,2,1,0,0,0,0,0,0,0,0,0,0
2002,482531,3,1,0,0,0,0,0,0,0,0,0,0
2002,482532,0,1,14,14,14,14,14,14,14,14,14,14
2002,482532,2,1,5,16,3,10,9,19,0,0,19,21
2002,482533,1,1,0,0,0,0,0,0,0,0,0,0
2002,482534,1,1,0,0,0,0,0,0,0,0,0,0
2002,482534,2,1,0,0,0,0,0,0,0,0,0,0
2002,482535,1,1,0,0,0,0,0,0,0,0,0,0
2002,482535,2,1,0,0,0,0,0,0,0,0,0,0
2002,482535,3,1,11,0,0,0,0,0,0,0,0,0
2002,482536,1,1,0,0,0,0,0,0,0,0,0,0
2002,482536,2,1,0,0,0,0,0,0,0,0,0,0
2002,482537,1,1,16,16,16,16,16,16,16,16,16,16
2002,482537,2,1,0,0,0,0,0,0,0,0,0,0
2002,482538,1,1,22,22,22,22,22,22,22,22,22,22
2002,482539,1,1,0,0,0,0,0,0,0,0,0,0
2002,482539,2,1,0,0,0,0,0,0,0,0,0,0
2002,482540,1,1,9,16,0,0,0,0,0,0,0,18
2002,482540,2,1,6,0,0,18,12,0,0,0,0,0
2002,482541,0,1,22,22,22,22,22,22,22,22,22,22
2002,482541,1,1,6,0,0,0,0,0,0,0,0,0
2002,482542,1,1,13,13,13,13,13,13,13,13,13,13
2002,482543,1,1,0,0,0,0,0,0,0,0,0,0
2002,482543,2,1,0,0,0,0,0,0,0,0,0,0
2002,482544,1,1,17,17,17,17,17,17,17,17,17,17
2002,482545,1,1,0,0,0,0,0,0,0,0,0,0
2002,482545,2,1,0,0,0,10,0,0,0,0,0,0
2002,482546,0,1,0,0,0,0,0,0,0,0,0,0
2002,482546,1,1,9,9,9,9,9,9,9,9,9,9
2002,482547,1,1,8,8,8,8,8,8,8,8,8,8
2002,482548,1,1,19,19,19,19,19,19,19,19,19,19
2002,482549,1,1,3,3,3,3,3,3,3,3,3,3
2002,482549,2,1,26,26,26,26,26,26,26,26,26,26
2002,482550,1,1,0,0,0,0,0,0,0,0,0,0
2002,482551,1,1,21,21,21,21,21,21,21,21,21,21
2002,482552,1,1,7,15,16,7,7,7,0,0,0,11
2002,482552,2,1,0,0,0,17,16,9,0,0,18,5
2002,482553,1,1,23,27,27,0,11,0,0,14,0,15
2002,482554,1,1,15,15,15,15,15,15,15,15,15,15
2002,482555,1,1,6,6,6,6,6,6,6,6,6,6
2002,482556,1,1,8,0,0,10,17,7,0,0,0,9
2002,482557,1,1,18,18,18,18,18,18,18,18,18,18
2002,482557,2,1,0,0,0,0,0,0,0,0,0,0
2002,482558,1,1,29,29,29,29,29,29,29,29,29,29
2002,482558,2,1,0,0,0,12,0,0,0,0,0,0
2002,482558,3,1,0,0,0,0,0,0,0,9,0,6
2002,482559,1,1,0,0,0,0,0,0,0,0,0,0
2002,482559,2,1,0,0,0,0,0,0,0,0,0,0
2002,482560,1,1,0,0,0,0,0,0,0,0,0,0
2002,482560,2,1,0,0,0,0,0,0,0,0,0,0
2002,482561,0,1,17,17,17,17,17,17,17,17,17,17
2002,482561,1,1,11,11,0,0,0,0,10,15,15,0
2002,482562,1,1,13,13,13,13,13,13,13,13,13,13
2002,482563,1,1,22,22,22,22,22,22,22,22,22,22
2002,482563,2,1,0,0,0,0,0,0,0,0,0,0
2002,482564,1,1,0,0,0,0,0,0,0,0,0,0
2002,482564,2,1,0,0,0,0,0,0,0,0,0,0
2002,482565,1,1,0,0,0,0,0,3,0,0,10,0
2002,482566,1,1,0,0,0,0,0,0,0,0,0,0
2002,482566,2,1,0,0,0,0,0,0,0,0,0,0
2002,482567,1,1,14,14,14,14,14,14,14,14,14,14
2002,482568,0,1,0,0,0,0,0,0,13,0,0,0
2002,482568,1,1,0,0,0,0,0,0,0,0,0,0
2002,482569,1,1,0,0,0,0,0,0,0,0,0,0
2002,482569,2,1,0,0,0,0,0,0,10,0,0,0
2002,482570,1,1,18,26,0,0,4,26,26,20,0,24
2002,482571,1,1,0,0,0,0,0,0,0,0,0,0
2002,482572,1,1,0,12,0,0,0,0,0,0,0,0
2002,482573,1,1,7,0,0,0,0,0,0,0,0,0
2002,482574,1,1,0,15,0,0,0,12,0,0,0,0
2002,482574,2,1,0,0,0,0,0,0,0,0,0,0
2002,482575,0,1,0,34,13,0,0,9,0,14,0,12
2002,482575,1,1,12,9,0,6,0,12,11,0,0,0
2002,482576,1,1,0,0,0,0,0,0,0,0,0,0
2002,482576,2,1,0,0,11,0,0,0,0,10,0,0
2002,482576,3,1,0,0,0,0,0,0,0,0,0,0
2002,482577,1,1,26,26,26,26,26,26,26,26,26,26
2002,482577,2,1,0,0,0,10,0,30,0,11,11,0
2002,482578,1,1,21,21,21,21,21,21,21,21,21,21
2002,482579,1,1,0,0,15,0,6,13,0,0,11,0
2002,482579,2,1,0,0,0,0,0,0,0,0,0,0
2002,482580,0,1,0,0,25,0,0,0,0,0,0,0
2002,482580,1,1,0,0,0,0,0,0,0,0,0,0
2002,482581,1,1,0,10,0,0,10,0,0,22,19,0
2002,482582,0,1,0,0,0,0,0,6,0,30,0,16
2002,482582,0,2,0,0,9,0,0,0,0,0,0,0
2002,482582,0,3,0,0,0,19,0,0,0,0,0,0
2002,482582,0,4,0,0,18,0,0,0,16,10,0,9
2002,482582,1,1,0,0,0,0,0,0,0,0,0,0
2002,482583,1,1,0,0,13,0,10,0,0,0,0,0
2002,482584,0,1,32,0,0,0,16,12,22,19,29,26
2002,482584,1,1,0,0,0,6,0,0,0,0,0,0
2002,482585,1,1,21,15,5,14,10,1,12,36,0,19
2002,482586,1,1,0,0,0,0,13,0,0,0,0,0
2002,482586,2,1,0,0,0,0,0,0,0,0,0,0
2002,482586,3,1,11,0,0,0,0,0,0,0,0,0
2002,482586,4,1,23,23,23,23,23,23,23,23,23,23
2002,482587,1,1,9,9,9,9,9,9,9,9,9,9
2002,482587,2,1,8,8,8,8,8,8,8,8,8,8
2002,482587,3,1,0,0,4,14,0,20,0,0,4,0
2002,482588,1,1,18,14,9,0,18,20,11,0,0,14
2002,482589,0,1,0,0,0,0,0,0,0,0,0,0
2002,482589,1,1,0,0,0,0,0,0,0,0,0,0
2002,482590,1,1,0,0,0,0,11,0,0,0,0,0
2002,482590,2,1,0,0,0,0,0,0,0,0,0,0
2002,482591,1,1,0,0,0,24,0,0,0,0,0,0
2002,482591,2,1,0,0,0,0,0,0,0,0,0,9
2002,482592,1,1,17,17,17,17,17,17,17,17,17,17
2002,482593,1,1,12,12,12,12,12,12,12,12,12,12
2002,482594,1,1,21,0,0,0,0,0,11,0,0,0
2002,482594,2,1,0,0,0,0,0,0,0,0,0,0
2002,482595,0,1,0,0,0,0,39,0,0,11,0,18
2002,482595,1,1,0,0,0,0,0,9,0,0,0,0
2002,482596,0,1,0,0,0,0,0,0,0,0,0,0
2002,482596,1,1,0,0,0,0,0,0,0,0,0,0
2002,482597,1,1,0,0,0,27,16,26,20,0,23,18
2002,482598,1,1,0,0,0,0,0,0,0,0,0,0
2002,482598,2,1,0,0,0,0,0,0,0,0,0,0
2002,482599,1,1,13,0,0,19,0,0,10,0,0,19
2002,482599,2,1,0,0,0,0,0,0,0,0,0,0
2002,482600,1,1,16,0,12,18,0,8,10,14,25,30
2002,482601,1,1,0,0,0,0,0,0,0,0,0,0
2002,482601,2,1,0,0,0,0,0,0,16,0,0,0
2002,482602,1,1,13,13,13,13,13,13,13,13,13,13
2002,482603,1,1,11,11,11,11,11,11,11,11,11,11
2002,482604,1,1,17,17,17,17,17,17,17,17,17,17
2002,482605,1,1,0,0,0,0,0,0,0,0,0,0
2002,482606,1,1,0,0,0,13,0,12,15,11,9,0
2002,482606,2,1,14,12,0,13,0,0,0,16,0,9
2002,482607,1,1,9,9,9,9,9,9,9,9,9,9
2002,482608,1,1,0,16,21,44,15,0,19,17,16,8
2002,482609,1,1,0,0,11,5,17,0,17,0,0,0
2002,482610,1,1,0,0,0,0,0,0,0,0,0,0
2002,482611,1,1,0,0,0,0,0,0,17,0,0,0
2002,482612,1,1,0,0,0,0,0,0,0,0,0,0
2002,482613,1,1,0,0,0,0,0,0,0,0,9,0
2002,482614,1,1,0,0,0,0,16,8,0,0,0,0
2002,482615,1,1,0,0,0,0,0,0,0,0,0,0
2002,482616,1,1,0,0,0,0,0,0,0,0,0,0
2002,482617,1,1,0,0,0,0,0,0,0,0,0,0
2002,482617,2,1,7,0,0,0,0,3,0,0,0,0
2002,482618,1,1,0,0,0,0,0,5,0,0,0,5
2002,482618,2,1,0,0,0,0,0,12,22,0,0,0
2002,482619,1,1,0,0,7,0,0,0,7,0,0,0
2002,482619,2,1,0,0,0,0,0,0,0,0,0,0
2002,482620,1,1,0,0,0,0,0,0,0,0,0,0
2002,482620,2,1,0,0,0,0,0,0,0,0,0,0
2002,482621,1,1,0,0,0,0,0,0,0,0,0,0
2002,482621,2,1,4,4,4,4,4,4,4,4,4,4
2002,482622,0,1,0,0,0,0,0,8,0,0,0,0
2002,482622,0,2,16,0,17,0,0,0,6,10,4,25
2002,482622,1,1,0,0,0,0,0,0,0,0,0,0
2002,482623,1,1,0,0,0,0,0,0,0,0,0,0
2002,482623,2,1,0,0,0,0,0,0,0,0,0,0
2002,482623,3,1,0,0,0,0,0,0,0,0,0,0
2002,482624,1,1,0,0,0,0,0,0,0,0,0,0
2002,482625,1,1,0,0,0,0,0,0,0,0,0,0
2002,482625,2,1,0,0,0,0,0,0,0,0,0,0
2002,482626,0,1,10,6,0,33,17,0,0,19,0,0
2002,482626,1,1,0,0,0,0,0,12,0,23,0,0
2002,482627,1,1,0,0,0,0,0,0,0,0,0,0
2002,482627,2,1,0,0,0,0,0,0,0,0,0,0
2002,482628,0,1,4,19,38,11,14,7,5,22,26,30
2002,482628,1,1,0,0,0,0,0,0,0,0,0,0
2002,482629,1,1,0,0,0,0,0,0,0,0,0,0
2002,482629,2,1,0,0,0,0,0,0,0,0,0,0
2002,482629,3,1,0,0,0,0,0,0,0,0,0,0
2002,482629,4,1,0,0,0,0,0,0,0,0,0,0
2002,482630,1,1,0,0,0,0,0,0,0,0,0,0
2002,482631,1,1,17,17,17,17,17,17,17,17,17,17
2002,482631,2,1,0,0,0,0,0,0,0,0,0,0
2002,482632,1,1,0,0,0,0,0,0,0,0,0,0
2002,482632,2,1,0,0,0,0,0,0,0,0,0,0
2002,482633,1,1,13,13,13,13,13,13,13,13,13,13
2002,482633,2,1,0,6,9,0,0,0,0,0,0,0
2002,482633,3,1,0,0,0,18,9,40,0,0,9,17
2002,482633,4,1,22,0,0,0,0,0,14,0,0,0
2002,482634,1,1,13,13,13,13,13,13,13,13,13,13
2002,482635,0,1,22,0,24,0,19,0,0,0,18,0
2002,482635,1,1,0,0,0,0,0,0,0,0,0,0
2002,482636,0,1,0,0,0,0,0,0,0,0,0,0
2002,482636,1,1,0,0,0,3,0,16,15,0,0,0
2002,482637,1,1,0,0,0,0,0,0,0,0,0,0
2002,482638,1,1,0,0,0,0,0,0,21,0,0,0
2002,482639,1,1,14,0,21,0,7,0,0,0,8,0
2002,482639,2,1,0,0,0,0,0,0,0,0,5,0
2002,482640,1,1,0,0,0,0,0,0,0,0,0,0
2002,482640,2,1,0,0,0,0,0,0,0,0,0,0
2002,482641,1,1,0,0,0,0,0,0,0,0,0,0
2002,482641,2,1,0,0,0,0,0,0,0,0,0,0
2002,482642,1,1,34,34,34,34,34,34,34,34,34,34
2002,482643,1,1,0,0,0,0,0,15,0,0,4,0
2002,482643,2,1,0,0,0,14,0,0,0,0,0,0
2002,482644,1,1,14,13,22,10,0,14,0,0,0,5
2002,482645,1,1,33,33,33,33,33,33,33,33,33,33
2002,482646,1,1,0,0,0,0,0,0,0,0,0,2
2002,482646,2,1,0,0,0,6,43,0,0,0,0,10
2002,482647,1,1,17,17,17,17,17,17,17,17,17,17
2002,482648,1,1,0,0,19,0,9,0,0,0,0,9
2002,482648,2,1,0,0,0,0,0,0,0,0,0,0
2002,482649,0,1,0,0,0,0,0,0,0,0,0,0
2002,482649,1,1,0,0,0,0,0,0,0,0,0,0
2002,482649,2,1,0,0,0,0,0,0,0,0,0,0
2002,482650,1,1,0,0,0,0,0,14,0,0,0,15
2002,482650,2,1,0,0,0,0,0,0,0,0,0,0
2002,482650,3,1,0,0,0,12,0,0,0,0,0,0
2002,482651,1,1,13,13,13,13,13,13,13,13,13,13
2002,482651,2,1,0,0,0,0,0,2,10,26,0,11
2002,482652,1,1,5,5,5,5,5,5,5,5,5,5
2002,482653,1,1,21,18,21,11,18,25,34,9,25,34
2002,482654,1,1,13,13,13,13,13,13,13,13,13,13
2002,482655,1,1,0,0,0,0,4,13,0,0,0,0
2002,482656,1,1,0,0,0,0,0,0,0,8,0,0
2002,482656,2,1,0,0,0,0,0,0,0,0,0,11
2002,482657,0,1,14,28,31,36,28,30,26,6,0,26
2002,482657,1,1,0,0,0,0,0,0,0,0,0,0
2002,482658,1,1,0,0,0,0,0,0,0,0,0,0
2002,482658,2,1,10,10,10,10,10,10,10,10,10,10
2002,482659,1,1,18,25,20,46,12,9,27,25,10,27
2002,482660,1,1,6,25,0,2,16,32,0,3,0,0
2002,482661,1,1,0,5,0,9,12,0,24,18,0,0
2002,482662,1,1,0,0,0,0,0,0,0,0,0,0
2002,482662,2,1,0,0,0,0,0,0,0,0,0,0
2002,482663,1,1,26,26,26,26,26,26,26,26,26,26
2002,482663,2,1,0,0,0,0,0,0,0,0,0,0
2002,482664,1,1,5,5,5,5,5,5,5,5,5,5
2002,482665,1,1,0,0,0,0,0,0,0,0,0,0
2002,482665,2,1,0,0,0,0,0,17,0,0,0,0
2002,482666,1,1,0,0,0,0,0,0,0,0,0,0
2002,482666,2,1,0,0,0,0,0,0,0,0,0,0
2002,482667,1,1,0,0,0,0,0,0,0,0,0,0
2002,482667,2,1,0,0,0,0,14,0,0,0,0,0
2002,482668,0,5,0,0,0,0,0,0,0,14,0,0
2002,482668,1,1,0,0,0,0,0,0,0,0,0,0
2002,482669,1,1,0,0,0,0,0,0,0,0,0,0
2002,482670,1,1,12,11,7,11,11,0,8,18,20,10
2002,482671,1,1,19,14,0,5,10,14,9,7,22,26
2002,482671,2,1,0,0,21,9,0,0,19,0,0,18
2002,482672,1,1,26,26,26,26,26,26,26,26,26,26
2002,482673,0,1,0,0,15,0,0,0,14,0,0,6
2002,482673,1,1,4,4,4,4,4,4,4,4,4,4
2002,482674,0,1,18,18,18,18,18,18,18,18,18,18
2002,482674,1,1,6,0,0,13,0,0,0,8,7,0
2002,482674,2,1,0,2,20,0,0,15,0,0,0,21
2002,482674,3,1,0,0,0,21,0,0,0,0,0,22
2002,482674,4,1,0,0,0,0,0,0,0,0,0,7
2002,482674,5,1,14,0,8,0,13,0,10,0,0,16
2002,482675,1,1,14,14,14,14,14,14,14,14,14,14
2002,482675,2,1,0,0,0,0,0,0,0,0,0,0
2002,482676,1,1,1,1,1,1,1,1,1,1,1,1
2002,482676,2,1,10,0,0,0,8,13,17,0,0,0
2002,482676,3,1,0,0,0,0,0,0,0,0,0,0
2002,482676,4,1,21,0,0,0,0,0,0,0,0,0
2002,482676,5,1,12,0,0,0,0,0,0,0,0,10
2002,482676,6,1,0,0,0,0,0,0,0,0,0,0
2002,482677,1,1,0,0,0,0,0,0,0,0,0,0
2002,482678,1,1,0,0,0,0,0,0,0,0,0,0
2002,482678,2,1,0,0,0,0,0,0,0,0,0,0
2002,482679,1,1,0,0,0,0,0,3,0,0,0,0
2002,482679,2,1,0,0,0,0,0,0,0,0,0,0
2002,482680,1,1,0,0,0,0,0,0,0,0,0,0
2002,482681,0,1,0,0,11,0,0,0,0,0,14,0
2002,482681,1,1,0,0,0,0,0,0,0,0,0,0
2002,482682,1,1,0,0,0,0,0,0,0,0,0,0
2002,482682,2,1,0,0,0,0,0,0,0,0,0,0
2002,482683,1,1,0,0,0,0,0,0,0,0,0,0
2002,482684,1,1,8,8,8,8,8,8,8,8,8,8
2002,482684,2,1,0,18,23,0,0,0,5,8,0,0
2002,482685,1,1,0,18,0,12,18,8,26,16,0,6
2002,482686,1,1,0,0,0,0,0,0,0,0,0,0
2002,482686,2,1,0,0,0,0,10,0,0,16,0,9
2002,482687,1,1,0,0,0,9,0,0,0,0,0,0
2002,482687,2,1,5,5,5,5,5,5,5,5,5,5
2002,482688,1,1,0,0,0,0,0,0,23,0,0,0
2002,482688,2,1,0,0,6,0,0,0,0,0,0,0
2002,482689,1,1,0,0,0,0,0,0,0,0,0,0
2002,482689,2,1,0,0,0,0,0,0,0,0,0,0
2002,482690,1,1,25,25,25,25,25,25,25,25,25,25
2002,482691,1,1,25,25,25,25,25,25,25,25,25,25
2002,482691,2,1,16,16,16,16,16,16,16,16,16,16
2002,482691,3,1,0,0,0,0,0,0,0,0,0,0
2002,482692,1,1,25,25,25,25,25,25,25,25,25,25
2002,482693,0,1,0,0,17,0,0,0,0,0,0,0
2002,482693,1,1,0,0,13,0,0,5,0,19,0,0
2002,482694,1,1,0,0,0,0,0,0,0,0,0,0
2002,482695,1,1,0,0,0,0,0,0,0,0,0,0
2002,482695,2,1,17,0,0,0,0,0,0,0,0,0
2002,482696,1,1,0,0,0,0,0,0,0,0,0,0
2002,482696,2,1,15,0,0,0,0,0,0,0,0,0
2002,482697,1,1,0,0,0,0,0,0,0,0,0,0
2002,482697,2,1,0,0,0,0,0,0,0,0,0,0
2002,482697,3,1,0,0,0,0,0,0,0,0,0,0
2002,482698,1,1,0,0,0,0,0,0,17,0,0,0
2002,482698,2,1,0,0,0,0,0,0,0,0,0,0
2002,482699,1,1,6,6,6,6,6,6,6,6,6,6