YEAR,ST_CASE,veh_no,per_no,P1,P2,P3,P4,P5,P6,P7,P8,P9,P10
2002,482700,1,1,17,17,17,17,17,17,17,17,17,17
2002,482700,2,1,15,15,15,15,15,15,15,15,15,15
2002,482701,1,1,14,0,13,0,0,13,11,15,0,0
2002,482702,1,1,0,0,0,0,0,0,0,0,0,7
2002,482702,2,1,0,0,0,0,0,0,0,0,0,0
2002,482703,1,1,24,0,14,22,15,7,0,14,8,18
2002,482704,1,1,11,11,11,11,11,11,11,11,11,11
2002,482705,1,1,0,0,0,0,0,0,0,0,0,0
2002,482705,2,1,8,0,21,0,0,6,0,0,14,17
2002,482706,1,1,0,0,0,0,0,0,0,0,0,0
2002,482707,1,1,12,13,33,19,18,26,16,19,13,26
2002,482708,1,1,24,18,24,27,0,0,15,0,0,0
2002,482709,1,1,22,22,22,22,22,22,22,22,22,22
2002,482710,0,1,23,23,23,23,23,23,23,23,23,23
2002,482710,0,2,0,9,0,0,0,0,23,7,0,0
2002,482710,1,1,10,10,10,10,10,10,10,10,10,10
2002,482711,1,1,22,22,22,22,22,22,22,22,22,22
2002,482711,2,1,0,9,0,0,0,0,9,0,0,0
2002,482712,1,1,0,0,0,0,0,0,0,0,0,0
2002,482713,1,1,0,0,0,0,0,0,0,0,0,0
2002,482714,1,1,0,0,0,0,0,0,0,0,0,0
2002,482714,2,1,0,8,0,0,0,0,0,0,0,0
2002,482715,1,1,17,11,0,7,17,21,0,10,19,29
2002,482716,0,1,17,0,0,37,34,25,14,27,0,0
2002,482716,1,1,6,6,6,6,6,6,6,6,6,6
2002,482717,1,1,0,0,0,0,0,0,0,0,0,0
2002,482718,1,1,0,0,0,0,0,18,20,9,0,16
2002,482719,0,1,0,0,0,15,0,0,0,0,0,0
2002,482719,1,1,0,0,0,0,0,0,0,0,0,0
2002,482720,1,1,15,15,15,15,15,15,15,15,15,15
2002,482720,2,1,0,0,0,0,0,0,0,0,0,0
2002,482721,1,1,32,32,32,32,32,32,32,32,32,32
2002,482722,1,1,0,0,0,0,0,0,0,0,0,0
2002,482722,2,1,0,0,0,0,0,0,0,0,0,0
2002,482723,0,1,0,0,0,0,0,0,5,17,0,0
2002,482723,1,1,0,0,0,0,0,0,0,0,0,0
2002,482724,0,1,0,0,0,0,0,0,0,0,0,0
2002,482724,1,1,0,0,0,0,0,0,0,0,0,0
2002,482725,1,1,0,0,0,0,0,0,0,0,0,0
2002,482726,1,1,0,0,0,0,0,0,0,0,0,0
2002,482726,2,1,0,0,0,0,0,0,0,0,0,0
2002,482727,1,1,0,0,0,0,0,0,0,0,0,0
2002,482727,2,1,0,0,0,0,0,0,0,0,0,0
2002,482728,1,1,0,0,0,0,0,0,0,0,0,0
2002,482728,2,1,0,0,0,0,0,0,0,0,0,0
2002,482729,1,1,29,29,29,29,29,29,29,29,29,29
2002,482729,2,1,0,0,0,14,0,0,0,0,0,0
2002,482730,1,1,12,11,5,0,0,0,9,4,4,5
2002,482730,2,1,0,0,0,0,0,0,0,0,0,0
2002,482731,1,1,0,0,0,0,0,0,0,0,0,0
2002,482732,1,1,0,0,0,0,0,0,0,0,0,0
2002,482732,2,1,0,0,0,0,0,0,0,0,0,0
2002,482733,0,1,43,43,43,43,43,43,43,43,43,43
2002,482733,1,1,0,0,0,0,0,0,0,0,0,0
2002,482733,2,1,0,0,0,0,0,0,0,0,0,0
2002,482734,1,1,0,0,0,0,0,0,0,0,0,0
2002,482735,1,1,0,0,0,0,0,0,0,0,0,0
2002,482735,2,1,0,0,0,0,0,0,0,0,0,0
2002,482735,3,1,0,0,0,0,0,0,0,0,0,0
2002,482736,1,1,0,0,0,0,0,0,0,0,0,0
2002,482736,2,1,0,0,0,0,0,0,0,0,0,0
2002,482737,0,1,12,30,33,14,14,20,21,18,27,21
2002,482737,1,1,0,0,0,0,0,0,0,0,0,0
2002,482738,1,1,0,0,0,0,0,0,0,0,0,0
2002,482738,2,1,0,0,0,0,0,0,0,0,0,0
2002,482739,1,1,0,0,0,0,0,0,0,0,0,0
2002,482739,2,1,0,0,0,0,0,0,0,0,0,0
2002,482740,1,1,0,0,0,0,0,0,0,0,0,0
2002,482741,0,1,29,29,29,29,29,29,29,29,29,29
2002,482741,1,1,0,0,0,0,0,0,0,0,0,0
2002,482741,2,1,0,0,0,0,0,0,0,0,0,0
2002,482742,1,1,22,0,0,0,0,0,0,0,0,0
2002,482743,1,1,0,0,20,0,0,0,9,0,19,0
2002,482743,2,1,16,16,16,16,16,16,16,16,16,16
2002,482744,1,1,20,20,20,20,20,20,20,20,20,20
2002,482745,1,1,0,0,0,0,0,0,0,8,0,0
2002,482745,2,1,14,14,14,14,14,14,14,14,14,14
2002,482745,3,1,0,0,0,0,0,0,0,0,0,0
2002,482746,1,1,23,23,23,23,23,23,23,23,23,23
2002,482746,2,1,0,0,0,0,0,0,0,0,0,0
2002,482747,0,1,0,0,22,0,0,4,0,0,0,10
2002,482747,1,1,28,18,18,16,16,10,0,16,23,28
2002,482748,1,1,0,0,0,0,0,0,0,0,0,0
2002,482748,2,1,0,0,0,0,0,0,0,0,0,0
2002,482749,0,1,18,35,11,20,6,9,37,3,28,0
2002,482750,1,1,16,26,13,28,16,35,20,9,18,14
2002,482750,2,1,33,0,21,0,0,0,0,0,0,0
2002,482751,1,1,0,0,0,0,0,0,0,0,0,0
2002,482751,2,1,26,11,17,20,0,18,17,8,22,12
2002,482752,1,1,24,24,24,24,24,24,24,24,24,24
2002,482753,1,1,0,0,11,0,0,0,0,0,0,0
2002,482753,2,1,0,0,0,0,0,0,0,0,0,0
2002,482754,1,1,10,10,10,10,10,10,10,10,10,10
2002,482754,2,1,0,0,0,0,0,0,0,0,0,0
2002,482755,1,1,0,0,0,0,0,0,0,0,0,0
2002,482755,2,1,17,17,17,17,17,17,17,17,17,17
2002,482755,3,1,0,0,0,0,0,0,0,0,0,0
2002,482755,4,1,0,0,0,0,0,0,0,0,0,0
2002,482756,1,1,0,0,0,0,0,0,0,0,0,0
2002,482756,2,1,30,30,30,30,30,30,30,30,30,30
2002,482757,1,1,22,0,0,28,0,0,0,0,0,0
2002,482757,2,1,0,0,0,0,0,0,0,0,0,0
2002,482758,1,1,0,0,0,0,0,0,0,0,0,0
2002,482758,2,1,0,0,0,0,0,0,0,0,0,0
2002,482759,1,1,15,28,8,11,24,40,7,4,9,12
2002,482759,2,1,0,0,15,11,2,0,7,19,0,0
2002,482759,3,1,0,0,0,0,0,0,0,0,0,0
2002,482760,1,1,0,0,0,0,0,0,0,0,0,0
2002,482761,1,1,10,0,0,0,0,0,0,0,0,0
2002,482761,2,1,0,0,0,0,0,0,0,0,0,0
2002,482762,1,1,0,0,0,0,0,0,0,0,0,0
2002,482762,2,1,0,0,0,0,0,0,0,0,0,0
2002,482763,1,1,16,16,16,16,16,16,16,16,16,16
2002,482764,1,1,0,0,0,0,0,0,0,0,0,0
2002,482764,2,1,0,0,0,0,0,0,0,0,0,0
2002,482765,1,1,0,0,0,0,0,0,0,0,0,0
2002,482765,2,1,0,0,0,0,0,0,0,0,0,0
2002,482766,1,1,0,0,0,0,0,0,0,0,0,0
2002,482766,2,1,0,0,0,0,0,0,0,0,0,0
2002,482767,1,1,0,0,0,0,0,0,0,0,0,0
2002,482767,2,1,0,0,0,0,0,0,0,0,0,0
2002,482768,1,1,6,0,15,19,12,0,7,18,0,6
2002,482768,2,1,0,0,0,0,0,0,0,0,0,0
2002,482768,3,1,0,0,0,0,0,9,0,0,0,0
2002,482769,1,1,0,0,0,0,0,0,0,0,0,0
2002,482769,2,1,0,0,0,0,0,0,0,0,0,0
2002,482770,1,1,0,0,0,0,0,0,0,4,0,0
2002,482770,2,1,12,15,0,0,20,0,0,0,0,0
2002,482771,1,1,0,12,0,28,4,10,25,0,0,0
2002,482771,2,1,0,0,0,0,0,0,0,0,0,0
2002,482771,3,1,0,0,19,0,0,11,0,0,0,0
2002,482772,0,1,9,27,0,6,21,23,32,12,0,24
2002,482772,1,1,0,0,0,0,0,0,0,0,0,0
2002,482773,1,1,4,4,4,4,4,4,4,4,4,4
2002,482773,2,1,0,12,0,0,0,0,0,0,0,0
2002,482774,1,1,0,0,0,0,0,0,0,0,0,0
2002,482774,2,1,0,0,0,0,0,0,0,0,0,0
2002,482775,1,1,13,13,13,13,13,13,13,13,13,13
2002,482776,1,1,0,37,7,9,16,18,8,17,9,15
2002,482777,1,1,0,0,0,0,0,0,0,0,0,0
2002,482777,2,1,0,0,21,10,0,11,0,0,0,0
2002,482778,1,1,0,0,0,0,0,0,0,0,0,0
2002,482779,1,1,19,19,0,4,8,0,0,0,0,6
2002,482779,2,1,0,23,6,21,0,8,0,0,13,17
2002,482780,1,1,0,0,0,0,0,0,0,0,0,0
2002,482780,2,1,0,0,0,0,0,0,0,0,0,0
2002,482781,1,1,0,0,0,0,0,0,0,0,0,0
2002,482781,2,1,0,0,0,0,0,0,0,0,0,0
2002,482782,0,1,30,30,30,30,30,30,30,30,30,30
2002,482782,1,1,0,0,0,0,0,0,0,0,0,0
2002,482783,1,1,13,13,13,13,13,13,13,13,13,13
2002,482784,1,1,0,0,9,0,0,0,0,14,0,0
2002,482785,1,1,0,0,17,0,0,0,0,0,0,0
2002,482786,0,1,0,0,0,0,0,0,0,0,0,0
2002,482786,0,2,0,0,0,0,0,0,0,0,0,0
2002,482786,1,1,0,0,0,0,0,0,0,0,0,0
2002,482787,1,1,7,7,7,7,7,7,7,7,7,7
2002,482788,1,1,0,0,0,0,0,0,0,0,0,0
2002,482789,1,1,29,29,29,29,29,29,29,29,29,29
2002,482790,0,1,1,1,1,1,1,1,1,1,1,1
2002,482790,1,1,18,34,0,0,0,0,0,0,0,0
2002,482791,1,1,10,10,10,10,10,10,10,10,10,10
2002,482791,2,1,0,0,7,0,0,0,0,0,0,0
2002,482792,1,1,0,0,0,0,0,0,0,0,0,0
2002,482792,2,1,0,0,0,0,0,0,0,0,0,0
2002,482793,1,1,7,0,0,0,0,0,0,0,0,0
2002,482794,0,1,23,0,0,19,14,0,47,39,27,18
2002,482794,1,1,21,21,21,21,21,21,21,21,21,21
2002,482795,1,1,0,0,0,0,0,0,0,0,0,0
2002,482795,2,1,0,0,0,0,0,0,0,0,0,0
2002,482796,1,1,0,0,0,0,0,0,0,0,0,0
2002,482797,1,1,0,0,0,0,0,0,0,0,0,0
2002,482798,1,1,0,0,0,0,0,0,0,0,0,0
2002,482798,2,1,0,0,0,0,0,0,0,0,0,0
2002,482798,3,1,0,0,0,0,0,0,0,0,0,0
2002,482799,1,1,0,0,0,0,0,0,0,0,0,0
2002,482799,2,1,0,0,0,0,0,0,0,0,0,0
2002,482800,1,1,21,21,21,21,21,21,21,21,21,21
2002,482800,2,1,0,0,0,0,0,0,0,0,0,0
2002,482801,1,1,0,0,0,0,0,0,0,0,0,0
2002,482802,1,1,0,0,0,0,0,0,0,0,0,0
2002,482802,2,1,0,11,0,0,0,0,0,0,0,0
2002,482803,0,1,30,30,30,30,30,30,30,30,30,30
2002,482803,1,1,0,0,0,0,0,0,0,0,0,10
2002,482804,1,1,9,9,9,9,9,9,9,9,9,9
2002,482805,1,1,0,0,13,0,0,0,0,0,0,0
2002,482805,2,1,0,0,0,0,0,0,0,0,0,0
2002,482806,1,1,0,24,0,0,0,0,0,0,0,0
2002,482807,1,1,0,0,0,0,0,0,0,0,0,0
2002,482807,2,1,0,0,0,0,0,0,0,0,0,0
2002,482808,1,1,0,0,0,0,0,0,0,0,0,0
2002,482808,2,1,15,15,15,15,15,15,15,15,15,15
2002,482809,1,1,0,0,29,0,0,0,0,0,2,12
2002,482809,2,1,0,0,0,0,0,0,0,0,0,0
2002,482810,1,1,34,34,34,34,34,34,34,34,34,34
2002,482811,1,1,0,0,0,0,0,0,0,0,0,0
2002,482811,2,1,0,0,0,0,0,0,0,0,0,0
2002,482812,1,1,0,0,5,0,0,0,0,0,0,10
2002,482812,2,1,0,0,0,0,0,0,0,0,0,0
2002,482813,1,1,17,17,17,17,17,17,17,17,17,17
2002,482813,2,1,13,13,13,13,13,13,13,13,13,13
2002,482814,1,1,10,10,10,10,10,10,10,10,10,10
2002,482815,1,1,6,15,17,0,0,8,0,0,0,0
2002,482815,2,1,13,0,11,39,13,0,0,17,10,0
2002,482816,1,1,25,25,25,25,25,25,25,25,25,25
2002,482817,1,1,20,13,8,11,12,0,14,13,9,34
2002,482817,2,1,16,8,0,0,0,0,0,0,0,0
2002,482818,1,1,0,0,0,0,10,0,0,0,0,0
2002,482819,1,1,0,0,0,0,0,0,0,0,0,0
2002,482820,1,1,4,4,4,4,4,4,4,4,4,4
2002,482820,2,1,0,0,0,0,6,0,0,0,0,0
2002,482821,1,1,0,0,0,0,0,0,0,0,0,0
2002,482822,1,1,0,0,0,0,0,0,0,0,0,0
2002,482822,2,1,0,0,0,0,0,0,0,0,0,0
2002,482823,1,1,0,0,0,0,0,0,0,0,0,0
2002,482824,0,1,0,0,0,0,0,0,0,0,0,0
2002,482824,1,1,0,0,0,0,0,17,0,0,0,0
2002,482825,1,1,2,2,2,2,2,2,2,2,2,2
2002,482826,0,1,28,28,28,28,28,28,28,28,28,28
2002,482826,1,1,0,0,0,0,0,0,0,0,0,0
2002,482827,1,1,9,9,9,9,9,9,9,9,9,9
2002,482827,2,1,0,0,0,0,0,0,0,12,0,0
2002,482828,1,1,26,30,33,8,17,16,21,9,4,6
2002,482828,2,1,18,0,11,6,0,18,2,3,5,7
2002,482829,1,1,23,23,23,23,23,23,23,23,23,23
2002,482830,1,1,0,0,0,0,0,0,0,0,0,0
2002,482830,2,1,0,0,0,0,0,0,0,0,0,0
2002,482831,1,1,0,0,0,0,0,0,0,0,0,26
2002,482831,2,1,0,0,0,0,0,0,0,0,0,0
2002,482832,1,1,12,12,12,12,12,12,12,12,12,12
2002,482833,1,1,0,0,0,12,0,0,0,0,0,0
2002,482833,2,1,0,0,0,0,0,0,0,0,0,0
2002,482834,1,1,0,0,0,0,0,0,0,0,0,0
2002,482834,2,1,0,0,0,0,0,0,0,0,0,0
2002,482835,0,1,0,0,21,0,0,29,0,0,0,0
2002,482835,1,1,0,8,0,0,0,0,0,0,0,0
2002,482836,1,1,0,0,0,0,0,0,0,0,0,0
2002,482836,2,1,0,0,0,0,0,0,0,0,0,0
2002,482836,3,1,0,0,0,0,0,0,0,0,0,0
2002,482837,0,1,0,0,0,0,0,0,0,0,0,0
2002,482837,1,1,0,0,0,0,0,0,0,0,0,0
2002,482838,0,1,21,21,21,21,21,21,21,21,21,21
2002,482838,1,1,0,0,0,0,0,0,0,0,0,0
2002,482839,1,1,0,0,0,0,0,0,0,0,0,0
2002,482839,2,1,0,0,0,0,0,0,0,0,0,0
2002,482840,1,1,0,0,0,0,0,0,0,0,0,0
2002,482840,2,1,0,0,0,0,0,0,0,0,0,0
2002,482841,1,1,0,0,0,0,0,0,0,0,0,0
2002,482841,2,1,0,0,0,0,0,0,0,0,0,0
2002,482842,0,1,18,0,0,0,0,0,0,19,0,4
2002,482842,1,1,0,0,0,0,0,0,0,0,0,0
2002,482843,1,1,18,18,18,18,18,18,18,18,18,18
2002,482844,1,1,0,0,0,0,0,0,0,0,0,0
2002,482844,2,1,0,0,0,0,0,0,0,0,0,0
2002,482845,1,1,16,16,16,16,16,16,16,16,16,16
2002,482845,2,1,0,0,0,0,0,0,0,0,0,0
2002,482846,1,1,0,0,0,0,0,0,0,0,0,0
2002,482846,2,1,9,9,9,9,9,9,9,9,9,9
2002,482847,1,1,0,0,0,0,0,0,0,0,0,14
2002,482847,2,1,0,0,0,0,0,0,0,0,0,0
2002,482848,1,1,0,0,0,0,0,0,0,0,0,0
2002,482848,2,1,0,0,0,0,0,0,0,0,0,0
2002,482849,1,1,0,30,11,10,0,14,32,22,14,0
2002,482850,1,1,9,27,21,22,12,10,18,15,27,8
2002,482850,2,1,0,7,0,0,0,0,13,0,0,0
2002,482850,3,1,0,0,0,0,0,0,0,0,0,0
2002,482851,1,1,29,22,21,0,0,15,0,13,19,0
2002,482852,1,1,0,0,0,0,0,0,0,0,0,0
2002,482853,0,1,0,0,0,0,0,0,30,0,0,0
2002,482853,1,1,0,0,0,0,0,0,0,0,24,0
2002,482854,1,1,0,0,0,0,0,0,0,0,0,0
2002,482854,2,1,0,0,0,0,0,0,0,0,0,5
2002,482855,0,1,0,14,0,0,0,0,0,0,0,0
2002,482855,0,2,0,0,0,0,0,0,0,0,0,0
2002,482855,0,3,10,0,0,9,0,0,0,0,0,0
2002,482855,1,1,0,0,0,0,3,0,0,0,0,0
2002,482856,1,1,0,0,0,5,0,25,15,0,0,0
2002,482856,2,1,0,0,0,18,0,21,9,0,0,0
2002,482857,1,1,0,0,0,0,0,0,0,0,0,0
2002,482857,2,1,0,0,0,0,0,0,0,0,0,0
2002,482858,1,1,15,15,15,15,15,15,15,15,15,15
2002,482858,2,1,0,0,0,0,0,0,0,0,0,0
2002,482858,3,1,0,0,0,0,5,0,0,0,0,0
2002,482858,4,1,0,0,0,0,0,0,0,0,0,0
2002,482859,1,1,0,0,0,0,0,0,0,0,0,0
2002,482859,2,1,0,0,0,0,0,0,0,0,0,0
2002,482860,1,1,0,0,0,0,0,0,0,0,0,0
2002,482860,2,1,8,8,8,8,8,8,8,8,8,8
2002,482861,1,1,23,23,23,23,23,23,23,23,23,23
2002,482862,1,1,30,30,30,30,30,30,30,30,30,30
2002,482863,1,1,0,0,0,0,0,0,0,0,0,0
2002,482863,2,1,0,0,0,0,0,0,0,0,0,0
2002,482864,1,1,8,8,8,8,8,8,8,8,8,8
2002,482864,2,1,0,0,0,0,0,0,0,0,18,0
2002,482865,1,1,5,5,5,5,5,5,5,5,5,5
2002,482865,2,1,18,18,18,18,18,18,18,18,18,18
2002,482866,1,1,0,0,0,0,0,0,0,0,0,0
2002,482866,2,1,0,0,0,0,0,0,0,0,0,0
2002,482866,3,1,0,0,0,0,0,0,0,0,0,0
2002,482867,1,1,0,0,0,0,0,0,0,0,0,0
2002,482868,1,1,0,8,20,0,0,20,0,12,0,0
2002,482868,2,1,9,9,9,9,9,9,9,9,9,9
2002,482869,1,1,0,0,0,0,0,0,0,0,0,0
2002,482869,2,1,0,0,0,0,0,0,0,0,0,0
2002,482870,0,1,0,0,0,0,0,0,0,0,0,0
2002,482870,1,1,0,0,0,0,0,0,0,0,0,0
2002,482871,0,1,0,0,0,0,0,0,7,0,0,0
2002,482871,1,1,0,0,0,0,0,0,0,0,0,0
2002,482872,0,1,0,0,0,0,0,0,0,0,0,0
2002,482872,1,1,0,0,0,0,0,0,0,0,0,0
2002,482873,1,1,0,0,0,0,0,0,0,0,0,0
2002,482874,1,1,0,0,0,0,0,0,0,0,0,0
2002,482874,2,1,0,0,0,0,0,0,0,0,0,0
2002,482874,3,1,0,0,0,0,0,0,0,0,0,0
2002,482875,1,1,0,0,0,0,0,0,0,0,0,0
2002,482875,2,1,0,0,0,0,0,0,0,0,0,0
2002,482875,3,1,0,0,0,0,0,0,0,0,0,0
2002,482875,4,1,0,0,0,0,0,0,0,0,0,0
2002,482876,1,1,0,0,0,0,0,0,0,0,0,0
2002,482877,1,1,0,0,0,0,0,0,0,0,0,0
2002,482877,2,1,0,0,0,0,0,0,0,0,0,0
2002,482877,3,1,0,0,0,0,0,0,0,0,0,0
2002,482878,0,1,26,33,0,0,36,0,0,18,0,0
2002,482878,1,1,0,0,0,0,0,0,0,0,0,0
2002,482879,0,1,0,0,0,0,0,0,0,0,0,0
2002,482879,1,1,5,5,5,5,5,5,5,5,5,5
2002,482880,1,1,29,0,26,0,0,0,14,0,0,0
2002,482881,1,1,27,27,27,27,27,27,27,27,27,27
2002,482881,2,1,0,0,0,0,0,0,0,0,0,0
2002,482881,3,1,0,0,0,0,0,0,0,0,0,0
2002,482882,1,1,8,8,8,8,8,8,8,8,8,8
2002,482882,2,1,0,0,0,0,0,0,0,0,0,0
2002,482882,3,1,0,0,0,0,0,0,0,0,0,0
2002,482882,4,1,0,0,0,0,0,0,0,0,0,0
2002,482883,0,1,24,0,0,23,13,0,0,0,21,0
2002,482883,1,1,0,0,0,0,0,0,0,0,0,0
2002,482884,1,1,6,12,2,2,18,11,16,22,3,5
2002,482885,1,1,0,0,0,0,0,0,0,0,0,0
2002,482885,2,1,0,0,0,0,0,0,0,0,0,0
2002,482886,1,1,0,0,0,0,0,0,0,0,0,0
2002,482886,2,1,0,0,0,0,0,0,0,0,0,0
2002,482887,1,1,0,0,0,0,0,0,0,0,0,0
2002,482887,2,1,0,8,0,0,0,0,0,0,0,0
2002,482887,3,1,0,0,0,0,0,0,0,0,0,0
2002,482887,4,1,0,0,0,0,0,0,0,0,0,0
2002,482888,1,1,27,27,27,27,27,27,27,27,27,27
2002,482889,0,1,2,2,2,2,2,2,2,2,2,2
2002,482889,1,1,0,0,0,0,0,0,0,0,0,0
2002,482890,0,1,0,0,0,0,0,0,0,0,0,0
2002,482891,1,1,0,0,0,0,0,0,0,0,0,0
2002,482892,1,1,0,0,0,0,0,0,0,0,0,0
2002,482892,2,1,0,0,0,0,0,0,0,0,0,0
2002,482893,1,1,0,0,0,0,0,0,19,0,20,0
2002,482894,1,1,0,0,0,0,0,0,0,0,0,0
2002,482894,2,1,0,0,0,0,0,0,0,0,0,0
2002,482894,3,1,0,0,0,0,0,0,0,0,0,0
2002,482895,1,1,24,24,24,24,24,24,24,24,24,24
2002,482895,2,1,0,0,0,0,0,0,0,0,0,0
2002,482896,1,1,0,0,0,0,0,0,16,0,0,0
2002,482896,2,1,0,43,0,0,0,0,0,0,0,0
2002,482897,1,1,0,0,0,0,0,0,0,0,0,0
2002,482897,2,1,20,20,20,20,20,20,20,20,20,20
2002,482898,1,1,25,25,25,25,25,25,25,25,25,25
2002,482898,2,1,0,0,0,0,0,0,0,0,0,0
2002,482899,1,1,15,15,15,15,15,15,15,15,15,15
2002,482900,0,1,20,0,0,0,0,0,0,0,0,34
2002,482900,0,2,47,0,26,0,0,0,15,0,21,30
2002,482900,1,1,15,15,15,15,15,15,15,15,15,15
2002,482901,1,1,32,32,32,32,32,32,32,32,32,32
2002,482902,1,1,31,0,0,0,0,0,0,0,0,0
2002,482902,2,1,0,0,0,0,0,0,0,0,0,0
2002,482903,1,1,0,0,0,0,0,0,0,0,0,0
2002,482903,2,1,0,0,0,0,0,0,0,0,0,0
2002,482904,1,1,0,0,0,0,0,0,0,0,0,0
2002,482904,2,1,0,0,0,0,0,0,0,0,0,0
2002,482905,1,1,0,0,0,0,0,0,0,0,0,0
2002,482905,2,1,0,0,0,0,0,0,0,0,0,0
2002,482905,3,1,0,0,0,0,0,0,0,0,0,0
2002,482906,1,1,14,14,14,14,14,14,14,14,14,14
2002,482907,1,1,0,0,0,0,0,0,0,0,0,14
2002,482908,1,1,0,0,0,0,0,0,0,0,0,0
2002,482908,2,1,0,0,0,0,0,0,0,0,0,0
2002,482909,1,1,0,11,0,0,0,0,0,0,11,0
2002,482910,1,1,0,0,0,0,0,0,0,0,0,0
2002,482910,2,1,0,0,0,0,0,0,0,0,0,0
2002,482911,1,1,0,0,0,0,0,0,0,0,0,0
2002,482911,2,1,0,0,0,0,0,0,0,0,0,0
2002,482912,1,1,20,20,20,20,20,20,20,20,20,20
2002,482913,1,1,23,23,23,23,23,23,23,23,23,23
2002,482914,1,1,0,0,0,0,0,0,0,0,0,0
2002,482914,2,1,0,0,0,0,0,0,0,0,0,0
2002,482915,1,1,0,0,0,0,0,0,0,0,0,0
2002,482915,2,1,8,0,0,0,0,0,0,0,0,0
2002,482916,1,1,0,0,0,0,0,0,0,0,0,0
2002,482916,2,1,0,0,0,0,0,0,0,0,0,0
2002,482917,1,1,0,0,0,0,0,0,0,0,0,15
2002,482917,2,1,0,0,0,0,0,0,0,0,0,0
2002,482918,1,1,16,16,16,16,16,16,16,16,16,16
2002,482919,1,1,0,0,0,0,0,0,0,0,0,0
2002,482920,1,1,0,0,0,0,0,0,0,0,0,0
2002,482920,2,1,20,0,0,0,0,0,0,0,0,0
2002,482921,1,1,0,0,0,0,0,0,0,0,0,0
2002,482922,1,1,0,0,0,0,0,0,0,0,0,0
2002,482922,2,1,0,0,0,0,0,0,0,5,0,0
2002,482923,1,1,20,20,20,20,20,20,20,20,20,20
2002,482923,2,1,0,0,0,0,0,0,0,0,0,0
2002,482924,1,1,0,11,12,15,17,13,14,20,0,20
2002,482925,1,1,10,17,20,23,7,16,28,15,12,7
2002,482926,1,1,0,0,0,0,0,0,0,0,0,0
2002,482927,0,1,0,0,31,34,0,0,19,0,0,0
2002,482927,1,1,0,0,0,0,0,11,0,0,0,0
2002,482928,0,1,0,0,0,0,0,0,0,0,0,0
2002,482928,1,1,0,0,0,13,0,11,0,0,0,0
2002,482929,1,1,30,30,30,30,30,30,30,30,30,30
2002,482930,1,1,8,52,8,3,36,19,11,6,0,10
2002,482930,2,1,0,0,0,0,0,0,0,0,0,0
2002,482931,1,1,0,0,0,0,0,0,0,0,0,0
2002,482932,0,1,17,0,20,9,22,0,0,0,24,20
2002,482932,1,1,0,0,0,0,0,0,0,0,0,0
2002,482933,1,1,0,0,0,0,0,0,0,0,0,0
2002,482933,2,1,0,0,0,0,0,0,0,0,0,0
2002,482934,1,1,0,0,0,0,0,0,0,0,0,0
2002,482934,2,1,0,0,0,0,0,0,0,0,0,0
2002,482934,3,1,0,0,0,0,0,0,17,0,0,0
2002,482935,1,1,0,0,0,0,0,5,12,0,0,0
2002,482936,1,1,0,0,0,0,42,0,0,0,0,0
2002,482936,2,1,0,0,0,0,0,0,0,0,0,0
2002,482937,0,1,39,0,0,0,0,0,36,0,14,37
2002,482937,1,1,0,0,0,0,0,0,0,0,0,0
2002,482938,1,1,0,0,0,21,0,12,0,0,0,0
2002,482939,1,1,12,12,12,12,12,12,12,12,12,12
2002,482939,2,1,0,0,0,0,0,0,0,0,0,0
2002,482939,3,1,0,0,0,0,0,0,0,0,0,0
2002,482939,4,1,0,0,0,0,0,0,0,7,0,0
2002,482940,1,1,0,0,0,0,0,0,0,0,0,0
2002,482940,2,1,0,0,0,0,0,0,0,0,0,0
2002,482941,1,1,0,0,0,0,17,0,0,0,0,0
2002,482941,2,1,0,0,0,0,0,0,0,0,0,0
2002,482942,0,1,0,0,0,0,0,0,0,0,0,12
2002,482942,1,1,0,0,0,0,0,0,0,0,0,0
2002,482943,1,1,20,20,20,20,20,20,20,20,20,20
2002,482943,2,1,0,0,0,0,0,0,0,0,0,0
2002,482944,1,1,9,9,9,9,9,9,9,9,9,9
2002,482945,1,1,0,0,0,0,0,0,0,0,0,0
2002,482946,1,1,0,0,0,0,0,0,0,0,0,0
2002,482946,2,1,0,0,0,0,0,0,0,0,0,0
2002,482947,0,1,0,0,0,0,0,0,0,0,0,0
2002,482947,1,1,0,0,0,0,0,0,0,0,0,0
2002,482948,1,1,20,20,20,20,20,20,20,20,20,20
2002,482949,1,1,0,0,0,0,0,0,0,0,0,0
2002,482949,2,1,0,0,0,0,0,0,0,0,0,0
2002,482949,3,1,0,0,0,0,0,0,0,0,0,0
2002,482949,4,1,0,0,0,0,0,0,0,0,0,0
2002,482950,0,1,0,0,0,0,0,0,21,0,0,0
2002,482950,1,1,18,18,18,18,18,18,18,18,18,18
2002,482951,1,1,22,0,0,0,25,23,21,0,0,0
2002,482952,1,1,0,0,0,0,0,11,0,0,0,0
2002,482952,2,1,0,0,0,0,0,0,0,0,9,0
2002,482953,0,1,0,0,0,0,0,0,0,0,0,0
2002,482953,1,1,0,0,0,0,0,0,0,0,0,0
2002,482954,1,1,0,0,0,0,0,0,0,0,0,0
2002,482954,2,1,0,0,0,0,0,0,0,0,0,0