YEAR,ST_CASE,veh_no,per_no,P1,P2,P3,P4,P5,P6,P7,P8,P9,P10
2002,482955,1,1,0,0,0,0,0,0,7,0,0,0
2002,482956,1,1,0,0,0,0,0,0,0,0,0,0
2002,482956,2,1,0,0,0,0,0,0,0,0,0,0
2002,482957,1,1,0,0,0,0,0,0,0,0,0,0
2002,482957,2,1,0,0,0,0,0,0,0,0,0,0
2002,482958,0,1,0,0,0,0,0,0,0,0,0,16
2002,482958,1,1,0,0,0,0,0,0,0,0,0,0
2002,482959,1,1,9,9,9,9,9,9,9,9,9,9
2002,482960,1,1,0,0,0,0,0,0,0,0,0,0
2002,482960,2,1,0,0,0,0,0,0,0,0,0,0
2002,482961,1,1,4,0,0,0,0,5,21,0,0,0
2002,482961,2,1,0,0,0,0,0,0,0,0,0,0
2002,482962,1,1,0,0,0,0,0,0,0,0,0,0
2002,482962,2,1,0,0,0,0,0,0,0,0,0,0
2002,482963,1,1,0,20,39,0,0,0,0,18,0,0
2002,482963,2,1,0,0,0,0,0,0,0,0,0,0
2002,482964,1,1,0,0,19,0,0,0,0,0,0,0
2002,482965,1,1,0,0,0,0,0,0,6,0,0,0
2002,482965,2,1,0,0,0,0,0,0,0,0,0,0
2002,482965,3,1,0,0,0,0,0,0,0,0,0,0
2002,482966,1,1,0,0,0,0,0,0,0,0,0,0
2002,482966,2,1,0,0,0,0,19,0,0,0,0,0
2002,482967,1,1,0,0,0,0,0,0,0,0,0,0
2002,482967,2,1,0,0,0,0,0,0,0,0,0,0
2002,482968,1,1,0,0,0,0,0,0,0,0,0,0
2002,482968,2,1,0,0,0,18,0,0,0,0,0,0
2002,482969,1,1,0,0,0,0,0,0,0,0,0,21
2002,482970,1,1,0,0,0,0,0,0,0,0,0,0
2002,482970,2,1,0,0,0,0,0,0,0,0,0,0
2002,482971,1,1,21,16,0,0,0,8,0,0,0,0
2002,482972,1,1,0,0,0,0,0,0,0,0,0,0
2002,482972,2,1,0,0,0,0,0,0,0,0,0,0
2002,482973,1,1,30,30,30,30,30,30,30,30,30,30
2002,482974,0,1,41,8,13,0,20,52,51,0,0,40
2002,482974,1,1,0,0,0,0,0,0,0,0,0,0
2002,482975,1,1,20,20,20,20,20,20,20,20,20,20
2002,482976,1,1,9,0,13,19,18,22,20,21,14,8
2002,482977,1,1,29,0,0,0,0,0,0,0,19,0
2002,482978,1,1,0,0,0,0,0,0,0,0,0,0
2002,482978,2,1,0,0,0,0,0,0,0,0,0,0
2002,482979,1,1,0,0,0,17,0,0,0,0,0,0
2002,482980,1,1,0,0,0,0,0,0,0,0,0,0
2002,482980,2,1,0,0,0,0,0,0,0,0,0,16
2002,482981,1,1,19,18,0,16,0,0,0,0,0,0
2002,482981,2,1,0,0,0,0,0,0,0,0,0,0
2002,482982,1,1,0,0,0,0,0,0,0,0,0,0
2002,482983,1,1,0,0,0,0,0,0,0,0,0,15
2002,482984,0,1,0,0,0,0,18,0,0,0,0,0
2002,482984,1,1,0,0,0,0,29,0,0,0,16,0
2002,482985,1,1,0,0,0,0,0,0,0,0,0,0
2002,482986,1,1,0,0,0,0,17,0,0,0,0,0
2002,482987,1,1,0,0,0,0,0,0,0,0,0,0
2002,482987,2,1,0,0,0,0,0,0,0,0,0,0
2002,482988,1,1,11,11,11,11,11,11,11,11,11,11
2002,482988,2,1,0,0,0,0,0,0,0,0,0,0
2002,482989,1,1,0,0,0,0,0,0,0,0,0,0
2002,482989,2,1,0,0,0,0,0,0,0,0,0,0
2002,482990,1,1,0,0,0,0,0,0,0,0,0,0
2002,482990,2,1,0,0,0,0,0,0,0,0,0,0
2002,482990,3,1,0,0,0,0,0,0,0,0,0,0
2002,482991,1,1,0,0,0,0,0,0,0,0,0,16
2002,482991,2,1,0,0,0,0,0,0,0,0,0,0
2002,482992,1,1,0,0,0,0,19,19,0,0,9,0
2002,482992,2,1,9,0,16,9,15,34,12,27,9,0
2002,482993,0,1,0,27,0,0,0,0,0,0,0,0
2002,482993,1,1,0,0,0,0,0,0,0,0,0,0
2002,482994,1,1,0,0,0,0,0,0,0,0,0,0
2002,482995,1,1,0,0,0,0,0,0,0,0,0,0
2002,482996,1,1,0,24,6,0,0,0,0,0,0,0
2002,482996,2,1,0,0,0,0,0,0,0,0,0,0
2002,482996,3,1,0,0,0,0,0,0,0,0,0,0
2002,482996,4,1,0,0,0,0,0,0,0,0,0,0
2002,482997,0,1,0,0,0,0,0,0,0,0,0,0
2002,482997,1,1,0,0,0,0,0,0,0,0,0,0
2002,482998,1,1,0,0,0,0,0,0,0,0,0,0
2002,482998,2,1,0,0,0,0,0,0,0,0,0,0
2002,482999,1,1,0,0,0,0,0,0,0,0,0,0
2002,482999,2,1,0,0,0,0,0,0,0,0,0,0
2002,483000,1,1,24,24,24,24,24,24,24,24,24,24
2002,483000,2,1,0,0,9,0,0,0,0,0,0,0
2002,483001,1,1,0,0,0,0,0,0,0,0,0,0
2002,483001,2,1,34,34,34,34,34,34,34,34,34,34
2002,483001,3,1,0,0,0,0,0,0,0,0,0,0
2002,483002,1,1,0,0,0,0,0,0,0,0,0,0
2002,483002,2,1,0,0,0,0,0,0,0,0,0,0
2002,483003,1,1,0,0,0,0,0,0,0,0,0,0
2002,483003,2,1,0,0,0,0,0,0,0,0,0,0
2002,483004,1,1,0,0,0,0,0,0,0,0,0,0
2002,483004,2,1,0,0,0,0,0,0,0,0,0,0
2002,483005,1,1,0,0,0,0,0,0,0,0,0,0
2002,483006,1,1,0,0,0,0,0,0,0,0,0,0
2002,483006,2,1,0,0,0,0,0,0,0,0,0,0
2002,483007,1,1,0,0,0,0,20,0,0,0,0,0
2002,483008,1,1,9,0,0,0,0,0,0,0,0,0
2002,483009,0,1,0,0,0,0,0,0,6,16,0,0
2002,483009,1,1,0,0,0,0,0,0,0,0,0,0
2002,483010,1,1,1,1,1,1,1,1,1,1,1,1
2002,483010,2,1,0,0,0,0,0,0,0,0,0,0
2002,483011,1,1,0,0,0,0,0,0,0,0,0,0
2002,483011,2,1,0,0,0,0,0,0,0,0,0,0
2002,483012,0,1,0,0,0,0,0,0,0,0,0,0
2002,483012,1,1,0,0,0,0,0,0,0,0,0,0
2002,483013,0,1,0,0,0,0,0,0,0,0,0,0
2002,483013,1,1,0,16,0,0,0,0,0,0,0,0
2002,483014,1,1,0,0,0,0,0,0,0,0,0,0
2002,483014,2,1,0,0,0,0,0,0,0,0,0,0
2002,483015,1,1,0,0,0,0,0,0,0,0,0,0
2002,483016,1,1,0,0,0,0,0,0,0,0,0,0
2002,483017,1,1,0,0,0,0,0,0,0,0,0,0
2002,483018,0,1,0,0,0,0,0,0,0,0,0,0
2002,483018,1,1,0,0,0,0,0,0,0,0,0,0
2002,483019,1,1,0,0,0,0,0,0,0,0,0,0
2002,483019,2,1,0,0,0,0,0,0,0,0,0,0
2002,483020,1,1,23,7,14,0,7,20,21,16,16,12
2002,483020,2,1,0,0,0,0,0,0,0,0,0,0
2002,483021,0,1,0,0,0,20,14,0,0,0,0,0
2002,483021,1,1,0,0,14,0,0,0,0,0,0,0
2002,483022,1,1,0,20,35,17,28,2,8,0,18,13
2002,483023,0,1,10,0,25,0,0,9,0,2,0,0
2002,483023,1,1,0,0,0,0,0,0,0,0,0,0
2002,483024,1,1,0,0,0,0,0,0,0,0,0,0
2002,483025,1,1,0,0,0,0,0,0,0,0,0,0
2002,483025,2,1,0,0,0,0,0,0,0,0,0,0
2002,483026,1,1,13,50,39,0,0,7,0,0,18,0
2002,483026,2,1,0,0,0,0,0,0,0,0,0,0
2002,483027,1,1,0,0,0,0,6,0,0,0,0,0
2002,483028,1,1,19,0,0,0,0,26,0,0,0,0
2002,483028,2,1,0,11,15,12,20,7,19,16,3,18
2002,483029,0,1,14,9,15,0,0,10,20,0,0,0
2002,483029,1,1,0,0,0,0,0,0,0,0,0,0
2002,483030,1,1,0,0,0,0,0,0,0,0,0,0
2002,483030,2,1,0,0,0,0,0,0,11,0,0,0
2002,483031,1,1,0,0,0,0,0,0,0,0,0,0
2002,483031,2,1,0,0,0,0,0,0,0,0,0,0
2002,483032,1,1,13,13,13,13,13,13,13,13,13,13
2002,483033,0,1,0,0,0,0,0,0,0,0,0,0
2002,483033,1,1,0,0,0,0,0,0,0,0,0,0
2002,483034,1,1,0,0,0,0,0,0,0,0,0,0
2002,483035,1,1,0,0,0,0,0,0,0,0,0,0
2002,483035,2,1,0,0,0,0,0,0,0,0,0,0
2002,483036,1,1,0,0,0,0,0,0,0,0,0,0
2002,483036,2,1,0,0,0,0,0,0,0,0,0,0
2002,483037,1,1,10,10,10,10,10,10,10,10,10,10
2002,483038,1,1,0,0,0,0,0,0,0,0,0,0
2002,483039,1,1,0,0,0,0,0,0,0,0,0,0
2002,483039,2,1,9,9,9,9,9,9,9,9,9,9
2002,483040,1,1,0,0,0,0,0,0,0,0,0,0
2002,483040,2,1,0,0,0,0,0,0,0,0,0,0
2002,483041,1,1,0,0,0,0,0,0,0,0,0,0
2002,483042,1,1,0,0,0,0,0,0,0,0,0,0
2002,483042,2,1,0,0,0,0,0,0,0,0,0,0
2002,483043,1,1,0,0,0,0,0,0,0,0,12,0
2002,483043,2,1,0,9,0,0,0,0,0,23,0,0
2002,483044,1,1,15,0,0,0,26,4,0,17,15,22
2002,483045,1,1,0,0,0,0,0,0,0,0,0,0
2002,483045,2,1,0,0,0,0,0,0,0,0,0,0
2002,483046,0,1,28,25,21,18,13,8,15,26,40,14
2002,483046,0,2,24,24,0,0,7,6,24,36,5,0
2002,483046,1,1,0,0,0,0,0,0,0,0,0,0
2002,483047,1,1,0,0,0,0,0,0,0,0,0,0
2002,483048,1,1,0,0,0,11,0,13,0,7,0,0
2002,483048,2,1,0,0,0,8,0,0,0,0,0,0
2002,483050,1,1,28,28,28,28,28,28,28,28,28,28
2002,483050,2,1,0,0,0,0,0,0,0,0,0,0
2002,483051,1,1,0,0,23,0,4,7,0,18,39,22
2002,483052,1,1,0,0,0,0,0,0,0,0,0,0
2002,483053,1,1,0,0,0,0,0,0,0,0,0,0
2002,483053,2,1,0,7,0,29,21,26,0,0,6,36
2002,483054,1,1,0,0,0,0,0,0,0,0,29,0
2002,483055,1,1,25,25,25,25,25,25,25,25,25,25
2002,483056,1,1,21,21,21,21,21,21,21,21,21,21
2002,483057,1,1,17,4,9,14,0,8,21,16,9,16
2002,483057,2,1,0,0,0,0,0,0,0,0,8,0
2002,483058,1,1,0,0,0,0,0,8,0,11,0,0
2002,483058,2,1,0,0,0,0,0,0,0,0,0,0
2002,483059,1,1,0,0,0,0,0,0,0,0,0,0
2002,483059,2,1,0,0,0,17,0,0,0,0,0,0
2002,483060,1,1,0,0,0,0,0,0,0,0,0,0
2002,483060,2,1,0,0,0,0,0,0,0,0,0,0
2002,483060,3,1,0,0,0,0,0,0,0,0,0,0
2002,483061,1,1,0,0,0,0,0,0,0,0,0,0
2002,483061,2,1,0,0,0,0,0,0,0,0,0,0
2002,483062,1,1,12,12,12,12,12,12,12,12,12,12
2002,483062,2,1,11,0,20,0,0,0,0,0,0,0
2002,483063,1,1,2,2,2,2,2,2,2,2,2,2
2002,483064,1,1,0,0,0,0,0,0,0,0,0,0
2002,483064,2,1,0,0,0,0,0,0,0,0,0,0
2002,483064,3,1,0,8,0,0,0,0,0,12,0,0
2002,483065,0,1,0,0,0,17,0,0,17,13,0,39
2002,483065,1,1,0,0,0,0,0,0,0,0,0,0
2002,483066,1,1,0,17,0,0,0,0,0,0,0,0
2002,483067,1,1,11,0,0,0,0,0,20,0,0,0
2002,483068,1,1,0,0,0,0,0,0,0,0,0,0
2002,483069,1,1,0,0,0,0,0,0,0,5,0,0
2002,483070,1,1,24,24,24,24,24,24,24,24,24,24
2002,483071,0,1,0,26,24,0,10,0,0,0,19,0
2002,483071,1,1,0,0,0,0,0,0,0,0,0,0
2002,483072,1,1,0,0,0,0,0,29,0,0,0,0
2002,483073,1,1,0,0,0,0,0,0,0,0,0,0
2002,483073,2,1,0,0,0,0,0,0,0,0,0,0
2002,483074,1,1,21,21,21,21,21,21,21,21,21,21
2002,483075,1,1,0,0,19,0,0,0,0,0,0,0
2002,483075,2,1,0,0,0,0,0,0,0,0,0,0
2002,483076,1,1,0,0,0,0,0,0,0,0,0,0
2002,483077,1,1,0,0,0,0,0,0,0,0,0,0
2002,483077,2,1,0,0,0,0,0,0,0,0,0,0
2002,483077,3,1,0,0,0,0,0,0,0,0,0,0
2002,483078,1,1,0,0,0,13,10,0,0,0,0,0
2002,483079,1,1,24,24,24,24,24,24,24,24,24,24
2002,483080,1,1,0,0,0,0,0,0,0,0,0,0
2002,483080,2,1,0,0,0,0,0,0,0,0,0,0
2002,483081,1,1,0,0,0,0,0,0,0,0,0,0
2002,483082,1,1,29,29,29,29,29,29,29,29,29,29
2002,483083,1,1,5,18,0,12,15,11,15,16,15,14
2002,483084,1,1,0,0,0,0,0,35,0,0,0,0
2002,483085,1,1,24,24,24,24,24,24,24,24,24,24
2002,483086,1,1,21,21,21,21,21,21,21,21,21,21
2002,483087,1,1,0,0,0,0,0,0,0,0,0,0
2002,483088,1,1,0,0,0,19,0,0,0,22,0,23
2002,483089,1,1,0,0,0,0,0,0,0,0,0,0
2002,483090,1,1,0,0,0,0,0,0,0,0,0,0
2002,483090,2,1,0,0,0,0,0,0,0,0,0,0
2002,483091,1,1,0,0,0,0,0,0,0,0,0,0
2002,483092,1,1,0,0,0,0,0,0,0,0,0,0
2002,483092,2,1,0,0,0,0,0,0,0,0,0,0
2002,483093,1,1,10,10,10,10,10,10,10,10,10,10
2002,483094,1,1,0,0,0,0,0,0,0,0,0,0
2002,483094,2,1,0,0,0,0,0,0,0,0,0,0
2002,483095,1,1,0,0,0,0,0,0,0,0,0,0
2002,483095,2,1,0,0,0,0,0,0,0,0,0,0
2002,483096,1,1,0,0,0,0,0,0,0,0,0,0
2002,483097,1,1,0,0,0,0,0,0,0,0,0,0
2002,483098,1,1,0,0,0,0,0,0,0,0,0,0
2002,483098,2,1,1,1,1,1,1,1,1,1,1,1
2002,483099,1,1,0,0,0,0,0,0,0,0,0,0
2002,483099,2,1,0,0,0,0,0,0,0,0,0,0
2002,483100,1,1,18,18,18,18,18,18,18,18,18,18
2002,483101,0,1,0,19,0,0,0,0,17,19,0,0
2002,483101,1,1,0,0,0,0,16,0,0,0,0,0
2002,483102,0,1,0,0,0,0,0,0,0,0,0,0
2002,483102,1,1,0,0,0,0,0,0,0,0,0,0
2002,483103,1,1,0,0,0,0,0,0,0,0,0,0
2002,483103,2,1,34,34,34,34,34,34,34,34,34,34
2002,483104,0,1,0,0,0,0,0,0,0,0,0,0
2002,483104,1,1,0,0,0,0,0,0,0,0,0,0
2002,483105,1,1,24,28,24,0,24,0,0,4,0,0
2002,483106,1,1,3,3,3,3,3,3,3,3,3,3
2002,483107,1,1,0,0,0,0,0,0,0,0,0,0
2002,483107,2,1,0,0,0,0,0,0,0,0,0,0
2002,483107,3,1,0,0,0,0,0,0,0,0,0,0
2002,483107,4,1,0,0,0,0,0,0,0,0,0,0
2002,483108,1,1,0,0,0,0,12,0,0,0,0,18
2002,483108,3,1,5,0,0,0,0,0,9,0,18,0
2002,483109,1,1,0,0,0,0,0,0,0,0,0,0
2002,483109,2,1,0,0,0,0,0,0,0,0,0,0
2002,483109,3,1,0,0,0,0,0,0,0,0,0,0
2002,483109,4,1,0,0,0,0,0,0,0,0,0,0
2002,483110,1,1,19,19,19,19,19,19,19,19,19,19
2002,483111,1,1,0,0,0,0,0,0,0,0,0,0
2002,483111,2,1,0,0,0,0,0,0,0,9,0,0
2002,483111,3,1,0,9,0,0,0,0,0,0,0,0
2002,483111,4,1,0,0,0,0,0,0,0,0,0,0
2002,483112,0,1,0,0,0,0,0,0,0,0,0,0
2002,483112,1,1,0,0,0,0,0,0,0,3,0,0
2002,483113,1,1,14,14,14,14,14,14,14,14,14,14
2002,483114,1,1,0,0,0,0,0,0,0,0,0,0
2002,483114,2,1,0,0,0,0,0,0,0,0,0,0
2002,483115,1,1,0,0,0,0,0,0,0,0,0,0
2002,483115,2,1,0,0,0,0,0,0,0,11,0,0
2002,483116,1,1,0,0,0,0,0,0,0,0,0,0
2002,483116,2,1,0,0,0,0,0,0,0,0,0,0
2002,483117,0,1,0,0,0,0,0,0,0,0,0,0
2002,483117,1,1,0,0,0,0,0,0,0,0,0,0
2002,483118,0,1,0,0,0,0,0,0,0,0,0,0
2002,483118,1,1,0,0,0,0,0,0,0,0,0,0
2002,483119,1,1,11,0,0,0,0,0,0,0,0,0
2002,483119,2,1,16,0,0,0,0,0,0,0,13,0
2002,483120,1,1,23,23,23,23,23,23,23,23,23,23
2002,483120,2,1,14,14,14,14,14,14,14,14,14,14
2002,483121,1,1,2,2,2,2,2,2,2,2,2,2
2002,483122,1,1,27,27,27,27,27,27,27,27,27,27
2002,483122,2,1,0,0,0,0,0,0,0,0,0,0
2002,483123,1,1,0,0,0,0,0,0,0,0,0,0
2002,483123,2,1,0,0,0,0,0,0,0,0,0,0
2002,483123,3,1,0,0,0,0,0,0,0,0,0,0
2002,483123,4,1,0,0,0,0,0,0,0,0,0,0
2002,483124,1,1,0,0,0,0,0,0,0,0,0,19
2002,483125,1,1,11,11,11,11,11,11,11,11,11,11
2002,483126,1,1,0,0,0,0,0,0,0,0,0,0
2002,483126,2,1,0,0,0,0,0,0,0,0,0,0
2002,483127,1,1,0,0,0,0,0,0,0,0,0,0
2002,483127,2,1,0,0,0,0,0,0,0,0,0,0
2002,483128,1,1,17,17,17,17,17,17,17,17,17,17
2002,483128,2,1,0,0,0,0,0,0,0,0,0,0
2002,483129,1,1,0,0,0,0,0,17,0,0,0,0
2002,483129,2,1,0,0,0,0,0,0,0,0,0,0
2002,483130,1,1,28,28,28,28,28,28,28,28,28,28
2002,483131,1,1,0,0,0,0,0,0,0,0,0,0
2002,483131,2,1,0,0,0,0,0,0,0,0,0,0
2002,483132,1,1,0,0,0,0,0,0,0,0,0,0
2002,483132,2,1,0,0,0,0,0,0,0,0,0,0
2002,483133,1,1,0,0,0,0,17,0,0,0,0,8
2002,483133,2,1,0,0,0,0,0,0,0,0,0,0
2002,483134,1,1,0,0,0,0,0,0,0,0,0,0
2002,483134,2,1,0,0,0,7,0,0,0,0,0,0
2002,483135,1,1,0,0,0,0,0,0,0,18,9,0
2002,483136,1,1,25,25,25,25,25,25,25,25,25,25
2002,483136,2,1,0,0,0,0,0,0,0,0,0,0
2002,483137,1,1,17,17,17,17,17,17,17,17,17,17
2002,483138,1,1,10,20,22,0,0,8,10,0,13,0
2002,483139,1,1,0,0,0,0,0,0,0,0,0,0
2002,483139,2,1,0,0,0,0,0,0,0,0,0,0
2002,483140,0,1,0,0,0,0,0,0,0,0,0,0
2002,483140,0,2,0,0,0,0,0,0,0,0,0,0
2002,483140,1,1,0,0,0,0,0,0,7,0,0,0
2002,483141,1,1,45,23,6,21,22,17,9,21,23,12
2002,483142,1,1,0,0,0,0,0,0,0,0,0,0
2002,483142,2,1,0,0,0,0,0,0,0,0,0,0
2002,483143,0,1,0,0,23,0,40,20,33,0,11,20
2002,483143,1,1,0,0,0,0,23,17,1,0,5,0
2002,483144,0,1,0,0,18,0,8,0,0,17,0,0
2002,483144,1,1,0,0,18,0,0,0,0,0,0,0
2002,483145,1,1,0,0,0,0,0,0,0,0,0,0
2002,483146,1,1,7,24,0,20,23,0,0,0,20,18
2002,483147,1,1,15,0,0,0,0,0,0,0,0,0
2002,483147,2,1,0,0,0,0,0,0,0,0,0,0
2002,483148,0,1,15,0,5,0,41,16,5,58,16,28
2002,483148,1,1,12,0,0,6,0,0,3,19,0,0
2002,483149,1,1,0,4,0,0,0,0,0,13,0,0
2002,483149,2,1,0,0,14,20,0,7,0,0,0,0
2002,483149,3,1,0,0,0,0,0,0,8,0,0,0
2002,483150,1,1,26,26,26,26,26,26,26,26,26,26
2002,483151,1,1,0,0,0,0,0,0,0,0,0,0
2002,483151,2,1,0,0,0,0,0,0,0,0,0,0
2002,483152,1,1,19,23,7,24,13,0,6,8,19,13
2002,483153,1,1,0,0,0,0,0,0,0,0,0,0
2002,483153,2,1,0,0,0,0,0,0,0,0,0,0
2002,483153,3,1,16,5,0,0,0,0,0,0,0,0
2002,483154,1,1,0,0,0,0,0,0,0,0,8,0
2002,483154,2,1,0,0,0,21,0,0,0,0,0,0
2002,483155,0,1,10,0,0,8,13,0,40,0,0,25
2002,483155,1,1,0,12,0,0,0,0,0,0,0,0
2002,483156,1,1,0,0,0,0,0,0,0,0,0,0
2002,483156,2,1,0,0,0,0,0,0,0,0,12,12
2002,483156,3,1,0,0,0,0,0,0,0,0,0,0
2002,483157,0,1,0,0,0,0,0,13,0,0,14,0
2002,483157,1,1,0,0,0,0,0,0,0,29,0,0
2002,483158,1,1,8,25,0,14,0,5,11,0,18,0
2002,483158,2,1,12,16,0,0,0,0,0,0,0,4
2002,483159,1,1,0,0,20,17,0,20,0,0,0,0
2002,483159,2,1,0,0,0,0,0,0,0,0,0,0
2002,483160,1,1,0,0,19,16,0,0,0,19,0,0
2002,483161,1,1,19,19,19,19,19,19,19,19,19,19
2002,483161,2,1,0,0,0,0,0,0,0,0,0,12
2002,483161,3,1,0,0,0,0,0,0,0,0,12,0
2002,483161,4,1,0,0,0,0,0,0,17,0,0,0
2002,483162,1,1,0,0,0,0,0,0,0,0,0,0
2002,483162,2,1,0,0,0,0,0,0,0,0,0,0
2002,483163,1,1,0,0,0,0,0,0,0,0,0,12
2002,483163,2,1,0,0,0,0,0,0,0,0,0,0
2002,483164,1,1,0,9,0,0,0,0,2,0,15,15
2002,483165,1,1,0,0,0,0,0,0,0,0,0,0
2002,483165,2,1,0,0,0,0,0,0,0,0,0,0
2002,483166,1,1,0,0,0,0,0,0,0,0,0,0
2002,483166,2,1,0,0,0,0,0,0,0,0,0,0
2002,483167,0,1,0,0,0,0,0,0,0,0,0,0
2002,483167,0,2,0,9,5,0,0,0,0,0,9,0
2002,483167,1,1,3,0,19,5,0,9,6,12,14,27
2002,483168,1,1,12,12,12,12,12,12,12,12,12,12
2002,483169,1,1,0,0,0,0,0,0,0,0,0,0
2002,483169,2,1,14,0,0,0,0,0,0,0,0,0
2002,483170,1,1,0,0,0,0,0,0,0,0,0,0
2002,483170,2,1,27,0,0,0,0,0,0,6,0,0
2002,483171,1,1,0,0,0,0,0,0,0,0,0,0
2002,483172,1,1,0,0,0,0,0,0,0,0,0,0
2002,483172,2,1,0,0,0,0,0,0,0,0,16,0
2002,483172,3,1,0,10,0,0,20,0,9,9,0,8
2002,483173,1,1,0,0,0,0,0,0,0,0,0,0
2002,483173,2,1,0,0,0,0,0,0,0,0,0,0
2002,483173,3,1,0,0,0,0,0,0,0,0,0,0
2002,483174,1,1,6,6,6,6,6,6,6,6,6,6
2002,483174,2,1,0,0,0,0,0,0,0,0,0,0
2002,483174,3,1,0,0,0,0,0,0,0,0,0,0
2002,483175,1,1,15,11,21,17,14,6,17,22,8,11
2002,483176,1,1,16,32,0,0,17,0,0,0,0,0
2002,483176,2,1,0,0,0,0,0,0,0,0,0,0
2002,483177,0,1,0,0,14,0,0,0,0,0,0,0
2002,483177,1,1,0,0,0,0,0,0,0,0,0,33
2002,483178,1,1,6,0,0,0,0,5,0,0,0,0
2002,483179,1,1,0,23,0,19,0,0,0,0,0,0
2002,483180,1,1,18,9,11,16,14,20,27,19,0,11
2002,483181,1,1,0,0,0,0,0,0,0,0,0,16
2002,483181,2,1,0,0,0,0,0,0,0,0,0,0
2002,483182,1,1,0,0,0,0,0,0,0,0,0,0
2002,483182,2,1,0,0,0,0,0,0,0,0,0,0
2002,483182,3,1,0,0,0,0,0,0,0,0,0,0
2002,483183,1,1,12,0,0,0,0,0,0,0,0,0
2002,483184,1,1,0,0,0,0,0,0,0,0,0,0
2002,483184,2,1,0,0,0,0,0,0,0,0,0,0
2002,483185,1,1,0,0,0,0,0,0,0,0,0,0
2002,483186,1,1,0,0,0,0,0,0,0,0,0,0
2002,483186,2,1,22,22,22,22,22,22,22,22,22,22
2002,483187,1,1,0,0,0,0,0,0,0,0,0,0
2002,483188,1,1,0,0,0,0,0,0,0,0,0,0
2002,483189,1,1,0,0,0,0,0,0,0,12,0,0
2002,483189,2,1,0,0,0,0,0,0,0,0,0,0
2002,483189,3,1,0,0,0,0,0,0,0,0,0,0
2002,483190,1,1,12,12,12,12,12,12,12,12,12,12
2002,483191,1,1,0,0,0,0,0,0,0,0,0,0
2002,483191,2,1,0,0,0,0,0,0,0,0,0,0
2002,483192,1,1,0,0,0,27,0,0,0,0,0,0
2002,483193,1,1,19,19,19,19,19,19,19,19,19,19
2002,483194,0,1,0,0,0,0,0,0,0,0,0,0
2002,483194,1,1,0,0,0,0,0,0,0,0,0,0
2002,483195,1,1,0,0,0,0,0,0,0,0,0,0
2002,483195,2,1,0,0,0,0,0,0,0,0,0,0
2002,483195,3,1,0,0,0,0,0,0,0,0,0,0
2002,483196,1,1,0,0,0,0,0,0,0,0,0,0
2002,483197,1,1,0,0,0,0,0,0,0,0,0,0
2002,483197,2,1,0,0,0,0,0,0,0,0,0,0
2002,483197,3,1,0,0,0,0,0,0,0,0,0,0
2002,483198,1,1,0,0,0,2,0,0,15,0,0,0
2002,483199,1,1,0,0,0,0,0,0,0,0,0,0
2002,483199,2,1,0,0,0,0,0,0,0,0,0,0
2002,483200,1,1,0,0,0,0,0,0,8,0,0,0
2002,483200,2,1,0,0,0,0,0,0,0,0,0,0
2002,483201,0,1,23,24,29,22,30,23,7,19,31,23
2002,483201,1,1,0,0,0,0,0,0,0,0,0,0
2002,483202,1,1,0,0,0,0,0,0,0,0,0,0
2002,483203,1,1,0,0,0,0,0,0,0,0,0,0
2002,483204,1,1,28,28,28,28,28,28,28,28,28,28
2002,483205,1,1,0,0,0,0,0,0,0,0,0,0
2002,483205,2,1,0,0,0,0,0,0,0,0,0,0
2002,483206,1,1,0,15,0,0,0,0,0,0,0,0
2002,483206,2,1,0,0,0,0,0,0,0,0,0,0
2002,483207,0,1,0,0,0,0,9,0,0,0,0,0
2002,483207,0,2,0,0,0,0,0,0,0,0,7,0
2002,483207,1,1,24,0,0,0,0,0,23,0,0,0
2002,483208,0,1,0,20,0,0,0,0,0,0,0,24
2002,483208,1,1,0,0,0,0,0,0,0,0,0,0
2002,483210,1,1,0,0,0,6,0,0,0,0,20,0
2002,483210,2,1,0,8,0,0,0,0,0,0,0,0
2002,483211,1,1,0,0,0,0,0,0,0,0,0,0
2002,483211,2,1,0,14,0,0,0,0,0,0,0,0
2002,483212,1,1,0,0,0,0,0,0,0,0,0,0
2002,483213,1,1,16,0,0,0,0,0,0,0,0,0
2002,483214,1,1,0,0,0,0,0,0,0,0,0,0
2002,483215,1,1,18,18,18,18,18,18,18,18,18,18
2002,483215,2,1,0,0,0,0,0,0,0,0,0,0
2002,483216,1,1,0,0,0,0,0,0,0,0,0,0
2002,483217,1,1,0,0,0,0,8,0,9,4,22,0
2002,483218,1,1,0,0,0,19,13,0,0,0,0,0
2002,483219,0,1,0,0,0,35,0,21,0,35,0,18
2002,483219,1,1,0,0,0,11,0,0,0,0,0,0
2002,483220,1,1,0,0,0,0,0,0,0,0,0,0
2002,483221,1,1,15,15,15,15,15,15,15,15,15,15
2002,483222,1,1,0,0,0,0,0,0,0,0,0,0
2002,483223,1,1,0,0,4,0,0,0,0,0,0,0
2002,483224,1,1,0,0,0,0,0,0,0,0,0,0
2002,483224,2,1,0,0,0,0,0,13,21,0,0,0
2002,483225,1,1,0,0,0,0,0,0,0,0,0,0
2002,483225,2,1,0,0,0,0,0,0,0,0,0,0
2002,483226,0,1,0,0,0,0,0,0,0,0,0,0
2002,483226,1,1,0,0,0,0,0,0,0,0,0,0
2002,483227,1,1,29,29,29,29,29,29,29,29,29,29
2002,483228,1,1,0,0,0,0,0,0,0,0,0,0
2002,483229,1,1,34,34,34,34,34,34,34,34,34,34
2002,483230,1,1,0,0,0,0,0,0,0,0,0,0