YEAR,ST_CASE,veh_no,per_no,P1,P2,P3,P4,P5,P6,P7,P8,P9,P10
2002,483230,2,1,0,0,0,0,7,4,0,0,9,0
2002,483231,1,1,0,0,0,0,0,0,0,0,0,0
2002,483232,1,1,0,0,0,0,0,0,0,0,0,0
2002,483232,2,1,0,0,21,0,0,0,0,0,0,0
2002,483233,1,1,0,0,0,0,0,0,0,0,0,0
2002,483233,2,1,0,0,0,0,0,0,0,0,0,0
2002,483234,1,1,0,0,0,0,0,0,0,0,0,0
2002,483235,1,1,0,0,0,0,0,0,0,0,0,0
2002,483236,1,1,18,18,18,18,18,18,18,18,18,18
2002,483237,1,1,0,0,0,0,0,0,0,0,0,0
2002,483238,1,1,0,0,0,0,0,0,0,0,0,0
2002,483238,2,1,0,0,0,0,0,0,0,0,0,0
2002,483239,1,1,0,0,0,0,0,0,0,0,0,0
2002,483239,2,1,0,0,0,0,0,0,0,0,0,0
2002,483240,1,1,2,2,2,2,2,2,2,2,2,2
2002,483240,2,1,0,19,0,0,15,0,0,0,0,10
2002,483241,0,1,27,27,27,27,27,27,27,27,27,27
2002,483241,1,1,0,0,0,0,0,0,0,0,0,0
2002,483242,1,1,0,0,0,23,0,0,0,0,10,0
2002,483243,1,1,0,0,0,0,0,0,0,0,0,0
2002,483243,2,1,0,0,0,0,0,0,0,0,0,0
2002,483244,1,1,0,0,0,0,0,0,0,0,0,0
2002,483244,2,1,0,0,0,0,0,0,0,0,0,0
2002,483245,0,1,0,0,0,0,0,0,0,0,0,0
2002,483245,1,1,0,14,0,0,5,28,0,8,0,0
2002,483246,1,1,27,22,0,21,0,0,0,0,0,0
2002,483247,1,1,0,0,0,0,0,0,0,0,0,0
2002,483248,1,1,0,0,0,0,0,0,0,0,0,0
2002,483249,1,1,0,0,0,0,0,0,0,0,0,0
2002,483249,2,1,0,0,0,0,0,0,0,0,0,0
2002,483250,1,1,22,22,22,22,22,22,22,22,22,22
2002,483250,2,1,0,0,0,23,0,12,14,27,0,0
2002,483251,1,1,0,0,0,0,0,0,0,0,0,0
2002,483251,2,1,0,0,0,0,0,0,0,15,0,0
2002,483252,0,1,0,0,0,0,0,0,0,0,0,0
2002,483252,1,1,21,0,0,0,0,0,16,4,0,0
2002,483253,1,1,0,0,0,0,12,0,0,0,0,0
2002,483253,2,1,0,0,0,0,0,0,0,0,0,0
2002,483254,1,1,10,0,0,0,10,12,9,0,9,9
2002,483254,2,1,11,12,9,15,6,11,7,5,3,8
2002,483255,1,1,0,0,0,0,0,0,0,0,0,0
2002,483255,2,1,0,0,0,0,0,0,0,0,0,0
2002,483256,1,1,0,0,0,0,0,0,0,0,0,0
2002,483256,2,1,0,0,0,0,0,0,0,0,0,0
2002,483257,1,1,0,0,0,0,0,0,0,21,20,0
2002,483258,1,1,26,26,26,26,26,26,26,26,26,26
2002,483259,1,1,25,25,25,25,25,25,25,25,25,25
2002,483260,0,1,25,37,21,18,30,35,18,15,25,7
2002,483260,1,1,0,0,0,0,0,0,30,0,0,0
2002,483261,0,1,9,9,9,9,9,9,9,9,9,9
2002,483261,1,1,34,0,0,8,11,0,0,0,0,0
2002,483262,1,1,0,0,0,0,0,0,9,0,0,0
2002,483263,1,1,1,1,1,1,1,1,1,1,1,1
2002,483264,1,1,0,0,0,0,0,0,3,0,0,0
2002,483265,1,1,0,0,0,0,0,0,0,0,0,0
2002,483265,2,1,0,0,0,0,0,0,0,0,0,0
2002,483266,1,1,0,0,0,0,0,0,0,0,0,0
2002,483266,2,1,0,0,0,0,0,0,0,0,0,0
2002,483266,3,1,0,0,0,0,0,0,0,0,0,0
2002,483267,0,1,24,24,24,24,24,24,24,24,24,24
2002,483267,1,1,0,0,0,0,17,26,0,0,0,9
2002,483267,2,1,19,0,0,0,7,0,7,0,0,0
2002,483267,3,1,9,12,13,11,24,16,7,12,14,14
2002,483268,1,1,0,0,0,0,0,0,0,0,15,0
2002,483268,2,1,0,0,0,0,0,0,0,0,0,0
2002,483268,3,1,0,0,0,0,0,0,0,0,0,0
2002,483268,4,1,0,0,0,0,0,0,0,0,0,0
2002,483269,1,1,16,16,16,16,16,16,16,16,16,16
2002,483269,2,1,0,12,4,13,0,0,0,0,22,0
2002,483269,3,1,0,0,0,0,19,0,0,0,0,0
2002,483269,4,1,0,0,0,0,0,0,0,0,0,25
2002,483270,1,1,9,9,9,9,9,9,9,9,9,9
2002,483270,2,1,0,0,0,0,0,0,0,0,0,0
2002,483271,0,1,0,0,27,0,0,0,0,0,0,0
2002,483271,1,1,0,0,0,0,0,0,0,15,29,0
2002,483272,0,1,0,0,25,0,32,37,27,13,16,25
2002,483272,1,1,0,0,0,0,0,0,0,0,0,0
2002,483273,1,1,19,0,0,0,16,23,16,0,0,0
2002,483274,1,1,0,0,0,0,0,0,0,0,0,0
2002,483274,2,1,15,0,0,0,0,0,2,0,0,15
2002,483275,0,1,0,0,0,0,5,0,16,0,21,0
2002,483275,1,1,18,0,9,0,0,0,0,0,0,0
2002,483276,1,1,0,0,0,0,0,0,0,0,0,0
2002,483277,1,1,8,8,8,8,8,8,8,8,8,8
2002,483278,0,1,0,0,0,0,0,0,0,0,0,0
2002,483278,0,2,0,0,0,0,0,0,0,0,0,0
2002,483278,1,1,0,0,0,0,0,0,0,0,0,0
2002,483279,1,1,14,14,14,14,14,14,14,14,14,14
2002,483279,2,1,0,0,0,0,0,0,0,0,0,0
2002,483280,1,1,0,0,11,0,18,0,0,0,0,0
2002,483280,2,1,0,0,0,0,0,0,0,0,0,0
2002,483281,0,1,22,0,16,0,3,0,0,0,41,0
2002,483281,1,1,0,0,0,0,0,9,0,0,0,0
2002,483282,1,1,23,19,25,18,22,17,0,0,15,19
2002,483283,1,1,0,0,0,0,0,0,0,0,0,0
2002,483283,2,1,0,0,0,0,0,0,0,0,0,0
2002,483284,1,1,0,0,0,0,0,0,0,21,0,0
2002,483284,2,1,0,0,0,0,0,0,0,0,0,0
2002,483285,1,1,0,0,0,19,0,0,0,0,0,0
2002,483285,2,1,0,0,0,0,0,0,0,0,0,0
2002,483286,1,1,17,30,11,14,22,27,16,8,22,8
2002,483287,0,1,0,0,0,0,0,0,0,0,0,0
2002,483287,1,1,0,0,0,0,0,0,0,0,0,0
2002,483287,2,1,0,0,0,0,0,0,0,0,0,0
2002,483288,1,1,0,0,0,0,0,0,0,28,0,0
2002,483289,1,1,0,0,0,0,0,0,0,0,0,0
2002,483289,2,1,0,0,0,0,0,0,0,16,0,0
2002,483290,1,1,0,0,0,0,0,0,0,0,0,0
2002,483290,2,1,0,0,0,4,0,0,0,0,0,0
2002,483291,1,1,0,0,0,0,0,22,19,2,0,0
2002,483292,1,1,0,18,0,0,0,0,0,15,0,0
2002,483292,2,1,0,0,0,0,0,0,0,0,0,0
2002,483293,0,1,0,0,0,0,0,0,0,0,0,0
2002,483293,1,1,0,0,0,0,0,0,0,0,0,0
2002,483294,1,1,12,0,22,16,7,16,7,36,13,0
2002,483295,1,1,0,0,0,0,0,0,0,0,0,0
2002,483295,2,1,0,0,0,0,0,0,0,0,0,0
2002,483296,1,1,23,18,31,9,5,7,16,5,7,10
2002,483296,2,1,0,0,0,0,0,0,0,0,0,0
2002,483297,1,1,31,31,31,31,31,31,31,31,31,31
2002,483297,2,1,0,0,0,0,0,0,0,0,0,0
2002,483298,0,1,24,24,24,24,24,24,24,24,24,24
2002,483298,1,1,0,0,0,0,5,0,0,0,12,12
2002,483299,1,1,6,6,6,6,6,6,6,6,6,6
2002,483300,0,1,26,26,26,26,26,26,26,26,26,26
2002,483300,1,1,0,0,0,0,0,0,0,0,0,0
2002,483301,0,1,30,30,30,30,30,30,30,30,30,30
2002,483301,1,1,0,0,0,0,0,0,25,0,0,0
2002,483302,1,1,0,16,0,0,26,0,17,24,0,0
2002,483303,2,1,0,0,0,0,0,0,0,0,0,0
2002,483304,1,1,0,0,0,19,12,0,0,8,0,0
2002,483305,1,1,14,0,28,34,15,7,25,17,14,6
2002,483305,2,1,0,0,0,0,0,0,0,0,0,0
2002,483306,1,1,9,10,20,23,13,12,14,21,25,13
2002,483307,1,1,0,0,0,0,3,0,0,0,0,0
2002,483308,1,1,0,0,0,0,0,0,0,0,0,0
2002,483309,1,1,0,0,0,0,0,0,0,0,0,0
2002,483309,2,1,0,0,0,0,0,0,0,0,0,0
2002,483310,1,1,0,0,0,0,0,0,0,0,0,0
2002,483310,2,1,0,0,0,0,0,11,3,16,11,0
2002,483311,1,1,29,29,29,29,29,29,29,29,29,29
2002,483311,2,1,16,23,0,4,15,11,0,0,11,0
2002,483312,1,1,0,0,0,0,0,0,0,0,0,0
2002,483312,2,1,0,0,0,0,0,0,0,0,0,0
2002,483313,0,1,19,13,18,25,0,0,18,0,20,22
2002,483313,1,1,0,0,0,0,0,0,0,0,0,0
2002,483314,1,1,0,0,0,0,0,0,0,0,0,0
2002,483314,2,1,0,0,0,0,0,0,0,0,0,0
2002,483315,1,1,4,4,4,4,4,4,4,4,4,4
2002,483315,2,1,10,10,10,10,10,10,10,10,10,10
2002,483316,1,1,0,0,16,0,0,0,0,14,0,0
2002,483316,2,1,0,0,0,0,0,0,0,0,5,0
2002,483317,0,1,28,28,28,28,28,28,28,28,28,28
2002,483317,1,1,10,0,0,0,0,0,0,0,0,0
2002,483318,1,1,0,0,0,0,0,0,0,0,0,0
2002,483319,1,1,15,20,22,10,34,34,17,12,6,12
2002,483320,1,1,0,0,0,0,0,0,0,0,0,0
2002,483321,1,1,11,13,17,13,4,15,5,17,14,15
2002,483321,2,1,0,12,0,0,0,0,0,0,0,8
2002,483322,0,1,15,25,9,26,22,23,0,0,15,39
2002,483322,1,1,0,34,0,22,0,0,0,0,0,11
2002,483323,1,1,0,0,0,0,0,0,0,0,0,0
2002,483323,2,1,0,0,0,0,0,0,0,0,0,0
2002,483324,1,1,11,21,19,25,0,21,16,6,12,15
2002,483324,2,1,0,0,0,0,0,0,0,0,0,0
2002,483325,1,1,0,0,0,0,0,0,0,0,0,0
2002,483325,2,1,13,0,0,0,0,0,0,0,18,0
2002,483326,1,1,0,0,14,13,0,14,10,0,0,0
2002,483326,2,1,0,0,0,0,0,0,0,0,0,0
2002,483327,1,1,2,18,0,8,13,0,14,3,15,10
2002,483328,0,1,32,32,32,32,32,32,32,32,32,32
2002,483328,1,1,0,4,0,0,0,4,0,0,0,0
2002,483329,0,1,0,0,0,0,0,0,0,2,0,0
2002,483329,1,1,0,0,0,0,0,0,0,0,0,0
2002,483330,1,1,0,0,0,0,0,0,0,0,0,0
2002,483330,2,1,0,0,0,0,0,0,0,0,0,0
2002,483331,1,1,14,0,0,0,22,0,2,25,20,17
2002,483332,0,1,0,0,0,0,16,0,0,0,0,0
2002,483332,1,1,0,0,0,0,0,0,0,0,0,0
2002,483333,1,1,0,0,18,0,0,0,0,0,0,20
2002,483333,2,1,0,0,0,0,0,0,0,0,0,0
2002,483334,1,1,0,0,0,0,0,13,0,0,0,14
2002,483334,2,1,34,7,7,8,20,7,18,13,0,16
2002,483335,1,1,0,5,0,0,17,0,0,0,0,0
2002,483336,1,1,0,0,0,12,0,0,0,0,0,0
2002,483336,2,1,0,0,0,0,0,0,0,0,0,0
2002,483337,1,1,33,5,6,14,16,11,21,20,17,18
2002,483337,2,1,0,0,0,14,0,0,0,0,0,15
2002,483338,0,1,14,25,23,25,33,22,23,56,7,15
2002,483338,1,1,0,0,0,0,0,10,0,10,0,0
2002,483339,1,1,16,0,0,0,0,0,0,0,0,0
2002,483339,2,1,0,0,0,0,0,0,0,0,0,0
2002,483340,0,1,21,42,11,21,36,32,0,0,0,0
2002,483340,1,1,0,0,0,0,0,0,0,9,0,0
2002,483341,1,1,0,0,0,0,0,0,0,0,0,0
2002,483341,2,1,0,0,0,0,0,0,0,0,0,0
2002,483342,0,1,0,0,17,0,0,0,0,0,11,0
2002,483342,1,1,0,0,0,0,0,0,0,0,0,0
2002,483343,1,1,3,4,18,26,24,25,3,22,18,18
2002,483343,2,1,14,0,0,0,0,0,0,0,0,0
2002,483344,1,1,0,0,0,0,0,0,0,0,0,0
2002,483344,2,1,0,0,0,0,0,0,0,0,0,0
2002,483345,1,1,0,0,0,0,0,0,0,0,0,0
2002,483345,2,1,0,0,0,0,0,0,0,0,0,0
2002,483346,1,1,0,0,0,0,0,0,0,0,0,0
2002,483346,2,1,0,0,0,0,0,0,0,0,0,0
2002,483347,1,1,6,0,0,0,0,0,9,0,12,0
2002,483348,1,1,0,0,0,0,0,0,0,0,0,0
2002,483348,2,1,0,0,0,0,0,0,0,0,0,0
2002,483349,1,1,28,0,27,17,18,14,17,13,23,10
2002,483349,2,1,13,0,18,14,30,12,15,15,0,14
2002,483350,0,1,0,0,0,0,0,0,0,0,0,0
2002,483350,1,1,0,0,0,0,0,0,0,0,0,0
2002,483351,1,1,0,0,5,0,0,0,0,0,0,0
2002,483352,1,1,0,0,0,0,0,0,0,0,0,0
2002,483352,2,1,7,0,0,0,0,0,0,0,0,0
2002,483353,1,1,0,0,0,0,16,0,0,24,9,0
2002,483353,2,1,0,0,0,0,0,0,0,0,0,0
2002,483354,0,1,25,28,24,0,20,33,0,25,0,0
2002,483354,1,1,0,0,0,0,0,0,0,0,0,0
2002,483355,1,1,14,27,8,12,0,33,10,25,14,16
2002,483356,1,1,0,0,0,0,6,0,0,0,0,0
2002,483356,2,1,0,0,0,6,0,0,0,0,0,0
2002,483357,1,1,0,0,0,0,6,0,0,0,0,9
2002,483357,2,1,0,0,0,0,0,0,0,0,0,0
2002,483357,3,1,0,0,0,0,0,0,0,0,0,0
2002,483358,1,1,8,10,2,22,21,12,8,24,10,7
2002,483358,2,1,19,0,0,0,0,0,0,0,7,0
2002,483358,3,1,0,0,0,0,0,0,0,0,0,0
2002,483359,1,1,0,6,0,21,3,0,20,17,17,0
2002,483360,1,1,0,0,23,25,0,0,0,0,0,0
2002,483360,2,1,6,2,0,0,0,0,0,0,11,0
2002,483361,1,1,23,12,11,20,7,22,18,15,11,25
2002,490001,1,1,20,0,0,0,0,0,0,0,0,13
2002,490002,1,1,0,0,0,0,0,0,0,0,0,0
2002,490003,1,1,0,0,0,0,0,0,0,0,0,0
2002,490003,2,1,0,0,0,0,0,0,0,0,0,0
2002,490004,1,1,0,0,0,0,0,0,0,0,0,0
2002,490005,0,1,0,0,0,0,0,0,0,0,0,0
2002,490005,1,1,0,19,0,0,0,0,0,0,0,0
2002,490006,1,1,20,20,20,20,20,20,20,20,20,20
2002,490007,1,1,0,0,0,0,0,0,0,0,0,0
2002,490007,2,1,0,0,0,0,0,0,0,0,0,0
2002,490007,3,1,0,0,0,0,0,0,0,0,0,0
2002,490007,4,1,0,0,0,0,0,0,0,0,0,0
2002,490008,1,1,0,0,0,0,0,0,0,0,0,0
2002,490009,1,1,0,0,0,0,0,0,0,0,0,0
2002,490009,2,1,0,0,0,0,0,0,0,0,0,0
2002,490010,1,1,8,0,0,0,0,12,0,0,0,0
2002,490011,0,1,0,0,21,0,0,0,34,19,0,17
2002,490011,1,1,0,0,0,0,0,0,0,0,0,0
2002,490012,0,1,0,0,0,0,0,0,0,0,0,0
2002,490012,1,1,0,0,0,0,0,0,0,0,0,0
2002,490013,1,1,0,0,0,0,0,0,0,0,0,0
2002,490013,2,1,0,0,0,0,0,0,0,0,0,0
2002,490014,1,1,0,0,0,0,0,0,0,0,0,0
2002,490014,2,1,0,0,0,0,0,0,0,0,0,0
2002,490015,1,1,30,30,30,30,30,30,30,30,30,30
2002,490015,2,1,0,13,0,0,0,0,10,0,23,0
2002,490016,1,1,0,0,0,0,0,0,0,0,0,0
2002,490016,2,1,0,0,0,0,0,0,0,0,0,0
2002,490016,3,1,0,0,0,0,0,0,0,0,0,0
2002,490017,1,1,0,0,0,0,0,0,0,0,0,0
2002,490018,1,1,0,0,0,0,0,0,0,0,0,0
2002,490019,1,1,0,0,0,0,0,0,0,0,0,0
2002,490019,2,1,0,0,0,0,0,0,0,0,0,0
2002,490020,1,1,0,0,0,0,0,0,0,0,0,0
2002,490021,1,1,0,0,0,0,0,0,0,0,0,0
2002,490022,1,1,18,18,18,18,18,18,18,18,18,18
2002,490023,1,1,0,0,0,0,0,0,0,0,0,0
2002,490024,1,1,0,0,10,0,0,0,7,0,0,0
2002,490024,2,1,0,0,0,0,0,0,0,0,0,0
2002,490025,1,1,9,9,9,9,9,9,9,9,9,9
2002,490025,2,1,0,0,0,0,0,0,0,0,0,0
2002,490025,3,1,0,0,0,0,0,0,0,0,0,0
2002,490025,4,1,0,0,0,0,0,0,7,0,0,0
2002,490026,1,1,0,0,0,0,0,0,0,0,0,0
2002,490027,1,1,0,0,0,0,0,0,0,0,0,0
2002,490028,0,1,0,0,0,0,0,0,12,21,0,0
2002,490028,1,1,0,0,0,0,0,0,0,0,0,15
2002,490029,1,1,19,19,19,19,19,19,19,19,19,19
2002,490030,1,1,0,0,0,0,0,0,0,0,0,0
2002,490030,2,1,0,0,0,0,0,0,0,0,0,0
2002,490030,3,1,0,0,0,0,0,0,0,0,0,0
2002,490031,0,1,0,0,0,0,0,0,0,0,0,0
2002,490031,1,1,3,3,3,3,3,3,3,3,3,3
2002,490032,1,1,0,0,0,0,0,0,0,0,0,0
2002,490032,2,1,0,0,0,0,0,0,0,0,0,0
2002,490033,1,1,5,5,5,5,5,5,5,5,5,5
2002,490034,1,1,0,0,0,0,0,0,0,0,0,0
2002,490035,1,1,4,4,4,4,4,4,4,4,4,4
2002,490036,1,1,0,0,0,0,0,0,0,0,0,0
2002,490036,2,1,0,0,0,0,0,0,0,0,0,0
2002,490036,3,1,0,0,0,0,0,0,0,0,0,0
2002,490037,1,1,0,0,0,0,0,0,0,0,0,0
2002,490038,1,1,0,0,0,0,0,0,0,0,0,0
2002,490038,2,1,0,0,0,0,0,0,0,0,0,0
2002,490039,1,1,0,0,0,0,0,0,0,0,0,0
2002,490039,2,1,0,0,0,0,0,0,0,0,0,0
2002,490040,1,1,0,0,0,0,0,0,0,0,0,0
2002,490041,1,1,0,0,0,0,0,0,25,0,0,23
2002,490042,1,1,0,0,0,0,0,0,0,0,0,0
2002,490043,1,1,0,0,0,0,0,0,18,0,0,0
2002,490044,1,1,0,0,0,0,0,0,0,0,0,0
2002,490045,1,1,0,0,0,0,0,0,0,0,0,0
2002,490046,1,1,0,0,0,0,0,0,0,0,0,0
2002,490046,2,1,0,0,0,0,0,0,0,0,0,0
2002,490047,1,1,0,0,0,0,0,0,0,0,0,0
2002,490048,1,1,0,0,0,0,0,0,0,0,0,0
2002,490049,1,1,0,0,0,0,0,0,0,0,0,0
2002,490049,2,1,0,0,0,0,0,0,0,0,0,0
2002,490050,1,1,0,0,0,0,0,0,0,0,0,0
2002,490051,1,1,0,0,0,0,0,0,0,0,0,0
2002,490052,1,1,0,0,0,0,0,0,0,0,0,0
2002,490053,1,1,0,0,0,0,0,0,0,0,0,0
2002,490053,2,1,0,0,0,0,0,0,0,0,0,0
2002,490054,1,1,0,0,0,0,0,0,0,0,0,0
2002,490055,0,1,0,0,0,0,0,0,0,0,0,0
2002,490055,1,1,0,0,0,0,0,0,0,0,0,0
2002,490056,1,1,0,0,18,0,0,0,0,0,0,0
2002,490057,1,1,0,0,0,0,0,0,0,0,0,0
2002,490057,2,1,0,0,0,0,0,0,0,0,0,0
2002,490058,1,1,18,18,18,18,18,18,18,18,18,18
2002,490059,1,1,0,0,0,0,0,0,0,0,0,0
2002,490059,2,1,0,0,0,0,0,0,0,0,0,0
2002,490059,3,1,0,0,0,0,0,0,14,0,0,0
2002,490060,1,1,0,0,0,0,0,0,0,0,0,0
2002,490061,1,1,15,15,15,15,15,15,15,15,15,15
2002,490062,1,1,0,0,0,0,0,0,0,0,0,0
2002,490062,2,1,0,0,0,0,0,0,0,0,0,0
2002,490063,1,1,27,27,27,27,27,27,27,27,27,27
2002,490064,1,1,0,0,0,0,0,0,0,0,0,0
2002,490064,2,1,0,0,0,0,0,0,0,0,0,0
2002,490065,1,1,9,9,9,9,9,9,9,9,9,9
2002,490066,1,1,0,0,18,0,3,14,0,0,0,10
2002,490067,1,1,28,0,0,0,0,0,0,0,0,0
2002,490068,1,1,0,0,0,0,0,0,0,0,0,0
2002,490069,1,1,0,0,0,0,0,0,0,0,0,0
2002,490070,0,1,0,0,38,0,0,0,0,0,0,31
2002,490070,1,1,0,0,0,19,0,0,0,21,0,0
2002,490071,1,1,0,0,0,0,0,0,0,0,0,0
2002,490071,2,1,0,0,0,0,0,0,0,0,0,0
2002,490072,0,1,0,0,0,0,0,0,0,0,0,0
2002,490072,1,1,0,0,0,0,0,0,0,0,0,0
2002,490073,1,1,14,14,14,14,14,14,14,14,14,14
2002,490074,1,1,16,16,16,16,16,16,16,16,16,16
2002,490075,1,1,0,0,0,31,0,0,12,21,0,0
2002,490076,1,1,14,14,14,14,14,14,14,14,14,14
2002,490077,1,1,0,0,0,0,0,0,8,0,0,0
2002,490077,2,1,0,0,0,0,0,0,19,0,0,0
2002,490078,1,1,0,0,0,0,0,0,0,0,0,0
2002,490079,1,1,0,0,0,0,0,0,0,0,21,0
2002,490080,1,1,24,24,24,24,24,24,24,24,24,24
2002,490081,1,1,0,0,0,0,0,0,0,0,0,0
2002,490082,1,1,0,0,7,0,0,0,0,0,0,0
2002,490083,1,1,0,0,0,0,0,0,0,0,0,0
2002,490083,2,1,0,0,0,0,0,0,0,0,0,0
2002,490083,3,1,0,0,0,0,0,0,0,0,0,0
2002,490084,0,1,10,0,0,0,0,0,28,0,0,0
2002,490084,1,1,0,0,0,0,0,0,0,0,11,0
2002,490085,1,1,0,0,0,0,0,0,0,0,0,0
2002,490086,1,1,0,0,0,0,0,0,0,0,0,0
2002,490087,1,1,0,0,0,0,0,0,0,0,0,0
2002,490088,1,1,0,0,0,0,0,0,0,0,0,0
2002,490089,1,1,0,0,0,0,0,0,0,0,0,0
2002,490090,1,1,15,15,15,15,15,15,15,15,15,15
2002,490091,1,1,8,8,8,8,8,8,8,8,8,8
2002,490092,1,1,0,0,0,0,0,0,0,0,0,0
2002,490093,0,1,0,0,0,0,0,0,0,0,0,0
2002,490093,1,1,0,0,0,0,0,0,0,0,0,0
2002,490094,1,1,0,0,0,0,0,0,0,0,0,0
2002,490094,2,1,0,0,0,0,0,26,0,0,5,19
2002,490094,3,1,0,10,0,0,15,0,6,31,10,0
2002,490095,1,1,0,0,0,0,0,0,0,0,0,0
2002,490095,2,1,0,0,0,0,0,0,0,12,0,0
2002,490096,1,1,12,12,12,12,12,12,12,12,12,12
2002,490096,2,1,0,0,0,0,0,0,0,0,0,0
2002,490097,1,1,0,0,0,0,0,0,0,0,0,0
2002,490097,2,1,0,0,0,0,0,0,22,0,0,0
2002,490098,1,1,0,0,0,0,0,0,0,0,0,0
2002,490098,2,1,0,0,0,0,0,0,0,0,0,0
2002,490099,1,1,0,0,0,0,0,0,0,0,0,0
2002,490099,2,1,0,0,0,0,0,0,0,0,0,0
2002,490100,1,1,0,0,0,0,0,0,0,0,0,0
2002,490101,1,1,0,0,0,0,0,0,0,0,0,0
2002,490101,2,1,0,0,0,0,0,0,0,0,0,0
2002,490101,3,1,0,0,0,0,0,0,0,39,0,0
2002,490101,4,1,0,0,0,0,0,0,0,0,0,0
2002,490101,5,1,0,0,0,0,0,0,0,0,0,0
2002,490101,6,1,0,0,0,0,0,0,0,0,0,0
2002,490101,7,1,0,0,0,0,0,0,0,0,0,13
2002,490102,0,1,0,0,0,0,0,0,0,0,0,0
2002,490102,0,2,0,0,0,0,0,0,0,0,0,0
2002,490102,1,1,0,0,0,0,0,0,0,0,0,0
2002,490103,1,1,6,0,0,0,0,0,0,0,0,0
2002,490103,2,1,0,0,0,0,0,0,0,0,0,0
2002,490104,1,1,0,0,0,0,0,0,0,0,0,0
2002,490104,2,1,0,0,0,0,0,0,0,0,0,0
2002,490105,1,1,0,0,0,0,0,0,0,0,0,0
2002,490105,2,1,0,0,0,0,0,0,15,0,0,0
2002,490106,1,1,0,0,0,0,0,0,0,0,0,0
2002,490107,1,1,0,0,0,0,0,0,0,0,0,0
2002,490108,1,1,0,0,0,0,0,0,0,0,0,0
2002,490109,0,1,0,0,0,0,0,0,0,0,0,0
2002,490109,1,1,0,0,0,0,0,0,0,0,0,0
2002,490110,1,1,0,0,0,0,0,0,0,0,0,0
2002,490111,0,1,0,0,0,0,0,0,0,0,0,0
2002,490111,1,1,16,0,0,0,0,0,0,0,0,21
2002,490112,0,1,0,0,0,0,0,0,0,0,0,0
2002,490112,1,1,0,0,0,0,0,0,0,0,0,0
2002,490113,0,1,0,0,6,0,0,0,23,0,0,0
2002,490113,1,1,0,0,0,0,0,0,0,0,0,0
2002,490114,1,1,0,0,0,0,0,0,0,0,0,0
2002,490114,2,1,0,0,0,0,0,0,0,0,0,0
2002,490115,1,1,0,20,14,0,0,0,0,22,0,0
2002,490116,1,1,0,0,0,0,0,0,0,0,0,0
2002,490117,1,1,0,0,0,0,0,0,0,0,0,0
2002,490118,1,1,0,0,0,0,0,0,0,0,0,19
2002,490119,1,1,0,0,0,0,0,0,0,0,0,0
2002,490120,1,1,0,0,0,0,0,0,0,7,0,0
2002,490121,1,1,0,0,0,0,0,0,0,0,0,0
2002,490122,1,1,0,0,0,0,0,0,0,0,0,0
2002,490123,1,1,12,12,12,12,12,12,12,12,12,12
2002,490124,1,1,0,0,0,0,0,0,0,0,0,0
2002,490125,1,1,0,0,0,0,0,0,0,0,0,0
2002,490126,1,1,11,11,11,11,11,11,11,11,11,11
2002,490126,2,1,0,0,0,0,0,0,0,0,0,0
2002,490127,1,1,0,0,0,0,0,0,0,0,0,0
2002,490128,1,1,0,0,0,0,0,0,0,0,0,0
2002,490128,2,1,0,0,0,0,0,0,0,0,0,0
2002,490129,1,1,0,0,0,0,0,0,0,0,0,0
2002,490129,2,1,0,0,0,10,0,0,0,0,0,0
2002,490130,0,1,0,0,0,0,0,0,0,0,0,0
2002,490130,1,1,0,0,0,0,0,0,0,0,0,0
2002,490131,1,1,0,0,0,0,0,0,0,0,0,0
2002,490131,2,1,0,0,0,0,0,0,0,0,0,0
2002,490131,3,1,0,0,0,0,0,0,0,0,0,0
2002,490132,1,1,0,0,0,0,0,0,0,0,0,0
2002,490132,2,1,9,9,9,9,9,9,9,9,9,9
2002,490133,1,1,0,0,0,0,0,0,0,0,0,0
2002,490133,2,1,0,0,0,0,0,0,0,0,0,0
2002,490134,1,1,20,20,20,20,20,20,20,20,20,20
2002,490135,0,1,0,0,0,0,0,0,0,0,0,0
2002,490135,1,1,0,0,0,0,0,0,0,0,0,0
2002,490136,1,1,16,16,16,16,16,16,16,16,16,16
2002,490136,2,1,0,0,0,0,0,0,0,0,0,0
2002,490136,3,1,0,0,0,0,0,0,0,0,0,0
2002,490136,4,1,0,0,0,0,0,0,0,0,0,0
2002,490137,1,1,0,0,0,0,0,0,0,0,0,0
2002,490138,1,1,0,0,0,0,0,0,0,0,0,0
2002,490139,1,1,16,0,0,0,0,6,0,0,21,0
2002,490140,1,1,0,0,0,0,0,0,0,0,0,0
2002,490141,0,1,0,0,0,0,0,0,0,0,0,0
2002,490141,1,1,0,0,0,0,0,0,0,0,0,0
2002,490142,1,1,17,17,17,17,17,17,17,17,17,17
2002,490143,1,1,0,0,0,0,0,0,0,0,0,0
2002,490144,1,1,0,0,0,0,0,0,0,0,0,0
2002,490145,1,1,16,0,0,0,0,0,0,0,0,0
2002,490146,1,1,17,17,17,17,17,17,17,17,17,17
2002,490146,2,1,0,23,16,25,0,0,0,0,0,6
2002,490147,1,1,0,0,0,0,0,0,0,0,0,0
2002,490147,2,1,0,0,0,0,0,0,0,0,0,0
2002,490148,1,1,0,0,0,0,0,0,0,0,0,0
2002,490149,1,1,0,0,0,0,0,0,0,0,0,0
2002,490149,2,1,0,0,0,0,0,0,0,0,0,0
2002,490150,1,1,0,0,0,0,0,0,0,0,0,0
2002,490150,2,1,0,0,0,0,0,0,0,0,0,0
2002,490151,1,1,19,19,19,19,19,19,19,19,19,19