YEAR,ST_CASE,veh_no,per_no,P1,P2,P3,P4,P5,P6,P7,P8,P9,P10
2002,510104,1,1,0,0,0,0,0,0,0,0,0,0
2002,510105,1,1,5,5,5,5,5,5,5,5,5,5
2002,510105,2,1,0,0,0,0,0,0,0,0,0,0
2002,510106,1,1,19,19,19,19,19,19,19,19,19,19
2002,510107,1,1,0,0,0,0,0,0,0,0,0,0
2002,510108,1,1,0,14,0,0,0,0,4,0,0,0
2002,510108,2,1,0,0,0,0,7,0,0,0,0,0
2002,510109,1,1,0,0,0,0,0,0,0,0,0,0
2002,510110,1,1,18,18,18,18,18,18,18,18,18,18
2002,510110,2,1,0,0,0,12,0,5,0,0,0,0
2002,510111,0,1,0,0,0,0,0,0,0,0,0,0
2002,510111,1,1,0,0,0,0,0,0,0,0,0,0
2002,510112,1,1,10,39,0,0,0,0,0,21,0,0
2002,510112,2,1,0,0,0,0,0,0,0,0,0,0
2002,510113,1,1,11,13,6,4,25,14,3,7,14,19
2002,510114,1,1,0,18,0,0,0,0,22,0,55,20
2002,510115,1,1,14,14,14,14,14,14,14,14,14,14
2002,510115,2,1,0,0,0,15,0,15,0,0,0,0
2002,510115,3,1,0,11,0,0,0,0,0,0,0,0
2002,510115,4,1,0,0,0,0,0,0,0,0,0,0
2002,510116,1,1,0,0,0,0,0,0,0,0,0,0
2002,510116,2,1,30,30,30,30,30,30,30,30,30,30
2002,510116,3,1,0,0,0,0,0,0,0,0,0,0
2002,510116,4,1,0,0,0,0,0,0,0,0,0,0
2002,510117,1,1,0,0,0,0,0,0,0,0,0,0
2002,510117,2,1,0,0,0,0,0,0,0,0,0,0
2002,510118,1,1,8,14,0,14,14,0,11,12,0,18
2002,510119,1,1,0,0,0,0,0,0,0,0,0,0
2002,510120,1,1,0,0,0,0,0,0,0,0,0,0
2002,510121,1,1,0,0,0,0,0,0,0,0,0,0
2002,510121,2,1,0,0,0,0,0,0,0,0,0,0
2002,510121,3,1,0,0,0,0,0,0,6,0,0,0
2002,510122,1,1,0,0,12,7,8,0,9,18,27,24
2002,510123,0,1,30,28,16,18,10,34,0,0,0,35
2002,510123,1,1,0,0,0,0,0,9,0,0,0,10
2002,510124,1,1,0,0,0,0,0,0,0,0,0,0
2002,510125,1,1,20,27,21,9,16,7,0,15,20,11
2002,510126,1,1,0,0,0,0,0,0,0,0,0,0
2002,510127,0,1,0,0,0,0,0,0,0,0,0,0
2002,510127,1,1,0,0,0,0,0,0,0,0,0,0
2002,510128,1,1,18,0,0,0,0,0,0,0,0,0
2002,510128,2,1,8,8,8,8,8,8,8,8,8,8
2002,510129,1,1,0,0,0,0,0,0,0,0,0,0
2002,510130,1,1,0,0,0,0,0,0,0,0,0,0
2002,510131,1,1,17,13,0,0,7,10,10,0,0,5
2002,510131,2,1,0,0,0,0,0,0,0,0,0,0
2002,510131,3,1,8,0,0,0,0,0,0,0,0,0
2002,510132,1,1,0,0,0,0,0,0,0,0,0,0
2002,510132,2,1,0,0,0,0,0,0,0,0,0,0
2002,510133,1,1,22,12,20,0,0,8,0,0,0,0
2002,510134,1,1,0,0,0,0,0,0,0,19,13,0
2002,510135,1,1,0,13,0,0,0,0,0,0,0,0
2002,510135,2,1,0,0,0,0,0,0,0,0,0,0
2002,510136,1,1,0,0,0,0,0,0,0,0,0,0
2002,510136,2,1,0,0,0,0,0,0,0,0,0,0
2002,510137,1,1,0,0,0,0,0,0,0,0,0,0
2002,510137,2,1,0,0,0,0,0,0,0,0,0,0
2002,510137,3,1,0,0,0,0,0,0,0,0,0,0
2002,510138,1,1,0,0,0,0,0,0,0,0,0,0
2002,510139,1,1,32,32,32,32,32,32,32,32,32,32
2002,510140,1,1,16,26,16,11,24,14,25,10,9,16
2002,510141,0,1,23,23,23,23,23,23,23,23,23,23
2002,510141,1,1,0,0,0,0,0,0,0,0,0,0
2002,510142,1,1,0,0,0,0,0,0,0,0,0,0
2002,510142,2,1,0,0,0,0,0,0,0,0,0,0
2002,510142,3,1,0,0,0,0,0,0,0,0,0,0
2002,510143,1,1,2,2,2,2,2,2,2,2,2,2
2002,510143,2,1,0,0,0,0,16,24,0,0,0,0
2002,510144,1,1,18,18,18,18,18,18,18,18,18,18
2002,510145,1,1,15,1,13,6,0,18,14,6,24,8
2002,510146,1,1,23,12,25,16,25,25,21,27,10,19
2002,510147,1,1,20,0,37,16,13,19,0,16,22,8
2002,510148,1,1,12,15,9,13,20,33,8,15,14,19
2002,510149,1,1,14,0,0,0,0,0,0,0,0,15
2002,510150,1,1,20,10,9,0,12,16,16,11,17,6
2002,510150,2,1,0,0,0,0,0,0,0,28,0,0
2002,510151,1,1,0,0,0,0,0,0,0,6,0,0
2002,510151,2,1,0,0,0,0,0,0,0,0,0,0
2002,510151,3,1,0,0,0,0,0,0,0,0,0,0
2002,510151,4,1,12,0,0,0,0,0,3,0,0,0
2002,510152,1,1,0,0,0,0,0,0,0,0,0,0
2002,510152,2,1,0,22,0,0,0,0,0,27,0,0
2002,510153,1,1,16,16,16,16,16,16,16,16,16,16
2002,510153,2,1,18,22,13,25,2,25,6,25,17,25
2002,510154,1,1,0,0,0,0,0,0,0,0,0,0
2002,510154,2,1,0,0,0,0,0,0,0,0,0,0
2002,510155,0,1,0,0,0,0,0,0,0,0,0,0
2002,510155,1,1,29,17,21,29,22,10,14,8,20,11
2002,510156,1,1,0,0,0,0,0,0,0,0,0,0
2002,510156,2,1,0,0,0,0,0,0,0,0,0,0
2002,510157,1,1,17,17,17,17,17,17,17,17,17,17
2002,510158,0,1,32,32,32,32,32,32,32,32,32,32
2002,510158,1,1,0,0,0,0,0,0,0,16,0,0
2002,510159,1,1,0,0,0,0,0,0,0,0,0,0
2002,510159,2,1,0,0,0,0,0,0,0,0,0,0
2002,510160,1,1,27,27,27,27,27,27,27,27,27,27
2002,510161,1,1,19,0,0,0,27,25,0,21,26,34
2002,510162,1,1,11,7,12,23,20,29,17,33,35,26
2002,510163,1,1,18,12,6,28,22,21,21,12,6,9
2002,510164,1,1,0,0,0,0,0,0,0,0,0,0
2002,510164,2,1,0,0,0,0,0,0,0,0,0,0
2002,510165,1,1,18,13,8,7,4,5,15,8,21,0
2002,510165,2,1,0,7,0,0,0,0,0,14,0,0
2002,510166,1,1,15,18,27,42,29,17,0,16,13,0
2002,510167,1,1,0,8,0,23,3,16,11,7,0,20
2002,510168,1,1,22,14,28,3,13,0,23,17,29,19
2002,510169,1,1,21,16,0,15,13,8,30,19,19,5
2002,510170,1,1,0,0,0,0,0,0,0,0,0,0
2002,510171,1,1,0,0,0,0,0,0,0,0,0,0
2002,510171,2,1,0,0,0,0,0,0,0,0,0,0
2002,510171,3,1,0,0,0,0,0,0,0,0,0,0
2002,510172,1,1,0,0,0,0,0,0,0,0,0,0
2002,510172,2,1,0,0,0,0,0,0,0,0,0,0
2002,510173,1,1,9,0,0,0,0,0,0,0,18,14
2002,510173,2,1,0,0,0,0,0,0,0,0,0,0
2002,510174,0,1,0,0,0,0,0,0,0,0,0,0
2002,510174,1,1,7,15,1,2,19,14,14,10,10,15
2002,510175,1,1,0,0,0,0,0,0,0,0,5,0
2002,510176,0,1,0,0,0,0,13,0,0,0,0,0
2002,510176,1,1,0,0,0,0,0,0,16,0,0,0
2002,510177,1,1,8,8,8,8,8,8,8,8,8,8
2002,510178,0,1,0,0,0,0,0,0,0,0,0,0
2002,510178,1,1,0,0,0,0,0,0,0,0,0,0
2002,510179,1,1,0,0,0,0,20,23,0,0,0,0
2002,510180,1,1,38,28,22,23,12,20,16,11,16,15
2002,510181,1,1,6,7,27,16,8,12,25,34,51,32
2002,510182,0,1,0,0,0,0,0,0,0,0,0,0
2002,510182,1,1,0,0,12,11,8,20,0,10,4,10
2002,510183,1,1,0,0,0,0,0,0,0,0,0,15
2002,510183,2,1,0,0,0,0,0,0,0,0,0,0
2002,510184,1,1,0,0,0,0,0,0,0,0,0,0
2002,510184,2,1,0,0,0,0,0,0,0,0,0,0
2002,510185,1,1,0,10,11,22,0,14,27,12,5,11
2002,510186,1,1,0,0,0,0,0,0,0,0,0,0
2002,510186,2,1,0,0,0,0,0,0,0,0,7,0
2002,510187,1,1,0,0,0,0,0,0,0,0,0,0
2002,510187,2,1,27,27,27,27,27,27,27,27,27,27
2002,510188,1,1,0,0,0,0,0,0,0,0,0,0
2002,510189,1,1,7,11,0,10,0,16,17,33,17,37
2002,510190,1,1,19,19,19,19,19,19,19,19,19,19
2002,510191,1,1,0,0,0,0,0,0,0,0,0,0
2002,510191,2,1,0,0,0,0,0,0,0,0,0,0
2002,510192,1,1,0,0,0,0,0,0,0,0,0,0
2002,510193,1,1,0,0,0,0,0,0,0,0,0,0
2002,510193,2,1,0,6,0,0,0,0,0,0,0,0
2002,510194,1,1,27,27,27,27,27,27,27,27,27,27
2002,510195,1,1,25,16,17,33,10,11,26,18,13,10
2002,510195,2,1,0,0,0,0,0,0,0,0,0,17
2002,510195,3,1,0,0,0,0,0,0,18,18,0,35
2002,510195,4,1,0,0,0,0,0,0,0,0,0,0
2002,510195,5,1,0,0,0,30,0,0,0,0,0,0
2002,510196,1,1,7,15,20,14,0,12,28,0,10,28
2002,510197,1,1,0,0,0,0,0,0,0,0,0,0
2002,510197,2,1,0,0,0,0,0,0,0,0,0,0
2002,510198,0,1,35,17,23,9,18,15,0,0,11,7
2002,510198,1,1,0,0,25,0,25,0,18,17,0,31
2002,510199,1,1,0,0,0,0,0,27,0,0,0,0
2002,510199,2,1,0,9,0,0,0,0,0,22,0,10
2002,510200,1,1,17,0,22,0,0,0,0,0,33,0
2002,510200,2,1,6,12,15,0,11,17,10,7,0,0
2002,510201,1,1,0,0,0,0,0,0,0,0,0,0
2002,510201,2,1,0,0,0,0,0,0,13,0,0,0
2002,510202,1,1,0,23,0,0,0,0,0,0,0,0
2002,510202,2,1,0,0,0,0,0,0,0,0,0,0
2002,510203,1,1,0,0,0,0,0,0,0,0,0,0
2002,510203,2,1,0,0,0,0,0,0,0,0,0,0
2002,510204,1,1,0,0,0,0,0,0,0,0,0,0
2002,510205,1,1,9,20,10,26,12,0,15,16,21,9
2002,510206,1,1,11,13,14,17,9,11,23,11,17,0
2002,510207,1,1,14,7,3,11,9,13,16,8,8,2
2002,510208,1,1,0,14,19,6,33,0,0,0,7,22
2002,510208,2,1,0,0,0,0,0,0,18,0,0,0
2002,510209,1,1,20,16,11,21,13,23,39,26,31,21
2002,510210,0,1,0,0,17,0,0,0,0,0,0,0
2002,510210,1,1,0,0,0,0,0,0,0,0,0,0
2002,510211,1,1,0,0,0,0,0,0,0,0,0,0
2002,510212,1,1,0,0,0,0,0,0,0,0,0,0
2002,510213,0,1,0,0,0,0,0,0,0,0,0,12
2002,510213,1,1,0,0,0,0,0,0,0,0,0,0
2002,510214,1,1,20,18,19,37,18,22,11,16,28,57
2002,510215,1,1,0,0,0,0,0,0,0,0,0,0
2002,510215,2,1,0,0,0,0,0,16,0,0,0,0
2002,510216,0,1,0,0,0,0,6,0,0,22,0,0
2002,510216,1,1,0,0,13,0,0,0,19,0,0,0
2002,510217,1,1,0,0,39,0,0,0,0,20,0,0
2002,510217,2,1,0,0,0,0,0,0,0,0,0,0
2002,510218,1,1,0,0,0,0,0,0,0,0,0,0
2002,510218,2,1,0,0,14,0,0,0,0,0,0,0
2002,510219,1,1,0,0,0,0,0,0,0,0,0,0
2002,510219,2,1,15,9,20,18,13,0,8,20,5,18
2002,510220,1,1,0,26,0,0,0,0,0,0,0,14
2002,510221,0,1,5,7,28,15,14,41,9,25,33,23
2002,510221,1,1,0,0,0,0,0,0,0,0,0,0
2002,510222,1,1,0,0,37,0,0,0,0,0,0,0
2002,510223,1,1,0,0,0,0,0,0,0,0,0,0
2002,510224,1,1,6,18,9,9,6,13,8,6,8,21
2002,510225,1,1,12,32,0,23,4,35,0,19,26,14
2002,510226,1,1,0,0,0,0,0,0,0,0,0,0
2002,510226,2,1,0,18,0,0,0,0,0,0,0,0
2002,510227,1,1,0,0,0,0,0,0,0,0,0,0
2002,510227,2,1,0,0,0,0,0,0,0,0,0,0
2002,510228,1,1,0,0,25,0,0,9,0,0,0,0
2002,510228,2,1,0,0,0,0,0,0,0,0,0,0
2002,510229,0,1,0,24,15,0,26,12,0,0,0,0
2002,510229,1,1,0,0,0,0,0,0,0,0,0,0
2002,510230,1,1,13,29,37,0,0,7,14,0,10,0
2002,510231,1,1,0,0,0,0,0,0,0,0,7,0
2002,510232,1,1,0,0,0,0,0,0,0,0,0,0
2002,510233,1,1,0,0,0,0,0,0,0,0,0,0
2002,510233,2,1,7,22,0,22,11,17,25,8,13,21
2002,510234,1,1,17,10,26,0,34,11,25,10,21,15
2002,510235,1,1,23,19,29,8,27,9,16,13,16,0
2002,510236,1,1,0,10,21,0,11,0,0,0,0,0
2002,510237,1,1,0,0,0,0,24,0,0,0,0,0
2002,510238,1,1,22,12,10,17,4,5,27,5,8,5
2002,510239,1,1,5,13,18,10,15,6,0,0,14,25
2002,510240,1,1,0,0,0,0,0,0,0,0,0,0
2002,510241,1,1,0,0,0,0,0,0,0,0,0,0
2002,510241,2,1,0,0,0,0,0,0,0,0,4,0
2002,510242,1,1,0,0,15,0,0,0,0,0,0,0
2002,510242,2,1,0,0,0,0,0,0,0,0,0,0
2002,510242,3,1,0,0,0,0,0,0,0,20,0,0
2002,510243,1,1,3,22,12,0,0,0,0,0,0,0
2002,510244,1,1,0,13,0,0,0,0,0,0,0,0
2002,510245,1,1,17,9,18,10,4,6,24,14,30,21
2002,510245,2,1,0,0,0,0,0,0,20,0,0,0
2002,510245,3,1,0,0,0,0,0,0,0,0,0,0
2002,510246,1,1,0,0,0,0,0,0,0,0,0,0
2002,510246,2,1,0,0,0,0,13,0,0,0,0,0
2002,510247,1,1,0,0,0,0,0,0,0,0,0,0
2002,510247,2,1,0,0,0,0,0,0,0,0,0,15
2002,510248,1,1,0,0,0,0,0,0,0,0,0,0
2002,510249,1,1,0,0,0,24,0,0,0,0,0,0
2002,510249,2,1,0,0,0,0,0,0,0,0,0,0
2002,510250,1,1,0,0,0,0,0,0,0,0,0,0
2002,510250,2,1,22,13,42,0,25,12,18,14,15,29
2002,510251,1,1,14,0,0,20,0,20,16,0,6,0
2002,510252,1,1,0,0,0,0,0,0,0,0,0,0
2002,510253,1,1,13,8,0,0,28,16,10,6,0,9
2002,510253,2,1,0,0,15,0,0,0,0,0,0,0
2002,510254,1,1,0,0,0,0,0,0,0,0,0,0
2002,510255,1,1,0,0,0,0,0,0,0,0,0,0
2002,510256,0,1,0,0,0,0,0,0,0,0,0,0
2002,510256,1,1,0,0,0,0,0,0,0,0,0,0
2002,510257,1,1,9,0,8,16,45,25,12,21,12,19
2002,510258,0,1,0,0,0,0,0,0,0,0,0,0
2002,510258,1,1,0,0,0,0,0,0,0,0,0,0
2002,510259,1,1,11,7,18,8,11,11,13,17,10,7
2002,510260,1,1,0,0,0,0,0,0,0,0,0,0
2002,510260,2,1,0,0,0,0,0,0,0,0,0,0
2002,510261,1,1,0,0,0,0,0,0,0,0,0,13
2002,510261,2,1,0,4,0,0,0,0,0,0,0,0
2002,510262,1,1,0,0,0,0,0,0,0,0,0,0
2002,510263,1,1,18,15,27,0,18,21,16,31,11,20
2002,510264,1,1,0,0,0,0,0,0,0,0,0,19
2002,510265,1,1,0,6,0,0,0,0,0,0,6,0
2002,510266,0,1,8,24,13,0,19,0,35,32,33,0
2002,510266,1,1,0,0,0,0,0,0,0,0,0,0
2002,510267,1,1,7,12,16,20,18,0,19,21,10,11
2002,510267,2,1,12,8,12,7,12,0,6,9,0,5
2002,510268,1,1,0,0,0,0,0,0,0,0,0,0
2002,510269,1,1,19,0,0,0,0,0,0,0,0,0
2002,510270,1,1,19,5,11,14,21,9,18,10,4,8
2002,510271,1,1,0,0,13,0,0,0,0,0,0,0
2002,510272,0,1,0,20,11,0,26,10,9,0,0,0
2002,510272,1,1,0,0,0,0,0,22,0,0,24,0
2002,510273,1,1,0,0,0,0,0,0,0,0,0,0
2002,510273,2,1,0,0,0,0,0,0,0,0,0,0
2002,510274,1,1,0,0,0,0,0,0,0,0,0,0
2002,510275,1,1,13,21,12,22,15,11,10,14,22,18
2002,510276,1,1,0,0,0,21,16,0,15,14,0,18
2002,510276,2,1,13,0,4,14,7,12,2,6,19,11
2002,510277,1,1,32,18,22,20,22,15,20,3,18,16
2002,510277,2,1,17,0,0,0,0,21,0,0,0,0
2002,510278,1,1,23,12,11,0,26,13,0,33,20,19
2002,510279,1,1,0,0,0,0,0,0,0,0,0,0
2002,510279,2,1,0,0,0,0,0,0,0,0,0,0
2002,510280,1,1,0,0,0,0,0,0,0,0,0,0
2002,510281,0,1,0,0,0,0,0,0,0,0,0,0
2002,510281,1,1,0,0,0,0,0,0,0,0,0,0
2002,510282,1,1,17,0,0,0,5,0,0,0,0,0
2002,510282,2,1,0,0,0,0,0,0,0,0,0,0
2002,510283,1,1,0,0,0,0,0,0,0,0,0,0
2002,510283,2,1,0,0,0,0,0,0,0,0,0,0
2002,510284,1,1,29,7,6,13,6,0,0,18,0,0
2002,510285,1,1,0,0,0,0,0,0,15,0,18,0
2002,510286,1,1,6,0,14,14,21,29,39,18,0,8
2002,510287,1,1,0,14,0,0,0,0,0,0,0,0
2002,510287,2,1,0,0,0,0,0,0,0,0,0,0
2002,510288,1,1,0,0,0,0,0,0,0,0,0,0
2002,510288,2,1,0,0,0,0,0,0,14,0,0,0
2002,510289,1,1,13,0,18,0,28,0,0,16,24,0
2002,510290,1,1,0,0,0,0,0,0,0,0,0,0
2002,510291,1,1,0,0,0,0,0,0,0,0,0,0
2002,510291,2,1,0,0,0,0,0,0,0,0,0,0
2002,510292,0,1,0,0,0,0,0,16,0,0,0,0
2002,510292,1,1,0,0,0,0,0,0,0,0,0,0
2002,510293,1,1,0,12,0,0,0,0,0,0,23,17
2002,510294,1,1,14,13,41,22,18,43,14,25,18,13
2002,510294,2,1,0,0,0,0,24,0,0,0,0,0
2002,510295,1,1,0,0,0,10,12,0,0,0,0,0
2002,510295,2,1,0,0,0,12,0,0,0,0,0,0
2002,510296,1,1,0,0,0,0,0,0,0,0,0,0
2002,510296,2,1,0,8,0,0,0,0,0,0,0,0
2002,510297,1,1,0,0,0,0,0,0,0,0,0,0
2002,510297,2,1,0,0,0,0,0,0,0,0,0,0
2002,510298,1,1,0,26,0,37,0,26,16,0,25,22
2002,510299,1,1,33,21,11,21,18,0,0,8,22,13
2002,510300,0,1,0,0,0,0,0,0,0,0,0,0
2002,510301,1,1,24,24,10,14,27,0,0,9,25,0
2002,510302,1,1,0,21,7,6,8,10,16,10,6,14
2002,510302,2,1,0,12,19,0,0,0,0,14,0,0
2002,510303,1,1,0,0,0,0,0,0,0,0,0,0
2002,510303,2,1,0,0,0,15,12,15,0,0,0,0
2002,510304,1,1,0,0,0,0,0,0,0,0,0,0
2002,510304,2,1,4,26,12,25,15,24,22,14,0,23
2002,510305,1,1,35,8,18,12,12,25,32,11,11,21
2002,510306,1,1,0,0,0,0,0,0,0,0,0,0
2002,510307,1,1,0,0,0,18,8,0,0,17,0,0
2002,510308,1,1,0,0,0,0,0,0,30,0,0,9
2002,510309,1,1,0,0,0,0,19,0,0,0,15,0
2002,510309,2,1,0,0,0,0,0,0,0,0,0,0
2002,510310,0,1,13,25,17,16,24,42,20,15,0,14
2002,510310,1,1,0,0,5,0,0,0,0,0,0,14
2002,510311,1,1,0,0,0,0,0,0,0,0,0,0
2002,510312,1,1,16,0,14,32,26,26,0,23,19,0
2002,510313,1,1,0,0,0,0,0,0,0,4,13,0
2002,510314,1,1,0,0,0,0,0,0,0,0,0,0
2002,510315,1,1,11,13,11,20,17,13,17,29,12,11
2002,510315,2,1,0,0,0,0,0,0,0,0,0,0
2002,510316,1,1,34,14,19,14,19,27,23,19,8,28
2002,510316,2,1,0,16,0,0,0,0,0,0,0,0
2002,510317,1,1,6,15,7,7,24,8,6,15,5,11
2002,510317,2,1,0,0,0,7,0,0,0,0,0,0
2002,510317,3,1,7,0,0,0,0,23,0,0,26,0
2002,510318,1,1,0,0,0,0,0,0,0,0,0,0
2002,510318,2,1,0,0,0,7,0,0,0,14,0,0
2002,510319,1,1,27,21,12,21,15,11,19,8,9,10
2002,510320,1,1,0,0,0,2,0,7,0,23,0,0
2002,510321,1,1,8,22,9,7,20,21,11,17,11,27
2002,510322,1,1,0,0,0,0,0,0,0,0,0,0
2002,510322,2,1,0,0,0,0,0,0,0,0,0,0
2002,510323,1,1,0,0,0,0,0,0,0,8,0,0
2002,510324,1,1,0,0,0,0,0,0,0,0,0,0
2002,510325,1,1,0,0,0,0,12,0,11,22,0,0
2002,510326,1,2,24,23,13,7,28,0,0,7,0,19
2002,510327,1,1,0,0,0,0,24,0,38,0,0,6
2002,510328,1,1,17,21,17,21,9,34,26,3,26,34
2002,510329,1,1,0,0,0,0,0,0,0,0,0,0
2002,510330,1,1,0,0,0,0,0,0,0,0,0,0
2002,510330,2,1,0,0,0,0,0,0,0,0,0,0
2002,510331,1,1,0,0,21,0,0,0,0,9,0,6
2002,510331,2,1,0,0,14,7,10,0,5,0,11,0
2002,510332,0,1,10,0,0,26,22,0,13,24,0,31
2002,510332,0,2,0,0,0,4,0,19,0,45,0,18
2002,510332,0,3,19,0,15,16,12,0,26,0,22,25
2002,510332,1,1,0,0,0,0,0,0,0,0,0,0
2002,510332,2,1,0,0,0,0,20,0,0,0,0,0
2002,510333,0,1,0,0,0,14,0,0,0,16,20,0
2002,510333,0,2,0,0,0,0,0,0,0,0,0,0
2002,510333,0,3,0,25,7,0,0,0,0,0,8,0
2002,510333,1,1,0,0,0,28,0,0,0,0,0,0
2002,510334,0,1,0,0,0,0,0,0,0,0,0,0
2002,510334,1,1,0,0,0,0,0,0,0,0,0,0
2002,510335,1,1,0,0,0,0,0,0,0,0,0,0
2002,510336,1,1,20,0,18,14,0,23,17,4,13,12
2002,510337,1,1,3,12,18,24,0,20,0,0,0,4
2002,510338,1,1,6,12,4,5,14,17,12,19,16,18
2002,510339,1,1,0,0,0,0,0,0,0,0,0,0
2002,510339,2,1,29,0,0,0,0,0,0,0,0,0
2002,510340,1,1,0,0,2,0,0,11,0,0,0,9
2002,510340,2,1,22,22,22,22,22,22,22,22,22,22
2002,510341,1,1,0,0,0,0,9,9,0,0,0,0
2002,510341,2,1,0,0,0,0,0,0,0,0,0,0
2002,510342,1,1,0,0,0,0,0,0,0,0,0,0
2002,510342,2,1,0,0,0,0,0,0,0,14,0,0
2002,510342,3,1,0,0,0,0,0,0,0,0,0,0
2002,510342,4,1,0,0,0,0,0,0,0,0,0,0
2002,510343,1,1,0,0,0,0,0,0,0,0,0,0
2002,510343,2,1,0,0,0,0,0,0,0,0,0,0
2002,510344,1,1,9,30,16,15,25,12,20,15,42,23
2002,510345,1,1,32,0,23,8,20,16,30,11,20,19
2002,510346,1,1,0,0,19,0,0,0,0,15,0,19
2002,510347,1,1,16,19,10,0,7,16,23,18,9,4
2002,510348,1,1,0,0,0,0,17,0,0,0,0,0
2002,510348,2,1,0,0,0,0,0,0,0,0,0,0
2002,510349,1,1,0,14,0,0,0,0,0,0,0,0
2002,510350,1,1,16,26,9,23,9,32,8,14,24,26
2002,510351,0,1,47,24,17,17,44,10,42,26,15,23
2002,510351,1,1,3,15,4,14,11,18,10,9,14,24
2002,510352,1,1,21,24,10,15,23,7,32,21,13,9
2002,510353,1,1,23,0,0,0,0,2,0,0,0,0
2002,510354,1,1,0,0,0,0,0,0,0,0,4,0
2002,510355,1,1,7,9,17,5,8,19,18,0,12,16
2002,510356,1,1,0,0,0,0,0,0,0,0,0,0
2002,510356,2,1,21,0,0,0,0,0,0,0,0,5
2002,510357,1,1,29,16,0,20,25,19,29,27,21,19
2002,510358,1,1,0,0,13,16,0,16,0,4,25,0
2002,510358,2,1,19,13,0,13,3,16,20,11,23,14
2002,510359,1,1,0,0,0,0,0,0,0,0,0,0
2002,510359,2,1,0,0,0,0,0,0,0,0,0,0
2002,510360,1,1,0,9,5,0,0,14,27,0,0,0
2002,510361,1,1,0,25,0,0,0,0,0,0,0,0
2002,510362,1,1,9,7,12,5,6,16,8,7,10,26
2002,510363,1,1,12,0,19,0,10,0,24,0,0,0
2002,510364,1,1,0,0,0,0,0,0,0,0,0,0
2002,510364,2,1,0,0,0,0,0,0,0,0,0,0
2002,510365,1,1,19,0,31,19,0,8,18,0,16,20
2002,510366,1,1,0,0,0,0,0,0,0,0,0,0
2002,510366,2,1,0,0,0,0,0,0,0,0,0,0
2002,510367,1,1,9,6,7,17,17,11,17,9,7,19
2002,510368,1,1,3,0,0,0,0,0,13,0,14,0
2002,510368,2,1,0,0,0,0,0,0,0,0,0,0
2002,510369,1,1,27,20,7,7,21,3,24,12,5,0
2002,510370,0,1,20,27,32,11,15,14,13,38,12,17
2002,510370,1,1,0,0,0,0,0,5,0,0,0,0
2002,510371,1,1,0,0,0,0,0,0,0,0,0,0
2002,510371,2,1,0,0,0,0,26,0,15,0,0,9
2002,510372,1,1,0,0,0,0,0,0,0,0,0,0
2002,510373,1,1,21,16,24,19,17,12,7,14,13,21
2002,510373,2,1,24,18,0,31,26,12,0,20,31,31
2002,510374,1,1,5,0,0,0,0,0,0,0,0,0
2002,510374,2,1,0,0,0,0,0,0,0,0,0,0
2002,510375,1,1,19,0,0,0,0,0,0,0,0,0
2002,510375,2,1,0,0,0,0,0,0,0,0,0,0
2002,510376,1,1,0,12,0,0,0,0,0,7,0,0
2002,510377,0,1,12,0,14,0,0,0,28,0,4,0
2002,510377,1,1,0,0,0,0,0,0,0,0,0,0
2002,510378,1,1,0,0,0,0,0,0,0,0,0,0
2002,510379,1,1,0,0,0,0,0,0,0,0,0,0
2002,510380,1,1,0,0,0,0,0,0,0,0,0,0
2002,510380,2,1,0,0,0,0,0,0,0,0,28,0
2002,510381,1,1,10,13,18,11,17,19,10,14,15,9
2002,510381,2,1,9,0,6,19,22,14,0,0,17,26
2002,510382,1,1,29,13,0,0,0,35,17,31,19,15
2002,510383,1,1,16,9,0,8,23,16,18,25,13,9
2002,510384,1,1,0,0,0,0,0,0,0,0,0,0
2002,510384,2,1,0,0,0,0,0,0,0,0,0,0
2002,510385,1,1,22,24,21,18,14,22,9,21,20,16
2002,510385,2,1,0,17,6,0,0,2,0,0,15,0
2002,510385,3,1,0,0,0,0,0,0,0,0,0,0
2002,510386,1,1,0,0,0,0,0,0,0,0,0,0
2002,510386,2,1,0,0,0,0,0,0,0,0,0,0
2002,510387,0,1,0,17,14,17,19,22,21,39,8,34
2002,510387,1,1,10,0,0,0,0,0,0,12,0,0
2002,510388,1,1,0,0,0,0,0,0,0,0,0,0
2002,510389,0,1,0,9,0,33,25,26,7,18,20,6
2002,510389,1,1,0,12,8,12,0,31,24,20,31,23
2002,510390,1,1,13,22,12,0,8,16,15,3,0,8
2002,510391,1,1,0,0,0,0,0,0,0,0,0,0
2002,510392,0,1,15,28,16,39,27,19,9,22,12,32
2002,510392,1,1,0,0,0,0,0,0,0,0,0,0
2002,510393,1,1,19,19,19,19,19,19,19,19,19,19
2002,510393,2,1,10,5,18,32,10,13,0,0,0,0
2002,510394,1,1,0,0,0,0,0,0,0,0,0,0
2002,510395,1,1,6,22,6,13,11,12,21,19,21,3
2002,510395,2,1,0,0,23,0,9,0,0,19,0,0