YEAR,ST_CASE,veh_no,per_no,P1,P2,P3,P4,P5,P6,P7,P8,P9,P10
2002,510396,1,1,21,8,14,14,9,11,9,15,7,10
2002,510397,1,1,0,0,0,0,0,0,0,0,0,0
2002,510397,2,1,0,0,0,9,0,0,0,32,0,0
2002,510398,1,1,0,0,0,0,0,0,0,0,0,0
2002,510398,2,1,0,0,0,0,0,0,0,0,0,0
2002,510399,1,1,15,17,21,25,9,16,7,14,26,29
2002,510400,1,1,0,0,0,0,0,0,0,0,0,0
2002,510401,1,1,0,0,0,0,0,0,0,0,0,0
2002,510401,2,1,0,7,0,0,0,0,0,0,0,0
2002,510401,3,1,0,0,0,0,0,0,0,0,0,0
2002,510402,0,1,48,0,25,0,0,0,0,0,0,0
2002,510402,1,1,0,0,0,0,0,0,18,0,0,0
2002,510403,1,1,11,0,18,15,17,15,10,22,18,0
2002,510404,1,1,0,0,0,17,0,0,0,0,0,0
2002,510405,1,1,25,35,21,19,19,22,28,12,19,13
2002,510406,1,1,11,0,32,0,25,16,15,19,16,10
2002,510406,2,1,0,2,0,0,16,0,0,0,0,0
2002,510407,1,1,0,0,9,0,0,0,0,0,14,21
2002,510408,1,1,0,3,0,3,0,0,0,0,19,0
2002,510408,2,1,0,0,15,0,4,0,0,15,0,9
2002,510409,1,1,14,16,13,8,27,19,19,9,27,17
2002,510410,1,1,0,0,0,0,0,0,0,0,0,0
2002,510411,1,1,0,0,0,0,0,0,0,0,0,0
2002,510411,2,1,0,0,0,0,0,0,0,0,0,0
2002,510412,1,1,0,6,16,5,0,13,22,10,6,31
2002,510413,1,1,0,0,0,0,0,0,0,0,0,0
2002,510414,1,1,32,18,0,0,25,32,0,0,23,0
2002,510415,1,1,0,0,0,0,0,0,0,0,0,0
2002,510416,1,1,0,0,0,0,0,0,0,0,0,0
2002,510416,2,1,0,0,0,0,0,0,0,0,0,0
2002,510417,1,1,10,12,24,30,0,9,15,28,12,16
2002,510418,1,1,18,9,22,21,13,8,16,19,32,10
2002,510419,1,1,21,19,19,22,0,27,19,18,22,7
2002,510420,1,1,15,14,18,18,31,8,12,30,19,21
2002,510421,1,1,19,34,11,32,16,13,11,27,10,12
2002,510422,1,1,0,15,0,8,9,4,14,14,0,5
2002,510423,1,1,0,0,0,0,0,0,0,0,0,0
2002,510423,2,1,0,0,0,0,0,0,0,0,0,0
2002,510424,1,1,0,0,0,0,0,0,0,0,0,0
2002,510424,2,1,0,0,0,0,0,0,0,0,0,0
2002,510425,0,1,24,0,6,12,0,17,0,0,0,0
2002,510425,1,1,0,0,0,0,0,21,9,0,0,0
2002,510426,1,1,11,10,12,17,22,14,18,20,19,12
2002,510427,1,1,0,0,0,0,0,17,0,0,0,0
2002,510427,2,1,13,0,0,0,11,12,6,0,0,0
2002,510428,1,1,0,0,0,0,0,0,0,0,0,0
2002,510429,1,1,0,0,0,12,0,0,0,0,0,16
2002,510430,1,1,11,12,14,5,16,17,14,17,12,13
2002,510431,1,1,20,21,32,13,28,17,23,12,14,31
2002,510432,1,1,0,0,0,0,0,0,0,0,0,0
2002,510432,2,1,0,0,0,0,0,0,0,0,0,0
2002,510433,1,1,7,5,17,20,16,23,8,12,22,19
2002,510434,0,1,0,0,0,0,11,0,0,0,0,0
2002,510434,1,1,0,0,0,0,0,0,0,0,0,0
2002,510435,1,1,0,0,0,0,0,0,0,0,0,0
2002,510435,2,1,20,0,0,0,0,0,0,0,0,0
2002,510436,1,1,0,0,0,37,0,9,0,13,0,0
2002,510437,1,1,0,0,0,0,0,0,0,0,0,0
2002,510437,2,1,0,0,0,0,0,0,0,0,0,0
2002,510438,1,1,0,15,13,0,18,13,11,8,0,25
2002,510439,1,1,8,10,23,41,30,25,18,37,19,0
2002,510440,1,1,11,23,16,0,23,22,27,28,14,16
2002,510441,1,1,0,0,0,0,0,0,0,0,0,14
2002,510441,2,1,0,15,0,13,0,0,0,0,0,13
2002,510442,1,1,0,0,0,0,0,18,0,0,22,0
2002,510442,2,1,20,37,17,21,15,14,23,7,0,20
2002,510443,1,1,9,13,29,11,21,12,36,25,16,13
2002,510443,2,2,0,0,15,23,0,0,0,0,0,0
2002,510444,1,1,12,0,0,0,0,0,0,0,0,0
2002,510445,1,1,0,0,0,0,0,14,0,0,0,0
2002,510446,1,1,18,15,18,12,46,14,14,15,21,9
2002,510447,1,1,18,0,0,22,0,0,0,0,7,0
2002,510448,1,1,0,0,0,0,0,0,0,0,0,0
2002,510448,2,1,0,0,0,0,0,6,0,0,0,0
2002,510449,1,1,14,9,20,16,0,10,21,4,16,21
2002,510450,1,1,0,0,0,0,0,0,0,0,0,0
2002,510450,2,1,0,0,0,0,0,0,0,0,0,0
2002,510451,1,1,0,0,0,0,0,0,0,0,0,0
2002,510452,1,2,11,0,0,17,0,0,14,12,7,0
2002,510453,1,1,0,0,0,0,0,0,0,0,0,0
2002,510454,1,1,24,0,0,0,0,0,0,0,0,0
2002,510454,2,1,0,0,0,0,0,0,0,0,0,0
2002,510455,1,1,0,0,0,0,0,0,0,0,0,0
2002,510455,2,1,0,0,0,0,0,0,0,0,0,15
2002,510456,1,1,0,0,0,0,0,0,0,0,0,0
2002,510456,2,1,0,0,0,0,0,0,0,0,0,0
2002,510457,0,1,0,0,0,0,0,0,0,0,0,0
2002,510457,1,1,0,0,0,0,0,0,0,0,0,0
2002,510458,0,1,0,0,0,0,0,0,0,0,0,0
2002,510458,1,1,0,0,0,0,0,0,0,0,0,0
2002,510459,1,1,18,0,0,0,0,0,0,0,0,0
2002,510460,1,1,0,0,0,0,0,0,0,0,0,0
2002,510461,1,1,0,35,0,0,0,26,0,0,0,0
2002,510462,0,1,22,35,37,0,0,26,0,0,13,25
2002,510462,1,1,16,0,7,10,9,30,15,12,11,13
2002,510463,1,1,11,10,15,11,12,28,15,3,4,8
2002,510464,1,1,0,0,0,0,0,0,0,0,0,0
2002,510465,1,1,0,0,0,13,0,0,0,0,0,0
2002,510465,2,1,0,0,0,0,0,0,0,0,0,0
2002,510466,1,1,0,0,0,0,0,0,0,0,0,0
2002,510466,2,1,0,0,0,8,0,0,0,0,0,0
2002,510466,3,1,0,0,0,0,0,0,0,0,0,0
2002,510467,0,1,0,0,0,0,0,0,0,0,0,0
2002,510467,1,1,10,0,0,0,0,0,0,17,0,0
2002,510468,1,1,0,0,0,0,0,0,0,0,0,0
2002,510468,2,1,0,0,8,0,0,0,0,0,0,0
2002,510469,1,1,19,28,0,11,0,15,28,4,14,4
2002,510470,1,1,0,13,14,0,8,0,24,32,1,0
2002,510471,1,1,9,20,19,29,14,13,10,11,10,21
2002,510472,1,1,0,0,7,14,0,16,0,0,15,0
2002,510473,1,1,0,0,0,0,0,0,0,0,0,0
2002,510474,1,1,16,0,0,0,0,0,0,0,0,0
2002,510474,2,1,0,0,0,0,0,0,0,0,0,0
2002,510475,1,1,0,0,0,0,0,0,0,0,0,0
2002,510476,0,1,11,0,0,0,16,0,0,0,0,0
2002,510476,1,1,0,0,0,0,0,0,0,0,0,0
2002,510477,1,1,15,12,29,0,0,26,28,0,0,0
2002,510478,1,1,17,17,18,25,18,11,13,15,20,23
2002,510478,2,1,0,0,0,15,0,0,0,0,0,0
2002,510479,1,1,0,0,0,0,0,0,0,0,0,0
2002,510479,2,1,0,25,0,0,0,0,0,0,0,0
2002,510480,1,1,0,0,0,0,0,0,0,0,0,0
2002,510480,2,1,0,0,0,8,5,15,0,0,0,0
2002,510481,1,1,0,0,0,0,0,0,0,0,0,0
2002,510481,2,1,0,0,0,0,0,0,0,0,11,0
2002,510482,1,1,23,17,9,0,25,25,13,31,29,25
2002,510483,1,1,0,25,21,18,17,18,16,0,0,24
2002,510484,1,1,0,0,21,12,0,0,0,33,35,15
2002,510485,1,1,7,12,22,45,0,9,7,0,12,0
2002,510486,1,1,10,20,19,0,0,0,15,16,0,0
2002,510487,1,1,0,0,0,0,0,0,0,0,0,0
2002,510487,2,1,0,0,0,0,0,0,0,0,0,0
2002,510488,1,1,0,27,12,25,0,15,0,0,0,0
2002,510489,1,1,0,0,0,0,0,0,11,0,0,0
2002,510490,1,1,0,0,0,0,0,0,0,0,0,0
2002,510491,1,1,0,0,0,0,0,0,0,0,0,0
2002,510491,2,1,0,0,0,0,0,0,0,0,0,5
2002,510492,1,1,0,0,0,0,0,0,0,0,0,16
2002,510493,1,1,0,0,0,0,20,0,0,0,0,0
2002,510493,2,1,0,0,0,8,0,0,0,0,0,0
2002,510494,1,1,0,0,0,0,0,0,0,0,0,0
2002,510495,1,1,23,11,13,5,15,26,14,16,21,11
2002,510496,0,1,0,0,0,0,0,0,0,0,0,0
2002,510496,1,1,0,0,0,0,0,0,0,0,0,0
2002,510497,1,1,0,0,0,0,0,0,0,0,0,0
2002,510498,1,1,0,0,0,0,0,0,0,0,0,0
2002,510498,2,1,0,9,20,0,0,4,0,5,6,0
2002,510499,1,1,0,0,7,0,0,0,0,0,0,0
2002,510500,1,1,0,0,0,0,0,0,0,0,0,0
2002,510500,2,1,14,13,28,32,19,0,27,10,0,0
2002,510501,1,1,0,0,0,0,0,0,0,0,0,0
2002,510502,1,1,12,18,17,0,11,29,27,14,15,32
2002,510503,1,1,0,0,0,0,0,0,0,0,0,0
2002,510503,2,1,20,0,14,13,0,0,6,6,21,17
2002,510504,1,1,0,33,0,0,13,0,0,27,0,19
2002,510505,1,1,25,11,11,20,8,12,16,13,16,23
2002,510506,0,1,0,0,0,0,0,0,0,0,0,0
2002,510506,1,1,0,0,0,0,0,0,12,0,0,2
2002,510507,1,1,0,0,0,0,0,0,0,0,0,0
2002,510507,2,1,0,0,0,0,0,0,0,0,0,0
2002,510508,1,1,17,10,19,12,23,7,14,38,25,25
2002,510509,1,1,0,0,13,0,0,0,0,0,0,0
2002,510509,2,1,0,0,0,0,0,13,0,0,0,0
2002,510510,1,1,16,0,19,0,0,0,31,44,0,0
2002,510511,1,1,0,0,0,0,0,0,0,0,0,0
2002,510512,0,1,0,0,0,0,0,0,0,0,0,0
2002,510512,1,1,0,0,0,0,0,0,0,0,0,0
2002,510513,1,1,0,0,0,0,5,16,0,0,0,0
2002,510514,1,1,12,12,16,8,3,14,7,0,0,12
2002,510515,1,1,0,0,4,0,0,0,0,0,0,0
2002,510515,2,1,0,0,0,0,0,0,0,0,0,0
2002,510516,1,1,0,0,0,0,0,0,0,0,0,0
2002,510517,0,1,11,0,23,19,0,12,0,0,21,42
2002,510517,1,1,0,0,0,0,7,0,0,11,0,0
2002,510518,1,1,0,0,0,0,0,0,0,0,15,0
2002,510518,2,1,0,0,0,0,0,0,0,0,0,0
2002,510519,1,1,6,19,27,27,37,21,4,21,13,15
2002,510519,2,1,0,0,26,0,15,0,0,0,0,0
2002,510520,1,1,0,0,0,58,31,0,0,0,0,0
2002,510521,1,1,7,0,28,9,0,25,0,0,0,0
2002,510521,2,1,0,0,0,0,0,0,0,0,13,0
2002,510522,1,1,0,0,0,0,0,0,0,0,0,0
2002,510522,2,1,0,0,0,0,0,0,0,0,0,0
2002,510522,3,1,0,0,0,0,0,0,0,0,0,0
2002,510522,4,1,0,0,0,0,0,0,0,0,0,0
2002,510522,5,1,0,0,0,0,0,0,0,0,0,0
2002,510522,6,1,0,0,0,0,0,0,0,0,0,12
2002,510522,7,1,0,0,0,0,0,14,0,0,10,0
2002,510522,8,1,0,0,0,0,0,0,0,29,6,0
2002,510522,9,1,0,0,0,0,0,0,0,0,0,0
2002,510523,1,1,0,0,0,0,0,0,0,0,0,0
2002,510524,1,1,0,0,0,0,0,0,0,0,0,0
2002,510525,1,1,0,0,9,0,0,0,0,0,0,0
2002,510525,2,1,0,0,0,0,0,0,0,0,0,0
2002,510526,0,1,0,0,0,0,0,0,0,0,0,0
2002,510526,1,1,0,0,0,0,0,11,0,9,0,0
2002,510527,1,1,0,0,0,0,0,0,0,0,0,0
2002,510527,2,1,0,0,0,0,0,0,0,0,0,0
2002,510528,1,1,0,0,0,0,0,0,0,0,0,0
2002,510528,2,1,0,0,0,0,0,3,5,0,0,0
2002,510529,1,1,20,0,15,8,12,4,15,15,15,0
2002,510530,1,1,23,22,0,14,14,16,12,21,0,10
2002,510530,2,1,0,0,23,22,0,0,0,0,0,0
2002,510531,1,1,0,0,0,0,0,0,0,0,0,0
2002,510531,2,1,0,0,0,0,0,0,0,0,7,0
2002,510532,1,1,0,0,0,0,0,0,0,0,0,0
2002,510532,2,1,0,0,0,0,0,0,0,15,31,0
2002,510534,1,1,5,5,5,5,5,5,5,5,5,5
2002,510535,1,1,0,0,0,0,0,0,0,0,0,0
2002,510536,1,1,15,15,15,15,15,15,15,15,15,15
2002,510537,1,1,20,20,20,20,20,20,20,20,20,20
2002,510538,1,1,0,0,0,0,0,0,0,0,0,0
2002,510538,2,1,0,0,0,0,0,0,11,0,0,0
2002,510539,1,1,0,0,0,0,0,0,0,0,0,0
2002,510539,2,1,13,21,12,11,0,14,19,16,9,2
2002,510540,1,1,0,0,0,0,0,0,0,0,0,0
2002,510540,2,1,0,0,0,0,0,0,0,0,0,0
2002,510541,1,1,0,0,0,0,0,0,15,0,18,0
2002,510542,0,1,24,24,24,24,24,24,24,24,24,24
2002,510542,1,1,30,30,0,17,13,13,28,25,15,29
2002,510543,1,1,23,23,23,23,23,23,23,23,23,23
2002,510544,1,1,19,19,19,19,19,19,19,19,19,19
2002,510545,1,1,17,17,17,17,17,17,17,17,17,17
2002,510546,1,1,0,0,0,0,0,0,0,0,0,0
2002,510547,1,1,12,12,12,12,12,12,12,12,12,12
2002,510548,1,1,0,0,0,0,0,24,0,0,0,0
2002,510548,2,1,16,13,13,0,0,4,17,11,29,25
2002,510549,1,1,0,0,0,0,0,0,0,0,0,0
2002,510549,2,1,0,0,0,0,0,0,0,0,0,0
2002,510550,1,1,0,0,0,0,0,0,0,0,0,0
2002,510551,1,1,0,0,0,0,0,0,0,0,0,0
2002,510551,2,1,0,0,0,0,0,0,0,0,0,0
2002,510552,1,1,0,0,0,0,0,0,16,14,11,0
2002,510553,1,1,0,4,0,0,0,0,0,0,0,0
2002,510553,2,1,0,0,0,0,0,0,0,0,0,0
2002,510554,1,1,0,15,13,24,11,15,7,0,0,14
2002,510555,1,1,0,0,0,0,0,0,0,0,0,0
2002,510555,2,1,0,0,0,0,0,0,0,0,0,0
2002,510555,3,1,0,0,0,0,0,0,0,0,0,0
2002,510556,1,1,0,0,0,0,0,0,0,0,0,0
2002,510557,1,1,0,0,0,0,0,0,0,0,0,0
2002,510557,2,1,0,0,0,0,0,14,14,16,0,0
2002,510558,1,1,0,0,0,0,0,0,0,0,0,0
2002,510561,0,1,12,12,12,12,12,12,12,12,12,12
2002,510561,1,1,0,0,0,0,0,0,20,0,0,0
2002,510562,1,1,0,9,0,10,0,0,0,0,0,9
2002,510562,2,1,0,0,0,0,0,0,0,0,0,0
2002,510562,3,1,0,0,0,0,0,0,0,0,0,0
2002,510562,4,1,0,0,0,0,0,0,0,0,12,0
2002,510563,1,1,0,0,0,0,0,9,0,0,0,0
2002,510563,2,1,0,0,0,10,0,0,0,0,0,0
2002,510564,1,1,0,0,0,0,0,0,0,0,0,0
2002,510565,1,1,19,19,19,19,19,19,19,19,19,19
2002,510566,1,1,0,0,0,0,0,0,0,0,0,0
2002,510567,0,1,0,0,0,0,0,0,0,0,0,0
2002,510567,1,1,5,0,0,0,0,0,0,0,0,0
2002,510568,1,1,0,0,0,0,0,0,0,11,0,0
2002,510568,2,1,0,0,0,0,0,0,0,0,0,0
2002,510569,0,1,0,0,0,0,0,0,0,0,0,0
2002,510569,0,2,0,0,0,0,0,0,0,0,0,0
2002,510569,0,3,0,0,0,0,0,0,0,0,0,0
2002,510569,1,1,0,0,0,0,0,0,0,8,0,0
2002,510570,1,1,0,0,0,0,0,0,0,0,0,0
2002,510570,2,1,0,0,0,0,0,0,0,0,0,0
2002,510571,1,1,0,0,0,0,0,9,0,0,0,0
2002,510571,2,1,24,24,24,24,24,24,24,24,24,24
2002,510572,1,1,0,0,0,0,0,0,0,0,0,0
2002,510572,2,1,0,0,0,0,0,0,0,0,0,0
2002,510573,1,1,0,0,0,0,0,0,0,0,0,0
2002,510574,1,1,0,0,0,0,0,0,0,0,0,0
2002,510574,2,1,0,0,0,0,0,0,0,0,0,0
2002,510575,1,1,1,1,1,1,1,1,1,1,1,1
2002,510575,2,1,0,0,0,0,0,0,0,0,0,0
2002,510576,1,1,11,0,3,0,20,0,0,0,0,0
2002,510576,2,1,0,0,0,0,0,0,0,0,0,0
2002,510577,1,1,0,0,0,0,0,0,0,0,0,0
2002,510577,2,1,0,0,0,0,0,0,0,0,0,0
2002,510577,3,1,0,0,0,0,0,0,0,0,0,0
2002,510578,1,1,0,0,0,0,0,0,0,0,0,0
2002,510578,2,1,0,0,0,0,0,0,0,0,0,0
2002,510579,1,1,23,9,9,17,8,19,9,14,0,2
2002,510580,1,1,24,10,6,11,15,10,9,23,20,14
2002,510581,1,1,0,0,0,0,0,0,0,0,0,0
2002,510582,1,1,0,0,0,0,0,0,0,0,0,0
2002,510583,1,1,0,0,16,0,0,0,0,0,0,0
2002,510584,1,1,31,31,31,31,31,31,31,31,31,31
2002,510584,2,1,0,0,0,0,0,0,0,0,0,0
2002,510585,1,1,23,10,15,8,15,20,16,15,4,11
2002,510586,1,1,0,0,0,0,0,0,0,0,0,0
2002,510586,2,1,0,0,0,0,0,0,0,0,0,0
2002,510586,3,1,0,0,0,0,0,0,0,27,0,0
2002,510586,4,1,0,0,0,0,0,0,0,0,0,0
2002,510587,1,1,0,0,0,0,0,0,0,0,0,0
2002,510588,1,1,14,0,0,6,8,11,5,8,14,9
2002,510589,1,1,7,30,0,0,0,24,0,21,12,25
2002,510590,1,1,17,24,29,8,20,32,25,9,37,20
2002,510590,2,1,0,0,0,19,0,0,0,0,4,0
2002,510591,1,1,0,0,0,0,0,0,0,0,0,0
2002,510591,2,1,0,0,0,0,0,0,0,0,0,0
2002,510592,1,1,52,52,52,52,52,52,52,52,52,52
2002,510593,1,1,0,21,12,3,0,27,16,0,21,0
2002,510594,1,1,0,0,0,0,0,0,0,0,0,0
2002,510594,2,1,0,0,0,0,0,0,0,0,0,0
2002,510594,3,1,0,0,0,0,0,0,0,0,0,0
2002,510595,1,1,0,8,12,38,13,16,27,18,18,27
2002,510595,2,1,0,0,0,0,0,0,0,0,0,0
2002,510596,1,1,0,0,0,0,0,0,0,0,0,0
2002,510597,1,1,0,0,0,0,0,0,0,0,0,0
2002,510597,2,1,0,0,0,0,0,0,0,0,0,10
2002,510598,1,1,15,3,14,16,8,8,11,9,5,11
2002,510598,2,1,0,22,0,0,0,0,0,0,0,0
2002,510599,1,1,0,0,0,15,0,0,0,0,0,0
2002,510599,2,1,0,0,0,0,0,0,0,0,0,0
2002,510599,3,1,0,0,0,0,0,6,0,0,0,0
2002,510600,1,1,0,0,35,25,10,12,0,29,13,7
2002,510601,1,1,0,0,0,0,0,0,0,0,0,0
2002,510601,2,1,0,0,0,0,0,0,0,0,0,0
2002,510601,3,1,0,0,0,0,6,0,0,0,0,0
2002,510601,4,1,0,0,0,0,0,0,0,0,0,0
2002,510603,0,1,0,0,0,0,0,0,0,0,0,0
2002,510603,1,1,0,0,0,0,0,0,0,0,0,0
2002,510604,1,1,0,0,0,0,0,15,0,0,0,0
2002,510604,2,1,0,0,0,0,0,0,0,0,0,0
2002,510605,1,1,0,0,0,0,0,0,0,0,0,0
2002,510606,1,1,0,0,0,0,0,0,0,0,0,0
2002,510606,2,1,0,0,0,0,0,0,0,0,0,0
2002,510607,0,1,0,0,0,0,0,0,0,0,0,0
2002,510607,1,1,0,0,0,0,0,0,0,0,0,0
2002,510608,1,1,0,0,0,0,0,0,0,0,0,0
2002,510608,2,1,0,0,0,0,7,0,0,0,0,0
2002,510608,3,1,0,0,0,0,0,0,0,0,0,0
2002,510609,0,1,0,0,0,0,0,0,0,0,0,0
2002,510609,1,1,5,16,8,10,33,12,10,18,18,26
2002,510610,1,1,0,0,0,0,0,0,0,0,0,0
2002,510610,2,1,0,0,0,14,0,0,0,0,0,0
2002,510611,1,1,0,0,0,0,0,0,0,0,0,0
2002,510611,2,1,0,0,0,0,0,0,0,0,0,0
2002,510612,1,1,0,0,0,0,0,0,9,0,0,0
2002,510612,2,1,0,0,0,0,0,0,0,0,0,0
2002,510613,1,1,8,8,8,8,8,8,8,8,8,8
2002,510614,0,1,0,0,0,0,0,0,0,0,0,0
2002,510614,1,1,0,0,0,0,0,0,0,0,0,22
2002,510615,1,1,0,0,0,0,0,0,10,0,0,0
2002,510615,2,1,0,0,0,0,21,0,0,0,0,0
2002,510616,1,1,0,0,0,0,0,0,0,0,0,11
2002,510616,2,1,0,0,0,0,0,0,0,0,0,0
2002,510617,1,1,0,0,0,0,0,0,0,0,0,0
2002,510617,2,1,0,0,0,0,0,0,0,0,0,0
2002,510617,3,1,0,0,0,0,0,0,0,0,0,0
2002,510618,1,1,0,0,0,0,0,0,0,0,0,0
2002,510619,0,1,8,8,8,8,8,8,8,8,8,8
2002,510619,1,1,0,0,0,4,0,0,0,0,0,0
2002,510620,1,1,0,0,0,0,0,0,0,0,0,0
2002,510620,2,1,0,0,0,0,0,0,0,0,0,0
2002,510621,1,1,0,0,0,0,0,0,0,0,0,0
2002,510622,1,1,0,0,0,0,0,0,0,0,0,0
2002,510623,0,1,0,0,0,0,0,0,0,0,0,0
2002,510623,1,1,0,0,0,0,0,0,0,0,0,0
2002,510623,2,1,0,0,0,0,38,0,0,0,0,0
2002,510623,3,1,0,0,0,0,0,0,0,0,0,0
2002,510624,0,1,0,0,0,0,0,0,0,0,0,0
2002,510624,1,1,0,0,0,0,0,0,0,0,0,0
2002,510625,0,1,0,0,0,0,0,0,0,0,0,0
2002,510625,1,1,0,0,0,0,0,17,0,0,0,0
2002,510626,1,1,0,0,0,0,0,0,0,0,0,0
2002,510627,1,1,22,22,22,22,22,22,22,22,22,22
2002,510628,1,1,20,20,20,20,20,20,20,20,20,20
2002,510629,1,1,0,13,0,0,0,0,0,6,0,0
2002,510630,1,1,0,0,0,0,0,0,0,0,0,0
2002,510630,2,1,0,0,0,0,0,0,0,0,0,0
2002,510631,1,1,0,0,0,0,0,0,0,0,0,0
2002,510632,1,1,6,0,0,0,0,0,0,0,0,0
2002,510632,2,1,0,0,0,0,0,0,0,0,0,0
2002,510633,1,1,18,17,20,18,17,18,29,25,21,9
2002,510634,1,1,0,0,0,0,0,0,0,0,0,0
2002,510635,1,1,18,18,18,18,18,18,18,18,18,18
2002,510636,0,1,0,0,0,0,0,0,0,0,0,0
2002,510636,0,2,0,0,0,0,0,0,0,0,0,0
2002,510636,1,1,2,0,21,0,0,0,0,0,0,0
2002,510638,1,1,0,0,0,0,0,0,0,0,0,3
2002,510638,2,1,0,0,0,0,0,0,0,0,0,0
2002,510639,1,1,0,0,0,0,0,0,0,25,0,31
2002,510640,0,1,28,0,26,5,15,29,16,35,30,11
2002,510640,1,1,0,0,0,0,0,0,0,0,0,0
2002,510641,1,1,0,0,0,0,0,0,0,0,0,0
2002,510642,0,1,10,0,0,13,0,23,18,0,0,0
2002,510642,1,1,0,0,0,0,0,0,0,0,0,0
2002,510642,2,1,0,0,0,0,0,0,0,0,0,0
2002,510643,1,1,0,0,0,0,0,0,0,4,0,0
2002,510644,1,1,21,21,21,21,21,21,21,21,21,21
2002,510645,1,1,0,0,0,0,0,0,0,0,0,0
2002,510646,1,1,0,0,0,0,0,0,0,0,0,0
2002,510647,0,1,11,11,11,11,11,11,11,11,11,11
2002,510647,1,1,7,8,0,14,2,0,0,0,17,20
2002,510648,1,1,11,11,11,11,11,11,11,11,11,11
2002,510649,1,1,0,0,0,0,0,0,0,0,0,0
2002,510649,2,1,0,0,0,0,0,14,0,0,0,0
2002,510650,1,1,0,0,0,0,0,23,0,0,0,0
2002,510651,1,1,10,10,10,10,10,10,10,10,10,10
2002,510652,1,1,0,0,0,0,0,0,0,0,0,0
2002,510653,1,1,0,0,0,0,0,0,0,0,0,0
2002,510653,2,1,0,0,12,14,24,10,0,0,0,0
2002,510654,1,1,0,0,0,0,0,0,0,0,0,0
2002,510655,1,1,1,1,1,1,1,1,1,1,1,1
2002,510656,1,1,0,0,0,0,0,0,0,0,0,0
2002,510657,0,1,15,15,15,15,15,15,15,15,15,15
2002,510657,1,1,9,0,0,0,0,0,0,0,0,0
2002,510657,2,1,0,0,0,0,0,0,0,0,0,0
2002,510658,1,1,0,0,0,0,0,0,0,0,0,0
2002,510658,2,1,0,0,0,0,0,0,0,0,0,0
2002,510659,1,1,0,0,0,0,0,0,0,0,0,0
2002,510659,2,1,0,0,0,3,0,0,0,0,0,0
2002,510660,1,1,8,12,8,9,11,20,22,6,23,30
2002,510661,0,1,0,0,0,0,0,0,0,0,0,0
2002,510661,0,2,12,3,39,0,31,0,22,17,7,10
2002,510661,1,1,13,0,0,0,0,0,0,0,0,0
2002,510662,1,1,0,0,0,0,0,0,0,0,0,0
2002,510662,2,1,0,0,0,0,0,0,0,0,0,0
2002,510663,1,1,0,0,0,0,0,0,0,0,0,0
2002,510664,1,1,0,0,0,0,0,0,0,0,0,0
2002,510664,2,1,0,0,0,0,0,0,0,0,0,0
2002,510665,1,1,0,0,0,0,0,0,0,0,0,0
2002,510665,2,1,0,0,0,0,0,0,0,0,0,0
2002,510667,1,1,14,20,17,12,4,8,5,15,11,18
2002,510667,2,1,0,0,0,0,0,11,0,0,0,0
2002,510667,3,1,22,22,8,17,0,10,10,14,20,6
2002,510668,1,1,0,0,0,0,0,0,0,0,0,0
2002,510669,1,1,3,20,6,7,0,10,16,12,0,10
2002,510669,2,1,0,0,0,0,0,0,0,0,0,0
2002,510670,1,1,0,0,0,0,0,0,0,0,0,0
2002,510670,2,1,0,0,0,0,0,0,0,0,0,0
2002,510671,1,1,0,0,0,0,0,0,0,0,0,0
2002,510671,2,1,0,0,0,0,0,0,0,0,0,0
2002,510671,3,1,0,0,0,0,0,0,0,0,0,0
2002,510672,1,1,0,0,0,0,0,0,0,0,0,0
2002,510672,2,1,0,0,0,0,0,0,0,0,0,0
2002,510673,1,1,0,0,0,0,0,0,0,0,0,0
2002,510674,1,1,21,21,21,21,21,21,21,21,21,21
2002,510675,0,1,0,0,0,0,0,0,0,0,0,0
2002,510675,0,2,8,25,0,0,0,0,0,13,0,0
2002,510675,0,3,0,0,7,37,0,0,0,0,27,26
2002,510675,1,1,11,0,0,0,0,0,0,0,0,0
2002,510676,1,1,0,0,0,0,0,0,0,0,0,0
2002,510676,2,1,0,0,0,0,0,0,0,0,0,0
2002,510676,3,1,0,0,0,0,17,15,0,0,0,0
2002,510677,1,1,0,0,0,0,0,0,0,0,0,0
2002,510678,1,1,2,11,7,17,14,14,11,12,0,18
2002,510679,1,1,21,21,21,21,21,21,21,21,21,21
2002,510680,1,1,0,0,0,0,0,0,0,0,0,0
2002,510680,2,1,24,10,12,0,30,0,12,8,3,19
2002,510681,1,1,14,9,0,4,0,22,0,14,23,0
2002,510681,2,1,0,0,0,0,0,18,0,0,6,11
2002,510682,1,1,35,35,35,35,35,35,35,35,35,35
2002,510683,1,1,0,0,0,0,0,0,0,0,0,0
2002,510684,1,1,0,0,0,0,0,0,0,0,0,0
2002,510684,2,1,0,0,0,0,0,0,13,0,0,0
2002,510685,1,1,0,0,0,0,0,0,0,0,0,0
2002,510685,2,1,0,0,0,0,0,0,0,0,0,0
2002,510686,0,1,15,15,15,15,15,15,15,15,15,15
2002,510686,1,1,0,0,0,16,0,0,0,0,0,0
2002,510687,1,1,0,0,0,0,0,0,0,0,0,0
2002,510687,2,1,0,0,0,0,0,0,0,0,0,0
2002,510688,1,1,0,0,0,0,0,0,0,0,0,0