YEAR,ST_CASE,veh_no,per_no,P1,P2,P3,P4,P5,P6,P7,P8,P9,P10
2002,530141,1,1,0,0,0,0,0,0,0,0,0,0
2002,530142,1,1,14,14,14,14,14,14,14,14,14,14
2002,530143,1,1,0,0,0,0,0,0,0,0,0,0
2002,530145,1,1,15,15,15,15,15,15,15,15,15,15
2002,530146,1,1,0,0,0,0,0,0,0,0,0,0
2002,530146,2,1,0,0,0,0,0,0,0,0,0,0
2002,530147,1,1,0,0,0,0,0,0,0,0,0,0
2002,530148,1,1,0,0,23,0,0,0,0,0,0,0
2002,530149,1,1,0,0,0,0,0,0,0,0,0,0
2002,530149,2,1,0,0,0,0,0,0,0,16,0,10
2002,530150,1,1,3,3,3,3,3,3,3,3,3,3
2002,530150,2,1,0,0,0,0,0,0,0,0,0,0
2002,530151,1,1,0,0,0,0,0,0,0,0,0,0
2002,530151,2,1,0,0,0,0,0,0,0,0,0,0
2002,530152,1,1,0,0,18,0,0,0,0,0,0,0
2002,530153,1,1,28,28,28,28,28,28,28,28,28,28
2002,530153,2,1,13,13,13,13,13,13,13,13,13,13
2002,530154,1,1,24,24,24,24,24,24,24,24,24,24
2002,530155,1,1,14,14,14,14,14,14,14,14,14,14
2002,530155,2,1,0,0,0,0,0,0,0,0,0,0
2002,530156,1,1,23,23,23,23,23,23,23,23,23,23
2002,530157,1,1,18,18,18,18,18,18,18,18,18,18
2002,530158,1,1,0,0,0,0,0,0,0,0,0,0
2002,530158,2,1,0,0,0,0,0,0,0,0,0,0
2002,530159,1,1,28,28,28,28,28,28,28,28,28,28
2002,530160,1,1,0,0,0,0,0,0,0,0,0,0
2002,530160,2,1,0,0,0,0,0,0,0,0,0,0
2002,530161,1,1,0,0,0,0,0,0,0,0,0,0
2002,530162,1,1,22,22,22,22,22,22,22,22,22,22
2002,530163,1,1,0,0,0,0,0,0,5,0,0,0
2002,530164,1,1,0,0,0,0,0,0,0,0,0,0
2002,530164,2,1,0,0,0,0,0,0,0,0,0,0
2002,530165,1,1,0,0,0,0,0,0,0,0,0,0
2002,530165,2,1,0,0,0,0,0,0,0,0,0,0
2002,530166,1,1,19,19,19,19,19,19,19,19,19,19
2002,530167,1,1,0,0,0,0,0,0,0,0,0,0
2002,530168,1,1,0,0,0,0,0,0,0,0,0,0
2002,530169,1,1,9,9,9,9,9,9,9,9,9,9
2002,530169,2,1,0,0,0,0,0,0,0,0,0,0
2002,530170,0,1,0,0,0,0,0,0,0,0,0,0
2002,530170,1,1,0,0,0,0,0,0,0,0,0,0
2002,530171,1,1,22,22,22,22,22,22,22,22,22,22
2002,530172,0,1,9,9,9,9,9,9,9,9,9,9
2002,530172,1,1,23,22,0,0,0,21,15,5,10,5
2002,530173,1,1,0,0,0,27,0,0,0,0,0,0
2002,530173,2,1,0,0,0,0,0,0,0,0,0,0
2002,530174,1,1,20,20,20,20,20,20,20,20,20,20
2002,530175,1,1,12,12,12,12,12,12,12,12,12,12
2002,530176,1,1,23,23,23,23,23,23,23,23,23,23
2002,530177,1,1,0,0,0,0,0,0,0,0,0,0
2002,530178,1,1,0,0,0,0,0,0,0,0,0,0
2002,530178,2,1,0,0,0,0,0,0,0,0,0,0
2002,530179,0,1,14,14,14,14,14,14,14,14,14,14
2002,530179,1,1,0,0,0,0,0,0,0,0,0,0
2002,530180,1,1,0,0,0,0,0,0,0,0,0,0
2002,530180,2,1,0,0,0,0,0,0,0,0,0,0
2002,530181,1,1,21,21,21,21,21,21,21,21,21,21
2002,530182,1,1,20,20,20,20,20,20,20,20,20,20
2002,530183,1,1,0,0,0,0,0,0,0,0,0,0
2002,530183,2,1,0,0,0,0,0,0,0,0,0,0
2002,530184,1,1,0,0,0,0,0,0,0,0,0,0
2002,530185,1,1,1,1,1,1,1,1,1,1,1,1
2002,530185,2,1,0,0,0,0,0,0,0,0,0,0
2002,530186,1,1,0,0,0,0,0,0,0,0,0,0
2002,530186,2,1,0,0,0,0,0,0,0,0,0,0
2002,530187,1,1,0,0,0,0,0,0,0,0,0,0
2002,530188,1,1,0,0,0,0,0,0,0,0,0,0
2002,530189,1,1,16,16,16,16,16,16,16,16,16,16
2002,530190,1,1,31,31,31,31,31,31,31,31,31,31
2002,530190,2,1,0,0,0,0,0,0,0,0,0,0
2002,530191,1,1,8,0,0,0,0,0,0,0,0,0
2002,530192,1,1,16,16,16,16,16,16,16,16,16,16
2002,530193,1,1,0,0,0,0,0,0,0,0,0,0
2002,530194,1,1,0,0,0,0,0,0,0,0,0,0
2002,530194,2,1,0,0,0,0,0,0,0,0,0,0
2002,530195,0,1,0,0,0,0,0,0,0,0,0,0
2002,530195,1,1,0,0,0,0,0,0,0,0,0,0
2002,530196,1,1,31,31,31,31,31,31,31,31,31,31
2002,530197,1,1,18,18,18,18,18,18,18,18,18,18
2002,530198,1,1,0,0,0,0,0,0,0,0,0,0
2002,530199,1,1,18,18,18,18,18,18,18,18,18,18
2002,530199,2,1,0,0,0,0,0,0,0,0,0,0
2002,530200,0,1,0,0,0,0,0,0,0,0,0,0
2002,530200,1,1,0,0,0,0,0,0,0,0,0,0
2002,530201,1,1,21,21,21,21,21,21,21,21,21,21
2002,530201,2,1,20,20,20,20,20,20,20,20,20,20
2002,530202,1,1,0,0,0,0,0,0,0,0,0,0
2002,530202,2,1,0,0,0,0,0,0,0,0,5,0
2002,530203,1,1,20,20,20,20,20,20,20,20,20,20
2002,530204,1,1,0,0,0,0,0,0,0,0,0,0
2002,530205,1,1,0,0,0,0,0,0,0,0,0,0
2002,530205,2,1,0,0,0,0,0,0,0,0,0,0
2002,530206,1,1,0,0,0,0,0,0,0,0,0,0
2002,530206,2,1,0,0,0,0,0,0,0,0,0,0
2002,530207,1,1,11,11,11,11,11,11,11,11,11,11
2002,530208,1,1,28,28,28,28,28,28,28,28,28,28
2002,530208,2,1,0,0,0,0,0,0,0,0,0,0
2002,530209,1,1,0,0,0,0,0,0,0,16,0,0
2002,530209,2,1,0,0,0,0,0,0,0,0,0,0
2002,530210,0,1,0,0,0,0,0,0,0,0,0,0
2002,530210,1,1,0,25,0,0,0,0,0,0,0,0
2002,530211,0,1,24,24,24,24,24,24,24,24,24,24
2002,530211,1,1,0,0,19,0,12,0,0,0,0,0
2002,530212,1,1,17,17,17,17,17,17,17,17,17,17
2002,530213,1,1,16,16,16,16,16,16,16,16,16,16
2002,530214,0,1,0,0,0,0,0,0,0,0,0,0
2002,530214,1,1,0,0,0,0,0,0,0,0,0,0
2002,530215,1,1,3,3,3,3,3,3,3,3,3,3
2002,530216,1,1,15,15,15,15,15,15,15,15,15,15
2002,530217,1,1,14,13,19,11,17,14,14,28,25,12
2002,530218,1,1,7,7,7,7,7,7,7,7,7,7
2002,530219,1,1,16,16,16,16,16,16,16,16,16,16
2002,530219,2,1,0,0,0,0,0,0,0,0,0,0
2002,530220,1,1,0,0,0,0,0,0,0,0,0,0
2002,530221,1,1,0,0,0,0,0,0,0,0,0,0
2002,530222,1,1,0,0,0,0,0,0,0,0,0,0
2002,530222,2,1,0,0,0,0,0,0,0,0,17,0
2002,530222,3,1,12,0,0,0,0,0,0,0,0,0
2002,530223,1,1,0,0,0,0,0,0,0,0,0,0
2002,530223,2,1,0,0,0,0,0,0,0,0,0,0
2002,530224,1,1,18,18,18,18,18,18,18,18,18,18
2002,530225,1,1,0,0,0,0,0,0,0,0,0,0
2002,530225,2,1,0,0,0,0,0,0,0,0,0,0
2002,530226,1,1,12,12,12,12,12,12,12,12,12,12
2002,530226,2,1,0,0,0,0,0,0,0,13,0,0
2002,530227,1,1,27,27,27,27,27,27,27,27,27,27
2002,530227,2,1,0,0,0,0,0,0,0,0,0,0
2002,530228,1,1,0,0,0,0,0,0,0,0,0,0
2002,530229,1,1,0,0,0,0,0,0,0,0,0,0
2002,530229,2,1,0,0,0,0,0,0,0,0,0,0
2002,530230,1,1,9,9,9,9,9,9,9,9,9,9
2002,530231,1,1,21,21,21,21,21,21,21,21,21,21
2002,530232,1,1,0,0,0,0,0,0,0,0,0,0
2002,530232,2,1,0,0,0,0,0,0,0,0,0,0
2002,530233,0,1,0,0,0,0,0,0,0,0,0,0
2002,530233,1,1,0,0,0,0,0,0,22,0,0,0
2002,530234,1,1,0,0,0,0,0,0,0,0,0,0
2002,530234,2,1,0,0,0,0,0,0,0,0,0,0
2002,530235,0,1,0,0,0,0,0,0,0,0,0,0
2002,530235,1,1,0,0,0,0,0,0,0,0,0,0
2002,530236,1,1,0,0,0,0,0,0,0,0,0,0
2002,530237,1,1,6,6,6,6,6,6,6,6,6,6
2002,530237,2,1,0,0,0,0,0,0,0,0,0,0
2002,530238,1,1,35,35,35,35,35,35,35,35,35,35
2002,530239,1,1,9,9,9,9,9,9,9,9,9,9
2002,530240,1,1,21,21,21,21,21,21,21,21,21,21
2002,530241,1,1,6,20,16,12,14,11,24,13,0,22
2002,530241,2,1,0,0,0,0,0,0,0,0,35,0
2002,530242,1,1,0,0,0,0,0,0,0,0,0,0
2002,530242,2,1,0,0,0,0,0,0,0,0,0,0
2002,530243,1,1,9,0,0,0,0,0,0,0,0,0
2002,530243,2,1,0,0,0,0,0,0,0,0,0,0
2002,530244,1,1,17,17,17,17,17,17,17,17,17,17
2002,530245,1,1,17,17,17,17,17,17,17,17,17,17
2002,530245,2,1,0,0,0,0,0,0,0,0,0,0
2002,530246,1,1,16,16,16,16,16,16,16,16,16,16
2002,530247,1,1,11,11,11,11,11,11,11,11,11,11
2002,530248,1,1,0,0,0,0,0,0,0,0,0,0
2002,530249,1,1,0,0,0,0,0,0,0,0,0,0
2002,530250,1,1,0,0,0,0,0,0,0,0,0,0
2002,530250,2,1,0,0,0,0,0,0,0,0,0,0
2002,530251,1,1,8,8,8,8,8,8,8,8,8,8
2002,530251,2,1,0,0,0,0,0,0,0,0,0,0
2002,530252,0,1,0,0,0,0,0,0,0,0,0,0
2002,530252,1,1,0,0,0,0,0,0,0,0,0,0
2002,530253,1,1,13,13,13,13,13,13,13,13,13,13
2002,530254,1,1,17,17,17,17,17,17,17,17,17,17
2002,530255,1,1,0,0,0,0,0,0,0,0,0,0
2002,530256,1,1,15,15,15,15,15,15,15,15,15,15
2002,530257,0,1,11,11,11,11,11,11,11,11,11,11
2002,530257,1,1,0,27,0,0,0,0,0,0,0,19
2002,530258,1,1,0,0,0,0,0,0,0,0,0,0
2002,530258,2,1,0,0,0,0,0,0,0,0,0,0
2002,530259,0,1,27,27,27,27,27,27,27,27,27,27
2002,530259,1,1,0,0,0,0,0,0,0,0,0,0
2002,530260,1,1,15,15,15,15,15,15,15,15,15,15
2002,530260,2,1,0,0,0,0,0,0,11,0,0,0
2002,530261,1,1,0,0,0,0,0,0,0,0,0,0
2002,530261,2,1,0,0,0,0,0,0,0,0,0,0
2002,530262,1,1,0,0,0,0,0,0,0,0,0,0
2002,530263,1,1,23,23,23,23,23,23,23,23,23,23
2002,530264,1,1,0,0,0,0,0,13,0,0,0,0
2002,530265,1,1,0,0,0,0,0,0,0,0,0,0
2002,530265,2,1,0,0,0,0,0,0,0,0,0,0
2002,530265,3,1,0,0,0,0,0,0,0,0,0,0
2002,530265,4,1,0,0,0,0,0,0,0,0,0,0
2002,530265,5,1,0,0,0,0,0,0,0,0,0,0
2002,530266,1,1,0,0,0,0,0,0,0,0,0,0
2002,530267,1,1,0,0,0,0,0,0,0,0,0,0
2002,530267,2,1,0,0,0,0,0,0,0,0,0,0
2002,530268,1,1,0,0,0,0,0,0,0,0,0,0
2002,530268,2,1,0,0,0,0,0,0,0,0,0,0
2002,530269,1,1,0,0,0,0,0,0,0,0,0,0
2002,530270,1,1,0,0,0,0,0,0,0,0,0,0
2002,530270,2,1,0,0,0,0,0,0,0,0,0,0
2002,530271,0,1,0,0,0,0,0,0,0,0,0,0
2002,530271,0,2,0,0,0,0,0,0,16,23,22,0
2002,530271,1,1,0,0,0,0,0,0,0,0,0,0
2002,530272,1,1,0,0,0,0,0,0,0,0,0,0
2002,530272,2,1,0,0,0,0,0,0,0,0,0,0
2002,530272,3,1,0,0,0,0,0,0,0,0,0,0
2002,530272,4,1,0,0,0,0,0,0,0,0,0,0
2002,530273,0,1,22,22,22,22,22,22,22,22,22,22
2002,530273,1,1,0,0,0,0,0,0,0,0,0,0
2002,530274,1,1,0,0,0,0,0,0,0,0,0,0
2002,530274,2,1,0,0,0,0,0,0,0,0,0,0
2002,530274,3,1,0,0,0,0,0,0,0,0,0,0
2002,530275,0,1,0,0,0,0,0,0,0,11,0,0
2002,530275,1,1,0,0,0,0,0,0,0,0,0,0
2002,530276,1,1,0,0,0,0,0,0,0,0,0,0
2002,530276,2,1,0,0,0,0,0,0,0,0,0,0
2002,530277,1,1,0,0,0,0,0,0,0,0,0,0
2002,530278,1,1,18,18,18,18,18,18,18,18,18,18
2002,530279,1,1,0,0,0,0,0,0,0,0,0,0
2002,530279,2,1,0,0,0,0,0,0,0,0,0,0
2002,530280,1,1,21,21,21,21,21,21,21,21,21,21
2002,530280,2,1,0,14,14,8,0,0,0,0,0,0
2002,530281,1,1,0,0,0,0,0,0,0,0,0,0
2002,530281,2,1,7,7,7,7,7,7,7,7,7,7
2002,530282,1,1,22,22,22,22,22,22,22,22,22,22
2002,530283,1,1,0,0,0,0,0,0,0,0,0,0
2002,530284,1,1,0,0,0,0,0,0,0,0,0,0
2002,530284,2,1,0,0,0,0,0,0,0,0,0,0
2002,530285,1,1,0,0,0,0,0,0,0,0,0,0
2002,530286,0,1,0,0,0,0,0,0,0,0,0,0
2002,530286,1,1,0,11,0,0,0,17,0,0,16,0
2002,530287,1,1,0,0,0,0,0,0,0,0,0,0
2002,530287,2,1,0,0,0,0,0,0,0,0,0,0
2002,530288,1,1,0,0,0,0,0,0,0,0,0,0
2002,530288,2,1,0,0,0,0,0,0,0,0,0,0
2002,530289,1,1,0,0,0,0,0,0,0,0,0,0
2002,530289,2,1,0,0,0,0,0,0,0,0,0,0
2002,530290,1,1,0,0,0,0,0,0,0,0,16,0
2002,530290,2,1,0,7,0,0,0,0,0,0,6,0
2002,530291,1,1,0,18,0,0,0,5,0,0,0,19
2002,530291,2,1,0,0,0,0,0,0,0,0,0,0
2002,530292,1,1,12,12,12,12,12,12,12,12,12,12
2002,530293,1,1,13,13,13,13,13,13,13,13,13,13
2002,530293,2,1,0,0,0,0,0,0,0,0,0,0
2002,530294,1,1,0,0,0,0,0,0,0,0,0,0
2002,530294,2,1,0,0,0,0,0,0,0,0,0,0
2002,530295,1,2,11,13,11,14,0,14,12,0,27,36
2002,530296,1,1,0,0,0,0,0,0,0,0,0,0
2002,530297,1,1,0,0,0,0,0,0,0,0,0,0
2002,530298,1,1,0,0,0,0,0,0,0,0,0,0
2002,530298,2,1,0,0,0,0,0,0,0,0,0,0
2002,530299,1,1,0,0,0,0,0,0,0,0,0,0
2002,530300,1,1,16,16,16,16,16,16,16,16,16,16
2002,530301,1,1,22,22,22,22,22,22,22,22,22,22
2002,530302,1,1,2,2,2,2,2,2,2,2,2,2
2002,530302,2,1,20,20,20,20,20,20,20,20,20,20
2002,530303,1,1,17,17,17,17,17,17,17,17,17,17
2002,530304,1,1,0,0,0,54,0,0,0,0,0,0
2002,530305,1,1,0,0,0,0,0,0,0,0,0,0
2002,530306,1,1,9,9,9,9,9,9,9,9,9,9
2002,530307,1,1,19,19,19,19,19,19,19,19,19,19
2002,530308,1,1,0,0,0,0,0,0,0,0,0,0
2002,530309,1,1,29,29,29,29,29,29,29,29,29,29
2002,530310,1,1,0,0,0,0,0,0,0,0,0,0
2002,530310,2,1,0,0,0,0,0,0,0,0,0,0
2002,530311,1,1,0,0,0,0,0,0,0,0,0,0
2002,530311,2,1,0,0,0,0,0,0,0,0,0,0
2002,530312,1,1,10,18,10,26,28,10,15,21,8,6
2002,530312,2,1,0,0,0,0,0,0,0,0,0,0
2002,530312,3,1,0,0,0,0,0,0,0,0,0,0
2002,530312,4,1,0,0,0,0,0,0,0,0,0,0
2002,530313,0,1,0,0,21,0,0,0,15,28,16,0
2002,530313,1,1,0,0,0,0,0,0,0,0,0,0
2002,530314,1,1,0,0,0,0,0,0,0,0,0,0
2002,530314,2,1,0,0,0,0,0,0,0,0,0,0
2002,530314,3,1,0,0,0,0,0,0,0,0,0,0
2002,530315,1,1,0,0,0,0,0,0,0,0,0,0
2002,530316,1,1,24,24,24,24,24,24,24,24,24,24
2002,530317,1,1,0,0,0,0,0,0,0,0,0,0
2002,530317,2,1,0,0,0,0,0,0,0,0,0,0
2002,530318,1,1,27,27,27,27,27,27,27,27,27,27
2002,530319,1,1,9,9,9,9,9,9,9,9,9,9
2002,530320,1,1,24,24,24,24,24,24,24,24,24,24
2002,530320,2,1,0,0,0,0,0,0,0,0,0,0
2002,530320,3,1,0,0,0,0,0,0,0,8,6,0
2002,530320,4,1,0,0,0,0,0,0,0,0,0,0
2002,530320,5,1,0,0,0,0,0,0,0,0,0,19
2002,530321,1,1,26,0,18,0,0,0,0,0,18,0
2002,530321,2,1,0,18,0,0,0,0,0,0,0,0
2002,530322,1,1,0,0,0,0,0,0,0,0,0,0
2002,530322,2,1,0,0,0,0,0,0,0,0,0,0
2002,530323,1,1,0,0,0,0,0,0,0,0,0,0
2002,530323,2,1,0,0,0,0,0,0,0,0,9,0
2002,530323,3,1,0,0,0,0,0,0,0,0,0,0
2002,530323,4,1,0,0,0,0,0,0,0,0,0,0
2002,530323,5,1,0,0,0,0,0,0,9,0,0,0
2002,530324,0,1,0,20,0,19,0,0,9,0,0,0
2002,530324,0,2,0,0,16,0,0,0,0,18,0,5
2002,530324,1,1,0,0,0,0,0,0,0,0,0,6
2002,530325,1,1,0,0,0,0,0,0,0,0,0,0
2002,530325,2,1,0,0,0,0,0,0,0,0,0,0
2002,530326,1,1,20,20,20,20,20,20,20,20,20,20
2002,530327,0,1,0,0,0,0,0,0,0,0,0,0
2002,530327,1,1,0,0,0,0,0,0,0,0,0,0
2002,530328,1,1,4,4,4,4,4,4,4,4,4,4
2002,530329,1,1,0,0,0,0,0,0,0,0,0,0
2002,530329,2,1,25,0,0,0,8,9,14,11,19,12
2002,530330,1,1,26,26,26,26,26,26,26,26,26,26
2002,530330,2,1,0,0,0,0,0,0,0,0,0,0
2002,530331,1,1,17,17,17,17,17,17,17,17,17,17
2002,530332,1,1,0,0,0,0,0,0,0,0,0,0
2002,530333,1,1,0,0,0,0,0,0,0,0,0,0
2002,530333,2,1,35,0,0,0,0,0,0,0,0,0
2002,530334,1,1,19,19,19,19,19,19,19,19,19,19
2002,530335,1,1,0,0,0,0,0,0,0,0,0,0
2002,530336,1,1,24,24,24,24,24,24,24,24,24,24
2002,530336,2,1,0,0,0,0,0,0,0,0,0,0
2002,530337,1,1,16,16,16,16,16,16,16,16,16,16
2002,530338,0,1,0,0,10,0,0,0,0,0,14,0
2002,530338,1,1,0,0,0,0,0,0,0,0,0,30
2002,530339,1,1,15,15,15,15,15,15,15,15,15,15
2002,530340,1,1,26,26,26,26,26,26,26,26,26,26
2002,530341,1,1,0,0,0,0,0,0,0,0,0,0
2002,530341,2,1,0,0,0,0,0,0,0,0,0,0
2002,530342,1,1,14,0,19,19,0,29,18,0,16,0
2002,530342,2,1,0,0,0,0,0,0,0,0,0,0
2002,530343,0,1,0,0,0,0,0,0,0,0,0,0
2002,530343,1,1,0,0,0,0,0,0,0,0,0,0
2002,530344,1,1,0,0,0,0,0,0,0,0,0,0
2002,530344,2,1,0,0,0,0,0,0,0,0,0,0
2002,530345,1,1,0,0,0,0,0,0,0,0,0,0
2002,530345,2,1,0,0,0,0,0,15,0,18,0,0
2002,530346,1,1,12,12,12,12,12,12,12,12,12,12
2002,530347,1,1,7,7,7,7,7,7,7,7,7,7
2002,530347,2,1,0,0,0,0,0,0,0,0,0,0
2002,530348,1,1,18,18,18,18,18,18,18,18,18,18
2002,530349,0,1,22,33,0,0,0,0,0,0,0,0
2002,530349,1,1,0,0,0,0,0,0,0,0,0,0
2002,530350,1,1,0,0,0,0,0,0,0,0,0,0
2002,530351,1,1,12,12,12,12,12,12,12,12,12,12
2002,530352,1,1,17,17,17,17,17,17,17,17,17,17
2002,530354,1,1,0,0,0,0,0,0,0,0,0,0
2002,530355,0,1,0,0,0,0,0,0,0,0,0,0
2002,530355,1,1,11,0,0,0,0,0,0,0,0,0
2002,530356,1,1,0,0,0,0,0,0,0,0,0,0
2002,530356,2,1,0,0,0,0,0,0,0,0,0,0
2002,530357,1,1,0,0,0,0,0,0,0,0,0,0
2002,530358,1,1,0,0,0,0,11,0,0,0,0,0
2002,530359,1,1,20,20,20,20,20,20,20,20,20,20
2002,530360,1,1,24,24,24,24,24,24,24,24,24,24
2002,530361,1,1,0,0,0,0,0,0,0,0,0,0
2002,530362,1,1,16,16,16,16,16,16,16,16,16,16
2002,530362,2,1,0,0,13,0,0,0,0,0,0,0
2002,530362,3,1,0,0,0,0,0,0,0,0,0,0
2002,530363,1,1,17,17,17,17,17,17,17,17,17,17
2002,530364,1,1,0,0,0,0,0,0,0,0,0,0
2002,530364,2,1,0,0,0,0,0,0,0,0,0,0
2002,530365,1,1,21,21,21,21,21,21,21,21,21,21
2002,530366,0,1,0,0,0,0,0,0,0,0,0,0
2002,530366,1,1,0,0,0,0,0,0,0,0,16,17
2002,530367,1,1,26,26,26,26,26,26,26,26,26,26
2002,530368,1,1,0,0,0,0,0,0,0,0,0,0
2002,530369,0,1,0,0,0,0,0,0,0,0,0,0
2002,530369,0,2,2,16,0,0,0,0,0,0,0,8
2002,530369,1,1,0,0,0,0,0,0,0,0,0,0
2002,530370,1,1,0,0,0,0,0,0,0,0,0,0
2002,530371,1,1,0,0,0,2,0,0,0,15,6,14
2002,530372,1,1,18,18,18,18,18,18,18,18,18,18
2002,530373,1,1,0,0,0,0,0,0,0,0,0,0
2002,530373,2,1,0,0,0,0,0,0,0,0,0,0
2002,530374,1,1,0,0,0,0,0,0,0,0,0,0
2002,530374,2,1,0,7,0,0,0,0,0,0,0,0
2002,530375,1,1,11,11,11,11,11,11,11,11,11,11
2002,530376,1,1,14,14,14,14,14,14,14,14,14,14
2002,530377,1,1,0,0,0,0,0,0,0,0,0,0
2002,530378,1,1,24,24,24,24,24,24,24,24,24,24
2002,530379,1,1,0,0,0,0,0,0,0,0,0,0
2002,530379,2,1,0,0,0,0,0,0,0,0,0,0
2002,530380,1,1,0,0,0,0,0,0,0,0,0,0
2002,530381,1,1,0,0,0,0,0,0,0,0,0,0
2002,530382,1,1,0,0,0,0,0,0,0,0,0,0
2002,530382,2,1,0,0,0,0,0,0,0,0,0,0
2002,530383,1,1,0,0,0,0,0,0,0,0,0,0
2002,530383,2,1,0,0,0,0,0,0,0,0,0,0
2002,530383,3,1,0,0,0,0,0,0,0,0,0,0
2002,530383,4,1,0,0,0,0,0,0,0,0,0,0
2002,530383,5,1,4,0,0,0,0,0,0,0,0,0
2002,530383,6,1,0,0,0,0,0,0,0,0,0,0
2002,530383,7,1,0,0,0,0,0,0,0,0,0,0
2002,530383,8,1,0,0,0,0,0,0,0,0,0,0
2002,530384,1,1,0,0,0,0,0,0,0,9,0,0
2002,530384,2,1,0,0,0,0,0,0,0,0,0,0
2002,530385,1,1,0,0,0,0,0,0,0,0,0,0
2002,530385,2,1,0,0,0,0,0,0,0,0,0,0
2002,530385,3,1,0,0,0,0,0,0,0,0,0,0
2002,530385,4,1,0,0,0,0,0,0,0,0,0,0
2002,530385,5,1,0,0,0,0,0,0,0,0,0,0
2002,530385,6,1,0,0,0,0,0,0,0,0,0,0
2002,530385,7,1,0,0,0,0,0,0,0,0,0,0
2002,530386,1,1,28,28,28,28,28,28,28,28,28,28
2002,530387,1,1,0,0,0,0,0,0,0,0,0,0
2002,530387,2,1,0,0,0,0,0,0,0,0,0,0
2002,530388,0,1,0,0,0,0,0,0,0,0,0,0
2002,530388,1,1,0,0,0,0,0,0,0,0,0,0
2002,530389,1,1,0,0,0,0,0,0,0,0,0,0
2002,530389,2,1,0,0,17,18,0,22,10,0,0,21
2002,530390,1,1,28,28,28,28,28,28,28,28,28,28
2002,530391,1,1,13,13,13,13,13,13,13,13,13,13
2002,530392,1,1,15,15,15,15,15,15,15,15,15,15
2002,530393,1,1,0,0,0,0,0,0,0,0,0,0
2002,530393,2,1,0,0,0,0,0,0,0,0,0,0
2002,530394,1,1,4,4,4,4,4,4,4,4,4,4
2002,530394,2,1,0,0,0,0,0,0,0,0,0,0
2002,530395,0,1,36,36,36,36,36,36,36,36,36,36
2002,530395,1,1,13,13,13,13,13,13,13,13,13,13
2002,530396,0,1,21,21,21,21,21,21,21,21,21,21
2002,530396,1,1,0,0,0,0,0,0,22,0,0,0
2002,530397,1,1,0,0,0,11,0,14,0,11,0,0
2002,530398,1,1,15,15,15,15,15,15,15,15,15,15
2002,530399,1,1,0,0,0,0,0,0,0,0,0,0
2002,530399,2,1,0,0,0,21,0,0,0,0,12,0
2002,530400,0,1,0,0,0,0,0,0,0,0,0,0
2002,530400,1,1,0,0,0,0,0,0,0,0,0,0
2002,530401,1,1,9,9,9,9,9,9,9,9,9,9
2002,530401,2,1,0,0,23,0,0,0,0,0,0,0
2002,530402,1,1,0,0,0,0,0,0,0,0,0,0
2002,530403,1,1,2,2,2,2,2,2,2,2,2,2
2002,530404,1,1,0,0,0,0,0,0,0,0,0,0
2002,530404,2,1,0,0,0,0,0,0,0,0,0,0
2002,530405,1,1,0,0,0,0,0,0,0,0,0,0
2002,530405,2,1,0,0,0,0,0,0,0,0,0,0
2002,530406,1,1,17,17,17,17,17,17,17,17,17,17
2002,530407,1,1,0,0,0,0,0,0,0,0,0,0
2002,530407,2,1,0,0,0,0,0,0,0,0,0,0
2002,530408,0,1,0,0,0,0,0,0,0,0,0,0
2002,530408,1,1,5,0,0,0,0,0,0,0,0,0
2002,530408,2,1,0,0,0,0,0,0,0,0,0,0
2002,530409,1,1,0,0,0,0,0,0,0,0,0,0
2002,530409,2,1,0,0,0,0,0,0,0,0,0,0
2002,530410,1,1,0,0,0,0,0,0,0,0,0,0
2002,530410,2,1,0,0,0,0,0,0,0,0,0,0
2002,530411,1,1,7,7,7,7,7,7,7,7,7,7
2002,530411,2,1,14,14,14,14,14,14,14,14,14,14
2002,530412,1,1,19,19,19,19,19,19,19,19,19,19
2002,530413,1,1,7,7,7,7,7,7,7,7,7,7
2002,530414,1,1,11,11,11,11,11,11,11,11,11,11
2002,530414,2,1,0,0,0,0,0,0,0,0,0,0
2002,530415,1,1,0,0,0,0,0,0,0,0,0,0
2002,530415,2,1,0,0,0,0,0,0,0,0,0,0
2002,530415,3,1,0,0,0,0,0,0,0,0,0,0
2002,530416,1,1,0,0,0,0,0,0,0,0,0,0
2002,530417,1,1,0,0,0,0,0,0,0,0,0,0
2002,530418,1,1,0,0,0,0,0,0,0,0,0,0
2002,530418,2,1,0,0,0,0,0,0,0,0,0,0
2002,530419,1,1,0,0,0,0,0,0,0,0,0,0
2002,530419,2,1,0,0,0,0,0,0,0,0,0,0
2002,530420,1,1,0,0,0,0,0,0,0,0,0,0
2002,530420,2,1,0,0,0,0,0,0,0,0,0,0
2002,530421,1,1,0,0,0,0,0,0,0,0,0,0
2002,530421,2,1,0,0,0,0,0,0,0,0,0,0
2002,530422,1,1,14,14,14,14,14,14,14,14,14,14
2002,530423,1,1,0,0,0,0,7,0,0,17,17,0