YEAR,ST_CASE,veh_no,per_no,P1,P2,P3,P4,P5,P6,P7,P8,P9,P10
2002,530424,1,1,25,25,25,25,25,25,25,25,25,25
2002,530424,2,1,0,0,0,0,0,0,0,0,0,0
2002,530424,3,1,0,0,0,0,0,0,0,0,0,0
2002,530425,1,1,0,0,0,0,0,0,0,0,0,0
2002,530426,1,1,2,2,2,2,2,2,2,2,2,2
2002,530426,2,1,0,0,0,0,0,0,0,0,0,0
2002,530427,1,1,0,0,0,0,0,0,0,0,0,0
2002,530428,1,1,0,0,0,0,0,0,0,0,0,0
2002,530428,2,1,18,0,0,0,0,0,0,0,0,0
2002,530429,1,1,9,9,9,9,9,9,9,9,9,9
2002,530430,1,1,0,21,0,0,0,0,0,0,0,0
2002,530431,1,1,11,11,11,11,11,11,11,11,11,11
2002,530432,1,1,22,22,22,22,22,22,22,22,22,22
2002,530432,2,1,0,0,0,0,0,0,0,0,0,0
2002,530432,3,1,0,0,10,16,0,31,0,0,0,7
2002,530433,0,1,0,0,0,0,0,0,0,0,0,0
2002,530433,1,1,0,2,0,0,0,0,0,0,0,0
2002,530434,1,1,22,22,22,22,22,22,22,22,22,22
2002,530435,0,1,18,18,18,18,18,18,18,18,18,18
2002,530435,1,1,0,0,0,0,28,0,0,0,0,0
2002,530436,1,1,0,0,0,0,0,0,0,0,0,0
2002,530436,2,1,0,0,0,0,0,0,0,0,0,0
2002,530436,3,1,0,0,0,0,0,0,0,0,0,0
2002,530437,1,1,9,9,9,9,9,9,9,9,9,9
2002,530437,2,1,0,0,0,0,0,0,0,0,0,0
2002,530438,1,1,0,0,0,8,0,0,0,0,0,16
2002,530439,1,1,0,0,0,0,0,0,0,0,0,0
2002,530439,2,1,0,0,0,0,0,0,0,0,0,0
2002,530440,0,1,20,20,20,20,20,20,20,20,20,20
2002,530440,1,1,6,6,6,6,6,6,6,6,6,6
2002,530441,1,1,22,22,22,22,22,22,22,22,22,22
2002,530442,1,1,11,11,11,11,11,11,11,11,11,11
2002,530443,1,1,18,18,18,18,18,18,18,18,18,18
2002,530444,1,1,17,17,17,17,17,17,17,17,17,17
2002,530445,1,1,0,0,0,0,0,0,0,0,0,0
2002,530445,2,1,20,20,20,20,20,20,20,20,20,20
2002,530446,1,1,0,0,0,0,0,0,0,0,0,0
2002,530446,2,1,0,0,0,0,0,0,0,0,0,0
2002,530447,1,1,0,0,0,0,0,0,0,0,0,0
2002,530447,2,1,0,0,0,0,0,0,0,0,0,0
2002,530448,0,1,30,30,30,30,30,30,30,30,30,30
2002,530448,1,1,1,1,1,1,1,1,1,1,1,1
2002,530449,1,1,0,0,0,0,0,0,0,0,0,0
2002,530449,2,1,0,0,0,0,0,0,0,0,0,0
2002,530450,1,1,16,16,16,16,16,16,16,16,16,16
2002,530451,1,1,0,0,0,0,0,0,0,0,0,0
2002,530451,2,1,0,0,0,0,0,0,0,0,0,0
2002,530452,1,1,0,0,0,0,0,0,0,0,0,0
2002,530453,1,1,20,20,20,20,20,20,20,20,20,20
2002,530454,0,1,0,0,0,0,0,0,0,0,0,0
2002,530454,1,1,0,0,0,0,0,0,0,0,0,0
2002,530455,1,1,0,0,0,0,0,0,0,0,0,0
2002,530456,0,1,0,0,0,0,0,0,0,0,0,0
2002,530456,2,1,0,0,0,0,0,0,0,0,0,0
2002,530456,3,1,0,0,0,0,0,0,0,0,0,0
2002,530457,1,1,0,0,0,0,0,0,0,0,0,0
2002,530458,1,1,31,31,31,31,31,31,31,31,31,31
2002,530458,2,1,0,0,0,0,0,0,0,0,0,0
2002,530459,1,1,0,0,0,0,0,0,0,0,0,0
2002,530459,2,1,0,0,0,0,0,0,0,0,0,0
2002,530460,1,1,24,24,24,24,24,24,24,24,24,24
2002,530461,1,1,0,0,0,0,0,0,0,0,0,0
2002,530461,2,1,0,0,0,0,0,0,0,0,0,0
2002,530462,1,1,6,6,6,6,6,6,6,6,6,6
2002,530462,2,1,0,0,0,0,0,0,0,0,0,0
2002,530463,1,1,0,0,0,0,0,0,0,0,0,0
2002,530463,2,1,0,0,0,0,0,0,0,0,0,0
2002,530463,3,1,0,0,0,0,0,0,0,0,0,0
2002,530464,1,1,21,21,21,21,21,21,21,21,21,21
2002,530465,1,1,21,21,21,21,21,21,21,21,21,21
2002,530466,1,1,28,28,28,28,28,28,28,28,28,28
2002,530467,1,1,0,4,0,0,0,0,0,0,0,0
2002,530468,1,1,0,0,0,0,0,0,0,0,0,0
2002,530468,2,1,0,0,0,0,0,0,0,0,0,0
2002,530469,1,1,0,0,0,0,18,0,0,9,0,0
2002,530470,1,1,9,18,17,13,18,17,28,19,31,31
2002,530471,1,1,6,6,6,6,6,6,6,6,6,6
2002,530472,0,1,0,0,0,0,0,0,0,0,0,0
2002,530472,1,1,0,0,5,0,0,0,17,11,0,0
2002,530473,0,1,18,18,18,18,18,18,18,18,18,18
2002,530473,1,1,0,5,17,11,0,0,0,0,0,0
2002,530475,1,1,6,6,6,6,6,6,6,6,6,6
2002,530476,1,1,0,0,0,0,0,0,0,0,0,0
2002,530476,2,1,0,0,0,0,0,0,0,0,0,0
2002,530477,1,1,20,20,20,20,20,20,20,20,20,20
2002,530478,1,1,0,0,0,0,0,0,0,0,0,0
2002,530478,2,1,0,0,0,0,0,0,0,0,0,0
2002,530479,1,1,18,18,18,18,18,18,18,18,18,18
2002,530479,2,1,0,0,0,0,0,0,0,0,0,0
2002,530480,0,1,0,0,0,0,0,0,0,0,0,0
2002,530480,1,1,0,0,0,0,0,0,0,0,0,0
2002,530481,1,1,6,6,6,6,6,6,6,6,6,6
2002,530481,2,1,0,0,0,0,0,0,0,0,0,0
2002,530482,0,1,0,0,0,0,0,0,0,0,0,0
2002,530482,1,1,0,0,0,0,0,0,0,0,0,0
2002,530483,1,1,0,0,0,0,8,0,0,0,0,0
2002,530484,1,1,0,0,0,0,0,0,0,0,0,0
2002,530485,1,1,0,0,18,0,0,0,21,0,0,0
2002,530486,1,1,0,0,0,0,0,0,0,0,0,0
2002,530486,2,1,0,0,0,0,0,0,0,0,0,0
2002,530487,1,1,0,0,0,0,0,0,0,0,0,0
2002,530487,2,1,0,0,0,16,0,0,0,0,0,0
2002,530488,1,1,0,0,0,0,0,0,0,0,0,0
2002,530488,2,1,0,0,0,0,0,0,0,0,0,0
2002,530489,1,1,2,2,2,2,2,2,2,2,2,2
2002,530489,2,1,0,0,0,0,0,0,0,0,0,0
2002,530490,1,1,21,21,21,21,21,21,21,21,21,21
2002,530490,2,1,0,0,0,0,0,0,0,0,0,0
2002,530490,3,1,0,0,0,0,0,0,0,0,0,0
2002,530491,1,1,14,0,29,19,4,24,16,0,27,10
2002,530492,0,1,0,0,0,0,0,0,0,0,0,0
2002,530492,1,1,0,0,0,0,0,0,0,0,0,0
2002,530493,1,1,19,19,19,19,19,19,19,19,19,19
2002,530494,1,1,14,14,14,14,14,14,14,14,14,14
2002,530494,2,1,0,0,0,0,0,0,0,0,0,0
2002,530495,1,1,0,0,0,0,0,0,0,0,0,0
2002,530496,1,1,0,0,0,0,0,0,0,0,0,0
2002,530496,2,1,0,0,0,0,0,0,0,0,0,0
2002,530497,1,1,0,0,0,0,0,0,0,0,0,0
2002,530497,2,1,7,7,7,7,7,7,7,7,7,7
2002,530498,1,1,0,0,0,0,0,0,0,0,0,0
2002,530498,2,1,0,0,0,0,0,0,0,0,0,0
2002,530499,1,1,3,3,3,3,3,3,3,3,3,3
2002,530500,0,1,0,0,0,0,0,0,0,0,0,0
2002,530500,1,1,0,0,0,0,0,5,0,0,0,0
2002,530501,0,1,0,0,0,0,0,0,0,0,0,0
2002,530501,1,1,0,0,0,0,0,0,0,0,0,7
2002,530502,1,1,0,0,0,0,0,0,0,0,0,0
2002,530503,1,1,19,19,19,19,19,19,19,19,19,19
2002,530504,1,1,8,8,8,8,8,8,8,8,8,8
2002,530505,1,1,16,16,16,16,16,16,16,16,16,16
2002,530506,1,1,0,0,0,0,0,0,0,0,0,0
2002,530507,1,1,0,0,0,0,0,0,0,0,0,0
2002,530507,2,1,0,0,0,0,0,0,0,0,0,0
2002,530508,1,1,0,0,0,0,0,0,0,0,0,0
2002,530508,2,1,0,0,0,0,0,0,0,0,0,0
2002,530508,3,1,0,0,0,0,0,0,0,0,0,0
2002,530509,1,1,0,0,0,0,0,0,0,0,0,0
2002,530509,2,1,0,0,0,0,0,0,0,0,0,0
2002,530510,1,1,0,0,0,0,0,0,0,0,0,0
2002,530510,2,1,0,0,0,0,0,0,0,0,0,0
2002,530511,1,1,0,0,0,0,0,0,0,0,0,0
2002,530511,2,1,4,0,0,0,0,0,0,0,0,0
2002,530512,1,1,0,0,0,0,0,0,0,0,0,0
2002,530512,2,1,0,0,0,0,0,0,0,0,0,0
2002,530513,1,1,0,0,0,0,0,0,0,0,0,0
2002,530514,1,1,26,21,6,6,6,0,12,7,7,12
2002,530515,1,1,0,0,0,0,0,0,0,0,0,0
2002,530516,0,1,0,0,0,0,0,0,0,0,0,0
2002,530516,1,1,0,0,0,0,0,0,0,0,0,0
2002,530517,0,1,27,27,27,27,27,27,27,27,27,27
2002,530517,1,1,0,0,0,13,0,0,0,0,0,0
2002,530518,1,1,0,0,0,0,0,0,0,0,0,0
2002,530519,1,1,28,28,28,28,28,28,28,28,28,28
2002,530520,1,1,14,14,14,14,14,14,14,14,14,14
2002,530520,2,1,0,0,0,0,0,0,0,0,0,0
2002,530521,1,1,0,0,0,0,0,0,0,0,0,0
2002,530521,2,1,0,0,0,0,0,0,0,0,0,0
2002,530522,1,1,0,0,0,0,0,0,0,15,0,0
2002,530523,1,1,19,19,19,19,19,19,19,19,19,19
2002,530523,2,1,0,0,0,0,0,0,0,0,14,0
2002,530524,0,1,0,0,0,0,0,0,0,0,0,0
2002,530524,1,1,0,0,0,0,0,0,0,0,0,0
2002,530525,1,1,0,0,0,0,0,0,0,0,0,0
2002,530525,2,1,0,0,0,0,0,0,0,0,0,0
2002,530526,0,1,0,0,0,0,0,0,0,0,0,0
2002,530526,1,1,0,0,0,0,0,0,0,0,0,0
2002,530527,1,1,23,23,23,23,23,23,23,23,23,23
2002,530528,1,1,0,0,0,0,0,0,0,0,0,0
2002,530528,2,1,0,0,0,0,0,0,0,0,0,0
2002,530529,1,1,3,3,3,3,3,3,3,3,3,3
2002,530530,1,1,0,0,0,6,0,0,0,0,0,0
2002,530530,2,1,0,0,0,0,0,0,0,0,0,0
2002,530531,1,1,0,0,0,0,0,0,0,0,0,0
2002,530531,2,1,0,0,0,0,0,0,0,0,0,0
2002,530532,1,1,25,0,0,0,11,20,0,0,0,0
2002,530533,0,1,4,4,4,4,4,4,4,4,4,4
2002,530533,1,1,0,0,0,0,0,0,0,0,0,0
2002,530534,1,1,0,0,0,0,0,0,0,0,0,0
2002,530535,1,1,0,0,0,0,0,0,0,0,0,0
2002,530535,2,1,0,0,0,0,0,0,0,0,0,0
2002,530536,1,1,6,6,6,6,6,6,6,6,6,6
2002,530537,1,1,29,29,29,29,29,29,29,29,29,29
2002,530538,1,1,0,0,0,0,0,0,0,0,0,0
2002,530538,2,1,0,0,0,0,0,0,0,0,0,0
2002,530539,1,1,20,20,20,20,20,20,20,20,20,20
2002,530540,1,1,20,20,20,20,20,20,20,20,20,20
2002,530541,1,1,0,0,0,0,0,0,0,0,0,0
2002,530541,2,1,0,0,0,0,0,0,0,0,0,0
2002,530542,1,1,0,0,0,0,0,0,0,0,0,0
2002,530543,1,1,0,0,0,0,0,0,0,0,0,0
2002,530544,1,1,0,0,0,0,0,0,0,0,0,0
2002,530544,2,1,0,0,0,0,0,0,0,0,0,0
2002,530545,1,1,0,0,0,0,18,0,0,22,11,0
2002,530546,0,1,0,0,0,0,0,0,0,0,0,0
2002,530546,1,1,0,0,0,0,0,0,0,0,0,0
2002,530546,2,1,0,0,0,0,0,0,0,0,16,0
2002,530547,1,1,0,0,0,0,0,0,0,0,0,0
2002,530547,2,1,0,0,0,0,0,0,0,0,0,0
2002,530548,1,1,0,0,0,0,0,0,0,0,0,0
2002,530548,2,1,0,0,0,0,0,0,0,0,0,0
2002,530549,1,1,0,0,0,0,0,0,0,0,0,0
2002,530550,0,1,21,21,21,21,21,21,21,21,21,21
2002,530550,1,1,0,0,0,10,0,0,0,0,0,0
2002,530551,1,1,0,0,0,0,0,0,0,0,0,0
2002,530552,1,1,0,0,0,0,0,0,0,0,0,0
2002,530553,1,1,8,0,12,20,13,7,8,22,23,12
2002,530554,1,1,10,10,10,10,10,10,10,10,10,10
2002,530555,0,1,0,0,0,0,0,0,0,0,0,0
2002,530555,1,1,0,0,0,0,0,0,0,0,0,0
2002,530556,1,1,15,15,15,15,15,15,15,15,15,15
2002,530556,2,1,0,0,0,0,0,0,0,0,0,0
2002,530557,1,1,0,0,0,0,0,0,0,0,0,0
2002,530557,2,1,0,0,0,0,0,0,0,0,0,0
2002,530558,1,1,0,0,0,0,0,0,0,0,0,0
2002,530558,2,1,0,0,0,0,0,0,0,0,0,0
2002,530559,1,1,0,0,0,0,0,0,0,0,0,0
2002,530559,2,1,0,0,0,0,0,0,0,0,0,0
2002,530560,1,1,0,0,0,0,0,0,0,0,0,0
2002,530560,2,1,0,0,0,0,0,0,0,0,0,0
2002,530560,3,1,0,0,0,0,0,0,0,0,0,0
2002,530561,1,1,23,23,23,23,23,23,23,23,23,23
2002,530562,0,1,0,0,0,0,0,0,0,0,0,0
2002,530562,1,1,0,15,0,0,0,0,0,0,0,0
2002,530563,1,1,15,15,15,15,15,15,15,15,15,15
2002,530563,2,1,0,0,0,0,0,0,0,0,0,0
2002,530564,1,1,0,0,0,0,0,0,0,0,0,0
2002,530564,2,1,0,0,10,0,0,0,0,0,0,0
2002,530565,1,1,19,19,19,19,19,19,19,19,19,19
2002,530565,2,1,21,21,21,21,21,21,21,21,21,21
2002,530566,1,1,0,0,0,0,0,0,0,0,0,0
2002,530566,2,1,0,0,0,0,0,0,0,0,0,0
2002,530567,0,1,15,15,15,15,15,15,15,15,15,15
2002,530567,1,1,0,0,0,0,0,0,0,0,0,0
2002,530568,1,1,0,0,0,0,0,0,0,0,0,0
2002,530568,2,1,0,0,0,0,0,0,0,0,0,0
2002,530569,1,1,18,18,18,18,18,18,18,18,18,18
2002,530570,1,1,0,0,0,0,0,0,0,0,0,0
2002,530570,2,1,0,0,0,0,0,0,0,0,0,0
2002,530571,1,1,23,23,23,23,23,23,23,23,23,23
2002,530572,0,1,4,4,4,4,4,4,4,4,4,4
2002,530572,1,1,0,0,0,0,0,0,0,0,0,0
2002,530572,2,1,0,0,0,13,0,0,0,0,0,0
2002,530573,1,1,0,0,0,0,0,0,0,0,0,0
2002,530574,1,1,0,0,0,0,0,0,0,0,0,0
2002,530574,2,1,0,0,0,0,0,0,0,0,0,0
2002,530574,3,1,0,0,0,0,0,0,0,0,0,0
2002,530575,1,1,0,0,0,12,0,0,0,0,0,0
2002,530576,1,1,9,9,9,9,9,9,9,9,9,9
2002,530576,2,1,0,0,0,0,0,0,0,0,0,0
2002,530577,1,1,0,0,0,0,0,0,0,0,0,0
2002,530577,2,1,0,0,0,0,0,0,0,0,0,0
2002,530578,1,1,0,0,0,0,0,0,0,0,0,0
2002,530578,2,1,0,0,0,11,0,0,0,0,0,0
2002,530579,1,1,18,18,18,18,18,18,18,18,18,18
2002,530580,1,1,0,0,0,0,0,0,0,0,0,0
2002,530580,2,1,0,0,0,0,0,0,0,0,0,0
2002,530581,1,1,0,0,0,0,0,0,0,0,0,0
2002,530581,2,1,0,0,0,0,0,0,0,0,0,0
2002,530581,3,1,0,0,0,0,0,0,0,0,0,0
2002,530582,1,1,17,17,17,17,17,17,17,17,17,17
2002,530583,1,1,0,0,0,0,0,0,0,0,0,0
2002,530583,2,1,0,0,0,0,0,0,0,0,0,0
2002,530584,1,1,0,0,0,0,0,0,0,0,0,0
2002,530585,1,1,0,0,0,0,0,0,0,0,0,0
2002,530586,1,1,20,20,20,20,20,20,20,20,20,20
2002,530586,2,1,0,33,0,7,0,0,0,0,0,0
2002,530586,3,1,0,0,0,15,0,0,8,0,0,0
2002,530586,4,1,0,0,0,0,0,0,0,0,0,0
2002,530586,5,1,0,0,0,0,0,0,0,0,0,0
2002,530586,6,1,0,0,0,0,0,0,0,0,0,0
2002,530587,1,1,0,0,0,0,0,0,0,0,0,0
2002,530588,1,1,0,0,0,0,0,0,0,0,0,23
2002,530588,2,1,0,0,0,0,0,0,0,0,0,0
2002,530589,0,1,0,0,0,0,0,0,0,0,0,0
2002,530589,1,1,0,0,0,0,0,0,0,0,0,0
2002,530590,1,1,26,26,26,26,26,26,26,26,26,26
2002,540001,1,1,0,0,0,0,0,0,0,0,0,0
2002,540002,1,1,0,0,0,0,0,0,0,0,0,0
2002,540002,2,1,0,0,0,0,0,0,0,0,0,0
2002,540003,1,1,0,0,0,0,0,0,0,0,0,0
2002,540003,2,1,0,0,0,0,0,0,0,0,0,0
2002,540004,1,1,0,0,0,0,0,0,0,0,0,0
2002,540004,2,1,0,0,0,0,0,0,0,0,0,0
2002,540005,1,1,18,18,18,18,18,18,18,18,18,18
2002,540006,1,1,0,0,0,0,0,0,0,0,0,0
2002,540007,1,1,0,0,0,0,0,0,0,0,11,0
2002,540007,2,1,16,16,16,16,16,16,16,16,16,16
2002,540008,1,1,9,0,0,0,0,0,0,0,0,0
2002,540008,2,1,0,0,0,0,0,0,0,0,0,0
2002,540009,1,1,40,40,40,40,40,40,40,40,40,40
2002,540010,1,1,0,0,0,0,0,0,0,0,0,0
2002,540011,1,1,0,0,0,0,0,0,0,0,0,0
2002,540011,2,1,17,11,10,0,23,20,21,23,6,8
2002,540012,1,1,20,20,20,20,20,20,20,20,20,20
2002,540013,1,1,30,30,30,30,30,30,30,30,30,30
2002,540014,1,1,0,0,0,0,0,0,0,0,0,0
2002,540015,1,1,0,0,0,0,5,0,0,0,0,0
2002,540015,2,1,0,0,0,0,0,0,0,0,0,0
2002,540016,1,1,0,0,0,0,0,0,0,0,0,0
2002,540017,1,1,0,0,0,0,0,0,0,0,0,0
2002,540017,2,1,0,0,0,0,0,0,0,0,0,0
2002,540017,3,1,0,0,0,0,0,0,0,0,0,0
2002,540017,4,1,0,0,0,0,0,0,0,0,0,0
2002,540018,1,1,0,0,0,0,0,0,0,0,0,0
2002,540019,0,1,14,14,14,14,14,14,14,14,14,14
2002,540019,1,1,0,0,0,5,0,0,0,0,0,0
2002,540020,1,1,0,0,0,0,0,12,0,0,0,0
2002,540020,2,1,0,0,0,0,0,0,0,0,0,0
2002,540021,1,1,0,0,0,0,0,0,0,0,0,0
2002,540022,0,1,34,34,34,34,34,34,34,34,34,34
2002,540022,1,1,0,0,0,0,0,0,0,0,8,15
2002,540023,1,1,0,0,0,0,0,0,0,0,0,0
2002,540023,2,1,0,0,0,0,0,0,0,0,0,0
2002,540024,1,1,0,0,0,0,0,0,0,0,0,0
2002,540024,2,1,0,0,0,0,0,0,0,0,0,0
2002,540025,1,1,0,0,0,0,17,0,0,0,0,0
2002,540026,1,1,16,16,16,16,16,16,16,16,16,16
2002,540027,1,1,0,0,0,0,0,0,23,0,0,0
2002,540027,2,1,0,0,0,0,0,0,0,0,0,0
2002,540028,1,1,19,19,19,19,19,19,19,19,19,19
2002,540029,1,1,0,0,0,0,0,0,0,0,0,0
2002,540029,2,1,0,0,0,0,0,0,0,0,0,0
2002,540030,1,1,14,14,14,14,14,14,14,14,14,14
2002,540031,1,1,20,20,20,20,20,20,20,20,20,20
2002,540031,2,1,11,2,0,0,39,0,0,16,0,0
2002,540032,1,1,0,0,0,0,0,0,0,0,0,0
2002,540033,1,1,0,0,0,0,0,0,0,0,0,0
2002,540033,2,1,0,0,0,0,0,0,0,0,0,0
2002,540034,1,1,14,19,13,24,11,26,3,19,22,17
2002,540034,2,1,0,0,0,0,0,0,0,0,0,0
2002,540035,1,1,0,0,0,0,0,0,0,0,0,0
2002,540036,1,1,17,17,17,17,17,17,17,17,17,17
2002,540037,1,1,26,26,26,26,26,26,26,26,26,26
2002,540038,1,1,0,0,0,0,0,0,0,0,0,0
2002,540038,2,1,0,0,0,0,0,0,0,0,0,0
2002,540039,1,1,36,36,36,36,36,36,36,36,36,36
2002,540040,1,1,5,5,5,5,5,5,5,5,5,5
2002,540041,0,1,0,0,0,0,0,0,0,0,0,0
2002,540041,1,1,0,0,0,0,0,0,0,0,0,0
2002,540042,1,1,0,0,0,0,0,0,0,0,0,0
2002,540042,2,1,0,0,0,0,0,0,0,0,0,0
2002,540043,1,1,22,22,22,22,22,22,22,22,22,22
2002,540043,2,1,0,0,0,0,0,0,0,0,0,0
2002,540044,1,1,0,0,0,0,0,0,0,0,0,0
2002,540044,2,1,12,12,12,12,12,12,12,12,12,12
2002,540045,1,1,26,26,26,26,26,26,26,26,26,26
2002,540046,1,1,10,10,10,10,10,10,10,10,10,10
2002,540047,1,1,0,0,0,0,0,0,0,0,0,0
2002,540047,2,1,0,0,0,0,0,0,0,0,0,0
2002,540047,3,1,0,0,0,0,0,0,0,0,0,0
2002,540048,1,1,12,12,12,12,12,12,12,12,12,12
2002,540049,1,1,0,0,0,0,0,0,0,0,0,0
2002,540049,2,1,0,0,0,0,0,0,0,0,0,0
2002,540050,1,1,12,12,12,12,12,12,12,12,12,12
2002,540051,1,1,22,22,22,22,22,22,22,22,22,22
2002,540052,1,1,0,0,0,0,0,0,0,0,0,0
2002,540052,2,1,0,8,0,13,0,0,0,0,0,0
2002,540053,1,1,19,19,19,19,19,19,19,19,19,19
2002,540054,1,1,12,12,12,12,12,12,12,12,12,12
2002,540055,1,1,0,0,0,0,0,0,0,0,0,0
2002,540055,2,1,0,0,0,0,0,0,0,0,0,0
2002,540055,3,1,0,0,0,0,0,0,0,0,0,0
2002,540056,1,1,0,0,0,0,0,0,0,0,0,0
2002,540056,2,1,0,0,0,0,0,0,0,0,0,0
2002,540057,1,1,13,13,13,13,13,13,13,13,13,13
2002,540058,1,1,0,0,0,0,0,0,0,0,0,0
2002,540058,2,1,0,0,0,0,0,0,0,0,0,0
2002,540058,3,1,0,0,0,0,0,0,0,0,0,0
2002,540059,1,1,22,22,22,22,22,22,22,22,22,22
2002,540059,2,1,0,0,0,0,0,0,0,0,0,0
2002,540060,1,1,9,9,9,9,9,9,9,9,9,9
2002,540061,1,1,11,11,11,11,11,11,11,11,11,11
2002,540061,2,1,0,0,0,0,0,0,0,0,0,0
2002,540062,1,1,18,18,18,18,18,18,18,18,18,18
2002,540063,1,1,4,4,4,4,4,4,4,4,4,4
2002,540063,2,1,0,0,0,0,0,0,0,0,0,0
2002,540064,1,1,0,0,0,0,0,0,0,0,0,0
2002,540064,2,1,0,0,0,0,0,0,0,0,0,0
2002,540065,1,1,0,0,0,0,0,0,0,0,0,0
2002,540066,1,1,0,0,0,0,0,0,0,0,0,0
2002,540066,2,1,13,13,13,13,13,13,13,13,13,13
2002,540067,1,1,24,24,24,24,24,24,24,24,24,24
2002,540068,1,1,0,0,0,0,0,0,0,0,0,0
2002,540068,2,1,0,0,0,0,0,0,0,0,0,0
2002,540069,1,1,0,0,0,0,0,0,0,0,0,0
2002,540069,2,1,0,0,0,0,0,0,0,0,0,0
2002,540070,1,1,0,0,0,0,0,0,0,0,0,0
2002,540070,2,1,4,4,4,4,4,4,4,4,4,4
2002,540071,1,1,14,14,14,14,14,14,14,14,14,14
2002,540072,1,1,0,0,0,0,0,0,0,0,0,0
2002,540073,1,1,0,0,0,0,0,0,0,0,0,0
2002,540074,1,1,0,0,0,0,0,0,0,0,0,0
2002,540074,2,1,18,18,18,18,18,18,18,18,18,18
2002,540075,1,1,10,10,10,10,10,10,10,10,10,10
2002,540075,2,1,0,0,11,0,0,0,14,0,0,0
2002,540076,1,1,0,0,0,0,0,0,0,0,0,0
2002,540077,1,1,0,15,0,36,0,0,0,0,0,0
2002,540078,1,1,0,0,0,0,0,0,0,0,0,0
2002,540078,2,1,0,0,0,0,0,0,0,0,0,0
2002,540079,1,1,0,0,0,0,0,0,0,0,0,0
2002,540080,1,1,0,0,0,0,0,0,0,0,0,0
2002,540080,2,1,0,0,0,0,0,0,0,0,0,0
2002,540081,1,1,0,0,0,0,0,0,0,0,0,0
2002,540082,1,1,0,0,0,0,0,0,0,0,0,0
2002,540082,2,1,0,0,0,0,0,0,0,0,0,0
2002,540083,1,1,23,23,23,23,23,23,23,23,23,23
2002,540084,1,1,0,0,0,0,0,8,0,0,0,0
2002,540085,1,1,13,13,13,13,13,13,13,13,13,13
2002,540086,0,1,0,0,0,0,0,0,0,0,0,0
2002,540086,1,1,0,0,0,0,0,0,0,0,0,0
2002,540087,1,1,0,0,0,0,0,0,0,0,0,0
2002,540087,2,1,9,9,9,9,9,9,9,9,9,9
2002,540088,1,1,0,0,0,0,0,0,0,0,0,0
2002,540089,1,1,0,0,0,0,0,0,0,0,0,0
2002,540089,2,1,0,0,0,0,0,0,0,0,0,0
2002,540090,1,1,0,0,0,0,0,0,0,0,0,0
2002,540090,2,1,0,0,0,0,0,0,0,0,0,0
2002,540091,1,1,9,9,9,9,9,9,9,9,9,9
2002,540092,1,1,0,0,0,0,0,0,0,0,0,0
2002,540092,2,1,0,0,0,4,0,0,0,0,0,0
2002,540093,1,1,0,0,0,0,0,0,0,0,0,0
2002,540093,2,1,29,29,29,29,29,29,29,29,29,29
2002,540094,1,1,0,0,0,0,0,0,0,0,0,0
2002,540094,2,1,0,0,0,0,0,0,0,0,0,0
2002,540095,1,1,16,16,16,16,16,16,16,16,16,16
2002,540096,1,1,0,0,0,0,0,0,0,0,0,0
2002,540097,1,1,0,0,0,0,0,0,0,0,0,0
2002,540098,1,1,0,0,0,0,0,0,0,0,0,0
2002,540098,2,1,6,0,22,10,0,0,13,0,0,0
2002,540099,1,1,0,0,0,0,0,0,0,0,0,0
2002,540100,1,1,0,0,0,0,0,0,0,0,0,0
2002,540100,2,1,0,0,0,0,0,0,0,0,0,0
2002,540101,1,1,4,4,4,4,4,4,4,4,4,4
2002,540102,1,1,0,0,0,0,0,0,0,0,0,0
2002,540102,2,1,0,0,0,0,0,0,0,0,0,0
2002,540103,1,1,0,0,0,0,0,0,0,0,0,0
2002,540103,2,1,0,0,0,0,0,0,0,0,9,0
2002,540103,3,1,0,0,0,0,0,0,0,0,0,0
2002,540104,1,1,0,0,0,0,0,0,0,0,0,0
2002,540104,2,1,0,0,0,0,0,0,0,0,0,0
2002,540105,1,1,0,0,0,0,0,0,0,0,0,0
2002,540105,2,1,0,0,0,0,0,0,0,0,0,0
2002,540106,1,1,19,19,19,19,19,19,19,19,19,19
2002,540107,1,1,9,9,9,9,9,9,9,9,9,9
2002,540108,1,1,0,0,0,0,0,0,0,0,0,0
2002,540109,1,1,19,19,19,19,19,19,19,19,19,19
2002,540110,1,1,0,0,0,0,0,0,0,0,0,0
2002,540110,2,1,0,0,0,0,0,0,0,0,0,0
2002,540111,0,1,11,11,11,11,11,11,11,11,11,11
2002,540111,1,1,21,21,21,21,21,21,21,21,21,21
2002,540112,1,1,0,0,0,0,0,0,0,0,0,0
2002,540112,2,1,0,0,0,0,0,0,0,0,0,0
2002,540112,3,1,0,0,0,0,0,0,0,0,0,0
2002,540113,1,1,21,21,21,21,21,21,21,21,21,21
2002,540114,0,1,0,0,0,0,0,0,0,0,0,0
2002,540114,1,1,15,15,15,15,15,15,15,15,15,15
2002,540115,1,1,0,0,0,0,0,0,0,0,0,0
2002,540115,2,1,0,0,0,0,0,0,0,0,0,0
2002,540116,1,1,38,38,38,38,38,38,38,38,38,38