YEAR,ST_CASE,veh_no,per_no,P1,P2,P3,P4,P5,P6,P7,P8,P9,P10
2002,540117,1,1,0,0,0,0,0,0,0,0,0,0
2002,540117,2,1,0,0,0,0,0,0,0,0,0,0
2002,540117,3,1,0,0,0,0,0,0,0,0,0,0
2002,540118,1,1,0,0,0,0,0,0,0,0,0,0
2002,540119,0,1,0,0,0,0,0,0,0,0,0,0
2002,540119,1,1,0,0,0,0,0,0,0,0,0,0
2002,540120,1,1,0,0,0,0,0,0,0,17,0,0
2002,540120,2,1,0,0,0,0,0,0,0,0,0,0
2002,540121,1,1,22,22,22,22,22,22,22,22,22,22
2002,540122,1,1,0,0,0,0,0,0,0,0,0,0
2002,540123,1,1,17,17,17,17,17,17,17,17,17,17
2002,540124,1,1,12,17,25,5,27,30,13,8,14,10
2002,540125,1,1,0,0,0,0,0,0,0,0,0,0
2002,540125,2,1,0,0,0,0,0,0,0,0,0,0
2002,540125,3,1,0,0,0,0,0,0,0,0,20,0
2002,540126,1,1,0,0,0,0,0,0,0,0,0,0
2002,540127,1,1,0,0,0,0,0,0,0,0,0,0
2002,540128,1,1,25,25,25,25,25,25,25,25,25,25
2002,540129,1,1,0,0,0,0,0,0,0,0,0,0
2002,540130,1,1,13,13,13,13,13,13,13,13,13,13
2002,540130,2,1,0,0,0,0,0,0,0,0,0,0
2002,540131,0,1,0,0,0,0,0,0,0,0,0,0
2002,540131,1,1,0,0,0,0,0,0,0,0,0,0
2002,540132,1,1,0,0,0,0,0,0,0,0,0,0
2002,540132,2,1,8,8,8,8,8,8,8,8,8,8
2002,540133,1,1,22,22,22,22,22,22,22,22,22,22
2002,540133,2,1,0,0,0,0,0,0,0,0,0,0
2002,540134,1,1,0,0,0,0,0,0,0,0,0,0
2002,540135,1,1,0,10,0,0,0,23,0,0,0,0
2002,540136,1,1,24,24,24,24,24,24,24,24,24,24
2002,540137,1,1,23,23,23,23,23,23,23,23,23,23
2002,540138,1,1,0,14,0,0,0,0,0,12,0,0
2002,540138,2,1,0,0,0,0,0,5,5,0,0,0
2002,540139,1,1,12,12,12,12,12,12,12,12,12,12
2002,540140,1,1,12,12,12,12,12,12,12,12,12,12
2002,540141,1,1,0,0,0,0,0,0,0,0,0,0
2002,540142,1,1,0,0,0,0,0,0,0,0,0,0
2002,540143,1,1,9,9,9,9,9,9,9,9,9,9
2002,540143,2,1,0,0,0,0,0,0,0,0,0,0
2002,540144,1,1,0,0,0,0,0,0,0,0,0,0
2002,540144,2,1,12,12,12,12,12,12,12,12,12,12
2002,540145,1,1,4,4,4,4,4,4,4,4,4,4
2002,540146,1,1,0,0,0,0,0,0,0,0,0,0
2002,540147,1,1,0,0,0,0,0,0,0,0,0,0
2002,540147,2,1,0,0,0,0,0,0,0,0,0,0
2002,540148,1,1,0,0,0,0,0,0,0,0,0,0
2002,540148,2,1,0,0,0,0,0,0,0,0,0,0
2002,540149,1,1,0,0,0,0,0,0,0,0,0,0
2002,540150,1,1,34,34,34,34,34,34,34,34,34,34
2002,540151,1,1,5,5,5,5,5,5,5,5,5,5
2002,540152,1,1,0,0,0,0,0,0,0,0,0,0
2002,540153,1,1,0,0,0,0,0,0,0,0,0,0
2002,540154,1,1,0,0,0,0,0,0,0,0,0,0
2002,540154,2,1,0,0,0,0,0,0,0,0,0,0
2002,540154,3,1,0,0,0,0,0,0,0,0,0,0
2002,540155,1,1,0,0,0,0,0,0,0,0,0,0
2002,540155,2,1,0,0,0,0,0,0,0,0,0,0
2002,540156,0,1,0,0,0,0,0,0,0,0,0,0
2002,540156,1,1,0,0,0,0,0,0,0,0,0,0
2002,540157,1,1,0,0,0,0,0,0,0,0,0,0
2002,540157,2,1,0,0,0,0,0,0,0,0,0,0
2002,540158,1,1,0,0,0,0,0,0,0,0,0,0
2002,540158,2,1,14,31,0,0,0,0,0,0,0,0
2002,540159,1,1,2,2,2,2,2,2,2,2,2,2
2002,540159,2,1,0,0,0,0,0,0,0,0,0,0
2002,540160,1,1,22,22,22,22,22,22,22,22,22,22
2002,540161,1,1,17,17,17,17,17,17,17,17,17,17
2002,540162,1,1,10,10,10,10,10,10,10,10,10,10
2002,540163,1,1,0,0,0,0,0,0,0,0,0,0
2002,540163,2,1,0,0,0,0,0,0,0,0,0,0
2002,540164,1,1,22,22,22,22,22,22,22,22,22,22
2002,540165,1,1,0,0,0,0,0,0,0,0,0,0
2002,540166,1,1,20,20,20,20,20,20,20,20,20,20
2002,540167,1,1,0,0,0,0,0,0,0,0,0,0
2002,540168,1,1,0,0,0,0,0,0,0,0,0,0
2002,540169,1,1,0,0,0,0,0,0,0,0,0,0
2002,540169,2,1,0,0,0,0,0,0,0,0,0,0
2002,540170,1,1,18,18,18,18,18,18,18,18,18,18
2002,540171,1,1,23,23,23,23,23,23,23,23,23,23
2002,540172,1,1,23,23,23,23,23,23,23,23,23,23
2002,540173,1,1,0,0,0,0,0,0,0,0,0,0
2002,540174,1,1,0,0,0,0,0,0,0,0,0,0
2002,540175,1,1,13,13,13,13,13,13,13,13,13,13
2002,540175,2,1,0,0,0,0,0,0,0,0,0,0
2002,540176,1,1,0,0,0,0,0,0,0,0,0,0
2002,540177,1,1,0,0,8,0,0,0,0,0,0,0
2002,540178,1,1,0,0,0,0,0,0,0,0,0,0
2002,540178,2,1,0,0,0,0,0,0,0,0,0,0
2002,540179,1,1,0,0,0,0,0,0,0,0,0,0
2002,540180,1,1,0,0,0,0,0,0,0,0,0,0
2002,540180,2,1,0,0,0,0,0,0,0,0,0,0
2002,540181,1,1,0,0,0,0,0,0,0,0,0,0
2002,540181,2,1,0,0,0,0,0,0,0,0,0,0
2002,540182,1,1,0,0,0,0,0,0,0,0,0,0
2002,540182,2,1,0,0,0,0,0,0,0,0,0,0
2002,540183,1,1,0,0,0,0,0,0,0,0,0,0
2002,540183,2,1,0,0,0,0,0,0,0,0,0,0
2002,540184,0,1,0,0,0,0,0,0,0,0,0,0
2002,540184,1,1,0,0,0,0,0,0,0,0,0,0
2002,540185,1,1,0,0,0,0,0,0,0,0,0,0
2002,540186,1,1,0,0,0,0,0,0,0,0,0,0
2002,540186,2,1,0,0,0,0,0,0,0,0,0,0
2002,540186,3,1,0,0,0,0,0,0,0,0,0,0
2002,540186,4,1,0,0,0,0,0,0,0,0,0,0
2002,540186,5,1,0,0,0,0,0,0,0,0,0,0
2002,540186,6,1,0,0,12,0,0,0,0,0,0,0
2002,540186,7,1,0,0,0,0,0,0,0,0,0,0
2002,540187,1,1,1,1,1,1,1,1,1,1,1,1
2002,540188,1,1,0,0,0,0,0,0,0,0,0,0
2002,540188,2,1,0,0,0,0,0,0,0,0,0,0
2002,540189,0,1,0,0,0,0,0,0,0,0,0,0
2002,540189,1,1,0,0,0,0,0,0,0,0,0,0
2002,540190,0,1,0,14,0,0,0,0,0,0,0,0
2002,540190,1,1,0,0,0,0,0,0,0,0,0,0
2002,540191,1,1,0,0,0,0,0,0,0,0,0,0
2002,540192,1,1,0,0,0,0,0,0,0,0,0,0
2002,540193,1,1,0,0,0,0,0,0,0,0,0,0
2002,540193,2,1,0,0,0,0,0,0,9,0,0,0
2002,540194,1,1,15,0,0,0,0,0,0,0,0,36
2002,540195,1,1,23,23,23,23,23,23,23,23,23,23
2002,540196,1,1,0,0,0,0,0,0,0,0,0,0
2002,540197,0,1,0,0,0,0,0,0,0,0,0,0
2002,540197,1,1,0,0,0,0,0,0,0,0,0,0
2002,540197,2,1,0,0,0,0,0,0,0,0,0,0
2002,540198,1,1,0,0,0,0,0,0,0,0,0,0
2002,540199,1,1,0,0,0,0,0,0,0,0,0,0
2002,540199,2,1,0,0,0,0,0,0,0,0,4,0
2002,540200,1,1,21,21,21,21,21,21,21,21,21,21
2002,540201,1,1,12,14,22,21,20,21,27,29,18,14
2002,540202,1,1,9,9,9,9,9,9,9,9,9,9
2002,540203,1,1,22,22,22,22,22,22,22,22,22,22
2002,540204,1,1,0,0,0,0,0,0,0,0,0,0
2002,540204,2,1,1,1,1,1,1,1,1,1,1,1
2002,540205,1,1,0,0,0,0,0,0,0,0,0,0
2002,540206,1,1,0,0,14,0,0,0,0,0,0,0
2002,540207,1,1,0,0,0,0,0,0,0,0,0,0
2002,540207,2,1,0,0,0,0,0,0,0,0,0,0
2002,540208,1,1,26,26,26,26,26,26,26,26,26,26
2002,540209,1,1,28,28,28,28,28,28,28,28,28,28
2002,540210,1,1,0,0,0,0,0,0,0,0,0,0
2002,540210,2,1,0,0,0,0,0,0,0,0,0,0
2002,540210,3,1,0,0,0,0,0,0,0,0,0,0
2002,540211,1,1,0,0,0,0,0,0,0,0,0,0
2002,540212,1,1,0,0,0,0,7,0,0,18,0,0
2002,540213,1,1,0,0,0,0,0,0,0,0,0,0
2002,540214,1,1,22,22,22,22,22,22,22,22,22,22
2002,540215,1,1,0,0,0,0,0,0,0,0,0,0
2002,540216,1,1,16,16,16,16,16,16,16,16,16,16
2002,540217,1,1,7,7,7,7,7,7,7,7,7,7
2002,540218,1,1,0,0,0,0,0,0,0,0,0,0
2002,540218,2,1,0,0,0,0,0,0,0,0,0,0
2002,540218,3,1,0,0,0,0,0,0,0,0,0,0
2002,540219,1,1,0,0,0,0,0,0,0,0,0,0
2002,540219,2,1,0,0,0,0,0,0,0,0,3,0
2002,540220,1,1,0,0,0,0,0,0,0,0,0,0
2002,540221,1,1,0,0,0,0,0,0,0,0,0,0
2002,540221,2,1,0,0,0,0,0,0,0,0,0,0
2002,540222,1,1,28,28,28,28,28,28,28,28,28,28
2002,540223,1,1,0,0,0,0,0,0,0,0,0,0
2002,540223,2,1,0,0,0,0,0,17,0,0,0,0
2002,540224,1,1,0,0,0,0,0,0,0,0,17,0
2002,540225,1,1,0,0,0,0,0,0,0,0,0,0
2002,540225,2,1,0,0,0,0,0,0,0,0,0,0
2002,540226,1,1,23,23,23,23,23,23,23,23,23,23
2002,540226,2,1,0,0,0,0,0,0,0,0,0,0
2002,540227,1,1,13,13,13,13,13,13,13,13,13,13
2002,540228,0,1,0,0,0,0,0,0,0,0,0,0
2002,540228,1,1,0,0,0,0,0,0,0,0,20,0
2002,540229,1,1,0,0,0,0,0,0,0,0,0,0
2002,540229,2,1,0,0,0,0,0,0,0,0,0,0
2002,540230,1,1,0,0,0,0,0,0,0,0,0,0
2002,540230,2,1,0,0,32,0,0,0,13,0,0,0
2002,540231,1,1,36,10,26,8,20,19,9,15,39,19
2002,540232,1,1,0,0,0,0,0,0,0,0,0,0
2002,540234,1,1,0,0,0,0,0,0,0,0,0,0
2002,540234,2,1,0,0,0,0,0,0,0,0,0,0
2002,540235,1,1,0,0,0,0,0,0,0,0,0,0
2002,540236,1,1,10,0,0,0,0,0,0,0,13,0
2002,540237,1,1,24,24,24,24,24,24,24,24,24,24
2002,540238,1,1,0,0,0,0,0,0,0,0,0,0
2002,540238,2,1,0,0,0,0,0,0,0,0,0,0
2002,540239,1,1,0,0,0,0,0,0,0,0,0,0
2002,540240,1,1,23,23,23,23,23,23,23,23,23,23
2002,540241,1,1,0,0,0,0,0,0,0,0,0,0
2002,540241,2,1,0,0,0,0,0,0,0,0,0,0
2002,540242,1,1,0,0,0,0,0,0,0,0,0,0
2002,540243,1,1,0,0,0,0,0,0,0,0,0,0
2002,540243,2,1,0,0,0,0,0,0,0,0,0,0
2002,540244,1,1,0,0,0,0,0,0,0,0,0,0
2002,540245,1,1,8,8,8,8,8,8,8,8,8,8
2002,540245,2,1,0,0,0,0,0,0,0,0,0,0
2002,540246,0,1,0,0,0,0,0,25,0,0,0,0
2002,540246,1,1,0,0,0,0,0,0,0,0,0,0
2002,540247,1,1,0,0,0,0,0,0,0,0,0,0
2002,540247,2,1,0,0,0,0,0,0,0,0,0,0
2002,540248,1,1,0,0,0,0,0,0,0,0,0,0
2002,540249,1,1,0,0,0,0,16,0,0,0,0,0
2002,540249,2,1,5,0,0,0,0,0,0,0,0,18
2002,540250,1,1,15,15,15,15,15,15,15,15,15,15
2002,540251,1,1,22,22,22,22,22,22,22,22,22,22
2002,540252,1,1,12,12,12,12,12,12,12,12,12,12
2002,540253,1,1,0,0,0,0,0,0,0,0,0,0
2002,540254,1,1,0,0,0,0,0,0,0,0,0,0
2002,540254,2,1,9,9,9,9,9,9,9,9,9,9
2002,540255,1,1,0,0,0,0,0,0,0,0,0,0
2002,540256,1,1,26,0,0,0,0,0,0,0,0,0
2002,540257,1,1,15,15,15,15,15,15,15,15,15,15
2002,540258,1,1,15,15,15,15,15,15,15,15,15,15
2002,540258,2,1,0,0,0,0,0,0,0,0,0,5
2002,540259,1,1,0,0,0,0,0,0,0,0,0,0
2002,540260,1,1,17,17,17,17,17,17,17,17,17,17
2002,540261,1,1,20,20,20,20,20,20,20,20,20,20
2002,540262,1,1,0,0,0,0,0,20,0,0,0,12
2002,540263,1,1,0,0,0,0,0,0,0,13,0,0
2002,540264,1,1,0,0,0,0,0,0,0,0,0,0
2002,540264,2,1,0,0,0,0,0,0,0,0,0,0
2002,540265,1,1,19,19,19,19,19,19,19,19,19,19
2002,540266,1,1,0,0,0,9,0,0,0,0,0,0
2002,540266,2,1,0,0,0,0,0,0,0,0,0,0
2002,540267,1,1,0,0,0,0,0,0,0,0,0,0
2002,540267,2,1,0,0,0,0,0,0,0,0,0,0
2002,540268,1,1,0,0,0,0,0,0,0,0,0,0
2002,540268,2,1,0,0,0,0,0,0,0,0,0,0
2002,540269,1,1,0,0,0,0,0,0,0,0,0,0
2002,540269,2,1,0,0,0,0,0,0,0,0,0,0
2002,540270,1,1,13,13,13,13,13,13,13,13,13,13
2002,540270,2,1,0,0,0,0,0,0,0,0,0,0
2002,540271,1,1,0,0,0,0,0,0,0,15,24,0
2002,540272,1,1,0,0,0,0,0,0,0,0,0,0
2002,540273,1,1,9,0,7,0,0,0,0,0,0,0
2002,540275,1,1,0,0,0,0,0,0,0,0,0,0
2002,540276,1,1,13,13,13,13,13,13,13,13,13,13
2002,540277,1,1,0,0,0,0,0,0,0,0,0,0
2002,540277,2,1,0,0,0,0,0,0,0,0,0,0
2002,540278,1,1,14,14,14,14,14,14,14,14,14,14
2002,540279,1,1,0,0,0,0,0,0,0,0,0,0
2002,540280,1,1,0,0,0,0,0,0,0,0,0,0
2002,540280,2,1,0,0,0,0,0,0,0,0,0,0
2002,540281,0,1,0,0,0,0,0,0,0,0,0,0
2002,540281,1,1,0,0,0,0,0,0,0,0,0,0
2002,540282,1,1,16,16,16,16,16,16,16,16,16,16
2002,540283,1,1,0,0,0,0,0,0,0,0,0,0
2002,540283,2,1,0,0,0,0,0,0,0,0,0,0
2002,540284,1,1,25,25,25,25,25,25,25,25,25,25
2002,540285,1,1,0,0,0,0,0,0,0,0,0,0
2002,540286,1,1,0,0,0,0,0,0,0,0,0,0
2002,540287,1,1,0,0,0,0,0,0,0,0,0,0
2002,540287,2,1,0,0,0,0,0,0,0,0,0,0
2002,540288,1,1,0,0,0,0,0,0,0,0,0,0
2002,540289,1,1,15,15,15,15,15,15,15,15,15,15
2002,540290,1,1,0,0,0,0,0,0,0,0,0,0
2002,540291,1,1,0,0,0,0,0,0,0,0,0,0
2002,540291,2,1,0,0,0,0,0,0,0,0,0,0
2002,540292,1,1,21,21,21,21,21,21,21,21,21,21
2002,540293,0,1,0,0,0,0,0,0,0,0,0,0
2002,540293,1,1,16,0,14,21,10,12,13,0,18,0
2002,540294,1,1,16,29,14,20,18,16,13,12,34,19
2002,540295,0,1,0,0,0,0,0,0,0,0,0,0
2002,540295,1,1,0,0,0,0,0,0,0,0,0,0
2002,540296,1,1,0,0,0,0,0,0,0,0,0,0
2002,540297,1,1,0,0,0,0,0,0,0,0,0,0
2002,540298,1,1,0,0,0,0,0,0,0,0,0,0
2002,540299,1,1,13,13,13,13,13,13,13,13,13,13
2002,540300,1,1,0,0,0,0,0,0,0,0,0,0
2002,540301,1,1,0,0,0,0,0,0,0,0,0,0
2002,540301,2,1,0,0,0,0,0,0,0,0,0,0
2002,540301,3,1,0,0,0,0,0,0,0,0,0,0
2002,540302,1,1,21,21,21,21,21,21,21,21,21,21
2002,540303,1,1,0,0,0,0,0,0,0,0,0,0
2002,540303,2,1,0,0,0,0,0,0,0,0,0,0
2002,540304,1,1,0,0,0,0,0,0,0,0,0,0
2002,540305,1,1,0,0,0,0,0,0,0,0,0,0
2002,540306,1,1,0,0,0,0,0,0,0,0,0,0
2002,540306,2,1,0,0,0,0,0,0,0,0,0,0
2002,540306,3,1,0,0,0,0,0,0,0,0,0,0
2002,540307,1,1,0,0,0,0,0,0,0,0,0,0
2002,540308,1,1,0,0,0,0,0,0,0,0,0,0
2002,540309,0,1,21,21,21,21,21,21,21,21,21,21
2002,540309,1,1,0,0,0,0,0,0,0,0,0,0
2002,540310,0,1,0,0,0,0,0,0,0,0,0,0
2002,540310,1,1,0,0,0,0,0,0,0,0,0,0
2002,540311,1,1,17,17,17,17,17,17,17,17,17,17
2002,540312,1,1,0,0,0,0,0,0,0,0,0,0
2002,540312,2,1,0,0,0,0,0,0,0,0,0,0
2002,540313,1,1,0,0,0,0,0,0,0,0,0,0
2002,540313,2,1,0,0,0,0,0,0,0,27,0,0
2002,540313,3,1,26,0,0,0,0,0,0,0,0,0
2002,540314,1,2,0,0,6,28,0,12,5,30,0,0
2002,540315,0,1,24,24,24,24,24,24,24,24,24,24
2002,540315,1,1,0,0,0,0,0,0,0,0,0,0
2002,540316,1,1,8,8,8,8,8,8,8,8,8,8
2002,540317,1,1,6,6,6,6,6,6,6,6,6,6
2002,540318,1,1,26,26,26,26,26,26,26,26,26,26
2002,540318,2,1,0,0,0,0,0,3,0,0,0,0
2002,540319,1,1,0,0,0,0,0,0,0,0,0,0
2002,540319,2,1,0,0,0,0,0,0,0,0,0,0
2002,540320,1,1,24,24,24,24,24,24,24,24,24,24
2002,540321,1,1,9,9,9,9,9,9,9,9,9,9
2002,540322,1,1,0,0,0,0,0,0,0,0,0,0
2002,540322,2,1,0,0,0,0,0,0,0,0,0,0
2002,540322,3,1,0,0,0,0,0,0,0,0,0,0
2002,540322,4,1,0,0,0,0,0,0,0,0,0,0
2002,540323,1,1,0,0,0,0,0,0,0,0,0,0
2002,540324,1,1,8,8,8,8,8,8,8,8,8,8
2002,540325,1,1,29,18,27,21,35,15,0,12,0,26
2002,540326,1,1,21,21,21,21,21,21,21,21,21,21
2002,540327,1,1,0,0,0,0,0,0,0,0,0,0
2002,540328,1,1,0,0,0,0,0,0,0,0,0,0
2002,540329,1,1,0,0,0,0,19,0,0,0,0,0
2002,540329,2,1,0,0,0,0,0,0,0,0,0,0
2002,540330,0,1,0,0,0,0,0,0,0,0,0,0
2002,540330,1,1,0,0,0,0,0,0,0,0,0,0
2002,540331,0,1,0,0,0,0,0,0,0,0,0,0
2002,540331,1,1,0,0,0,0,0,0,0,0,0,0
2002,540331,2,1,0,0,0,0,0,0,0,0,0,0
2002,540332,1,1,13,13,13,13,13,13,13,13,13,13
2002,540332,2,1,13,13,13,13,13,13,13,13,13,13
2002,540333,1,1,9,9,9,9,9,9,9,9,9,9
2002,540334,1,1,0,0,0,0,0,0,0,0,0,0
2002,540335,1,1,24,7,11,11,17,22,20,10,9,15
2002,540336,1,1,0,0,0,0,0,0,0,0,0,0
2002,540337,1,1,14,14,14,14,14,14,14,14,14,14
2002,540338,1,2,26,28,13,0,0,17,0,21,0,28
2002,540339,1,1,0,0,0,0,0,0,0,0,0,0
2002,540339,2,1,0,0,0,0,0,0,0,0,0,0
2002,540340,0,1,21,21,21,21,21,21,21,21,21,21
2002,540340,1,1,0,0,0,0,0,0,0,0,0,0
2002,540341,1,1,21,21,21,21,21,21,21,21,21,21
2002,540342,1,1,6,6,6,6,6,6,6,6,6,6
2002,540343,1,1,0,0,0,0,0,0,0,0,0,0
2002,540344,1,1,0,0,0,0,0,0,0,0,0,0
2002,540344,2,1,0,0,0,0,0,0,0,0,0,0
2002,540344,3,1,0,0,0,0,0,0,0,0,0,0
2002,540345,1,1,0,0,0,0,0,0,0,0,0,0
2002,540345,2,1,11,11,11,11,11,11,11,11,11,11
2002,540346,1,1,18,18,18,18,18,18,18,18,18,18
2002,540347,1,1,14,14,14,14,14,14,14,14,14,14
2002,540348,1,1,0,0,0,0,0,0,0,0,0,0
2002,540348,2,1,0,0,0,0,0,0,0,0,0,0
2002,540349,1,1,12,12,12,12,12,12,12,12,12,12
2002,540350,1,1,23,23,23,23,23,23,23,23,23,23
2002,540351,0,1,24,24,24,24,24,24,24,24,24,24
2002,540351,1,1,0,0,8,0,0,0,7,0,0,0
2002,540352,1,1,0,0,0,0,0,0,0,0,0,17
2002,540352,2,1,0,18,12,0,12,9,0,0,0,0
2002,540353,1,1,23,23,23,23,23,23,23,23,23,23
2002,540354,1,1,0,16,0,0,0,0,0,0,0,0
2002,540354,2,1,0,0,0,0,0,0,0,0,0,0
2002,540355,1,1,0,0,0,0,0,0,0,0,0,0
2002,540355,2,1,0,0,0,0,0,0,0,0,0,0
2002,540355,3,1,0,0,0,0,0,0,0,0,0,0
2002,540356,1,1,0,0,0,0,0,0,0,0,0,0
2002,540356,2,1,0,0,0,0,0,0,0,0,0,0
2002,540357,1,1,0,0,0,0,0,0,0,0,0,0
2002,540357,2,1,0,0,0,0,0,0,0,0,0,0
2002,540357,3,1,0,0,0,0,0,0,0,0,0,0
2002,540358,1,1,0,0,0,0,0,0,0,0,0,0
2002,540358,2,1,0,0,0,0,0,0,0,0,0,0
2002,540359,1,1,0,0,17,0,0,0,0,0,0,0
2002,540359,2,1,0,0,0,0,0,0,0,0,0,0
2002,540360,1,1,10,10,10,10,10,10,10,10,10,10
2002,540361,1,1,0,0,0,0,0,18,16,0,0,0
2002,540362,1,1,0,0,0,0,0,0,0,0,0,0
2002,540362,2,1,0,0,0,0,0,0,0,0,0,0
2002,540363,0,1,8,8,8,8,8,8,8,8,8,8
2002,540363,1,1,0,0,0,0,0,0,0,0,0,0
2002,540364,1,1,15,15,15,15,15,15,15,15,15,15
2002,540364,2,1,0,0,0,0,0,0,0,0,0,0
2002,540365,1,1,0,0,0,0,0,0,0,0,0,0
2002,540365,2,1,0,0,0,0,0,0,0,0,0,0
2002,540366,1,1,23,23,23,23,23,23,23,23,23,23
2002,540366,2,1,0,0,0,0,0,0,0,0,0,0
2002,540366,3,1,19,19,19,19,19,19,19,19,19,19
2002,540367,1,1,0,0,0,0,0,0,0,0,0,0
2002,540368,1,1,0,0,0,0,0,0,0,0,0,0
2002,540369,1,1,11,11,11,11,11,11,11,11,11,11
2002,540370,1,1,0,0,0,0,0,0,0,0,0,0
2002,540370,2,1,0,0,0,0,0,0,0,0,0,0
2002,540371,0,1,20,20,20,20,20,20,20,20,20,20
2002,540371,1,1,0,0,0,0,0,0,0,0,0,0
2002,540372,1,1,0,0,0,0,0,0,0,0,0,0
2002,540373,1,1,0,0,0,0,0,0,0,0,0,0
2002,540373,2,1,0,0,0,0,0,0,0,0,0,0
2002,540374,1,1,0,17,0,10,24,26,5,27,0,27
2002,540375,1,1,0,0,0,0,0,0,0,0,0,0
2002,540375,2,1,0,0,0,0,0,0,0,0,0,0
2002,540376,1,1,0,0,0,0,0,0,0,0,0,0
2002,540376,2,1,0,0,0,0,0,0,0,0,0,0
2002,540377,1,1,0,0,0,0,0,0,0,0,0,0
2002,540377,2,1,0,0,0,0,0,0,0,0,0,0
2002,540378,1,1,20,20,20,20,20,20,20,20,20,20
2002,540379,0,1,0,0,0,0,0,0,0,0,0,0
2002,540379,1,1,0,0,0,0,0,0,0,0,0,0
2002,540380,1,1,29,29,29,29,29,29,29,29,29,29
2002,540381,0,1,0,0,0,0,0,0,0,28,0,0
2002,540381,1,1,0,0,0,0,0,0,0,0,0,0
2002,540382,1,1,21,21,21,21,21,21,21,21,21,21
2002,540383,1,1,14,14,14,14,14,14,14,14,14,14
2002,540384,1,1,14,14,14,14,14,14,14,14,14,14
2002,540385,1,1,37,37,37,37,37,37,37,37,37,37
2002,540386,1,1,0,0,0,0,0,0,0,0,0,0
2002,540387,1,1,0,0,0,0,0,0,0,0,0,0
2002,540387,2,1,0,0,0,0,0,0,0,0,0,0
2002,540388,1,1,0,0,0,0,0,0,0,0,0,0
2002,540388,2,1,0,0,0,0,0,0,0,0,0,0
2002,540389,1,1,0,0,0,0,0,0,0,0,0,0
2002,540389,2,1,0,0,0,0,0,0,0,0,0,0
2002,540390,1,1,0,0,0,0,0,0,0,0,0,0
2002,540391,1,1,0,0,0,0,0,0,0,0,0,0
2002,540392,1,1,0,0,0,0,0,0,0,0,0,0
2002,540392,2,1,0,0,0,0,0,0,0,0,0,0
2002,540393,0,1,0,0,0,0,0,0,0,0,0,0
2002,540393,1,1,0,0,0,0,0,0,0,0,0,0
2002,540394,1,1,0,0,0,0,0,0,0,0,0,0
2002,540395,1,1,22,22,22,22,22,22,22,22,22,22
2002,540395,2,1,0,0,0,0,0,0,0,0,0,0
2002,540396,1,1,0,0,0,0,0,0,0,0,0,0
2002,540397,1,1,3,3,3,3,3,3,3,3,3,3
2002,540398,1,1,0,0,0,0,0,0,0,0,0,0
2002,540398,2,1,12,12,12,12,12,12,12,12,12,12
2002,540399,1,1,0,0,15,0,0,0,0,0,0,0
2002,540400,1,1,0,0,0,0,0,0,0,0,0,0
2002,540400,2,1,0,0,0,0,0,0,0,0,0,0
2002,540401,1,1,18,18,18,18,18,18,18,18,18,18
2002,540402,1,1,19,19,19,19,19,19,19,19,19,19
2002,550001,1,1,27,27,27,27,27,27,27,27,27,27
2002,550002,1,1,26,26,26,26,26,26,26,26,26,26
2002,550003,1,1,0,0,0,0,0,0,0,0,0,0
2002,550004,1,1,0,0,0,0,0,0,0,0,0,0
2002,550004,2,1,0,0,0,0,0,0,0,0,0,0
2002,550005,1,1,20,20,20,20,20,20,20,20,20,20
2002,550006,1,1,16,16,16,16,16,16,16,16,16,16
2002,550007,0,1,0,0,0,0,0,0,0,0,0,0
2002,550007,1,1,0,0,0,0,0,0,0,0,0,0
2002,550008,1,1,0,0,0,0,0,0,0,0,0,0
2002,550008,2,1,0,0,0,0,0,0,0,0,0,0
2002,550009,1,1,27,27,27,27,27,27,27,27,27,27
2002,550010,1,1,0,0,0,0,0,0,0,0,0,0
2002,550010,2,1,16,0,0,0,12,10,0,0,11,24
2002,550011,1,1,0,0,0,0,0,0,0,0,0,0
2002,550011,2,1,0,0,0,0,0,0,0,0,0,0
2002,550011,3,1,0,0,0,0,0,0,0,0,0,0
2002,550012,1,1,0,0,0,0,0,0,0,0,0,0
2002,550012,2,1,0,0,0,0,0,0,0,0,0,0
2002,550013,0,1,18,28,0,0,21,0,10,27,0,4
2002,550013,1,1,0,0,0,0,0,0,0,0,0,0
2002,550014,1,1,0,0,0,0,0,0,0,0,0,0
2002,550014,2,1,0,0,21,0,0,0,0,13,0,0
2002,550015,1,1,0,0,0,0,0,0,0,0,0,0
2002,550016,1,1,4,0,0,0,7,7,21,0,32,38
2002,550016,2,1,0,0,0,0,0,0,0,0,0,0
2002,550017,1,1,21,21,21,21,21,21,21,21,21,21
2002,550017,2,1,24,0,0,0,0,19,0,22,0,12
2002,550018,1,1,0,0,0,0,0,0,0,0,0,0
2002,550019,1,1,0,0,0,0,0,0,0,0,0,0
2002,550019,2,1,0,0,0,0,0,0,0,0,0,0
2002,550020,1,1,30,0,0,9,12,7,24,0,0,0
2002,550020,2,1,0,0,0,0,0,0,0,0,0,0
2002,550021,1,1,17,17,17,17,17,17,17,17,17,17
2002,550022,1,1,21,21,21,21,21,21,21,21,21,21