YEAR,ST_CASE,veh_no,per_no,P1,P2,P3,P4,P5,P6,P7,P8,P9,P10
2002,550306,2,1,0,0,0,0,0,0,0,0,0,0
2002,550307,1,1,0,0,0,0,0,0,0,0,0,0
2002,550307,2,1,0,0,0,0,0,0,0,0,0,0
2002,550307,3,1,0,0,0,0,0,0,0,0,0,0
2002,550308,1,1,0,0,0,0,0,0,0,0,0,0
2002,550308,2,1,0,0,0,0,0,0,0,0,0,0
2002,550309,1,1,24,24,24,24,24,24,24,24,24,24
2002,550310,1,1,34,34,34,34,34,34,34,34,34,34
2002,550311,0,1,0,0,0,0,0,0,0,0,0,0
2002,550311,1,1,0,0,0,0,0,0,0,0,0,0
2002,550312,1,1,22,22,22,22,22,22,22,22,22,22
2002,550313,1,1,13,13,13,13,13,13,13,13,13,13
2002,550314,1,1,10,10,10,10,10,10,10,10,10,10
2002,550314,2,1,0,0,0,0,0,0,0,0,0,0
2002,550314,3,1,0,0,0,0,0,0,0,0,0,0
2002,550315,1,1,25,25,25,25,25,25,25,25,25,25
2002,550316,1,1,0,0,0,0,0,0,0,0,0,0
2002,550316,2,1,0,0,0,0,0,0,0,0,23,11
2002,550317,1,1,0,0,0,0,0,0,0,0,0,0
2002,550317,2,1,0,0,0,0,0,0,0,0,0,0
2002,550317,3,1,0,0,0,0,0,0,0,0,0,0
2002,550318,1,1,11,11,11,11,11,11,11,11,11,11
2002,550319,1,1,9,9,9,9,9,9,9,9,9,9
2002,550320,1,1,0,0,0,0,0,0,0,0,0,0
2002,550321,1,1,11,16,0,7,9,0,0,16,18,3
2002,550322,1,1,0,0,0,0,0,0,0,0,0,0
2002,550322,2,1,0,0,0,0,0,0,0,0,0,0
2002,550323,1,1,0,0,0,0,10,0,0,0,0,0
2002,550323,2,1,0,0,0,0,0,0,0,0,0,0
2002,550324,0,1,0,0,0,0,0,0,0,0,0,0
2002,550324,1,1,0,0,0,0,0,0,0,0,0,0
2002,550325,1,1,13,13,13,13,13,13,13,13,13,13
2002,550326,1,1,8,8,8,8,8,8,8,8,8,8
2002,550327,1,1,0,0,0,0,0,0,0,0,0,0
2002,550327,2,1,0,0,0,12,0,0,0,0,0,0
2002,550327,3,1,8,8,8,8,8,8,8,8,8,8
2002,550328,1,1,0,0,0,0,0,0,0,0,0,0
2002,550328,2,1,0,0,0,0,0,0,0,0,0,0
2002,550329,1,1,0,0,0,0,0,0,0,0,0,0
2002,550329,2,1,0,0,0,0,0,0,0,0,0,0
2002,550329,3,1,0,0,0,0,0,0,0,0,0,0
2002,550330,1,1,0,0,0,0,0,0,0,0,0,0
2002,550331,1,1,14,15,29,20,14,0,27,7,13,10
2002,550331,2,1,17,28,6,6,19,13,6,4,17,13
2002,550331,3,1,8,8,8,8,8,8,8,8,8,8
2002,550332,1,1,0,0,0,0,0,0,0,0,0,0
2002,550333,0,1,13,13,13,13,13,13,13,13,13,13
2002,550333,1,1,0,0,0,0,0,0,0,0,0,0
2002,550333,2,1,28,9,0,27,0,0,0,20,0,0
2002,550334,1,1,0,0,0,0,0,0,0,0,0,0
2002,550334,2,1,0,0,0,0,0,0,0,0,0,0
2002,550335,1,1,23,23,23,23,23,23,23,23,23,23
2002,550336,1,1,0,0,0,0,0,0,0,0,0,0
2002,550336,2,1,0,0,0,0,0,0,0,0,0,0
2002,550337,0,1,0,0,0,0,0,0,0,0,0,0
2002,550337,1,1,0,0,0,0,0,0,0,0,0,0
2002,550338,1,1,0,0,0,0,0,0,0,0,0,0
2002,550338,2,1,0,0,0,0,0,0,0,0,0,0
2002,550338,3,1,16,16,16,16,16,16,16,16,16,16
2002,550338,4,1,0,0,0,0,0,0,0,0,0,0
2002,550339,0,1,0,0,0,0,0,0,0,0,0,0
2002,550339,1,1,0,0,0,0,0,0,0,0,0,0
2002,550340,1,1,0,0,0,25,0,0,0,0,0,0
2002,550340,2,1,0,0,0,0,0,0,0,0,0,0
2002,550341,1,1,0,0,0,0,0,0,0,0,0,0
2002,550342,0,1,0,0,0,0,0,0,0,0,0,0
2002,550342,1,1,0,0,0,0,0,0,0,0,0,0
2002,550343,1,1,0,0,0,0,0,0,0,0,0,0
2002,550344,1,1,16,16,16,16,16,16,16,16,16,16
2002,550345,1,1,0,0,0,0,0,0,0,0,0,0
2002,550345,2,1,0,0,0,0,0,0,0,0,0,0
2002,550346,1,1,0,0,0,0,0,0,0,0,0,0
2002,550347,1,1,17,17,17,17,17,17,17,17,17,17
2002,550347,2,1,0,0,0,0,0,0,4,0,0,10
2002,550348,1,1,17,17,17,17,17,17,17,17,17,17
2002,550349,1,1,4,4,4,4,4,4,4,4,4,4
2002,550350,1,1,0,0,0,0,0,0,0,0,0,0
2002,550350,2,1,0,0,0,0,0,0,0,0,0,0
2002,550351,0,1,0,0,0,0,0,0,0,0,0,0
2002,550351,0,2,7,0,0,0,0,0,0,0,19,0
2002,550351,1,1,0,0,0,0,0,0,0,0,0,0
2002,550352,1,1,27,27,27,27,27,27,27,27,27,27
2002,550353,1,1,26,26,26,26,26,26,26,26,26,26
2002,550354,1,1,0,0,0,0,0,0,0,0,0,0
2002,550355,1,1,0,0,0,0,0,0,0,0,0,0
2002,550355,2,1,0,0,0,0,0,0,0,0,0,0
2002,550356,1,1,0,0,0,0,0,0,0,0,0,0
2002,550356,2,1,0,0,0,0,0,0,0,0,0,0
2002,550357,1,1,0,0,0,0,0,0,0,0,0,0
2002,550357,2,1,0,0,0,0,0,0,0,0,0,0
2002,550358,1,1,0,0,0,0,0,0,0,0,0,0
2002,550358,2,1,0,0,0,0,0,0,0,0,0,0
2002,550359,1,1,23,23,23,23,23,23,23,23,23,23
2002,550360,1,1,0,0,0,0,0,0,0,0,0,0
2002,550361,1,1,0,0,0,0,0,0,0,0,0,0
2002,550362,1,1,0,0,0,0,0,0,0,0,0,0
2002,550363,1,1,0,0,0,0,0,0,0,0,0,0
2002,550363,2,1,0,0,0,0,0,0,0,0,0,0
2002,550363,3,1,0,0,0,0,0,0,0,0,0,0
2002,550364,1,1,33,33,33,33,33,33,33,33,33,33
2002,550365,1,1,0,0,0,0,0,8,0,0,0,0
2002,550366,1,1,20,20,20,20,20,20,20,20,20,20
2002,550367,1,1,0,0,0,0,11,0,0,0,0,0
2002,550367,2,1,0,0,0,0,0,0,0,0,0,0
2002,550368,1,1,33,33,33,33,33,33,33,33,33,33
2002,550369,1,1,0,0,0,0,0,20,0,0,0,0
2002,550369,2,1,0,0,0,0,0,0,0,0,0,0
2002,550370,1,1,0,0,0,0,0,0,0,0,0,0
2002,550370,2,1,0,0,0,0,0,0,0,0,0,0
2002,550371,1,1,0,0,0,0,0,0,0,0,0,0
2002,550371,2,1,0,0,0,0,0,0,0,0,0,0
2002,550372,1,1,0,0,0,0,0,0,0,0,0,0
2002,550372,2,1,0,0,0,0,0,0,0,0,0,0
2002,550373,1,1,20,20,20,20,20,20,20,20,20,20
2002,550374,0,1,0,0,0,0,0,0,0,0,0,0
2002,550374,1,1,0,0,0,0,0,0,0,0,0,0
2002,550375,1,1,0,0,0,0,0,0,0,0,0,0
2002,550375,2,1,0,0,0,0,0,0,0,0,0,0
2002,550376,0,1,0,0,0,0,0,0,0,0,0,0
2002,550376,1,1,0,20,0,0,0,21,0,14,0,22
2002,550377,1,1,0,0,0,0,0,0,0,0,0,0
2002,550377,2,1,0,0,0,0,0,0,0,0,0,0
2002,550378,1,1,2,2,2,2,2,2,2,2,2,2
2002,550378,2,1,0,0,0,0,0,0,0,0,0,0
2002,550379,1,1,23,23,23,23,23,23,23,23,23,23
2002,550380,0,1,0,0,0,0,0,0,0,0,0,0
2002,550380,1,1,0,0,0,0,0,0,0,0,0,0
2002,550381,1,1,0,0,0,0,0,0,0,0,0,0
2002,550381,2,1,0,0,0,0,0,0,0,0,0,0
2002,550382,1,1,0,0,0,0,0,11,0,0,0,0
2002,550382,2,1,0,0,0,0,0,0,0,0,0,0
2002,550382,3,1,0,0,0,0,0,0,0,0,0,0
2002,550383,1,1,14,14,14,14,14,14,14,14,14,14
2002,550383,2,1,0,0,0,0,0,0,0,0,10,0
2002,550384,1,1,0,0,0,0,18,0,0,0,0,0
2002,550384,2,1,0,0,0,0,0,0,0,0,0,0
2002,550385,1,1,0,0,0,0,0,0,0,0,0,0
2002,550386,1,1,7,7,7,7,7,7,7,7,7,7
2002,550387,0,1,0,0,18,0,0,0,0,0,0,11
2002,550387,0,2,0,0,0,21,0,0,0,12,0,23
2002,550387,1,1,9,9,9,9,9,9,9,9,9,9
2002,550388,1,1,18,18,18,18,18,18,18,18,18,18
2002,550389,1,1,0,0,0,0,0,0,0,0,0,0
2002,550389,2,1,0,0,0,0,0,0,0,0,0,0
2002,550390,1,1,17,17,17,17,17,17,17,17,17,17
2002,550390,2,1,0,0,0,0,0,0,0,0,0,0
2002,550391,1,1,0,0,0,0,0,0,0,0,0,0
2002,550391,2,1,0,0,0,0,0,0,0,0,0,0
2002,550392,1,1,0,0,0,0,0,0,0,0,0,0
2002,550393,1,1,20,15,19,19,17,11,8,13,9,7
2002,550394,1,1,0,0,0,0,0,0,0,15,13,0
2002,550395,1,1,0,0,0,0,0,0,19,0,0,0
2002,550395,2,1,0,0,0,0,0,0,0,0,0,0
2002,550396,1,1,0,0,0,0,0,0,0,0,0,0
2002,550397,1,1,0,0,0,0,20,0,0,0,5,12
2002,550398,1,1,0,0,0,0,0,0,0,0,0,0
2002,550398,2,1,0,0,0,0,0,0,0,0,0,0
2002,550399,0,1,0,0,0,0,0,0,0,0,0,0
2002,550399,1,1,0,0,26,0,0,0,0,0,0,0
2002,550400,1,1,5,5,5,5,5,5,5,5,5,5
2002,550400,2,1,0,0,0,18,0,16,18,0,0,0
2002,550401,0,1,0,0,0,0,0,0,0,0,0,0
2002,550401,0,2,0,38,17,36,0,0,0,0,0,4
2002,550401,0,3,0,0,0,0,0,0,0,0,0,0
2002,550401,1,1,29,29,29,29,29,29,29,29,29,29
2002,550402,1,1,0,0,0,0,0,0,0,0,0,0
2002,550403,1,1,3,3,3,3,3,3,3,3,3,3
2002,550404,1,1,0,0,0,0,0,0,0,0,0,0
2002,550404,2,1,0,0,0,0,0,0,0,0,0,0
2002,550404,3,1,0,0,0,0,0,0,0,0,0,0
2002,550405,1,1,0,0,0,0,0,0,0,0,0,0
2002,550405,2,1,0,0,0,0,0,0,0,0,0,0
2002,550406,1,1,0,0,0,0,0,0,0,0,0,0
2002,550406,2,1,0,0,0,0,0,0,0,0,0,0
2002,550407,0,1,0,0,0,0,0,0,0,0,0,0
2002,550407,1,1,7,7,7,7,7,7,7,7,7,7
2002,550408,0,1,0,0,0,0,0,0,0,0,0,0
2002,550408,1,1,0,0,0,0,0,0,0,0,0,0
2002,550409,1,1,20,20,20,20,20,20,20,20,20,20
2002,550410,1,1,0,0,0,0,0,0,0,0,0,0
2002,550411,1,1,0,0,0,0,0,0,0,0,0,0
2002,550412,1,1,9,0,0,19,0,0,5,0,0,0
2002,550413,1,1,0,0,0,0,0,0,0,0,0,0
2002,550413,2,1,0,0,0,0,0,0,0,0,0,0
2002,550414,1,1,3,3,3,3,3,3,3,3,3,3
2002,550415,1,1,0,0,0,0,0,0,0,0,0,0
2002,550415,2,1,0,0,0,0,0,0,0,0,0,0
2002,550416,1,1,0,0,0,0,0,0,0,0,0,0
2002,550416,2,1,0,0,0,0,0,0,0,0,0,0
2002,550417,1,1,0,0,0,0,0,0,0,0,0,0
2002,550418,1,1,22,22,22,22,22,22,22,22,22,22
2002,550419,1,1,0,0,0,0,0,0,0,0,0,0
2002,550420,1,1,27,27,27,27,27,27,27,27,27,27
2002,550421,1,1,8,8,8,8,8,8,8,8,8,8
2002,550421,2,1,0,0,0,0,0,0,11,0,0,13
2002,550422,1,1,0,0,0,0,0,0,0,0,0,0
2002,550422,2,1,0,0,7,0,0,0,0,0,0,0
2002,550423,1,1,8,0,0,0,17,0,0,0,0,0
2002,550424,1,1,0,0,0,0,0,0,0,0,0,0
2002,550424,2,1,0,0,0,0,0,0,0,0,0,0
2002,550425,1,1,0,0,0,0,0,0,0,0,0,0
2002,550426,1,1,0,28,19,0,0,17,20,11,27,0
2002,550426,2,1,0,0,0,0,0,0,0,0,0,0
2002,550427,1,1,0,0,0,0,0,0,0,0,0,0
2002,550427,2,1,0,0,0,0,0,0,0,0,0,0
2002,550428,1,1,0,0,0,0,0,0,0,0,0,0
2002,550428,2,1,0,0,0,0,0,0,0,0,0,0
2002,550429,1,1,20,20,20,20,20,20,20,20,20,20
2002,550430,1,1,0,0,0,0,0,0,0,0,0,0
2002,550430,2,1,1,1,1,1,1,1,1,1,1,1
2002,550431,1,1,0,0,0,0,0,0,0,0,0,0
2002,550431,2,1,0,0,0,0,0,0,0,0,0,0
2002,550432,1,1,0,0,0,0,0,0,0,0,0,0
2002,550432,2,1,0,0,0,0,0,0,0,0,0,0
2002,550433,1,1,0,0,0,0,0,0,0,0,0,0
2002,550433,2,1,0,0,0,0,0,0,0,0,0,0
2002,550433,3,1,0,0,0,0,0,0,0,0,0,0
2002,550433,4,1,0,0,0,0,0,0,0,0,0,0
2002,550434,1,1,15,15,15,15,15,15,15,15,15,15
2002,550435,1,1,0,0,0,0,0,0,0,0,0,0
2002,550435,2,1,0,0,0,0,0,0,0,0,0,0
2002,550436,1,1,0,0,0,0,0,0,0,0,0,0
2002,550437,1,1,0,0,0,0,0,0,0,0,0,0
2002,550438,1,1,0,0,0,0,0,0,0,0,0,18
2002,550439,1,1,16,16,16,16,16,16,16,16,16,16
2002,550440,1,1,0,0,0,0,0,0,0,0,0,0
2002,550440,2,1,0,0,0,0,0,0,0,0,0,0
2002,550440,3,1,0,0,0,0,13,0,0,0,0,0
2002,550440,4,1,0,0,0,0,0,0,0,0,0,0
2002,550441,1,1,0,0,0,0,0,0,0,0,0,0
2002,550441,2,1,0,0,0,0,0,0,0,0,0,0
2002,550442,1,1,0,0,0,0,0,0,0,0,0,0
2002,550443,1,1,0,0,0,0,0,0,0,0,0,0
2002,550443,2,1,0,0,0,0,0,0,0,0,0,0
2002,550444,1,1,0,0,0,22,0,0,0,0,0,10
2002,550444,2,1,0,0,0,0,0,0,0,0,0,0
2002,550445,0,1,20,20,20,20,20,20,20,20,20,20
2002,550445,1,1,19,19,19,19,19,19,19,19,19,19
2002,550446,1,1,6,6,6,6,6,6,6,6,6,6
2002,550447,1,1,11,11,11,11,11,11,11,11,11,11
2002,550447,2,1,0,17,0,0,0,0,11,0,0,0
2002,550448,1,1,33,40,25,0,18,11,15,31,13,15
2002,550449,1,1,0,0,0,0,0,0,0,0,0,0
2002,550449,2,1,0,0,0,0,0,0,0,0,0,0
2002,550450,1,1,0,0,0,0,0,0,0,0,0,0
2002,550450,2,1,0,0,0,0,0,0,0,0,0,0
2002,550451,1,1,0,0,0,0,0,0,0,0,0,0
2002,550452,1,1,32,0,0,0,0,0,0,12,0,0
2002,550452,2,1,0,0,0,0,0,0,0,6,0,0
2002,550453,1,1,0,0,0,0,0,0,0,0,0,0
2002,550454,1,1,0,0,0,0,0,0,0,0,0,0
2002,550455,1,1,20,20,20,20,20,20,20,20,20,20
2002,550456,1,1,0,0,0,0,0,0,0,0,0,0
2002,550457,1,1,0,0,0,0,0,0,0,0,0,0
2002,550457,2,1,0,0,0,0,0,0,0,0,0,0
2002,550458,1,1,13,13,13,13,13,13,13,13,13,13
2002,550459,1,1,12,12,12,12,12,12,12,12,12,12
2002,550460,1,1,4,4,4,4,4,4,4,4,4,4
2002,550461,1,1,18,18,18,18,18,18,18,18,18,18
2002,550462,1,1,0,0,0,0,0,0,0,0,0,0
2002,550463,1,1,0,0,0,0,0,0,0,0,0,0
2002,550464,1,1,24,24,24,24,24,24,24,24,24,24
2002,550465,0,1,0,0,0,0,0,0,0,0,0,0
2002,550465,1,1,0,0,0,0,0,0,0,0,0,0
2002,550466,1,1,0,0,0,0,0,0,0,0,0,0
2002,550466,2,1,0,0,0,0,0,0,0,0,0,0
2002,550467,1,1,12,12,12,12,12,12,12,12,12,12
2002,550468,1,1,0,0,0,0,0,0,0,0,0,0
2002,550469,1,1,0,0,0,0,0,0,0,0,0,0
2002,550470,1,1,0,0,0,0,0,0,0,0,0,0
2002,550470,2,1,0,0,0,0,0,0,0,0,0,0
2002,550470,3,1,0,0,0,0,0,0,0,0,0,0
2002,550471,1,1,18,18,18,18,18,18,18,18,18,18
2002,550472,1,1,13,13,13,13,13,13,13,13,13,13
2002,550473,0,1,5,5,5,5,5,5,5,5,5,5
2002,550473,1,1,0,0,0,0,0,0,0,0,0,0
2002,550474,1,1,0,0,0,0,0,0,0,0,0,0
2002,550474,2,1,0,0,0,0,0,0,0,0,0,0
2002,550475,1,1,0,0,0,0,0,0,0,0,0,0
2002,550476,1,1,0,0,0,0,0,0,0,0,0,0
2002,550476,2,1,0,0,0,0,0,0,0,0,0,0
2002,550476,3,1,0,0,0,0,0,0,0,0,0,0
2002,550477,0,1,0,0,0,0,0,0,0,0,0,0
2002,550477,1,1,0,0,0,0,0,0,0,0,0,0
2002,550478,1,1,0,0,0,0,0,0,0,0,0,0
2002,550478,2,1,0,0,0,0,0,0,0,0,0,0
2002,550478,3,1,0,0,0,0,0,0,0,0,0,0
2002,550480,1,1,0,0,0,0,0,0,0,0,0,0
2002,550480,2,1,0,0,0,0,0,0,0,0,0,0
2002,550481,0,1,22,14,7,0,15,19,12,0,30,19
2002,550481,1,1,0,0,0,0,0,0,26,0,0,0
2002,550482,1,1,0,0,0,0,0,0,0,0,0,0
2002,550482,2,1,0,0,0,0,0,0,0,0,0,0
2002,550483,1,1,0,0,0,0,0,0,0,0,0,0
2002,550483,2,1,0,0,0,0,0,0,0,0,0,0
2002,550484,1,1,0,0,0,0,0,0,0,0,0,0
2002,550484,2,1,0,0,0,0,0,0,0,0,0,10
2002,550485,1,1,0,11,0,21,0,8,0,0,0,15
2002,550486,1,1,0,0,0,0,0,0,0,0,0,0
2002,550486,2,1,0,0,0,0,0,0,0,0,0,0
2002,550487,1,1,22,22,22,22,22,22,22,22,22,22
2002,550488,1,1,17,17,17,17,17,17,17,17,17,17
2002,550489,1,1,19,19,19,19,19,19,19,19,19,19
2002,550490,1,1,24,24,24,24,24,24,24,24,24,24
2002,550491,1,1,0,0,5,0,14,0,0,0,12,0
2002,550492,1,1,0,0,0,0,0,0,0,0,0,0
2002,550492,2,1,0,0,0,0,0,0,0,0,0,0
2002,550493,1,1,17,17,17,17,17,17,17,17,17,17
2002,550494,1,1,0,0,0,0,0,0,0,0,0,0
2002,550495,1,1,22,22,22,22,22,22,22,22,22,22
2002,550496,1,1,0,0,0,0,0,0,0,0,0,0
2002,550496,2,1,18,18,18,18,18,18,18,18,18,18
2002,550497,1,1,0,0,0,0,0,0,0,0,0,0
2002,550497,2,1,13,13,13,13,13,13,13,13,13,13
2002,550498,1,1,0,0,0,0,0,0,0,0,0,0
2002,550498,2,1,0,0,0,0,0,0,0,0,0,0
2002,550498,3,1,0,0,0,0,0,0,0,0,0,0
2002,550498,4,1,0,0,18,0,0,0,0,0,21,0
2002,550499,1,1,0,0,0,0,0,0,0,0,0,0
2002,550499,2,1,0,0,0,0,0,0,0,0,0,0
2002,550500,1,1,10,10,10,10,10,10,10,10,10,10
2002,550501,1,1,18,18,18,18,18,18,18,18,18,18
2002,550502,0,1,0,0,0,0,0,0,0,0,0,0
2002,550502,1,1,0,0,0,0,0,0,0,0,0,0
2002,550503,1,1,24,24,24,24,24,24,24,24,24,24
2002,550504,1,1,0,0,0,0,0,0,0,0,0,0
2002,550505,1,1,0,0,0,0,0,0,0,0,0,0
2002,550506,1,1,0,0,0,0,0,0,0,0,0,0
2002,550506,2,1,0,0,0,0,0,0,0,0,0,0
2002,550507,1,1,0,0,0,0,0,0,0,0,0,0
2002,550507,2,1,0,7,0,0,0,0,0,0,0,0
2002,550508,1,1,0,0,0,0,0,0,0,0,0,0
2002,550508,2,1,0,0,0,0,0,20,18,0,0,0
2002,550509,1,1,0,0,15,14,9,0,0,0,0,0
2002,550509,2,1,1,0,0,0,0,0,13,0,0,0
2002,550510,1,1,15,15,15,15,15,15,15,15,15,15
2002,550511,1,1,11,11,11,11,11,11,11,11,11,11
2002,550512,1,1,0,0,0,0,0,0,0,0,0,0
2002,550513,1,1,26,26,26,26,26,26,26,26,26,26
2002,550514,1,1,0,0,0,0,0,0,0,0,0,0
2002,550515,1,1,18,18,18,18,18,18,18,18,18,18
2002,550516,1,1,0,0,0,15,8,0,15,0,18,0
2002,550516,2,1,0,0,0,9,0,25,0,14,0,0
2002,550517,1,1,22,22,22,22,22,22,22,22,22,22
2002,550518,1,1,0,0,0,0,0,0,0,0,0,0
2002,550519,1,1,16,16,16,16,16,16,16,16,16,16
2002,550520,1,1,26,26,26,26,26,26,26,26,26,26
2002,550520,2,1,0,0,0,0,0,0,0,0,0,0
2002,550521,1,1,0,0,0,0,0,0,0,0,0,0
2002,550521,2,1,5,5,5,5,5,5,5,5,5,5
2002,550521,3,1,0,0,0,0,0,0,0,0,0,0
2002,550522,1,1,0,0,0,0,0,0,0,0,0,0
2002,550522,2,1,0,0,0,0,0,0,0,0,0,0
2002,550523,1,1,1,1,1,1,1,1,1,1,1,1
2002,550523,2,1,0,0,0,0,0,0,0,0,0,0
2002,550524,1,1,0,0,0,0,0,0,0,0,0,0
2002,550524,2,1,0,0,0,0,0,0,0,0,0,0
2002,550524,3,1,25,0,0,0,0,0,0,0,0,0
2002,550525,1,1,23,23,23,23,23,23,23,23,23,23
2002,550526,1,1,0,0,0,0,0,0,0,0,0,0
2002,550526,2,1,0,0,0,0,0,0,0,0,0,0
2002,550527,1,1,22,22,22,22,22,22,22,22,22,22
2002,550528,0,1,24,24,24,24,24,24,24,24,24,24
2002,550528,1,1,0,0,0,0,0,0,0,0,0,0
2002,550529,1,1,18,18,18,18,18,18,18,18,18,18
2002,550530,0,1,25,34,7,29,33,36,11,8,21,6
2002,550530,1,1,0,0,0,0,0,0,0,0,0,0
2002,550531,1,1,0,0,0,0,0,0,0,0,0,0
2002,550531,2,1,0,0,0,0,0,0,0,0,0,0
2002,550532,1,1,23,23,23,23,23,23,23,23,23,23
2002,550533,1,1,0,0,0,0,0,0,0,0,0,0
2002,550533,2,1,0,0,0,0,0,0,0,0,0,0
2002,550534,1,1,8,8,8,8,8,8,8,8,8,8
2002,550535,0,1,0,0,0,0,0,0,0,0,0,0
2002,550535,1,1,0,0,0,0,0,0,0,0,0,0
2002,550536,0,1,0,0,0,0,0,0,0,0,0,0
2002,550536,1,1,0,0,0,0,0,0,0,0,0,0
2002,550537,1,1,0,0,0,0,0,0,0,0,0,0
2002,550537,2,1,0,0,0,11,0,0,0,0,0,0
2002,550538,1,1,0,0,0,0,0,0,0,0,0,0
2002,550538,2,1,0,0,0,0,0,0,0,0,0,0
2002,550539,0,1,31,31,31,31,31,31,31,31,31,31
2002,550539,1,1,0,0,0,0,0,0,0,0,0,0
2002,550540,1,1,38,38,38,38,38,38,38,38,38,38
2002,550541,1,1,0,0,0,0,0,0,0,0,0,0
2002,550542,1,1,0,0,0,0,0,0,0,0,0,0
2002,550543,1,1,23,23,23,23,23,23,23,23,23,23
2002,550544,1,1,0,0,0,0,0,0,0,0,0,0
2002,550544,2,1,0,0,0,0,0,0,0,0,0,0
2002,550545,1,1,23,23,23,23,23,23,23,23,23,23
2002,550546,1,1,20,20,20,20,20,20,20,20,20,20
2002,550547,1,1,0,0,0,0,0,0,0,0,0,0
2002,550547,2,1,0,0,0,0,0,0,0,0,0,0
2002,550548,1,1,15,0,0,0,0,0,0,0,0,0
2002,550549,1,1,19,19,19,19,19,19,19,19,19,19
2002,550550,1,1,16,16,16,16,16,16,16,16,16,16
2002,550551,1,1,45,45,45,45,45,45,45,45,45,45
2002,550552,1,1,0,0,0,0,0,0,0,0,0,0
2002,550552,2,1,0,0,0,0,0,0,0,0,0,0
2002,550552,3,1,0,22,0,0,0,0,0,0,0,0
2002,550552,4,1,0,0,0,0,0,0,0,0,0,0
2002,550552,5,1,0,0,0,0,0,0,0,0,0,0
2002,550553,1,1,17,17,17,17,17,17,17,17,17,17
2002,550553,2,1,0,0,0,0,0,0,0,0,0,0
2002,550554,1,1,0,0,0,0,0,0,0,0,0,0
2002,550554,2,1,0,0,0,0,0,0,0,0,0,0
2002,550555,1,1,0,0,0,0,0,0,0,0,0,0
2002,550555,2,1,0,0,0,0,0,0,0,0,0,0
2002,550556,1,1,13,13,13,13,13,13,13,13,13,13
2002,550556,2,1,0,0,19,0,0,0,0,16,0,0
2002,550557,1,1,11,11,11,11,11,11,11,11,11,11
2002,550558,1,1,0,0,0,0,0,0,0,0,0,0
2002,550558,2,1,0,0,0,0,0,0,0,0,0,0
2002,550559,0,1,0,0,0,0,0,0,0,0,0,0
2002,550559,1,1,0,0,0,0,0,0,0,0,0,0
2002,550560,1,1,0,0,0,0,0,0,0,0,0,0
2002,550560,2,1,0,0,0,0,0,0,0,0,0,0
2002,550561,0,1,0,0,0,0,0,0,0,0,0,0
2002,550561,1,1,0,0,0,0,0,0,0,0,0,0
2002,550562,0,1,0,0,0,0,0,0,0,0,0,0
2002,550562,1,1,0,0,0,0,0,0,0,0,0,0
2002,550563,1,1,22,22,22,22,22,22,22,22,22,22
2002,550563,2,1,0,0,0,0,0,0,0,0,0,0
2002,550564,1,1,11,11,11,11,11,11,11,11,11,11
2002,550565,1,1,0,0,0,0,0,0,0,0,0,0
2002,550565,2,1,0,0,0,0,0,0,0,0,0,0
2002,550566,1,1,16,16,16,16,16,16,16,16,16,16
2002,550567,1,1,0,0,0,0,0,0,0,0,0,0
2002,550568,1,1,0,0,0,0,0,0,0,0,0,0
2002,550568,2,1,3,3,3,3,3,3,3,3,3,3
2002,550569,1,1,0,0,0,0,0,0,0,0,0,0
2002,550569,2,1,0,0,0,0,0,0,0,0,0,0
2002,550570,0,1,17,17,17,17,17,17,17,17,17,17
2002,550570,1,1,5,5,5,5,5,5,5,5,5,5
2002,550571,1,1,19,19,19,19,19,19,19,19,19,19
2002,550572,1,1,0,0,0,0,0,0,17,0,0,0
2002,550572,2,1,2,2,2,2,2,2,2,2,2,2
2002,550572,3,1,0,0,0,12,0,0,0,0,0,9
2002,550573,0,1,0,0,0,0,0,0,0,0,0,0
2002,550573,1,1,0,0,0,0,0,0,0,0,0,0
2002,550574,1,1,0,0,0,0,0,0,0,0,0,0
2002,550574,2,1,0,0,0,0,0,0,0,0,0,0
2002,550575,1,1,0,0,0,0,0,0,0,0,0,0
2002,550575,2,1,0,0,0,0,0,0,0,0,0,0
2002,550575,3,1,0,0,6,0,0,0,0,0,0,0
2002,550576,1,1,16,16,16,16,16,16,16,16,16,16
2002,550576,2,1,0,0,0,0,0,0,0,0,0,0
2002,550577,1,1,0,0,0,0,0,0,0,0,0,0
2002,550577,2,1,0,0,0,0,0,0,0,0,0,0
2002,550578,1,1,19,19,19,19,19,19,19,19,19,19
2002,550578,2,1,0,0,0,0,0,0,0,0,0,0
2002,550579,1,1,35,35,35,35,35,35,35,35,35,35
2002,550580,1,1,0,0,0,0,0,0,0,0,0,0
2002,550580,2,1,0,0,0,0,0,0,0,0,0,0
2002,550581,1,1,0,0,0,0,0,0,0,0,6,0
2002,550582,1,1,15,15,15,15,15,15,15,15,15,15
2002,550583,1,1,0,0,0,0,0,0,0,0,0,0
2002,550584,1,1,0,0,0,0,0,0,0,0,0,0
2002,550584,2,1,0,0,18,0,0,0,0,0,0,0
2002,550585,1,1,20,20,20,20,20,20,20,20,20,20
2002,550586,1,1,0,0,0,0,0,0,0,0,0,0