YEAR,ST_CASE,veh_no,per_no,P1,P2,P3,P4,P5,P6,P7,P8,P9,P10
2002,550587,1,1,34,34,34,34,34,34,34,34,34,34
2002,550588,1,1,13,13,13,13,13,13,13,13,13,13
2002,550589,1,1,5,5,5,5,5,5,5,5,5,5
2002,550590,1,1,0,0,0,0,0,0,0,0,0,0
2002,550590,2,1,0,0,0,0,0,0,0,22,13,6
2002,550591,1,1,10,10,10,10,10,10,10,10,10,10
2002,550592,1,1,0,0,0,0,0,0,0,0,0,14
2002,550593,1,1,12,12,12,12,12,12,12,12,12,12
2002,550594,1,1,0,0,0,0,0,0,0,0,0,0
2002,550595,1,1,24,24,24,24,24,24,24,24,24,24
2002,550596,1,1,16,16,16,16,16,16,16,16,16,16
2002,550597,1,1,0,0,0,0,0,0,0,0,0,0
2002,550598,1,1,21,21,21,21,21,21,21,21,21,21
2002,550599,1,1,24,24,24,24,24,24,24,24,24,24
2002,550599,2,1,0,0,0,0,0,0,0,0,0,0
2002,550599,3,1,0,0,0,0,0,0,26,0,0,0
2002,550600,1,1,26,26,26,26,26,26,26,26,26,26
2002,550601,1,1,21,21,21,21,21,21,21,21,21,21
2002,550602,1,1,18,18,18,18,18,18,18,18,18,18
2002,550603,1,1,0,0,0,0,0,0,0,0,0,0
2002,550604,1,1,0,0,0,0,0,0,0,0,0,0
2002,550604,2,1,0,0,0,0,0,0,0,0,0,0
2002,550605,1,1,0,0,0,0,0,0,0,0,0,0
2002,550605,2,1,19,19,19,19,19,19,19,19,19,19
2002,550606,1,1,0,0,0,0,0,0,0,0,0,0
2002,550606,2,1,0,0,0,0,0,0,0,0,0,0
2002,550607,1,1,0,0,0,0,0,0,0,0,0,0
2002,550607,2,1,26,26,26,26,26,26,26,26,26,26
2002,550608,1,1,0,0,0,0,0,0,0,0,0,0
2002,550608,2,1,0,0,0,0,0,0,0,0,0,0
2002,550609,1,1,18,18,18,18,18,18,18,18,18,18
2002,550609,2,1,2,2,2,2,2,2,2,2,2,2
2002,550610,1,1,13,13,13,13,13,13,13,13,13,13
2002,550610,2,1,0,0,0,0,0,0,0,0,0,0
2002,550611,1,1,15,15,15,15,15,15,15,15,15,15
2002,550612,1,1,0,0,0,0,0,0,0,0,0,0
2002,550612,2,1,0,0,0,0,0,0,0,0,0,0
2002,550613,1,1,0,3,21,19,18,8,17,0,0,17
2002,550613,2,1,14,26,16,0,6,29,15,12,3,11
2002,550613,3,1,0,0,10,11,15,0,0,0,0,0
2002,550614,1,1,0,0,0,0,0,0,0,0,0,0
2002,550614,2,1,0,0,0,0,0,0,0,0,24,0
2002,550615,1,1,21,21,21,21,21,21,21,21,21,21
2002,550615,2,1,4,4,4,4,4,4,4,4,4,4
2002,550615,3,1,0,0,0,0,0,0,0,0,0,0
2002,550616,1,1,23,23,23,23,23,23,23,23,23,23
2002,550617,1,3,7,17,0,14,18,22,6,33,0,24
2002,550618,1,1,26,26,26,26,26,26,26,26,26,26
2002,550619,1,1,0,0,0,0,0,0,0,0,0,0
2002,550619,2,1,0,0,0,0,0,0,0,0,0,0
2002,550620,1,1,3,3,3,3,3,3,3,3,3,3
2002,550620,2,1,0,0,0,0,0,0,0,0,0,0
2002,550621,1,1,22,22,22,22,22,22,22,22,22,22
2002,550622,1,1,0,0,0,0,0,0,0,0,0,0
2002,550623,1,1,22,22,22,22,22,22,22,22,22,22
2002,550624,1,1,0,0,0,0,0,0,0,0,0,0
2002,550624,2,1,0,0,0,0,0,0,0,0,8,0
2002,550625,1,1,25,25,25,25,25,25,25,25,25,25
2002,550625,2,1,0,0,0,0,0,0,0,0,0,0
2002,550626,1,1,10,9,16,8,20,10,11,6,5,22
2002,550626,2,1,0,0,0,0,0,0,0,0,0,0
2002,550627,1,1,28,28,28,28,28,28,28,28,28,28
2002,550627,2,1,0,0,0,0,0,0,0,0,0,0
2002,550628,1,1,15,15,15,15,15,15,15,15,15,15
2002,550629,1,1,16,16,16,16,16,16,16,16,16,16
2002,550630,1,1,8,8,8,8,8,8,8,8,8,8
2002,550630,2,1,0,0,0,0,0,0,0,0,0,0
2002,550631,1,1,5,20,20,11,0,14,5,32,19,11
2002,550631,2,1,0,0,0,0,0,0,0,0,0,0
2002,550632,1,1,0,0,0,0,0,0,0,0,0,0
2002,550633,1,1,0,0,0,0,0,0,0,0,0,0
2002,550633,2,1,0,0,0,0,0,0,0,0,0,0
2002,550634,1,1,0,0,0,0,0,0,0,0,0,0
2002,550635,1,1,26,23,10,21,27,22,6,21,12,20
2002,550636,1,1,0,0,0,0,0,0,0,0,0,0
2002,550636,2,1,0,0,0,0,0,0,0,0,0,0
2002,550637,1,1,0,0,0,0,0,0,0,0,0,0
2002,550638,1,1,11,11,11,11,11,11,11,11,11,11
2002,550639,1,1,0,0,0,0,0,0,0,0,0,0
2002,550639,2,1,0,0,0,0,0,0,0,0,0,0
2002,550640,1,1,13,13,13,13,13,13,13,13,13,13
2002,550641,1,1,16,16,16,16,16,16,16,16,16,16
2002,550642,1,1,26,26,26,26,26,26,26,26,26,26
2002,550643,1,1,23,23,23,23,23,23,23,23,23,23
2002,550643,2,1,0,0,0,0,0,0,0,15,0,0
2002,550644,1,1,0,0,0,0,0,0,0,0,0,0
2002,550645,1,1,0,0,0,0,0,0,0,0,0,0
2002,550645,2,1,0,0,0,0,0,0,0,0,0,0
2002,550646,1,1,0,0,0,0,8,0,26,0,5,0
2002,550647,1,1,7,22,23,0,0,0,0,15,0,34
2002,550648,1,1,0,0,0,0,0,0,0,0,0,0
2002,550649,1,1,17,17,17,17,17,17,17,17,17,17
2002,550650,1,1,0,0,0,0,0,0,0,0,0,0
2002,550650,2,1,0,0,0,0,0,0,0,0,0,0
2002,550651,1,1,13,13,13,13,13,13,13,13,13,13
2002,550652,1,1,0,0,0,0,0,0,0,0,0,0
2002,550652,2,1,0,0,0,0,0,0,0,0,0,0
2002,550653,1,1,0,0,0,0,0,0,0,0,0,0
2002,550653,2,1,18,0,0,0,0,0,0,0,0,0
2002,550654,1,1,27,30,19,11,30,19,0,19,0,15
2002,550655,0,1,25,18,29,27,10,10,21,6,8,34
2002,550655,1,1,0,0,0,0,0,0,0,0,12,0
2002,550656,1,1,9,9,9,9,9,9,9,9,9,9
2002,550657,1,1,35,13,14,19,30,10,18,31,0,19
2002,550658,1,1,0,0,0,0,0,0,0,0,0,0
2002,550658,2,1,0,0,0,0,0,0,0,0,0,0
2002,550659,1,1,0,0,0,0,0,0,0,0,0,0
2002,550659,2,1,0,0,0,0,0,0,0,0,0,0
2002,550660,1,1,0,0,0,0,0,0,0,0,0,0
2002,550661,1,1,0,0,0,0,0,0,0,0,0,0
2002,550661,2,1,0,0,0,0,0,0,0,0,0,0
2002,550662,1,1,0,0,0,0,0,0,0,0,0,0
2002,550663,1,1,22,22,22,22,22,22,22,22,22,22
2002,550664,1,1,20,20,20,20,20,20,20,20,20,20
2002,550665,1,1,12,12,12,12,12,12,12,12,12,12
2002,550666,1,1,4,4,4,4,4,4,4,4,4,4
2002,550667,1,1,0,0,0,0,0,0,0,0,0,0
2002,550668,1,1,22,20,0,44,20,32,15,22,18,17
2002,550669,1,1,19,19,19,19,19,19,19,19,19,19
2002,550669,2,1,0,0,27,0,0,0,0,0,0,0
2002,550670,1,1,21,21,21,21,21,21,21,21,21,21
2002,550671,1,1,22,22,22,22,22,22,22,22,22,22
2002,550672,1,1,30,30,30,30,30,30,30,30,30,30
2002,550672,2,1,0,0,0,0,0,0,0,0,0,0
2002,550673,1,1,0,0,0,0,0,0,19,0,0,0
2002,550674,1,1,0,0,0,0,0,0,0,0,0,0
2002,550674,2,1,0,0,0,0,0,0,0,0,0,0
2002,550675,1,1,0,0,0,0,0,0,0,0,0,0
2002,550676,1,1,0,0,0,0,0,0,0,0,0,0
2002,550676,2,1,0,0,0,0,0,0,0,0,0,20
2002,550677,1,1,19,16,0,21,23,19,15,21,7,0
2002,550678,1,1,18,18,18,18,18,18,18,18,18,18
2002,550679,1,1,16,16,16,16,16,16,16,16,16,16
2002,550680,1,1,16,16,16,16,16,16,16,16,16,16
2002,550681,1,1,0,0,0,0,0,0,0,0,0,0
2002,550682,1,1,0,0,0,0,0,0,0,0,0,0
2002,550682,2,1,0,0,0,0,0,0,0,0,0,0
2002,550683,1,1,20,20,20,20,20,20,20,20,20,20
2002,550684,1,1,36,36,36,36,36,36,36,36,36,36
2002,550685,1,1,0,0,0,0,0,0,0,0,0,0
2002,550686,0,1,29,29,29,29,29,29,29,29,29,29
2002,550686,1,1,7,18,0,0,0,5,3,21,0,5
2002,550687,1,1,0,0,0,0,0,0,0,0,0,0
2002,550687,2,1,9,9,9,9,9,9,9,9,9,9
2002,550688,1,1,0,0,0,9,6,4,0,0,17,0
2002,550689,1,1,19,19,19,19,19,19,19,19,19,19
2002,550690,1,1,35,35,35,35,35,35,35,35,35,35
2002,550691,1,1,0,0,0,0,0,0,0,0,0,0
2002,550691,2,1,0,0,0,0,0,0,0,0,0,0
2002,550692,1,1,0,0,0,0,0,0,0,0,0,0
2002,550692,2,1,0,0,0,0,0,0,0,0,0,0
2002,550693,1,1,0,0,0,0,0,0,0,0,0,0
2002,550693,2,1,0,0,0,0,0,0,0,0,0,0
2002,550694,1,1,20,20,20,20,20,20,20,20,20,20
2002,550695,1,1,0,0,0,0,0,0,0,0,0,0
2002,550695,2,1,23,0,22,23,0,0,0,0,0,0
2002,550696,1,1,11,11,11,11,11,11,11,11,11,11
2002,550697,1,1,0,0,0,0,0,0,0,0,0,0
2002,550697,2,1,0,0,0,0,0,0,0,0,0,0
2002,550697,3,1,0,0,0,0,0,0,0,0,0,0
2002,550698,1,1,24,24,24,24,24,24,24,24,24,24
2002,550699,1,1,0,0,0,0,0,0,0,0,0,0
2002,550699,2,1,0,0,0,0,0,0,0,0,0,0
2002,550700,1,1,19,19,19,19,19,19,19,19,19,19
2002,550701,1,1,0,0,0,0,0,0,0,0,0,0
2002,550702,1,1,0,0,0,0,0,0,0,0,0,0
2002,550702,2,1,0,0,0,0,0,0,0,0,0,0
2002,550703,0,1,12,12,12,12,12,12,12,12,12,12
2002,550703,1,1,0,3,0,4,0,8,0,0,0,0
2002,550704,1,1,0,0,0,0,0,0,0,0,0,0
2002,550705,1,1,25,25,25,25,25,25,25,25,25,25
2002,550706,1,1,25,25,25,25,25,25,25,25,25,25
2002,550707,1,1,38,38,38,38,38,38,38,38,38,38
2002,550708,1,1,0,0,0,0,0,0,0,0,0,0
2002,550708,2,1,0,0,0,0,0,0,0,0,0,0
2002,550708,3,1,0,0,0,0,0,0,0,0,0,0
2002,550709,1,1,0,0,0,0,0,0,0,0,0,0
2002,550710,1,1,0,0,0,0,0,0,0,0,0,0
2002,550710,2,1,0,0,0,0,0,0,0,0,0,0
2002,550710,3,1,0,0,0,0,0,0,0,0,0,0
2002,550711,1,1,0,0,0,0,0,0,0,0,0,0
2002,550712,1,1,0,0,0,0,0,0,0,0,0,0
2002,550713,1,1,20,20,20,20,20,20,20,20,20,20
2002,550714,1,1,0,0,0,0,0,0,0,0,0,0
2002,550715,1,1,0,0,0,0,0,0,0,0,0,0
2002,550715,2,1,0,22,0,0,0,11,0,0,0,0
2002,550715,3,1,0,0,0,0,0,0,0,0,0,0
2002,550716,1,1,11,11,11,11,11,11,11,11,11,11
2002,550717,1,1,4,10,2,0,7,8,3,3,10,0
2002,550718,1,1,20,20,20,20,20,20,20,20,20,20
2002,550719,1,1,0,0,0,0,0,0,0,0,0,0
2002,550720,0,1,0,0,0,0,0,0,0,0,0,0
2002,550720,1,1,0,0,0,0,0,0,0,0,0,0
2002,550721,1,1,15,11,0,4,13,0,0,16,0,0
2002,550722,1,1,29,29,29,29,29,29,29,29,29,29
2002,550723,1,1,7,0,0,0,0,13,0,0,0,0
2002,550723,2,1,0,8,0,11,13,0,0,0,0,0
2002,550723,3,1,0,0,0,0,0,0,0,0,0,0
2002,550723,4,1,0,0,0,0,0,0,0,0,0,0
2002,550723,5,1,0,0,0,0,0,0,0,0,0,0
2002,550723,6,1,0,0,0,0,0,0,0,0,0,0
2002,550723,7,1,0,0,0,0,0,0,0,0,0,0
2002,550723,8,1,0,0,0,0,0,0,0,0,0,0
2002,550723,9,1,0,0,0,0,0,0,0,0,0,0
2002,550723,10,1,0,0,0,0,0,0,0,0,0,0
2002,550723,11,1,0,0,0,0,0,0,0,0,0,0
2002,550723,12,1,0,0,0,0,0,13,0,0,0,0
2002,550723,13,1,0,0,0,0,0,0,0,0,0,0
2002,550723,14,1,0,0,0,0,0,0,0,0,0,0
2002,550723,15,1,0,0,0,0,0,0,0,0,0,0
2002,550723,16,1,0,0,0,0,0,0,0,0,9,0
2002,550723,17,1,0,0,0,0,0,0,0,0,0,0
2002,550723,18,1,0,0,0,0,0,0,0,0,0,0
2002,550723,19,1,0,0,0,0,30,9,25,18,0,0
2002,550723,20,1,0,0,0,0,0,0,0,0,0,0
2002,550723,21,1,0,0,0,0,0,0,0,20,0,0
2002,550723,22,1,0,0,0,0,0,0,0,0,0,2
2002,550723,23,1,0,0,0,25,0,0,0,0,0,0
2002,550723,24,1,0,0,0,0,0,0,0,0,0,0
2002,550723,25,1,29,0,0,0,0,15,0,0,0,0
2002,550723,26,1,0,0,0,0,0,0,0,0,0,0
2002,550723,27,1,0,0,0,0,0,0,0,0,0,0
2002,550723,28,1,0,0,0,0,0,0,0,0,0,0
2002,550723,29,1,0,0,0,0,0,0,0,0,0,0
2002,550723,30,1,0,0,0,0,0,0,0,0,0,0
2002,550723,31,1,0,0,0,0,0,0,0,0,0,0
2002,550723,32,1,16,0,0,0,0,0,3,0,0,0
2002,550723,33,1,0,0,0,0,0,0,0,0,0,0
2002,550723,34,1,0,0,0,0,0,0,0,0,0,0
2002,550723,35,1,0,0,0,0,0,0,0,0,0,0
2002,550723,36,1,28,7,0,0,0,14,0,0,0,0
2002,550723,37,1,0,0,0,0,0,20,0,0,0,0
2002,550723,38,1,0,0,0,0,0,0,0,0,0,0
2002,550723,39,1,0,0,0,0,0,0,0,0,0,0
2002,550723,40,1,0,0,0,0,0,0,0,0,0,0
2002,550723,41,1,0,0,0,0,0,0,0,0,0,0
2002,550723,42,1,0,0,0,0,0,0,0,0,0,0
2002,550723,43,1,0,0,0,0,0,0,0,0,0,0
2002,550723,44,1,0,0,0,0,0,0,0,0,0,0
2002,550723,45,1,0,0,0,10,0,0,12,0,10,15
2002,550723,46,1,0,0,0,0,0,0,0,0,0,0
2002,550723,47,1,0,0,0,0,0,0,0,0,0,0
2002,550723,48,1,0,0,0,0,0,0,0,0,0,0
2002,550723,49,1,0,0,0,0,0,0,0,0,0,0
2002,550723,50,1,0,0,21,0,0,8,0,0,0,11
2002,560001,1,1,13,13,13,13,13,13,13,13,13,13
2002,560002,1,1,12,24,23,7,9,16,17,32,10,11
2002,560002,2,1,0,0,0,0,0,0,0,0,0,0
2002,560003,0,1,34,34,34,34,34,34,34,34,34,34
2002,560003,1,1,0,0,0,0,0,0,0,0,0,0
2002,560004,1,1,0,0,0,0,0,0,0,0,0,0
2002,560004,2,1,0,0,0,0,0,0,0,0,0,0
2002,560005,1,1,6,6,6,6,6,6,6,6,6,6
2002,560006,1,1,17,17,17,17,17,17,17,17,17,17
2002,560006,2,1,12,0,0,15,28,24,8,26,20,26
2002,560007,1,1,0,0,0,0,0,0,0,0,0,0
2002,560008,1,1,40,40,40,40,40,40,40,40,40,40
2002,560008,2,1,0,0,0,0,0,0,0,0,0,0
2002,560009,1,1,0,0,0,12,0,0,15,19,23,17
2002,560010,1,1,13,13,13,13,13,13,13,13,13,13
2002,560010,2,1,0,0,0,0,0,0,0,0,0,0
2002,560011,1,1,0,0,0,0,0,0,0,0,0,0
2002,560011,2,1,0,0,0,0,0,0,0,0,0,0
2002,560012,1,1,0,0,0,0,0,0,0,0,0,0
2002,560012,2,1,0,0,0,0,0,0,0,0,0,0
2002,560013,1,1,18,18,18,18,18,18,18,18,18,18
2002,560014,1,1,0,0,0,0,0,0,0,0,0,0
2002,560015,1,1,5,0,0,0,0,0,0,0,0,0
2002,560016,1,1,0,0,0,0,0,0,0,0,0,0
2002,560017,1,1,16,16,16,16,16,16,16,16,16,16
2002,560018,1,1,3,3,3,3,3,3,3,3,3,3
2002,560019,0,1,18,18,18,18,18,18,18,18,18,18
2002,560019,1,1,0,0,0,0,0,0,0,0,0,0
2002,560020,1,1,8,8,8,8,8,8,8,8,8,8
2002,560021,1,1,30,30,30,30,30,30,30,30,30,30
2002,560022,1,1,10,10,10,10,10,10,10,10,10,10
2002,560023,1,1,0,0,0,0,0,0,0,0,0,0
2002,560023,2,1,0,0,0,0,0,0,0,0,0,0
2002,560024,1,1,25,25,25,25,25,25,25,25,25,25
2002,560025,1,1,0,0,0,0,0,0,0,0,0,0
2002,560025,2,1,0,0,0,0,0,0,0,0,0,0
2002,560026,1,1,0,0,0,0,17,0,0,0,0,0
2002,560027,1,1,0,0,0,0,0,0,0,0,0,0
2002,560028,1,1,0,0,0,0,0,0,0,0,0,0
2002,560029,1,1,37,37,37,37,37,37,37,37,37,37
2002,560030,1,1,15,15,15,15,15,15,15,15,15,15
2002,560031,1,1,0,0,0,0,0,0,0,0,0,0
2002,560032,1,1,0,0,0,0,0,0,0,0,0,0
2002,560032,2,1,0,0,0,0,0,0,0,0,0,0
2002,560033,1,1,0,0,0,0,0,0,0,0,0,0
2002,560034,1,1,0,0,0,0,0,0,0,0,0,0
2002,560034,2,1,14,0,33,0,34,0,20,0,6,0
2002,560035,1,1,0,0,0,0,12,0,0,0,20,0
2002,560036,1,1,2,2,2,2,2,2,2,2,2,2
2002,560037,0,1,0,0,0,0,0,0,0,0,0,0
2002,560037,1,1,0,0,0,0,0,0,0,0,0,0
2002,560038,1,1,11,11,11,11,11,11,11,11,11,11
2002,560039,1,1,0,0,0,0,0,0,0,0,0,0
2002,560040,1,1,0,0,0,0,0,0,0,0,0,0
2002,560041,1,1,22,22,22,22,22,22,22,22,22,22
2002,560042,1,1,0,0,0,0,0,0,0,0,0,0
2002,560042,2,1,0,0,0,0,0,0,0,0,0,0
2002,560043,1,1,0,0,0,0,0,0,0,0,0,0
2002,560043,2,1,0,0,0,0,0,0,0,0,0,0
2002,560043,3,1,0,0,0,0,0,0,0,0,0,0
2002,560044,1,1,0,0,0,0,0,0,0,0,0,0
2002,560045,1,1,0,8,0,0,0,0,0,0,0,0
2002,560045,2,1,0,0,0,0,0,0,0,0,0,0
2002,560046,1,1,0,0,0,0,0,0,0,0,0,0
2002,560047,1,1,8,8,8,8,8,8,8,8,8,8
2002,560048,1,1,0,0,0,0,0,0,0,0,4,0
2002,560048,2,1,0,0,0,0,0,0,0,0,0,0
2002,560049,1,1,0,0,0,0,0,0,0,0,0,0
2002,560050,1,1,0,21,0,0,15,14,0,0,0,0
2002,560051,1,1,0,0,0,0,0,0,0,0,0,0
2002,560052,1,1,0,0,0,0,0,0,0,0,0,0
2002,560053,1,1,0,0,0,0,0,0,0,0,0,0
2002,560054,1,1,0,0,0,0,0,0,0,0,0,0
2002,560055,1,1,0,0,0,0,0,0,0,0,0,0
2002,560056,1,1,0,0,0,0,0,0,0,0,0,0
2002,560056,2,1,10,10,10,10,10,10,10,10,10,10
2002,560057,1,1,18,18,18,18,18,18,18,18,18,18
2002,560058,0,1,1,1,1,1,1,1,1,1,1,1
2002,560058,1,1,0,0,0,0,0,0,0,0,0,0
2002,560059,1,1,0,0,0,0,0,0,0,0,0,0
2002,560060,1,1,21,21,21,21,21,21,21,21,21,21
2002,560061,1,1,11,11,11,11,11,11,11,11,11,11
2002,560062,1,1,0,0,0,0,0,0,0,0,0,0
2002,560063,1,1,0,0,0,0,0,19,21,0,0,0
2002,560064,1,1,16,16,16,16,16,16,16,16,16,16
2002,560065,1,1,0,18,0,0,0,7,12,0,11,15
2002,560065,2,1,0,0,0,0,0,0,0,0,16,0
2002,560066,1,1,0,0,0,0,0,0,0,0,0,0
2002,560067,1,1,28,28,28,28,28,28,28,28,28,28
2002,560067,2,1,0,0,0,0,0,0,0,0,0,0
2002,560068,1,1,0,0,0,0,0,0,0,0,0,0
2002,560068,2,1,0,0,0,0,0,0,0,0,0,0
2002,560069,1,1,0,0,0,0,0,0,0,0,0,0
2002,560069,2,1,0,0,0,0,0,0,0,0,0,0
2002,560070,1,1,0,0,0,0,0,0,0,0,0,0
2002,560070,2,1,0,0,0,0,0,0,0,0,0,0
2002,560071,1,1,0,0,0,0,0,0,0,0,0,0
2002,560071,2,1,0,0,0,0,0,0,0,0,0,0
2002,560072,1,1,0,0,0,0,0,10,0,0,0,0
2002,560073,1,1,0,0,0,0,0,0,0,0,0,0
2002,560074,1,1,0,0,0,0,0,0,0,0,0,0
2002,560074,2,1,0,0,0,0,0,0,0,0,0,0
2002,560075,1,1,0,0,0,0,19,0,0,0,0,0
2002,560075,2,1,0,0,0,0,0,0,0,0,0,0
2002,560076,1,1,23,23,23,23,23,23,23,23,23,23
2002,560077,0,1,0,0,0,0,0,0,0,0,0,0
2002,560077,1,1,0,14,0,0,2,0,0,0,0,0
2002,560078,1,1,6,22,0,23,0,14,16,0,31,0
2002,560079,1,1,0,0,0,0,0,0,0,0,0,0
2002,560080,1,1,0,0,0,0,0,0,0,0,0,0
2002,560080,2,1,0,0,0,0,0,0,0,0,0,0
2002,560081,1,1,13,13,13,13,13,13,13,13,13,13
2002,560081,2,1,0,0,0,0,0,0,0,0,0,0
2002,560082,1,1,0,0,0,0,0,0,0,0,0,0
2002,560082,2,1,0,0,0,0,0,0,0,0,0,0
2002,560083,1,1,12,12,12,12,12,12,12,12,12,12
2002,560083,2,1,0,0,0,0,0,0,0,0,0,0
2002,560084,1,1,0,0,0,0,0,0,0,6,0,0
2002,560085,1,1,0,0,17,0,0,0,0,0,0,0
2002,560086,1,1,0,0,0,0,0,0,0,10,0,0
2002,560087,1,1,0,0,0,0,0,0,0,6,0,0
2002,560087,2,1,0,0,0,0,0,8,0,0,0,0
2002,560088,1,1,0,0,0,0,0,0,0,0,0,0
2002,560089,1,1,7,7,7,7,7,7,7,7,7,7
2002,560090,1,1,28,28,28,28,28,28,28,28,28,28
2002,560091,1,1,12,12,12,12,12,12,12,12,12,12
2002,560092,1,1,0,0,0,0,0,0,0,0,0,0
2002,560093,1,1,0,0,0,0,0,0,0,0,0,0
2002,560094,1,1,0,0,0,0,0,0,0,0,0,0
2002,560094,2,1,0,0,0,0,0,0,0,0,0,0
2002,560095,1,1,1,1,1,1,1,1,1,1,1,1
2002,560095,2,1,0,0,0,0,0,0,0,0,0,0
2002,560096,1,1,0,0,0,0,0,0,0,0,0,0
2002,560097,1,1,0,0,0,0,0,0,0,0,0,0
2002,560098,1,1,0,0,0,0,0,0,0,0,0,0
2002,560098,2,1,0,0,0,0,0,0,0,0,0,0
2002,560099,1,1,15,15,15,15,15,15,15,15,15,15
2002,560100,1,1,25,25,25,25,25,25,25,25,25,25
2002,560101,1,1,0,0,0,0,0,0,0,0,0,0
2002,560102,1,1,0,0,0,0,0,0,0,0,0,0
2002,560103,1,1,0,0,0,0,0,0,0,0,0,0
2002,560104,1,1,20,20,20,20,20,20,20,20,20,20
2002,560105,1,1,27,27,27,27,27,27,27,27,27,27
2002,560106,1,1,0,0,0,0,0,0,0,0,0,0
2002,560107,1,1,22,22,22,22,22,22,22,22,22,22
2002,560108,1,1,0,0,0,0,0,0,0,0,0,0
2002,560108,2,1,0,0,0,0,0,0,0,0,0,0
2002,560109,1,1,0,0,0,0,0,0,0,0,0,0
2002,560109,2,1,0,0,0,0,0,0,0,13,0,0
2002,560110,1,1,34,34,34,34,34,34,34,34,34,34
2002,560111,1,1,21,21,21,21,21,21,21,21,21,21
2002,560112,1,1,28,28,28,28,28,28,28,28,28,28
2002,560113,1,1,0,0,0,0,0,0,0,0,0,0
2002,560114,1,1,0,0,0,0,0,0,0,0,0,0
2002,560115,1,1,0,0,0,0,0,0,0,0,0,0
2002,560116,0,1,0,0,0,0,0,13,0,0,0,0
2002,560116,1,1,0,0,0,0,0,0,0,0,0,0
2002,560117,1,1,0,0,0,0,0,0,0,0,0,0
2002,560117,2,1,0,0,0,0,0,0,0,0,11,0
2002,560118,1,1,32,32,32,32,32,32,32,32,32,32
2002,560119,1,1,0,0,0,0,0,0,0,0,0,0
2002,560119,2,1,0,0,0,0,0,0,0,0,0,0
2002,560120,1,1,0,0,0,0,0,0,0,0,0,0
2002,560121,1,1,14,14,14,14,14,14,14,14,14,14
2002,560121,2,1,0,0,0,0,0,0,0,0,0,0
2002,560122,1,1,0,0,0,0,0,0,0,0,0,0
2002,560123,1,1,12,0,0,25,0,15,23,0,20,0
2002,560124,1,1,0,0,0,0,0,0,0,0,0,0
2002,560125,1,1,16,16,16,16,16,16,16,16,16,16
2002,560126,1,1,0,0,0,0,0,0,0,0,0,0
2002,560126,2,1,0,0,0,0,0,0,0,0,0,0
2002,560127,1,1,0,0,0,0,0,0,0,0,0,0
2002,560127,2,1,0,0,0,0,0,0,0,0,0,0
2002,560128,1,1,23,23,23,23,23,23,23,23,23,23
2002,560129,1,1,0,0,0,0,0,0,0,0,0,0
2002,560130,1,1,0,0,0,0,0,19,0,0,0,0
2002,560131,1,1,21,21,21,21,21,21,21,21,21,21
2002,560132,1,1,0,0,0,8,0,0,0,0,0,0
2002,560133,1,1,0,0,0,0,0,0,0,0,0,0
2002,560133,2,1,0,0,0,0,0,0,0,0,0,0
2002,560134,1,1,0,0,0,0,0,0,0,0,0,0
2002,560135,1,1,19,19,19,19,19,19,19,19,19,19
2002,560136,1,1,0,0,0,0,0,0,0,0,0,0
2002,560137,1,1,0,0,0,0,0,0,0,0,0,0
2002,560138,1,1,0,0,0,0,0,0,0,0,0,0
2002,560139,1,1,0,0,0,0,0,0,0,0,0,0
2002,560140,1,1,0,0,0,0,0,0,0,0,0,0
2002,560141,1,1,0,0,0,0,0,0,0,0,0,0
2002,560142,1,1,24,8,4,20,16,20,13,0,7,0
2002,560142,2,1,0,0,0,0,0,0,0,0,0,0
2002,560143,1,1,0,0,0,0,0,0,0,0,0,0
2002,560144,1,1,22,22,22,22,22,22,22,22,22,22
2002,560145,1,1,14,14,14,14,14,14,14,14,14,14
2002,560146,1,1,9,9,9,9,9,9,9,9,9,9
2002,560147,1,1,15,15,15,15,15,15,15,15,15,15
2002,560147,2,1,0,0,0,0,0,0,0,0,0,0
2002,560148,1,1,0,0,0,0,0,0,0,0,0,0
2002,560148,2,1,0,0,0,0,0,0,0,0,0,0
2002,560148,3,1,0,0,0,0,0,0,0,0,0,0
2002,560148,4,1,0,0,0,0,0,0,0,0,0,0
2002,560148,5,1,0,0,0,0,0,0,0,0,0,0
2002,560148,6,1,0,0,0,0,0,0,0,0,0,0
2002,560148,7,1,0,0,0,0,0,0,0,0,0,0
2002,560149,1,1,30,30,30,30,30,30,30,30,30,30
2002,560149,2,1,0,0,0,0,0,0,0,0,0,0
2002,560150,1,1,0,0,0,0,0,0,0,0,0,0
2002,560150,2,1,0,0,0,0,0,0,0,0,0,0
2002,560151,1,1,0,0,0,0,0,0,0,0,0,0