YEAR,ST_CASE,veh_no,per_no,P1,P2,P3,P4,P5,P6,P7,P8,P9,P10
2002,60262,0,1,0,0,0,0,0,0,0,0,0,0
2002,60262,1,1,0,0,0,0,0,0,0,0,0,0
2002,60263,1,1,0,0,0,0,0,0,0,0,0,0
2002,60264,1,1,0,0,0,0,0,0,0,0,0,0
2002,60264,2,1,0,0,0,0,0,0,0,0,0,0
2002,60265,1,1,6,6,6,6,6,6,6,6,6,6
2002,60266,1,1,0,0,0,0,0,0,0,0,0,0
2002,60266,2,1,0,0,0,0,0,0,0,0,0,0
2002,60266,3,1,0,0,0,0,0,0,0,0,0,0
2002,60267,0,1,0,0,0,0,0,0,0,0,0,0
2002,60268,0,1,0,0,0,0,0,0,0,0,0,0
2002,60268,1,1,0,0,0,0,0,0,0,0,0,0
2002,60269,1,1,0,0,0,0,0,0,0,0,0,0
2002,60270,1,1,0,0,0,0,0,0,0,0,0,0
2002,60271,1,1,28,28,28,28,28,28,28,28,28,28
2002,60272,0,1,0,0,0,0,0,0,0,0,0,0
2002,60272,1,1,0,0,0,0,0,0,0,0,0,10
2002,60272,2,1,0,0,0,0,0,0,0,0,0,0
2002,60273,1,1,0,0,0,0,0,0,0,0,0,0
2002,60273,2,1,0,0,0,0,0,0,0,0,0,0
2002,60274,0,1,0,0,0,0,0,0,0,0,0,0
2002,60274,1,1,0,0,0,0,0,0,0,0,0,0
2002,60275,1,1,16,16,16,16,16,16,16,16,16,16
2002,60275,2,1,0,0,0,0,0,0,0,0,0,0
2002,60276,0,1,0,0,0,0,0,0,0,0,0,0
2002,60276,1,1,0,0,0,0,0,0,0,0,0,5
2002,60277,1,1,7,0,0,0,0,0,0,0,0,0
2002,60277,2,1,0,0,0,0,0,0,0,0,0,0
2002,60278,0,1,21,38,16,8,18,7,47,2,24,16
2002,60278,1,1,0,0,0,0,0,0,0,0,0,21
2002,60278,2,1,0,0,0,0,0,0,0,0,0,0
2002,60279,0,1,0,0,0,0,0,0,0,0,0,0
2002,60279,1,1,0,0,0,0,0,0,0,0,0,0
2002,60280,1,1,0,0,0,0,0,0,0,0,0,0
2002,60280,2,1,0,0,0,0,0,0,0,0,0,0
2002,60281,1,1,0,0,0,0,0,0,0,0,0,0
2002,60281,2,1,0,0,0,0,0,0,0,0,0,0
2002,60282,1,1,0,0,0,0,0,0,0,0,0,0
2002,60283,1,1,0,0,0,0,0,0,0,0,0,0
2002,60284,1,1,0,0,0,0,0,0,0,0,0,0
2002,60284,2,1,0,0,0,0,0,0,0,0,0,0
2002,60285,1,1,0,0,0,0,0,0,0,0,0,0
2002,60285,2,1,0,0,0,0,0,0,0,0,0,0
2002,60286,1,1,14,14,14,14,14,14,14,14,14,14
2002,60287,1,1,0,0,0,0,0,0,0,0,0,0
2002,60287,2,1,0,0,0,0,0,0,0,0,0,0
2002,60288,1,1,0,0,0,0,0,0,0,0,0,0
2002,60289,0,1,0,0,0,0,0,0,0,0,0,0
2002,60289,1,1,0,0,0,0,0,0,0,0,0,0
2002,60290,0,1,0,0,0,0,0,0,0,0,0,0
2002,60290,0,2,0,0,0,0,0,0,0,0,0,0
2002,60290,1,1,0,0,0,0,0,0,0,0,0,0
2002,60291,1,1,2,2,2,2,2,2,2,2,2,2
2002,60292,1,1,0,0,0,0,0,0,0,0,0,0
2002,60292,2,1,7,7,7,7,7,7,7,7,7,7
2002,60292,3,1,0,0,0,0,0,0,0,0,0,0
2002,60293,1,1,8,19,19,17,10,8,0,16,16,2
2002,60293,2,1,9,0,0,0,0,0,0,0,0,0
2002,60294,1,1,0,0,0,0,0,0,0,0,0,0
2002,60294,2,1,0,0,0,0,0,0,0,0,0,0
2002,60295,1,1,22,22,22,22,22,22,22,22,22,22
2002,60296,1,1,0,0,0,0,0,0,0,0,0,0
2002,60297,1,1,0,0,0,0,0,15,0,0,0,0
2002,60298,1,1,13,13,13,13,13,13,13,13,13,13
2002,60298,2,1,0,0,0,0,0,0,0,0,0,0
2002,60299,0,1,0,0,0,0,0,0,0,0,0,0
2002,60299,1,1,0,0,0,0,0,0,0,0,0,0
2002,60300,0,1,28,28,28,28,28,28,28,28,28,28
2002,60300,1,1,0,0,0,12,0,0,0,0,0,0
2002,60301,1,1,0,0,0,11,0,0,0,0,0,0
2002,60301,2,1,0,0,0,0,0,0,0,10,0,0
2002,60302,1,1,0,0,0,0,0,0,0,0,0,0
2002,60302,2,1,5,0,0,0,0,0,0,0,0,14
2002,60303,1,1,0,0,0,0,0,0,0,0,0,0
2002,60303,2,1,0,0,0,0,0,0,0,0,0,0
2002,60304,1,1,0,0,0,0,0,0,0,0,0,0
2002,60305,1,1,0,0,0,0,0,0,0,0,0,0
2002,60306,1,1,0,0,0,0,0,0,0,0,0,0
2002,60306,2,1,0,0,0,0,0,0,0,0,0,0
2002,60307,1,1,0,0,0,0,0,0,0,0,0,0
2002,60307,2,1,2,2,2,2,2,2,2,2,2,2
2002,60308,1,1,0,0,0,0,0,0,0,0,0,0
2002,60308,2,1,0,0,0,0,0,0,0,0,0,0
2002,60309,0,1,12,12,12,12,12,12,12,12,12,12
2002,60309,1,1,0,0,0,0,0,0,0,0,0,0
2002,60310,1,1,10,10,10,10,10,10,10,10,10,10
2002,60311,1,1,0,0,0,7,0,0,0,0,0,0
2002,60312,1,1,22,22,22,22,22,22,22,22,22,22
2002,60313,1,1,0,0,0,0,0,0,0,0,0,0
2002,60313,2,1,0,0,14,0,0,0,0,0,0,0
2002,60314,0,1,16,16,16,16,16,16,16,16,16,16
2002,60314,1,1,0,0,0,0,0,0,0,0,0,0
2002,60315,1,1,0,0,0,10,0,0,0,33,0,0
2002,60316,1,1,0,0,0,0,0,0,0,0,0,0
2002,60317,1,1,0,0,0,0,0,0,0,0,0,0
2002,60318,1,1,10,10,10,10,10,10,10,10,10,10
2002,60319,1,1,0,0,0,0,0,0,11,0,0,0
2002,60320,1,1,0,0,0,0,0,0,0,0,0,0
2002,60321,1,1,0,0,0,0,0,0,0,0,0,0
2002,60322,1,1,20,20,20,20,20,20,20,20,20,20
2002,60323,0,1,0,0,0,0,0,0,0,0,0,0
2002,60323,1,1,0,0,0,0,0,0,0,0,0,0
2002,60324,1,1,0,0,0,0,0,0,0,0,0,0
2002,60325,1,1,18,18,18,18,18,18,18,18,18,18
2002,60326,1,1,0,0,0,0,0,0,0,0,0,0
2002,60327,1,1,17,17,17,17,17,17,17,17,17,17
2002,60328,1,1,24,0,0,0,0,0,0,0,0,0
2002,60329,0,1,0,0,0,0,0,0,0,0,0,0
2002,60329,1,1,0,0,0,0,0,0,0,0,0,0
2002,60330,1,1,0,0,0,0,0,0,0,0,0,0
2002,60331,1,1,0,0,0,0,0,0,0,0,0,0
2002,60332,1,1,24,24,24,24,24,24,24,24,24,24
2002,60333,1,1,0,0,0,0,0,0,0,0,0,0
2002,60334,1,1,9,9,9,9,9,9,9,9,9,9
2002,60335,1,1,16,16,16,16,16,16,16,16,16,16
2002,60336,1,1,0,0,0,0,0,0,0,0,0,0
2002,60336,2,1,0,0,0,0,0,0,0,0,0,0
2002,60337,1,1,0,5,0,0,0,0,0,0,0,0
2002,60337,2,1,0,0,0,0,0,0,0,0,0,0
2002,60338,1,1,0,0,0,0,0,0,0,0,0,0
2002,60338,2,1,19,0,6,0,0,0,5,0,0,0
2002,60339,1,1,12,12,12,12,12,12,12,12,12,12
2002,60339,2,1,0,0,0,0,0,0,0,0,0,0
2002,60340,1,1,0,0,0,0,0,0,0,0,0,0
2002,60340,2,1,0,0,0,0,0,0,0,0,0,0
2002,60340,3,1,0,0,16,13,0,23,0,13,23,9
2002,60341,1,1,0,0,0,0,0,0,0,0,0,0
2002,60341,2,1,0,0,0,0,0,0,0,0,0,0
2002,60342,1,1,0,0,0,0,0,0,0,0,0,0
2002,60342,2,1,0,0,0,0,0,0,0,0,0,0
2002,60343,0,1,31,31,31,31,31,31,31,31,31,31
2002,60343,1,1,0,0,0,0,0,0,0,0,0,0
2002,60344,0,1,0,0,0,0,0,0,0,0,0,0
2002,60344,1,1,0,0,0,0,0,0,0,0,0,0
2002,60345,1,1,0,0,0,0,0,0,11,0,0,0
2002,60345,2,1,0,0,0,0,0,0,0,0,14,0
2002,60346,1,1,0,0,0,0,0,0,0,0,0,0
2002,60347,0,1,0,0,0,0,0,0,0,0,0,0
2002,60347,1,1,0,0,0,0,0,0,0,0,0,0
2002,60348,1,1,0,0,0,0,0,0,0,0,0,0
2002,60348,2,1,0,0,0,0,0,0,0,0,0,0
2002,60349,1,1,2,2,2,2,2,2,2,2,2,2
2002,60349,2,1,0,0,0,0,0,0,0,0,0,0
2002,60350,1,1,0,0,0,0,0,0,0,0,0,0
2002,60350,2,1,0,0,0,0,0,0,0,0,0,0
2002,60350,3,1,0,0,0,0,0,0,0,0,16,0
2002,60351,1,1,0,0,0,0,0,0,0,0,0,0
2002,60351,2,1,0,0,0,0,0,0,0,0,0,0
2002,60352,1,1,0,0,7,0,0,0,0,0,0,0
2002,60352,2,1,0,0,0,0,0,0,0,0,0,0
2002,60353,1,1,9,9,9,9,9,9,9,9,9,9
2002,60354,1,1,43,43,43,43,43,43,43,43,43,43
2002,60355,1,1,0,0,0,0,0,0,0,0,0,0
2002,60356,1,1,24,24,24,24,24,24,24,24,24,24
2002,60356,2,1,0,0,21,0,0,0,0,0,0,0
2002,60357,1,1,0,0,0,0,0,0,0,0,0,0
2002,60357,2,1,0,0,0,0,0,0,0,0,0,0
2002,60358,1,1,0,0,0,0,0,0,0,0,0,0
2002,60358,2,1,0,0,0,0,0,0,0,0,0,0
2002,60359,1,1,0,0,0,0,0,0,0,0,0,0
2002,60359,2,1,0,0,0,0,0,0,0,0,0,0
2002,60359,3,1,0,0,0,0,0,0,0,0,0,29
2002,60360,1,1,0,0,0,0,0,0,0,0,0,0
2002,60361,0,1,0,0,0,0,0,0,0,0,0,0
2002,60361,1,1,0,0,0,0,0,0,0,0,0,0
2002,60362,0,1,0,0,0,0,0,0,0,0,0,0
2002,60362,1,1,0,0,0,0,0,0,0,0,0,0
2002,60363,0,1,20,20,20,20,20,20,20,20,20,20
2002,60363,1,1,0,8,0,0,0,0,17,0,0,10
2002,60364,1,1,0,0,0,0,0,0,0,0,0,0
2002,60365,1,1,0,0,0,0,0,0,0,0,0,0
2002,60366,1,1,0,0,0,0,0,0,0,0,0,0
2002,60366,2,1,0,0,0,0,0,0,0,0,0,27
2002,60366,3,1,0,0,0,0,0,0,0,0,0,0
2002,60367,1,1,9,9,9,9,9,9,9,9,9,9
2002,60368,1,1,0,0,0,0,0,0,0,0,0,0
2002,60368,2,1,0,0,0,0,0,0,0,0,11,0
2002,60368,3,1,0,0,0,0,0,0,0,0,0,0
2002,60369,1,1,23,23,23,23,23,23,23,23,23,23
2002,60369,2,1,0,0,0,0,0,0,0,0,0,0
2002,60370,1,1,0,0,0,0,0,0,0,0,0,0
2002,60370,2,1,0,0,0,0,0,0,0,0,0,0
2002,60370,3,1,0,0,0,0,0,0,0,0,0,0
2002,60371,1,1,0,0,0,0,0,0,0,0,0,0
2002,60371,2,1,0,0,0,0,0,0,0,0,0,0
2002,60372,1,1,28,28,28,28,28,28,28,28,28,28
2002,60372,2,1,0,0,0,0,0,0,0,0,0,0
2002,60373,1,1,0,0,0,0,0,0,0,0,0,0
2002,60374,1,1,21,21,21,21,21,21,21,21,21,21
2002,60375,0,1,0,0,0,0,0,0,0,0,0,0
2002,60375,1,1,6,0,0,0,0,0,0,15,0,0
2002,60376,1,1,21,21,21,21,21,21,21,21,21,21
2002,60376,2,1,6,0,0,0,0,0,0,0,0,0
2002,60377,1,1,0,0,0,0,12,30,0,0,0,0
2002,60377,2,1,0,0,0,0,0,0,0,0,0,0
2002,60378,1,1,20,20,20,20,20,20,20,20,20,20
2002,60379,1,1,0,14,0,0,0,0,0,0,17,0
2002,60380,0,1,0,0,0,0,0,0,0,0,0,0
2002,60380,1,1,0,0,0,0,0,0,0,0,0,0
2002,60381,0,1,0,0,0,0,0,0,0,0,0,0
2002,60381,1,1,0,7,0,0,0,0,0,0,0,0
2002,60382,0,1,0,0,0,0,0,0,0,0,0,0
2002,60382,1,1,0,0,7,0,0,21,0,0,0,0
2002,60383,1,1,0,0,0,0,0,0,0,0,0,5
2002,60384,1,1,0,0,0,0,0,0,0,0,0,0
2002,60385,1,1,21,21,21,21,21,21,21,21,21,21
2002,60386,1,1,0,0,0,0,0,0,0,0,0,0
2002,60387,1,1,0,0,0,0,0,0,0,0,0,0
2002,60388,1,1,19,19,19,19,19,19,19,19,19,19
2002,60389,1,1,0,0,0,0,0,0,0,0,0,0
2002,60390,1,1,0,0,0,0,0,0,0,0,0,0
2002,60391,1,1,0,0,0,0,0,0,0,0,0,0
2002,60392,1,1,0,0,0,0,0,0,0,0,0,0
2002,60393,1,1,0,0,0,0,0,0,0,0,0,0
2002,60394,0,1,0,0,0,0,0,0,0,0,0,0
2002,60394,1,1,0,0,0,0,0,0,0,0,0,0
2002,60395,0,1,3,3,3,3,3,3,3,3,3,3
2002,60395,1,1,0,0,0,0,0,0,0,0,0,0
2002,60396,1,1,0,0,0,0,0,0,0,0,0,0
2002,60396,2,1,0,0,0,0,0,0,0,0,0,0
2002,60396,3,1,0,0,0,0,0,0,0,0,0,0
2002,60396,4,1,0,0,0,0,0,0,0,0,0,0
2002,60397,0,1,0,0,0,0,0,0,0,0,0,0
2002,60397,1,1,0,0,0,0,0,0,0,0,0,0
2002,60398,1,1,0,0,0,0,0,0,0,0,0,0
2002,60399,1,1,13,13,13,13,13,13,13,13,13,13
2002,60399,2,1,0,0,0,0,0,0,0,0,0,0
2002,60400,1,1,0,0,0,0,0,0,0,0,0,0
2002,60400,2,1,0,0,0,0,0,0,0,0,0,0
2002,60401,1,1,10,10,10,10,10,10,10,10,10,10
2002,60401,2,1,0,0,0,0,0,0,0,0,0,0
2002,60402,0,1,37,37,37,37,37,37,37,37,37,37
2002,60402,1,1,0,0,20,13,17,14,24,17,0,17
2002,60403,1,1,21,21,21,21,21,21,21,21,21,21
2002,60403,2,1,0,11,0,0,0,0,0,0,0,0
2002,60404,0,1,9,9,9,9,9,9,9,9,9,9
2002,60404,1,1,0,0,0,0,0,0,0,0,0,0
2002,60405,1,1,4,4,4,4,4,4,4,4,4,4
2002,60406,1,1,27,27,27,27,27,27,27,27,27,27
2002,60406,2,1,0,0,0,0,0,0,0,0,0,0
2002,60407,0,1,0,0,0,0,0,0,0,0,0,0
2002,60407,1,1,0,0,0,0,0,0,0,0,0,0
2002,60408,0,1,18,18,18,18,18,18,18,18,18,18
2002,60408,1,1,0,0,0,0,0,0,0,0,0,0
2002,60409,1,1,0,0,0,0,0,0,0,0,0,0
2002,60409,2,1,0,0,0,0,0,0,0,0,0,0
2002,60410,1,1,0,0,0,0,0,0,0,0,0,0
2002,60410,2,1,0,0,0,0,0,0,0,0,0,0
2002,60411,1,1,2,2,2,2,2,2,2,2,2,2
2002,60411,2,1,0,0,0,0,0,0,0,0,0,0
2002,60412,1,1,0,0,0,0,0,0,0,0,0,0
2002,60412,2,1,0,0,0,0,0,0,0,0,0,0
2002,60412,3,1,0,0,0,0,0,0,0,0,0,0
2002,60413,1,1,0,0,0,0,0,0,0,0,0,0
2002,60413,2,1,0,0,0,0,0,0,0,0,0,0
2002,60414,1,1,0,0,0,0,0,0,0,0,0,0
2002,60414,2,1,0,0,0,0,0,0,0,0,0,0
2002,60415,0,1,0,0,0,0,0,0,0,0,0,0
2002,60415,1,1,0,0,0,0,0,0,0,0,0,0
2002,60415,2,1,0,0,0,0,0,0,0,0,0,0
2002,60416,1,1,0,0,0,0,0,0,0,0,0,0
2002,60416,2,1,0,0,0,0,0,0,0,0,0,0
2002,60417,1,1,18,18,18,18,18,18,18,18,18,18
2002,60418,0,1,17,17,17,17,17,17,17,17,17,17
2002,60418,1,1,1,1,1,1,1,1,1,1,1,1
2002,60419,1,1,0,0,0,0,0,0,0,0,0,0
2002,60420,1,1,0,0,0,0,15,14,0,0,0,0
2002,60420,2,1,0,0,0,0,0,0,0,0,0,0
2002,60421,0,1,5,5,5,5,5,5,5,5,5,5
2002,60421,1,1,0,0,0,0,0,0,0,0,0,0
2002,60422,1,1,0,0,0,0,0,0,0,0,0,0
2002,60423,1,1,2,2,2,2,2,2,2,2,2,2
2002,60423,2,1,0,0,0,0,0,0,0,0,0,0
2002,60424,0,1,0,0,0,0,0,0,0,0,0,0
2002,60424,1,1,0,0,0,0,0,0,0,0,0,0
2002,60425,1,1,6,6,6,6,6,6,6,6,6,6
2002,60426,1,1,20,20,20,20,20,20,20,20,20,20
2002,60427,1,1,0,0,0,0,0,0,0,0,0,0
2002,60427,2,1,0,0,0,0,0,0,0,0,0,0
2002,60428,1,1,0,0,0,0,0,0,0,0,0,0
2002,60429,1,1,0,0,0,0,0,0,0,0,0,0
2002,60430,1,1,0,0,0,0,0,0,0,0,0,0
2002,60430,2,1,0,0,0,0,0,0,0,0,0,0
2002,60431,1,1,11,13,9,6,17,16,24,0,8,6
2002,60431,2,1,0,0,0,0,0,0,0,0,0,0
2002,60432,1,1,0,0,0,0,0,0,0,0,0,0
2002,60433,1,1,0,0,0,0,0,0,0,0,0,0
2002,60433,2,1,0,0,0,0,0,0,0,0,0,0
2002,60434,1,1,0,0,0,0,0,0,0,0,0,0
2002,60435,0,1,0,0,0,0,0,0,0,0,0,0
2002,60435,1,1,0,0,0,0,0,0,0,0,0,20
2002,60436,1,1,0,0,0,0,0,0,0,0,0,0
2002,60437,1,1,20,20,20,20,20,20,20,20,20,20
2002,60438,1,1,0,0,0,0,0,0,0,0,0,0
2002,60439,1,1,0,0,0,0,0,0,0,0,0,0
2002,60440,0,1,0,0,0,0,0,0,0,0,0,0
2002,60440,1,1,0,0,0,26,0,0,0,0,0,0
2002,60441,1,1,0,0,7,0,0,13,0,0,0,0
2002,60442,1,1,24,24,24,24,24,24,24,24,24,24
2002,60443,1,1,0,0,0,0,0,0,0,0,0,0
2002,60444,1,1,0,0,0,0,0,0,0,0,0,0
2002,60445,1,1,0,0,0,0,0,0,0,0,0,0
2002,60446,0,1,0,0,0,0,0,0,0,0,0,0
2002,60446,1,1,2,2,2,2,2,2,2,2,2,2
2002,60447,0,1,33,33,33,33,33,33,33,33,33,33
2002,60447,1,1,4,0,9,0,0,0,0,27,25,0
2002,60448,1,1,0,0,0,0,0,0,0,0,0,0
2002,60449,1,1,0,0,0,0,0,0,0,0,0,0
2002,60450,0,1,0,0,0,0,0,0,0,0,0,0
2002,60450,1,1,0,0,0,0,0,0,0,0,0,0
2002,60451,1,1,0,0,0,0,0,0,0,0,0,0
2002,60451,2,1,0,0,0,0,0,0,0,0,0,0
2002,60452,1,1,31,31,31,31,31,31,31,31,31,31
2002,60452,2,1,0,0,0,0,0,0,0,0,0,0
2002,60453,0,1,37,37,37,37,37,37,37,37,37,37
2002,60453,0,2,19,19,19,19,19,19,19,19,19,19
2002,60453,1,1,0,0,0,0,0,0,0,0,0,0
2002,60454,1,1,0,0,0,0,0,0,0,0,0,0
2002,60455,1,1,0,0,0,0,0,0,0,0,0,0
2002,60456,0,1,0,0,0,0,0,0,0,0,0,0
2002,60456,1,1,0,0,0,0,0,0,0,0,0,0
2002,60457,1,1,0,0,0,0,0,0,0,0,0,0
2002,60457,2,1,0,0,0,0,0,0,0,0,0,0
2002,60458,1,1,1,1,1,1,1,1,1,1,1,1
2002,60458,2,1,0,0,0,0,0,0,0,0,0,0
2002,60458,3,1,0,0,0,0,0,0,0,0,0,0
2002,60459,1,1,0,0,0,0,0,0,0,0,0,0
2002,60459,2,1,0,0,0,0,0,0,0,0,0,9
2002,60459,3,1,0,0,0,0,0,0,0,0,0,0
2002,60460,1,1,0,0,0,0,0,0,0,0,0,0
2002,60460,2,1,0,13,0,0,0,0,0,0,0,0
2002,60460,3,1,0,0,0,0,0,0,0,0,0,0
2002,60461,0,1,0,0,0,0,0,0,0,0,0,0
2002,60461,1,1,0,0,0,0,0,0,0,0,0,0
2002,60462,1,1,0,0,0,0,0,0,0,0,0,0
2002,60462,2,1,0,0,0,0,0,0,0,0,0,0
2002,60463,1,1,0,0,0,14,16,0,0,0,0,0
2002,60463,2,1,0,0,0,0,0,0,0,0,0,0
2002,60464,1,1,0,0,0,0,0,0,0,0,0,0
2002,60464,2,1,0,0,0,0,0,0,0,0,0,0
2002,60465,1,1,18,18,18,18,18,18,18,18,18,18
2002,60465,2,1,0,0,0,0,0,13,0,0,0,0
2002,60466,1,1,21,21,21,21,21,21,21,21,21,21
2002,60467,1,1,18,18,18,18,18,18,18,18,18,18
2002,60468,0,1,0,0,0,0,0,0,0,0,0,0
2002,60468,0,2,0,0,14,0,0,0,10,0,0,0
2002,60468,0,3,7,0,0,0,13,0,9,22,0,0
2002,60468,0,4,18,0,0,0,0,35,0,0,26,0
2002,60468,0,5,0,0,0,0,13,45,0,0,0,0
2002,60468,0,6,0,0,0,21,0,0,0,0,0,0
2002,60468,1,1,0,0,0,0,0,0,0,0,0,0
2002,60469,1,1,0,0,0,0,0,0,0,0,0,0
2002,60469,2,1,0,0,0,0,0,0,0,0,0,0
2002,60470,1,1,65,65,65,65,65,65,65,65,65,65
2002,60471,1,1,20,20,20,20,20,20,20,20,20,20
2002,60472,1,1,0,0,0,0,0,34,0,0,0,15
2002,60472,2,1,0,0,10,0,0,0,0,0,0,0
2002,60472,3,1,0,0,0,0,0,0,14,0,0,0
2002,60473,0,1,0,0,0,0,0,0,0,0,0,0
2002,60473,0,2,0,0,0,0,8,0,0,0,0,0
2002,60473,1,1,0,0,0,0,0,0,0,0,0,0
2002,60474,1,1,0,0,0,0,0,0,0,0,0,0
2002,60474,2,1,0,0,0,0,0,0,0,0,0,0
2002,60475,1,1,0,0,0,0,0,0,0,0,0,0
2002,60476,1,1,0,0,0,0,0,0,0,0,0,0
2002,60477,1,1,0,0,0,0,0,0,0,0,0,0
2002,60478,0,1,0,0,0,0,0,0,0,8,0,0
2002,60478,0,2,0,12,0,0,0,0,0,4,0,5
2002,60478,1,1,0,0,0,0,0,0,0,0,0,0
2002,60478,2,1,0,0,0,0,0,0,0,0,0,0
2002,60479,1,1,0,0,0,13,0,0,0,0,0,0
2002,60479,2,1,0,0,0,0,0,0,0,0,0,0
2002,60479,3,1,0,0,0,0,0,0,0,0,0,0
2002,60480,1,1,0,0,0,0,0,0,0,0,0,0
2002,60480,2,1,0,0,0,0,0,0,0,0,0,0
2002,60481,1,1,0,0,0,0,0,0,0,0,0,0
2002,60481,2,1,0,0,0,0,0,0,0,0,0,0
2002,60481,3,1,0,0,0,0,9,0,0,0,0,0
2002,60481,4,1,0,0,0,0,0,0,0,0,0,0
2002,60482,1,1,16,16,16,16,16,16,16,16,16,16
2002,60482,2,1,0,0,0,0,0,0,0,0,0,0
2002,60482,3,1,11,0,0,0,0,0,26,0,0,17
2002,60483,1,1,24,24,24,24,24,24,24,24,24,24
2002,60484,0,1,0,0,0,0,0,0,0,0,0,0
2002,60484,1,1,0,0,0,0,0,0,0,0,0,0
2002,60485,1,1,0,0,0,0,0,0,0,0,0,0
2002,60486,1,1,0,0,0,0,22,4,0,0,0,0
2002,60487,1,1,0,0,0,0,0,0,0,0,0,0
2002,60488,0,1,0,0,0,0,0,0,0,0,0,0
2002,60488,1,1,1,1,1,1,1,1,1,1,1,1
2002,60489,0,1,17,17,17,17,17,17,17,17,17,17
2002,60489,1,1,0,0,0,0,0,0,0,0,0,0
2002,60490,1,1,15,15,15,15,15,15,15,15,15,15
2002,60491,0,1,29,29,29,29,29,29,29,29,29,29
2002,60491,1,1,0,0,0,0,0,0,0,0,0,0
2002,60492,1,1,25,25,25,25,25,25,25,25,25,25
2002,60493,1,1,0,0,0,0,0,0,0,0,0,0
2002,60494,1,1,3,3,3,3,3,3,3,3,3,3
2002,60495,1,1,13,13,13,13,13,13,13,13,13,13
2002,60496,1,1,0,0,0,0,0,0,0,0,0,0
2002,60497,1,1,13,27,40,27,0,15,32,28,20,0
2002,60498,1,1,0,0,0,0,0,0,0,0,0,0
2002,60498,2,1,0,0,0,0,0,0,0,0,0,0
2002,60499,0,1,9,9,9,9,9,9,9,9,9,9
2002,60499,1,1,0,0,0,0,0,0,0,0,0,0
2002,60500,1,1,18,18,18,18,18,18,18,18,18,18
2002,60501,0,1,20,20,20,20,20,20,20,20,20,20
2002,60501,1,1,0,0,0,0,0,0,0,0,0,0
2002,60502,1,1,0,0,0,0,0,0,0,0,0,0
2002,60503,0,1,34,34,34,34,34,34,34,34,34,34
2002,60503,1,1,1,1,1,1,1,1,1,1,1,1
2002,60504,1,1,0,0,0,0,0,0,0,0,0,0
2002,60504,2,1,0,0,0,0,0,0,0,0,0,0
2002,60505,0,1,0,0,0,0,0,0,0,0,0,0
2002,60505,1,1,0,0,0,18,0,0,0,0,0,0
2002,60506,1,1,0,0,0,0,0,0,0,0,0,0
2002,60507,1,1,9,9,9,9,9,9,9,9,9,9
2002,60508,1,1,13,13,13,13,13,13,13,13,13,13
2002,60509,0,1,0,0,0,0,0,0,0,0,0,0
2002,60509,1,1,0,0,0,0,0,0,0,0,0,0
2002,60509,2,1,0,22,0,11,0,0,0,0,0,0
2002,60510,0,1,0,0,0,0,0,0,0,0,0,0
2002,60510,1,1,0,0,0,0,0,0,0,0,0,0
2002,60511,0,1,2,2,2,2,2,2,2,2,2,2
2002,60511,0,2,0,0,0,13,0,0,0,0,0,0
2002,60511,0,3,22,0,15,0,0,0,0,0,0,0
2002,60511,1,1,0,0,0,0,0,0,0,0,0,0
2002,60512,1,1,0,0,0,0,0,0,0,0,0,0
2002,60512,2,1,0,0,0,0,0,0,0,0,0,0
2002,60513,0,1,0,0,0,0,0,0,0,0,0,0
2002,60513,1,1,0,0,0,0,0,0,0,0,0,0
2002,60514,1,1,0,0,0,0,0,0,0,0,0,0
2002,60515,0,1,15,15,15,15,15,15,15,15,15,15
2002,60515,1,1,0,0,0,0,0,0,0,0,0,0
2002,60516,1,1,0,0,0,0,0,0,0,0,0,0
2002,60516,2,1,0,0,0,0,0,0,0,0,0,0
2002,60517,1,1,0,0,0,0,0,0,0,0,0,0
2002,60517,2,1,0,0,0,0,0,0,0,0,0,0
2002,60518,1,1,0,0,0,0,0,0,0,0,0,0
2002,60519,1,1,23,23,23,23,23,23,23,23,23,23
2002,60519,2,1,0,0,0,0,0,0,0,0,0,0
2002,60520,1,1,0,0,0,0,0,0,0,0,0,0
2002,60520,2,1,0,0,0,0,0,0,0,0,0,0
2002,60521,1,1,24,24,24,24,24,24,24,24,24,24
2002,60522,0,1,0,0,0,0,0,0,0,0,0,0
2002,60522,1,1,0,0,0,0,0,0,0,0,0,0
2002,60523,1,1,14,14,14,14,14,14,14,14,14,14
2002,60524,0,1,0,0,0,0,0,0,0,0,0,0
2002,60524,1,1,0,0,0,0,0,0,0,0,0,0
2002,60525,0,1,22,22,22,22,22,22,22,22,22,22
2002,60525,1,1,0,0,0,0,0,0,0,0,0,0
2002,60526,1,1,10,0,0,0,11,0,0,0,0,0
2002,60526,2,1,0,0,0,0,0,0,0,0,0,0
2002,60527,0,1,0,0,20,32,26,0,0,16,0,0
2002,60527,0,2,29,0,13,0,0,0,0,16,0,26
2002,60527,1,1,0,0,0,0,0,0,0,0,0,0
2002,60527,2,1,0,0,0,0,0,0,0,0,0,0
2002,60528,1,1,0,0,0,0,0,0,0,0,0,0
2002,60529,1,1,0,0,0,0,0,0,0,0,0,0
2002,60529,2,1,0,0,0,0,0,0,0,0,0,0
2002,60530,1,1,0,0,0,0,0,0,0,0,0,0
2002,60530,2,1,0,0,0,0,0,0,0,0,0,0
2002,60531,1,1,0,0,0,0,0,0,0,0,0,0