YEAR,ST_CASE,veh_no,per_no,P1,P2,P3,P4,P5,P6,P7,P8,P9,P10
2002,60851,1,1,0,0,0,0,0,0,0,0,0,0
2002,60852,1,1,0,0,0,0,0,0,0,0,0,0
2002,60853,1,1,19,19,19,19,19,19,19,19,19,19
2002,60853,2,1,0,0,0,0,0,0,0,0,0,0
2002,60854,1,1,26,26,26,26,26,26,26,26,26,26
2002,60855,1,1,0,0,0,0,0,0,0,0,0,0
2002,60856,1,1,0,0,36,32,0,17,0,0,0,15
2002,60857,1,1,8,8,8,8,8,8,8,8,8,8
2002,60858,1,1,0,0,0,0,0,10,0,0,25,0
2002,60859,1,1,0,0,0,0,0,0,0,0,0,0
2002,60860,1,1,0,0,0,0,0,0,0,0,0,0
2002,60861,0,1,0,0,0,0,0,0,0,0,0,0
2002,60861,1,1,0,0,0,0,0,0,0,0,0,0
2002,60862,1,1,13,13,13,13,13,13,13,13,13,13
2002,60863,0,1,19,19,19,19,19,19,19,19,19,19
2002,60863,1,1,0,0,0,0,0,0,0,0,0,0
2002,60864,1,1,0,0,0,0,0,0,0,0,0,0
2002,60865,0,1,32,32,32,32,32,32,32,32,32,32
2002,60865,0,2,18,18,18,18,18,18,18,18,18,18
2002,60865,1,1,15,15,15,15,15,15,15,15,15,15
2002,60866,0,1,16,16,16,16,16,16,16,16,16,16
2002,60866,1,1,0,0,0,0,0,0,0,0,0,0
2002,60867,0,1,0,0,0,0,0,0,0,0,0,0
2002,60867,1,1,0,0,0,0,0,0,0,0,0,0
2002,60868,1,1,0,0,0,0,0,0,0,0,0,0
2002,60869,0,1,0,0,0,0,0,0,0,0,0,0
2002,60869,1,1,0,0,0,0,0,0,0,0,0,0
2002,60870,0,1,32,32,32,32,32,32,32,32,32,32
2002,60870,1,1,0,0,0,0,0,0,0,0,0,0
2002,60871,0,1,0,0,0,0,0,0,0,0,0,0
2002,60871,0,2,0,0,0,0,0,0,0,0,0,0
2002,60871,1,1,0,0,0,0,26,0,0,0,0,0
2002,60872,0,1,0,0,0,0,0,0,0,0,0,0
2002,60872,1,1,0,0,0,0,0,0,0,0,0,0
2002,60873,1,1,0,0,0,0,0,3,0,22,0,20
2002,60873,2,1,0,0,0,0,0,0,0,0,0,0
2002,60874,1,1,0,0,0,0,0,0,0,0,0,0
2002,60875,1,1,20,20,20,20,20,20,20,20,20,20
2002,60876,1,1,0,0,0,0,0,0,0,0,0,0
2002,60877,1,1,14,14,14,14,14,14,14,14,14,14
2002,60878,1,1,30,30,30,30,30,30,30,30,30,30
2002,60879,1,1,31,31,31,31,31,31,31,31,31,31
2002,60880,0,1,0,0,0,0,0,0,0,0,0,0
2002,60880,1,1,0,0,0,0,0,0,0,0,0,0
2002,60881,0,1,27,27,27,27,27,27,27,27,27,27
2002,60881,1,1,0,0,0,0,0,0,0,0,0,0
2002,60882,1,1,36,15,9,36,33,11,39,12,16,55
2002,60883,1,1,0,0,0,0,0,0,0,0,0,0
2002,60884,1,1,0,0,3,0,0,0,0,0,6,10
2002,60885,1,1,0,0,0,0,0,0,0,0,0,0
2002,60886,1,1,0,0,0,0,0,0,0,0,0,0
2002,60887,1,1,0,0,0,0,0,0,0,0,0,0
2002,60888,1,1,0,0,0,0,0,0,13,0,0,0
2002,60889,1,1,0,0,0,0,0,0,0,0,0,0
2002,60890,1,1,0,0,0,0,0,0,0,0,0,0
2002,60891,1,1,7,7,7,7,7,7,7,7,7,7
2002,60892,1,1,0,0,0,0,0,0,0,0,0,0
2002,60893,1,1,15,15,15,15,15,15,15,15,15,15
2002,60894,1,1,0,0,0,0,0,0,0,0,0,0
2002,60895,1,1,0,0,0,0,0,0,0,0,0,0
2002,60896,1,1,24,24,24,24,24,24,24,24,24,24
2002,60897,1,1,2,2,2,2,2,2,2,2,2,2
2002,60898,1,1,0,0,0,0,0,0,0,0,0,0
2002,60899,1,1,15,15,15,15,15,15,15,15,15,15
2002,60900,1,1,0,0,0,0,0,0,0,0,0,0
2002,60901,1,1,7,7,7,7,7,7,7,7,7,7
2002,60902,0,1,0,0,0,0,0,0,0,0,0,0
2002,60902,1,1,0,0,0,0,0,0,0,0,0,0
2002,60903,1,1,11,11,11,11,11,11,11,11,11,11
2002,60904,0,1,0,0,0,0,0,0,0,0,0,0
2002,60904,1,1,0,0,0,0,0,0,0,0,0,0
2002,60905,1,1,30,30,30,30,30,30,30,30,30,30
2002,60906,0,1,0,0,0,0,0,0,0,0,0,0
2002,60906,1,1,0,0,0,0,0,0,0,0,11,0
2002,60907,0,1,26,26,26,26,26,26,26,26,26,26
2002,60907,1,1,16,7,22,24,12,0,0,3,11,34
2002,60908,1,1,0,0,0,0,0,0,0,0,0,0
2002,60909,1,1,0,0,0,0,0,0,0,0,0,0
2002,60910,1,1,7,7,7,7,7,7,7,7,7,7
2002,60911,1,1,19,19,19,19,19,19,19,19,19,19
2002,60912,1,1,0,0,0,0,0,0,0,0,0,0
2002,60913,1,1,0,0,0,0,0,0,0,0,6,0
2002,60914,1,1,6,6,6,6,6,6,6,6,6,6
2002,60915,1,1,3,3,3,3,3,3,3,3,3,3
2002,60916,1,1,0,0,0,0,0,0,0,0,0,0
2002,60917,0,1,0,0,0,0,0,0,0,0,0,0
2002,60917,1,1,0,0,0,0,0,0,0,0,0,0
2002,60918,0,1,19,22,0,0,0,14,15,0,30,12
2002,60918,1,1,0,0,0,0,0,0,0,0,0,0
2002,60919,0,1,6,6,6,6,6,6,6,6,6,6
2002,60919,1,1,0,0,0,0,0,0,0,0,0,0
2002,60920,0,1,9,9,9,9,9,9,9,9,9,9
2002,60920,1,1,0,0,0,0,0,0,0,0,0,0
2002,60921,1,1,0,0,0,0,0,0,0,0,0,0
2002,60922,1,1,5,0,0,0,9,0,10,0,0,0
2002,60923,1,1,0,0,0,0,0,0,0,0,0,0
2002,60924,1,1,0,0,0,0,0,0,0,0,0,0
2002,60925,0,1,0,0,0,0,0,0,0,0,0,0
2002,60925,1,1,0,0,0,0,0,0,0,0,0,0
2002,60926,0,1,0,18,0,3,18,24,28,28,27,8
2002,60926,1,1,0,0,0,0,0,0,0,21,0,15
2002,60927,1,1,18,18,18,18,18,18,18,18,18,18
2002,60928,1,1,6,0,12,3,0,10,0,0,22,0
2002,60928,2,1,0,0,0,0,0,0,7,0,0,0
2002,60929,1,1,0,0,0,0,0,0,0,0,0,0
2002,60930,0,1,0,0,0,0,0,0,0,0,0,0
2002,60930,1,1,0,0,0,0,0,0,0,0,0,0
2002,60931,0,1,17,17,17,17,17,17,17,17,17,17
2002,60931,1,1,0,0,0,0,0,0,0,0,0,0
2002,60932,1,1,2,2,2,2,2,2,2,2,2,2
2002,60933,1,1,0,0,0,0,0,0,16,0,0,0
2002,60934,0,1,0,0,0,0,0,0,0,0,0,0
2002,60934,1,1,0,0,0,0,0,0,0,0,0,0
2002,60935,1,1,0,0,0,0,0,0,0,0,0,0
2002,60935,2,1,0,0,0,0,0,0,0,0,0,0
2002,60936,1,1,0,0,0,0,0,0,0,0,0,0
2002,60936,2,1,0,0,0,0,0,0,0,0,0,0
2002,60937,0,1,5,5,5,5,5,5,5,5,5,5
2002,60937,1,1,0,0,0,0,0,0,0,0,0,0
2002,60938,1,1,0,0,0,0,0,0,0,0,0,0
2002,60939,1,1,0,0,0,0,0,0,0,0,0,0
2002,60940,0,1,0,0,0,0,0,0,0,0,0,0
2002,60940,1,1,0,0,0,0,0,0,0,0,0,0
2002,60941,0,1,0,0,0,0,0,0,0,0,0,0
2002,60941,1,1,0,0,22,13,28,0,12,2,0,5
2002,60942,1,1,20,20,20,20,20,20,20,20,20,20
2002,60943,0,1,0,0,14,0,11,23,0,0,0,0
2002,60943,1,1,0,0,0,0,0,0,5,0,0,0
2002,60944,1,1,24,24,24,24,24,24,24,24,24,24
2002,60945,1,1,0,0,0,0,0,0,0,0,0,0
2002,60945,2,1,0,0,0,0,0,0,0,0,0,0
2002,60946,1,1,0,0,0,0,0,0,0,0,0,0
2002,60947,1,1,0,0,0,0,0,0,0,0,0,0
2002,60948,1,1,0,0,0,0,0,0,0,0,0,0
2002,60949,0,1,21,21,21,21,21,21,21,21,21,21
2002,60949,1,1,0,0,0,0,0,0,0,0,0,0
2002,60950,0,1,0,0,0,0,0,0,0,0,0,0
2002,60950,1,1,0,0,0,0,11,0,15,0,0,0
2002,60951,1,1,0,0,6,0,0,0,0,0,0,0
2002,60952,1,1,16,16,16,16,16,16,16,16,16,16
2002,60953,1,1,0,10,0,0,0,0,0,32,19,0
2002,60954,0,1,0,0,0,0,0,0,0,0,0,0
2002,60954,1,1,0,0,0,0,0,0,0,0,0,0
2002,60955,0,1,29,0,6,0,0,0,0,0,0,0
2002,60955,1,1,0,0,7,0,0,0,0,0,0,0
2002,60956,0,1,16,16,16,16,16,16,16,16,16,16
2002,60956,1,1,0,0,0,0,0,0,0,0,0,0
2002,60957,1,1,19,19,19,19,19,19,19,19,19,19
2002,60958,1,1,0,0,0,0,0,0,0,0,0,0
2002,60958,2,1,0,0,0,0,0,0,0,0,0,0
2002,60958,3,1,0,0,0,0,8,0,0,0,0,0
2002,60959,0,1,6,30,11,21,36,11,22,21,18,19
2002,60959,1,1,0,0,0,0,0,0,0,0,0,0
2002,60960,0,1,0,0,0,0,0,0,0,0,0,0
2002,60960,1,1,0,0,0,0,0,0,0,0,0,0
2002,60961,1,1,14,14,14,14,14,14,14,14,14,14
2002,60962,1,1,0,0,0,0,0,0,0,0,0,0
2002,60963,1,1,0,0,0,0,0,0,0,0,0,0
2002,60964,1,1,0,0,0,0,0,0,0,0,0,0
2002,60965,1,1,0,0,0,0,0,0,0,15,0,0
2002,60966,1,1,0,0,0,0,0,0,0,0,0,0
2002,60967,1,1,10,10,10,10,10,10,10,10,10,10
2002,60967,2,1,0,0,0,0,0,0,0,0,0,0
2002,60968,1,1,24,24,24,24,24,24,24,24,24,24
2002,60968,2,1,0,0,0,0,0,0,0,0,0,0
2002,60969,0,1,7,7,7,7,7,7,7,7,7,7
2002,60969,1,1,0,0,0,0,0,0,0,0,0,0
2002,60970,1,1,0,0,0,0,0,0,0,0,0,0
2002,60970,2,1,0,0,0,0,0,0,0,0,0,0
2002,60971,1,1,0,0,0,0,0,0,0,0,0,0
2002,60972,1,1,0,0,0,0,0,0,0,0,0,0
2002,60973,1,1,39,39,39,39,39,39,39,39,39,39
2002,60974,1,1,0,0,0,0,0,0,0,0,0,0
2002,60975,1,1,10,0,9,0,27,0,0,11,0,5
2002,60976,0,1,26,26,26,26,26,26,26,26,26,26
2002,60976,1,1,0,10,14,18,15,4,7,12,0,5
2002,60977,1,1,0,0,0,0,0,0,0,0,0,0
2002,60978,0,1,14,0,40,30,28,0,21,0,19,31
2002,60978,1,1,0,0,0,0,0,0,7,0,0,0
2002,60979,0,1,0,0,0,0,0,0,0,0,0,0
2002,60979,1,1,0,0,0,0,0,0,0,0,0,0
2002,60980,0,1,0,0,0,0,0,0,0,0,0,0
2002,60980,1,1,0,0,0,0,0,0,0,0,0,0
2002,60981,0,1,0,0,0,0,0,0,0,0,0,0
2002,60981,1,1,0,0,0,0,0,0,0,0,0,0
2002,60982,0,1,27,38,43,0,28,26,27,13,13,21
2002,60982,1,1,0,0,0,0,0,0,0,0,0,0
2002,60983,1,1,0,0,0,0,0,0,0,13,0,0
2002,60984,1,1,0,0,0,0,0,0,0,0,0,0
2002,60985,1,1,0,0,0,0,0,0,0,0,0,0
2002,60986,1,1,0,0,0,0,0,0,0,0,0,0
2002,60986,2,1,0,0,8,0,0,0,0,0,0,0
2002,60987,0,1,0,0,0,0,0,0,0,0,0,0
2002,60987,1,1,0,7,0,0,0,0,0,0,0,0
2002,60987,2,1,3,0,0,0,0,17,12,0,0,0
2002,60988,1,1,0,0,0,0,0,0,0,0,0,0
2002,60988,2,1,0,0,0,0,0,0,0,0,0,0
2002,60989,1,1,0,0,0,0,0,0,0,0,0,0
2002,60989,2,1,0,0,0,0,0,0,9,0,0,0
2002,60989,3,1,0,0,0,21,0,0,0,0,0,0
2002,60989,4,1,0,0,10,0,0,0,0,0,0,0
2002,60990,1,1,0,0,0,0,0,0,0,0,0,0
2002,60990,2,1,0,0,0,0,0,0,0,0,0,0
2002,60991,1,1,0,0,0,0,0,0,0,0,0,0
2002,60991,2,1,0,0,0,0,0,0,0,0,0,0
2002,60992,1,1,0,17,0,0,0,0,0,0,0,0
2002,60992,2,1,0,0,0,0,0,0,0,0,0,0
2002,60993,1,1,0,0,0,0,0,0,0,0,0,0
2002,60993,2,1,0,0,0,0,0,0,0,0,0,0
2002,60993,3,1,0,0,0,0,0,0,0,0,0,0
2002,60994,1,1,0,0,0,0,0,0,0,0,0,0
2002,60994,2,1,0,0,0,0,0,0,0,0,0,0
2002,60994,3,1,0,0,0,0,0,0,0,0,0,0
2002,60995,1,1,17,17,17,17,17,17,17,17,17,17
2002,60995,2,1,0,0,0,0,11,0,0,0,0,0
2002,60995,3,1,10,0,7,26,12,17,15,0,0,24
2002,60996,1,1,6,6,6,6,6,6,6,6,6,6
2002,60996,2,1,0,0,0,0,0,0,0,0,0,0
2002,60997,1,1,0,0,0,0,0,0,0,0,0,0
2002,60997,2,1,0,0,0,0,0,0,0,0,0,0
2002,60998,1,1,15,15,15,15,15,15,15,15,15,15
2002,60998,2,1,0,0,0,0,0,0,0,0,0,0
2002,60999,1,1,0,0,0,0,0,0,0,0,0,0
2002,61000,1,1,0,0,0,0,0,0,0,0,0,0
2002,61001,1,1,30,30,30,30,30,30,30,30,30,30
2002,61002,1,1,17,17,17,17,17,17,17,17,17,17
2002,61003,1,1,0,0,0,0,0,0,9,0,0,0
2002,61004,1,1,0,0,0,0,0,0,0,0,0,0
2002,61005,1,1,10,10,10,10,10,10,10,10,10,10
2002,61005,2,1,4,0,19,0,0,0,0,0,0,0
2002,61006,0,1,0,0,0,0,0,0,0,0,0,0
2002,61006,1,1,26,0,0,0,0,0,0,0,0,0
2002,61007,1,1,36,36,36,36,36,36,36,36,36,36
2002,61008,1,1,0,0,0,0,0,0,0,0,0,0
2002,61008,2,1,0,0,0,0,0,0,0,0,0,0
2002,61009,1,1,18,18,18,18,18,18,18,18,18,18
2002,61010,1,1,0,0,0,11,0,8,0,0,0,0
2002,61011,1,1,0,0,0,0,0,0,0,0,0,0
2002,61012,1,1,7,7,7,7,7,7,7,7,7,7
2002,61013,1,1,0,0,0,0,0,0,0,0,0,0
2002,61014,1,1,0,0,0,0,0,0,0,0,0,0
2002,61015,0,1,15,15,15,15,15,15,15,15,15,15
2002,61015,1,1,12,25,8,8,19,11,11,5,22,4
2002,61016,1,1,15,15,15,15,15,15,15,15,15,15
2002,61017,1,1,16,16,16,16,16,16,16,16,16,16
2002,61018,1,1,0,0,0,0,0,0,0,0,0,0
2002,61019,1,1,0,25,16,25,9,0,0,5,0,14
2002,61020,1,1,0,0,0,0,0,0,0,0,0,0
2002,61020,2,1,0,0,0,0,0,0,0,0,0,0
2002,61020,3,1,0,0,0,0,0,0,0,0,0,0
2002,61021,1,1,0,0,0,0,0,0,0,0,0,0
2002,61021,2,1,0,0,0,0,0,0,0,0,0,0
2002,61022,1,1,0,0,0,0,0,0,0,0,0,0
2002,61022,2,1,0,0,0,0,0,0,0,0,0,0
2002,61023,1,1,17,17,17,17,17,17,17,17,17,17
2002,61024,0,1,0,0,0,0,0,0,0,0,0,0
2002,61024,1,1,8,8,8,8,8,8,8,8,8,8
2002,61025,0,1,15,15,15,15,15,15,15,15,15,15
2002,61025,1,1,0,12,26,12,12,14,29,10,30,13
2002,61026,1,1,0,0,0,0,0,0,0,0,0,0
2002,61027,1,1,0,0,0,0,0,0,0,0,0,0
2002,61028,1,1,0,0,0,0,0,0,0,0,0,0
2002,61029,1,1,16,16,16,16,16,16,16,16,16,16
2002,61030,1,1,8,8,8,8,8,8,8,8,8,8
2002,61031,1,1,0,14,0,20,0,26,17,0,29,10
2002,61032,0,1,26,26,26,26,26,26,26,26,26,26
2002,61032,1,1,0,0,0,0,0,0,0,0,0,0
2002,61033,0,1,0,0,0,0,0,0,0,0,0,0
2002,61033,0,2,18,0,17,0,0,0,0,0,20,0
2002,61033,1,1,0,0,0,0,0,0,0,0,0,0
2002,61034,1,1,0,0,0,0,0,0,0,0,0,0
2002,61034,2,1,0,0,0,0,0,0,0,0,0,0
2002,61035,1,1,0,0,0,0,0,0,0,0,0,0
2002,61035,2,1,0,0,0,0,0,0,0,0,0,0
2002,61036,0,1,12,12,12,12,12,12,12,12,12,12
2002,61036,1,1,0,0,11,0,0,10,0,0,0,0
2002,61037,1,1,0,0,0,0,0,0,0,0,0,0
2002,61038,1,1,26,26,26,26,26,26,26,26,26,26
2002,61039,0,1,0,0,0,0,0,0,0,0,0,0
2002,61039,1,1,0,0,0,0,0,0,0,0,0,0
2002,61040,1,1,0,0,0,0,0,0,0,0,0,0
2002,61040,2,1,8,16,0,0,0,0,0,38,0,0
2002,61041,1,1,0,0,0,0,0,0,0,0,0,0
2002,61041,2,1,0,0,0,0,0,0,7,0,0,14
2002,61042,1,1,5,5,5,5,5,5,5,5,5,5
2002,61042,2,1,0,0,0,0,0,0,0,0,0,0
2002,61043,1,1,7,7,7,7,7,7,7,7,7,7
2002,61043,2,1,0,25,0,0,0,0,14,0,0,0
2002,61044,1,1,0,0,0,0,0,0,0,0,0,0
2002,61044,2,1,0,0,0,0,0,0,0,0,0,0
2002,61045,1,1,19,19,19,19,19,19,19,19,19,19
2002,61045,2,1,0,0,0,0,0,0,0,0,0,0
2002,61046,1,1,0,0,0,0,0,0,0,0,0,0
2002,61046,2,1,0,0,0,0,0,0,0,0,0,0
2002,61047,0,1,0,0,0,0,0,0,0,0,0,0
2002,61047,1,1,0,0,0,0,0,0,0,0,0,0
2002,61048,0,1,0,0,0,0,0,0,0,0,0,0
2002,61048,1,1,0,0,0,0,0,0,0,0,0,0
2002,61049,0,1,0,0,0,0,0,0,0,0,0,0
2002,61049,1,1,0,0,0,2,0,0,0,0,0,0
2002,61050,1,1,0,0,0,0,0,0,0,0,0,0
2002,61051,1,1,26,26,26,26,26,26,26,26,26,26
2002,61051,2,1,0,0,0,0,0,0,0,0,0,0
2002,61052,0,1,34,34,34,34,34,34,34,34,34,34
2002,61052,1,1,0,0,0,0,17,0,0,0,0,17
2002,61052,2,1,17,0,0,0,0,0,0,0,0,9
2002,61053,1,1,0,0,0,0,0,0,0,0,0,0
2002,61053,2,1,0,0,0,0,0,0,0,0,0,0
2002,61054,1,1,0,0,0,0,0,0,0,0,0,0
2002,61054,2,1,0,0,0,0,0,0,0,0,0,0
2002,61055,1,1,5,5,5,5,5,5,5,5,5,5
2002,61056,0,1,0,0,0,0,0,0,0,0,0,0
2002,61056,1,1,0,0,4,0,0,0,0,0,19,0
2002,61057,1,1,0,0,0,0,0,0,0,0,0,0
2002,61057,2,1,0,0,0,0,0,0,0,0,0,0
2002,61057,3,1,0,0,0,0,0,0,0,0,0,0
2002,61058,1,1,14,14,14,14,14,14,14,14,14,14
2002,61058,2,1,0,0,0,0,0,0,0,0,0,0
2002,61059,1,1,0,0,0,0,0,0,0,0,0,0
2002,61059,2,1,5,0,0,0,0,0,0,0,0,0
2002,61060,1,1,0,0,0,0,0,0,0,0,0,0
2002,61060,2,1,0,0,0,0,0,0,0,0,0,0
2002,61061,1,1,10,10,10,10,10,10,10,10,10,10
2002,61061,2,1,0,0,0,0,20,0,0,0,0,0
2002,61062,1,1,0,0,0,0,0,0,0,0,0,0
2002,61062,2,1,0,0,0,0,0,0,0,0,0,0
2002,61063,1,1,0,0,0,0,0,0,0,0,0,0
2002,61063,2,1,0,0,0,0,0,0,0,0,0,0
2002,61064,1,1,0,0,0,0,0,0,0,0,0,0
2002,61064,2,1,0,0,0,0,0,0,0,0,0,0
2002,61065,1,1,0,0,0,0,0,0,0,0,0,0
2002,61066,1,1,20,20,20,20,20,20,20,20,20,20
2002,61067,1,1,26,26,26,26,26,26,26,26,26,26
2002,61068,1,1,22,22,22,22,22,22,22,22,22,22
2002,61069,1,1,0,0,0,0,0,0,0,0,0,0
2002,61069,2,1,0,0,0,0,0,0,0,0,0,0
2002,61069,3,1,0,4,0,0,0,0,0,0,0,0
2002,61070,0,1,0,0,0,0,0,0,0,0,0,0
2002,61070,0,2,0,0,0,0,0,0,0,0,0,0
2002,61070,0,3,0,16,22,0,12,14,20,5,31,0
2002,61070,0,4,29,0,17,14,13,0,0,0,0,0
2002,61070,0,5,0,41,0,15,0,22,0,0,0,0
2002,61070,0,6,0,0,11,0,0,0,0,9,0,0
2002,61070,1,1,0,0,0,0,0,0,0,0,9,0
2002,61070,2,1,8,8,8,8,8,8,8,8,8,8
2002,61071,0,1,9,9,9,9,9,9,9,9,9,9
2002,61071,1,1,0,0,0,0,0,0,0,0,0,0
2002,61072,1,1,0,0,0,0,0,0,0,0,0,0
2002,61072,2,1,0,0,0,0,0,0,0,0,0,0
2002,61073,1,1,0,0,0,0,0,0,0,0,0,0
2002,61074,1,1,0,0,0,0,0,0,0,0,0,0
2002,61075,1,1,5,5,5,5,5,5,5,5,5,5
2002,61075,2,1,0,0,0,0,0,0,0,0,0,0
2002,61076,1,1,0,0,0,0,0,0,0,0,0,0
2002,61076,2,1,0,0,0,0,0,0,0,0,0,0
2002,61077,1,1,0,0,0,0,0,0,0,0,0,0
2002,61078,1,1,8,15,0,0,14,0,8,0,27,19
2002,61078,2,1,7,0,0,0,0,0,0,0,0,0
2002,61079,1,1,0,0,0,0,0,0,0,0,0,0
2002,61080,1,1,19,19,19,19,19,19,19,19,19,19
2002,61081,1,1,0,0,0,0,0,0,0,0,0,0
2002,61082,1,1,0,0,0,0,0,0,0,0,0,0
2002,61083,1,1,29,29,29,29,29,29,29,29,29,29
2002,61084,1,1,21,21,21,21,21,21,21,21,21,21
2002,61085,1,1,0,0,0,0,0,0,0,0,0,0
2002,61085,2,1,0,0,0,0,0,0,0,0,0,0
2002,61086,1,1,0,0,0,0,0,0,0,0,0,0
2002,61086,2,1,0,12,0,0,0,0,0,0,0,0
2002,61087,1,1,18,18,18,18,18,18,18,18,18,18
2002,61087,2,1,0,0,0,0,0,0,0,0,0,0
2002,61088,1,1,0,0,0,0,0,0,20,0,0,0
2002,61088,2,1,0,0,0,0,0,0,0,0,0,0
2002,61088,3,1,0,0,0,0,0,0,0,0,0,0
2002,61089,1,1,0,0,0,0,0,0,0,0,0,0
2002,61089,2,1,0,0,0,0,0,0,0,0,0,0
2002,61090,1,1,0,0,0,0,0,0,0,0,0,0
2002,61090,2,1,0,0,0,0,0,0,0,0,0,0
2002,61091,1,1,7,7,7,7,7,7,7,7,7,7
2002,61091,2,1,8,8,8,8,8,8,8,8,8,8
2002,61092,1,1,0,0,0,0,0,0,0,0,0,0
2002,61092,2,1,0,0,0,0,0,0,0,0,0,0
2002,61093,1,1,24,24,24,24,24,24,24,24,24,24
2002,61093,2,1,7,7,7,7,7,7,7,7,7,7
2002,61093,3,1,0,0,0,0,0,0,0,0,0,0
2002,61094,1,1,0,0,0,0,0,0,0,0,0,0
2002,61094,2,1,0,0,0,0,0,0,0,0,0,0
2002,61095,1,1,0,0,0,0,0,0,0,0,0,0
2002,61095,2,1,0,16,0,0,0,0,0,0,0,0
2002,61095,3,1,0,0,0,0,0,0,0,0,0,0
2002,61096,1,1,0,0,0,17,0,0,0,0,0,0
2002,61096,2,1,0,0,0,0,0,0,0,0,0,0
2002,61096,3,1,0,0,0,0,0,0,0,0,0,0
2002,61097,1,1,0,0,0,0,0,0,0,0,0,0
2002,61097,2,1,0,0,0,0,0,0,0,0,0,0
2002,61097,3,1,0,0,0,0,0,0,0,0,0,0
2002,61098,1,1,0,0,0,0,0,0,0,0,0,0
2002,61098,2,1,0,0,0,0,0,0,0,0,0,0
2002,61099,1,1,0,0,0,0,0,0,0,0,0,0
2002,61099,2,1,0,0,0,0,0,0,0,0,0,0
2002,61100,1,1,38,38,38,38,38,38,38,38,38,38
2002,61100,2,1,26,0,0,0,0,0,6,0,0,0
2002,61100,3,1,22,0,0,0,0,0,0,0,0,0
2002,61101,0,1,0,0,0,0,0,0,0,0,0,0
2002,61101,1,1,0,0,0,0,0,0,0,0,0,0
2002,61101,2,1,0,0,0,0,0,0,0,0,0,0
2002,61101,3,1,0,0,0,0,0,0,0,0,0,0
2002,61102,1,1,24,24,24,24,24,24,24,24,24,24
2002,61103,1,1,3,3,3,3,3,3,3,3,3,3
2002,61104,1,1,19,19,19,19,19,19,19,19,19,19
2002,61105,1,1,7,7,7,7,7,7,7,7,7,7
2002,61106,1,1,0,0,0,0,0,0,0,0,0,0
2002,61107,1,1,0,0,0,0,0,0,0,0,0,0
2002,61108,1,1,2,2,2,2,2,2,2,2,2,2
2002,61108,2,1,0,0,0,0,0,0,0,0,0,0
2002,61109,1,1,0,0,0,0,0,0,0,0,0,0
2002,61109,2,1,0,0,0,0,0,0,0,0,0,0
2002,61110,1,1,0,0,0,0,0,0,0,0,0,0
2002,61110,2,1,0,0,0,0,0,0,0,0,0,0
2002,61111,1,1,0,0,0,0,0,0,0,0,0,0
2002,61111,2,1,0,0,0,0,0,0,0,0,0,0
2002,61112,1,1,0,0,0,0,0,0,0,0,0,0
2002,61112,2,1,0,0,0,0,0,0,0,0,0,0
2002,61112,3,1,0,0,0,0,0,0,0,0,0,0
2002,61113,1,1,0,0,0,0,0,0,0,0,0,0
2002,61113,2,1,0,0,0,0,0,0,0,0,0,0
2002,61113,3,1,0,0,0,0,0,0,0,0,0,0
2002,61114,1,1,0,0,0,0,0,0,0,0,0,0
2002,61114,2,1,0,0,0,0,0,0,0,0,0,0
2002,61114,3,1,0,0,0,0,0,0,0,0,0,0
2002,61115,1,1,12,12,12,12,12,12,12,12,12,12
2002,61115,2,1,0,0,0,0,0,0,0,0,0,0
2002,61116,1,1,0,0,0,0,0,0,0,0,0,0
2002,61116,2,1,15,15,15,15,15,15,15,15,15,15
2002,61117,1,1,8,8,8,8,8,8,8,8,8,8
2002,61117,2,1,0,0,0,0,0,0,0,0,0,25
2002,61118,1,1,14,14,14,14,14,14,14,14,14,14
2002,61119,1,1,0,0,0,0,0,0,0,0,0,0
2002,61119,2,1,0,0,0,0,0,0,0,0,0,0
2002,61120,1,1,10,14,0,15,6,12,6,6,20,9
2002,61121,1,1,18,18,18,18,18,18,18,18,18,18
2002,61122,1,1,0,0,0,0,0,0,0,0,0,0
2002,61123,1,1,16,16,16,16,16,16,16,16,16,16
2002,61124,1,1,0,0,0,0,0,0,0,0,0,0
2002,61124,2,1,0,0,0,0,0,0,0,0,0,0
2002,61125,1,1,10,10,10,10,10,10,10,10,10,10
2002,61126,0,1,4,4,4,4,4,4,4,4,4,4
2002,61126,1,1,11,11,11,11,11,11,11,11,11,11
2002,61127,1,1,0,0,0,0,0,0,0,0,0,0
2002,61127,2,1,0,0,0,0,0,0,0,0,0,0
2002,61128,1,1,0,0,0,0,0,0,0,0,0,0
2002,61128,2,1,0,0,0,0,0,0,0,0,0,0
2002,61128,3,1,0,0,0,0,0,0,0,0,0,0
2002,61129,1,1,0,0,0,0,0,0,0,0,0,0
2002,61129,2,1,0,0,0,0,0,0,0,0,0,0
2002,61129,3,1,0,0,0,0,0,0,0,0,0,0
2002,61130,1,1,0,0,0,0,0,0,0,0,0,0
2002,61130,2,1,0,0,0,0,0,15,0,0,0,0
2002,61131,1,1,0,0,0,0,0,0,0,20,0,10