YEAR,ST_CASE,veh_no,per_no,P1,P2,P3,P4,P5,P6,P7,P8,P9,P10
2002,61131,2,1,19,19,19,19,19,19,19,19,19,19
2002,61132,1,1,0,0,0,0,0,0,0,0,0,0
2002,61132,2,1,0,0,0,0,0,0,0,0,0,0
2002,61133,1,1,0,0,0,0,0,0,0,0,0,0
2002,61133,2,1,0,0,0,0,0,0,0,0,0,0
2002,61134,1,1,0,0,0,0,0,0,0,0,0,0
2002,61134,2,1,0,0,0,0,0,0,0,0,0,0
2002,61135,1,1,0,0,0,0,0,0,0,0,0,0
2002,61135,2,1,0,0,0,0,0,0,0,0,0,0
2002,61135,3,1,0,0,0,0,0,0,0,0,0,0
2002,61136,1,1,14,14,14,14,14,14,14,14,14,14
2002,61136,2,1,0,0,0,0,0,0,0,0,0,0
2002,61137,1,1,8,8,8,8,8,8,8,8,8,8
2002,61137,2,1,0,0,0,0,0,0,0,0,0,0
2002,61138,1,1,0,0,0,0,0,0,0,0,0,0
2002,61138,2,1,0,0,0,0,0,0,0,0,0,0
2002,61139,1,1,0,0,0,0,0,0,0,0,0,0
2002,61139,2,1,0,0,0,0,0,0,0,0,0,0
2002,61139,3,1,0,0,0,0,0,8,0,0,0,0
2002,61139,4,1,0,0,0,0,0,0,0,0,0,0
2002,61139,5,1,0,21,0,0,0,0,0,0,0,0
2002,61140,1,1,0,0,0,0,0,0,0,0,0,0
2002,61140,2,1,0,15,29,0,0,0,0,0,0,0
2002,61141,1,1,0,0,0,0,0,0,0,0,0,0
2002,61141,2,1,0,0,0,0,0,0,0,0,0,0
2002,61142,1,1,0,0,0,0,0,0,0,0,0,0
2002,61142,2,1,0,0,0,0,0,0,0,0,0,0
2002,61143,1,1,0,0,0,0,19,0,0,28,0,0
2002,61144,0,1,0,0,0,0,0,0,0,0,0,0
2002,61144,1,1,31,0,0,0,0,0,0,0,0,7
2002,61145,1,1,0,0,0,0,0,0,0,0,0,0
2002,61145,2,1,0,0,0,0,0,0,0,0,0,0
2002,61146,1,1,0,0,0,0,0,0,0,0,0,0
2002,61146,2,1,0,0,11,31,7,0,0,0,0,0
2002,61147,1,1,0,0,0,0,0,0,0,0,0,0
2002,61147,2,1,0,0,0,0,0,0,0,0,0,0
2002,61148,0,1,0,0,0,0,0,0,0,0,0,0
2002,61148,1,1,0,0,0,0,0,0,0,0,0,0
2002,61149,1,1,0,0,0,0,0,0,0,0,0,0
2002,61149,2,1,0,0,0,0,0,0,16,0,0,0
2002,61150,1,1,0,0,0,0,0,0,0,0,0,0
2002,61151,1,1,0,0,0,0,0,0,0,0,0,0
2002,61152,1,1,18,18,18,18,18,18,18,18,18,18
2002,61153,1,1,0,0,0,0,0,0,0,0,0,0
2002,61153,2,1,0,0,0,0,0,0,0,0,0,0
2002,61154,0,1,0,0,0,0,0,0,0,0,0,0
2002,61154,1,1,0,0,0,0,0,0,0,0,0,0
2002,61155,1,1,0,0,0,0,0,0,0,0,0,0
2002,61155,2,1,0,0,0,0,0,0,0,0,0,0
2002,61156,1,1,0,0,0,0,0,0,0,0,0,0
2002,61156,2,1,0,0,0,0,0,0,0,0,0,0
2002,61157,0,1,0,0,0,0,0,0,0,0,0,0
2002,61157,1,1,0,0,0,0,0,0,0,0,0,0
2002,61157,2,1,18,0,0,14,13,0,15,0,9,5
2002,61158,1,1,13,13,13,13,13,13,13,13,13,13
2002,61158,2,1,0,0,0,0,0,0,0,0,0,0
2002,61158,3,1,0,10,0,0,0,0,0,0,0,0
2002,61159,1,1,0,0,0,0,0,0,0,0,0,0
2002,61159,2,1,0,0,0,0,0,0,0,0,0,0
2002,61159,3,1,0,0,0,0,0,0,0,0,0,0
2002,61160,1,1,0,0,0,0,0,0,0,0,0,0
2002,61160,2,1,0,0,0,6,0,0,0,0,0,0
2002,61161,1,1,15,15,15,15,15,15,15,15,15,15
2002,61161,2,1,0,0,0,9,0,0,0,0,0,0
2002,61162,1,1,5,0,0,0,26,0,0,0,0,0
2002,61163,1,1,0,0,0,0,0,0,0,0,0,0
2002,61163,2,1,0,0,0,0,0,0,0,0,0,0
2002,61164,1,1,0,0,24,0,0,0,0,0,10,0
2002,61165,1,1,37,37,37,37,37,37,37,37,37,37
2002,61166,1,1,0,0,0,0,0,0,0,0,0,0
2002,61167,0,1,20,20,20,20,20,20,20,20,20,20
2002,61167,0,2,26,26,26,26,26,26,26,26,26,26
2002,61167,1,1,0,0,0,0,0,0,0,0,0,0
2002,61168,1,1,0,0,0,0,0,0,0,0,0,0
2002,61168,2,1,0,0,0,0,0,0,0,0,0,0
2002,61169,1,1,0,0,0,0,0,0,0,0,0,0
2002,61169,2,1,0,0,0,0,0,0,0,0,0,0
2002,61169,3,1,0,0,0,0,0,0,0,0,0,0
2002,61170,1,1,0,0,0,0,0,0,0,0,0,0
2002,61170,2,1,0,0,0,0,0,0,0,0,0,0
2002,61170,3,1,0,0,0,0,0,0,0,0,0,0
2002,61171,1,1,0,0,0,0,0,0,0,0,0,0
2002,61171,2,1,0,0,0,0,0,0,0,0,0,0
2002,61171,3,1,0,0,0,0,0,0,28,0,0,0
2002,61171,4,1,0,0,0,0,0,0,0,0,31,0
2002,61172,1,1,9,9,9,9,9,9,9,9,9,9
2002,61172,2,1,0,0,0,0,0,0,0,0,0,0
2002,61172,3,1,0,0,0,0,0,0,0,0,0,0
2002,61173,1,1,18,18,18,18,18,18,18,18,18,18
2002,61173,2,1,0,0,0,0,0,0,0,0,0,0
2002,61174,1,1,0,0,0,0,0,0,0,0,0,0
2002,61175,1,1,0,0,0,0,0,0,0,0,0,0
2002,61175,2,1,0,0,0,0,0,0,0,0,0,0
2002,61176,1,1,0,0,0,0,0,0,0,0,0,0
2002,61176,2,1,0,0,0,0,0,0,0,0,0,0
2002,61177,1,1,0,0,0,0,0,0,0,0,0,0
2002,61177,2,1,0,0,0,0,0,0,0,0,0,0
2002,61178,1,1,0,0,0,0,0,0,0,0,0,0
2002,61178,2,1,0,0,0,0,0,0,0,0,0,0
2002,61179,1,1,0,0,0,0,0,0,0,0,0,0
2002,61180,1,1,0,0,0,0,0,0,0,0,0,0
2002,61181,1,1,0,0,0,0,0,0,0,0,0,0
2002,61182,1,1,0,0,0,0,0,0,0,0,0,0
2002,61182,2,1,0,0,0,0,0,0,0,0,0,0
2002,61183,1,1,0,0,0,0,0,0,0,0,0,0
2002,61183,2,1,0,0,0,0,0,0,0,0,0,0
2002,61183,3,1,0,0,0,0,0,0,0,0,0,0
2002,61184,1,1,0,0,0,0,0,0,0,0,0,0
2002,61184,2,1,0,0,0,0,0,0,12,0,0,0
2002,61185,1,1,0,0,0,0,36,0,17,15,0,0
2002,61185,2,1,0,0,0,0,0,0,0,0,0,0
2002,61186,1,1,0,0,0,0,17,0,0,0,0,12
2002,61186,2,1,0,0,0,0,0,0,0,0,0,0
2002,61186,3,1,0,0,0,0,0,0,0,0,0,0
2002,61187,0,1,0,0,0,0,0,0,0,0,0,0
2002,61187,1,1,0,22,21,0,0,37,0,0,0,0
2002,61188,1,1,0,0,0,0,0,0,0,0,0,0
2002,61188,2,1,0,0,0,0,0,0,0,0,0,0
2002,61188,3,1,0,0,0,0,0,0,0,0,0,0
2002,61189,1,1,8,8,8,8,8,8,8,8,8,8
2002,61189,2,1,0,0,0,0,0,0,0,0,0,0
2002,61190,0,1,18,18,18,18,18,18,18,18,18,18
2002,61190,1,1,0,0,0,0,0,0,0,0,0,0
2002,61191,1,1,26,26,26,26,26,26,26,26,26,26
2002,61191,2,1,0,0,0,0,0,0,0,0,0,0
2002,61192,1,1,0,0,0,0,0,0,0,0,0,0
2002,61192,2,1,0,0,0,0,0,0,0,0,0,0
2002,61192,3,1,0,0,0,0,0,0,0,0,0,0
2002,61193,1,1,0,0,0,0,0,0,0,0,0,0
2002,61193,2,1,0,0,0,0,0,0,0,10,0,0
2002,61194,1,1,0,0,0,0,0,0,0,0,0,0
2002,61194,2,1,0,0,0,0,0,0,0,0,0,0
2002,61195,0,1,0,0,0,0,15,12,0,0,0,7
2002,61195,1,1,0,0,0,0,0,0,0,0,0,0
2002,61196,1,1,0,0,0,0,0,0,0,0,0,0
2002,61196,2,1,0,0,0,0,0,0,0,0,0,0
2002,61197,1,1,0,0,0,0,0,0,0,0,0,0
2002,61197,2,1,4,4,4,4,4,4,4,4,4,4
2002,61198,1,1,29,29,29,29,29,29,29,29,29,29
2002,61198,2,1,0,0,0,0,0,0,0,0,0,0
2002,61199,1,1,0,0,0,0,0,0,0,0,0,0
2002,61199,2,1,0,0,0,0,0,0,0,0,0,0
2002,61200,1,1,0,0,0,0,0,0,0,0,0,0
2002,61201,1,1,0,0,0,0,0,0,0,0,0,0
2002,61201,2,1,0,0,0,0,0,0,0,0,2,0
2002,61202,1,1,0,0,0,0,0,0,0,0,0,0
2002,61203,1,1,20,0,21,32,0,0,0,0,0,0
2002,61204,0,1,0,0,0,0,0,0,0,0,0,0
2002,61204,1,1,11,0,0,0,0,0,0,0,0,0
2002,61205,1,1,12,7,0,0,10,2,26,0,7,8
2002,61206,1,1,0,0,0,0,0,0,0,0,0,0
2002,61207,1,1,0,0,0,0,0,0,0,0,0,0
2002,61208,1,1,0,0,0,0,0,0,0,0,0,0
2002,61208,2,1,0,0,0,0,0,0,0,0,0,0
2002,61209,1,1,0,0,0,0,0,0,0,0,0,0
2002,61209,2,1,0,0,0,0,0,0,0,0,0,0
2002,61210,1,1,0,0,0,0,0,0,0,0,0,0
2002,61210,2,1,0,0,0,0,0,13,0,0,0,0
2002,61211,1,1,18,0,0,0,0,0,0,0,0,0
2002,61211,2,1,0,0,0,0,0,0,0,0,0,0
2002,61212,1,1,0,0,0,0,0,0,0,0,0,0
2002,61212,2,1,0,0,0,0,0,0,0,0,0,0
2002,61213,1,1,0,0,0,0,0,0,0,0,0,0
2002,61213,2,1,0,0,0,0,0,0,0,8,0,0
2002,61214,1,1,0,0,0,0,0,0,0,0,0,0
2002,61215,1,1,19,19,19,19,19,19,19,19,19,19
2002,61216,1,1,0,0,0,0,0,0,0,0,0,0
2002,61216,2,1,0,0,0,0,0,0,0,0,0,0
2002,61217,0,1,0,0,0,0,0,0,0,0,0,0
2002,61217,0,2,0,0,16,18,30,24,0,0,0,0
2002,61217,1,1,0,0,0,0,0,0,0,0,0,0
2002,61218,1,1,0,0,0,0,0,0,0,0,0,0
2002,61218,2,1,0,0,13,0,0,0,0,0,0,0
2002,61219,1,1,0,0,0,0,0,0,0,0,0,0
2002,61219,2,1,0,0,0,0,0,0,0,0,0,0
2002,61220,1,1,0,0,0,0,0,0,0,0,0,0
2002,61220,2,1,0,0,0,0,0,0,0,0,0,0
2002,61221,1,1,16,16,16,16,16,16,16,16,16,16
2002,61221,2,1,0,0,0,0,0,0,0,0,0,0
2002,61222,1,1,0,0,0,0,0,0,0,0,0,0
2002,61223,1,1,0,0,0,0,0,0,0,0,0,0
2002,61224,1,1,14,14,14,14,14,14,14,14,14,14
2002,61225,1,1,26,26,26,26,26,26,26,26,26,26
2002,61226,1,1,21,21,21,21,21,21,21,21,21,21
2002,61226,2,1,0,7,0,0,0,0,0,0,0,0
2002,61226,3,1,0,0,0,0,0,0,0,0,0,0
2002,61226,4,1,0,0,30,14,0,0,0,0,0,0
2002,61227,1,1,0,0,0,0,0,0,0,0,0,0
2002,61227,2,1,0,0,0,0,0,0,0,0,0,0
2002,61228,1,1,0,0,0,0,0,0,0,0,0,0
2002,61228,2,1,0,0,0,0,0,0,0,0,0,0
2002,61229,1,1,0,0,0,0,0,0,0,0,0,0
2002,61229,2,1,0,0,0,0,0,0,0,0,0,0
2002,61230,1,1,0,0,0,0,0,0,0,0,0,0
2002,61230,2,1,0,0,0,0,0,0,0,0,0,0
2002,61231,0,1,0,0,0,23,0,0,0,0,0,0
2002,61231,1,1,0,0,0,0,0,0,0,0,0,0
2002,61232,1,1,0,0,0,0,0,0,0,0,0,0
2002,61232,2,1,0,0,0,0,0,0,0,0,0,0
2002,61232,3,1,0,0,0,0,0,0,0,0,0,0
2002,61232,4,1,0,0,0,0,0,0,0,0,0,0
2002,61232,5,1,0,0,0,0,0,0,0,0,0,0
2002,61233,1,1,0,0,0,0,0,0,0,0,0,0
2002,61233,2,1,0,0,0,0,0,0,0,0,0,0
2002,61234,0,1,25,25,25,25,25,25,25,25,25,25
2002,61234,1,1,0,0,0,0,0,0,0,0,0,0
2002,61235,0,1,20,20,20,20,20,20,20,20,20,20
2002,61235,1,1,13,15,16,6,7,11,26,14,16,7
2002,61236,1,1,34,34,34,34,34,34,34,34,34,34
2002,61237,1,1,0,0,0,0,0,0,0,0,0,0
2002,61237,2,1,0,0,0,0,0,0,0,0,0,0
2002,61238,1,1,0,0,0,0,0,0,0,0,0,0
2002,61238,2,1,0,0,0,0,0,0,0,0,0,0
2002,61239,1,1,0,0,0,0,0,0,0,0,0,0
2002,61240,0,1,0,0,0,0,0,0,0,0,0,0
2002,61240,1,1,0,21,19,8,0,0,14,23,0,0
2002,61241,1,1,0,0,16,18,0,0,16,0,0,0
2002,61241,2,1,0,0,0,0,0,0,0,0,0,0
2002,61241,3,1,0,0,0,0,0,0,0,0,0,0
2002,61241,4,1,0,14,0,0,0,0,0,0,0,0
2002,61242,1,1,0,0,0,0,0,0,0,0,0,0
2002,61242,2,1,0,0,0,0,0,0,0,0,0,0
2002,61243,1,1,0,0,0,0,0,0,0,0,0,0
2002,61243,2,1,0,0,0,0,0,0,0,0,0,0
2002,61244,1,1,0,0,0,0,0,0,0,0,0,0
2002,61244,2,1,0,0,0,0,16,0,0,0,9,0
2002,61245,1,1,0,0,0,0,0,0,0,0,0,0
2002,61246,1,1,15,15,15,15,15,15,15,15,15,15
2002,61247,1,1,0,0,0,0,0,0,0,0,0,0
2002,61248,1,1,22,22,22,22,22,22,22,22,22,22
2002,61248,2,1,0,0,0,0,0,0,0,0,0,0
2002,61249,0,1,0,0,0,0,0,0,0,0,0,0
2002,61249,1,1,0,0,0,0,0,0,0,0,0,0
2002,61249,2,1,0,0,0,0,0,0,0,0,0,0
2002,61250,1,1,2,2,2,2,2,2,2,2,2,2
2002,61250,2,1,0,0,0,0,0,0,0,0,0,0
2002,61251,0,1,0,0,0,0,0,0,0,0,0,0
2002,61251,1,1,0,0,0,0,0,0,0,0,0,0
2002,61252,1,1,0,0,0,0,0,0,0,0,0,0
2002,61252,2,1,0,0,0,0,0,0,0,0,0,0
2002,61253,1,1,0,0,0,0,0,0,0,0,0,0
2002,61253,2,1,0,0,0,0,0,0,0,0,0,0
2002,61254,1,1,0,21,27,9,21,20,0,22,27,12
2002,61255,1,1,8,6,16,8,14,11,8,3,15,27
2002,61255,2,1,0,0,0,0,0,0,0,0,0,0
2002,61255,3,1,0,0,0,0,0,0,0,0,0,18
2002,61256,1,1,0,0,0,0,0,0,0,0,0,0
2002,61256,2,1,0,0,0,0,0,8,0,0,0,0
2002,61256,3,1,0,0,8,0,0,0,0,0,0,0
2002,61257,1,1,0,0,0,5,0,0,0,0,0,14
2002,61257,2,1,0,0,0,0,0,0,0,0,0,0
2002,61258,1,1,2,2,2,2,2,2,2,2,2,2
2002,61258,2,1,0,0,0,0,0,0,0,0,0,0
2002,61258,3,1,0,0,0,0,0,0,0,0,0,24
2002,61259,0,1,26,26,26,26,26,26,26,26,26,26
2002,61259,1,1,0,0,0,0,0,0,0,0,0,0
2002,61260,1,1,16,16,16,16,16,16,16,16,16,16
2002,61260,2,1,0,0,0,0,0,0,0,0,0,0
2002,61261,1,1,27,27,27,27,27,27,27,27,27,27
2002,61261,2,1,0,0,0,0,0,0,0,0,0,0
2002,61261,3,1,0,0,0,0,0,0,0,0,15,0
2002,61262,1,1,0,0,0,0,0,0,0,0,0,0
2002,61262,2,1,0,0,0,0,0,0,0,0,0,0
2002,61262,3,1,0,0,0,0,0,0,14,0,0,0
2002,61263,0,1,0,0,0,0,0,0,0,0,0,0
2002,61263,1,1,19,19,19,19,19,19,19,19,19,19
2002,61264,1,1,0,0,0,0,0,0,0,0,0,0
2002,61264,2,1,0,0,0,0,0,0,0,0,0,0
2002,61265,1,1,0,0,0,0,0,0,0,0,0,0
2002,61265,2,1,0,0,0,0,0,0,0,0,0,0
2002,61266,1,1,0,0,0,0,0,0,0,0,0,0
2002,61266,2,1,6,6,6,6,6,6,6,6,6,6
2002,61267,1,1,0,0,0,0,0,0,0,0,0,0
2002,61267,2,1,0,0,0,0,0,0,0,0,0,0
2002,61268,0,1,0,0,0,0,0,0,0,0,0,0
2002,61268,1,1,0,0,22,0,0,0,0,0,0,0
2002,61269,1,1,25,25,25,25,25,25,25,25,25,25
2002,61269,2,1,0,0,0,0,0,0,0,0,0,0
2002,61270,1,1,0,0,0,0,0,0,0,0,0,0
2002,61271,1,1,0,0,0,0,0,0,0,0,0,0
2002,61271,2,1,0,15,0,0,0,0,0,0,0,0
2002,61272,1,1,0,0,0,0,0,0,0,0,0,0
2002,61272,2,1,0,0,0,0,0,0,0,0,0,0
2002,61273,1,1,20,20,20,20,20,20,20,20,20,20
2002,61273,2,1,0,0,0,0,0,0,0,0,0,0
2002,61274,1,1,0,0,0,0,0,0,0,0,0,0
2002,61274,2,1,0,0,0,0,0,0,0,0,0,0
2002,61275,1,1,0,0,0,0,0,0,0,0,0,0
2002,61275,2,1,0,0,0,20,0,0,6,0,0,24
2002,61276,1,1,0,0,0,0,0,0,0,0,0,0
2002,61276,2,1,0,0,0,0,0,0,0,0,0,0
2002,61277,1,1,0,0,0,0,0,0,0,0,0,0
2002,61277,2,1,0,0,0,0,0,0,0,0,0,0
2002,61278,1,1,0,0,0,9,0,16,0,0,0,0
2002,61278,2,1,0,0,0,0,0,0,0,0,0,0
2002,61279,1,1,21,21,21,21,21,21,21,21,21,21
2002,61279,2,1,0,0,0,0,0,0,0,0,0,0
2002,61279,3,1,0,0,0,0,0,0,0,0,0,0
2002,61280,1,1,0,0,0,0,0,0,0,0,0,0
2002,61280,2,1,0,0,0,0,0,0,0,0,0,0
2002,61281,0,1,40,40,40,40,40,40,40,40,40,40
2002,61281,1,1,0,4,0,15,12,25,0,11,0,0
2002,61282,1,1,0,0,0,0,0,0,0,0,0,0
2002,61282,2,1,0,0,0,0,0,0,0,0,0,0
2002,61283,1,1,18,18,18,18,18,18,18,18,18,18
2002,61283,2,1,0,0,0,0,0,0,0,0,0,0
2002,61284,1,1,0,0,0,0,0,0,0,0,0,0
2002,61284,2,1,0,0,0,0,0,0,0,0,0,0
2002,61284,3,1,0,0,0,0,0,0,0,0,0,0
2002,61284,4,1,0,0,0,0,0,0,0,0,0,0
2002,61284,5,1,0,0,0,0,0,0,0,0,0,0
2002,61284,6,1,28,0,0,0,0,0,0,0,0,0
2002,61284,7,1,0,0,0,0,0,0,0,0,0,0
2002,61284,8,1,0,0,0,0,0,0,0,0,0,0
2002,61284,9,1,0,0,0,0,0,0,0,0,0,0
2002,61284,10,1,0,0,0,0,0,0,0,0,0,0
2002,61284,11,1,0,0,0,0,0,0,0,0,0,18
2002,61284,12,1,0,0,0,0,0,0,0,0,0,0
2002,61285,1,1,21,21,21,21,21,21,21,21,21,21
2002,61285,2,1,0,0,0,0,0,0,0,0,0,0
2002,61285,3,1,0,0,0,0,0,0,0,0,0,0
2002,61285,4,1,0,0,0,0,22,0,0,0,0,0
2002,61285,5,1,0,21,20,0,0,11,9,0,0,17
2002,61286,1,1,0,0,0,0,0,0,0,0,0,0
2002,61286,2,1,0,0,0,0,0,0,0,0,0,0
2002,61287,1,1,0,0,0,0,0,0,0,0,0,0
2002,61287,2,1,0,0,0,0,0,0,0,0,0,0
2002,61287,3,1,0,0,0,0,0,0,0,0,0,0
2002,61288,1,1,0,0,0,0,0,0,0,0,0,0
2002,61288,2,1,0,0,0,0,0,0,0,0,0,0
2002,61289,1,1,2,2,2,2,2,2,2,2,2,2
2002,61289,2,1,0,0,0,0,0,0,0,0,0,0
2002,61290,1,1,0,0,0,0,0,0,0,0,9,0
2002,61290,2,1,0,0,0,0,0,0,0,0,0,0
2002,61290,3,1,0,0,0,20,0,0,0,0,0,0
2002,61290,4,1,0,0,0,0,0,12,0,0,0,0
2002,61291,1,1,0,0,0,0,0,0,0,0,0,0
2002,61291,2,1,0,0,0,0,0,0,0,0,0,0
2002,61292,1,1,0,0,0,0,0,0,0,0,0,0
2002,61292,2,1,0,0,0,0,0,0,0,0,0,0
2002,61292,3,1,0,0,0,0,0,0,0,0,0,0
2002,61293,1,1,0,0,0,0,0,0,0,0,0,0
2002,61293,2,1,0,0,0,0,0,0,0,0,0,0
2002,61293,3,1,0,0,0,0,0,0,0,0,0,0
2002,61294,1,1,0,0,0,0,0,0,0,0,0,0
2002,61294,2,1,0,0,0,0,0,0,0,0,0,0
2002,61294,3,1,0,0,0,0,0,0,0,0,0,0
2002,61295,1,1,20,20,20,20,20,20,20,20,20,20
2002,61295,2,1,0,0,0,0,0,0,0,0,0,0
2002,61295,3,1,0,0,0,0,0,0,0,0,0,0
2002,61296,1,1,0,0,0,0,0,14,0,0,0,0
2002,61296,2,1,0,0,0,0,0,0,0,0,0,0
2002,61296,3,1,0,0,0,0,0,0,0,0,0,0
2002,61296,4,1,0,0,0,0,0,0,0,0,0,0
2002,61297,1,1,0,0,0,0,0,0,0,0,0,0
2002,61297,2,1,0,0,0,0,0,0,0,0,0,0
2002,61297,3,1,0,0,0,0,0,0,0,0,0,0
2002,61297,4,1,0,0,0,0,0,0,0,0,0,0
2002,61298,0,1,24,31,0,33,38,11,20,10,13,29
2002,61298,1,1,0,0,0,0,0,0,0,0,0,0
2002,61298,2,1,0,0,0,0,0,0,0,0,0,0
2002,61299,0,1,33,33,33,33,33,33,33,33,33,33
2002,61299,1,1,0,0,0,0,0,0,0,0,0,0
2002,61300,0,1,0,0,0,0,0,0,0,0,0,0
2002,61300,1,1,0,0,0,15,0,24,0,24,9,0
2002,61301,0,1,0,0,0,0,0,0,0,0,0,0
2002,61301,1,1,0,0,0,0,0,0,0,0,0,0
2002,61302,1,1,24,24,24,24,24,24,24,24,24,24
2002,61302,2,1,0,0,0,0,0,0,0,0,0,0
2002,61303,1,1,0,0,0,0,0,0,0,0,0,0
2002,61304,1,1,0,0,0,0,0,0,0,0,0,0
2002,61304,2,1,0,0,0,0,0,0,0,0,14,0
2002,61305,0,1,0,0,0,0,0,0,0,0,0,0
2002,61305,1,1,0,0,0,0,0,0,0,0,0,0
2002,61306,0,1,7,7,7,7,7,7,7,7,7,7
2002,61306,1,1,0,0,0,0,0,0,0,0,0,0
2002,61307,1,1,31,31,31,31,31,31,31,31,31,31
2002,61308,1,1,0,0,0,0,0,0,0,0,0,0
2002,61308,2,1,7,7,7,7,7,7,7,7,7,7
2002,61309,0,1,0,0,0,0,0,0,0,0,0,0
2002,61309,1,1,0,0,0,0,0,0,0,0,0,0
2002,61310,1,1,18,18,18,18,18,18,18,18,18,18
2002,61311,1,1,0,11,5,2,12,0,18,6,6,0
2002,61311,2,1,0,0,0,0,0,0,0,0,0,0
2002,61311,3,1,0,0,21,0,0,0,0,0,0,0
2002,61312,0,1,21,21,21,21,21,21,21,21,21,21
2002,61312,1,1,0,0,0,0,23,0,0,0,0,0
2002,61312,2,1,0,0,22,0,0,0,0,0,0,0
2002,61313,1,1,10,10,10,10,10,10,10,10,10,10
2002,61314,0,1,14,14,14,14,14,14,14,14,14,14
2002,61314,1,1,0,0,0,0,0,0,0,0,0,0
2002,61315,1,1,0,0,0,0,0,0,0,0,0,0
2002,61315,2,1,0,0,0,0,0,0,0,0,0,0
2002,61316,1,1,0,0,0,0,0,0,0,0,0,0
2002,61316,2,1,0,0,0,0,0,0,0,0,0,0
2002,61317,1,1,13,13,13,13,13,13,13,13,13,13
2002,61317,2,1,0,0,0,0,0,0,0,0,0,0
2002,61318,1,1,0,0,0,0,0,0,0,0,0,0
2002,61318,2,1,0,0,0,0,0,0,0,0,0,0
2002,61319,1,1,4,4,4,4,4,4,4,4,4,4
2002,61319,2,1,0,0,0,0,0,0,0,0,0,0
2002,61320,0,1,14,14,14,14,14,14,14,14,14,14
2002,61320,1,1,0,0,0,0,0,0,0,0,0,0
2002,61321,1,1,8,8,8,8,8,8,8,8,8,8
2002,61322,1,1,10,10,10,10,10,10,10,10,10,10
2002,61322,2,1,19,0,0,0,0,0,0,34,0,0
2002,61323,1,1,0,0,0,0,0,0,0,0,0,0
2002,61324,1,1,0,0,0,0,0,0,0,0,0,0
2002,61325,1,1,17,17,17,17,17,17,17,17,17,17
2002,61325,2,1,0,0,0,0,0,0,0,0,0,0
2002,61326,1,1,12,12,12,12,12,12,12,12,12,12
2002,61327,0,1,0,0,0,0,0,0,0,0,0,0
2002,61327,0,2,0,0,0,0,0,0,0,0,0,0
2002,61327,1,1,0,0,0,0,0,0,0,0,0,0
2002,61327,2,1,0,0,0,0,0,0,0,0,0,0
2002,61328,1,1,8,8,8,8,8,8,8,8,8,8
2002,61328,2,1,0,11,0,0,0,0,0,0,0,0
2002,61329,1,1,0,0,0,0,0,0,0,0,0,0
2002,61330,1,1,0,0,0,0,0,0,0,0,0,0
2002,61331,1,1,23,23,23,23,23,23,23,23,23,23
2002,61332,1,1,0,0,0,0,0,0,0,0,0,0
2002,61332,2,1,0,0,0,0,0,0,0,0,0,0
2002,61333,1,1,2,2,2,2,2,2,2,2,2,2
2002,61334,1,1,0,0,0,7,0,0,0,0,0,0
2002,61334,2,1,0,0,0,0,0,0,0,0,0,0
2002,61335,1,1,10,10,10,10,10,10,10,10,10,10
2002,61336,1,1,22,22,22,22,22,22,22,22,22,22
2002,61336,2,1,0,0,0,0,0,0,0,0,0,0
2002,61337,1,1,4,10,0,0,0,0,9,40,0,0
2002,61337,2,1,0,0,0,0,0,0,0,0,0,0
2002,61338,0,1,34,34,34,34,34,34,34,34,34,34
2002,61338,1,1,0,0,0,0,0,0,0,0,0,0
2002,61338,2,1,0,0,0,0,0,46,0,0,0,13
2002,61339,0,1,0,0,0,0,0,0,0,0,0,0
2002,61339,1,1,0,0,0,0,0,0,0,0,0,0
2002,61340,0,1,28,28,28,28,28,28,28,28,28,28
2002,61340,1,1,0,0,0,0,0,0,0,0,0,0
2002,61341,1,1,0,0,0,0,0,0,0,0,0,0
2002,61341,2,1,0,0,0,0,0,0,0,0,0,0
2002,61343,1,1,0,0,0,0,0,0,0,0,0,0
2002,61343,2,1,0,7,0,0,0,0,0,0,0,12
2002,61344,1,1,17,17,17,17,17,17,17,17,17,17
2002,61345,0,1,13,13,13,13,13,13,13,13,13,13
2002,61346,1,1,0,0,0,0,0,0,0,0,0,0
2002,61346,2,1,0,0,0,0,0,0,0,0,0,0
2002,61347,0,1,0,0,0,0,0,0,0,0,0,0
2002,61347,1,1,0,0,0,0,0,0,0,0,0,0
2002,61348,0,1,9,9,9,9,9,9,9,9,9,9
2002,61348,1,1,0,0,0,0,0,0,0,0,0,0
2002,61349,0,1,12,12,12,12,12,12,12,12,12,12
2002,61349,1,1,0,0,0,0,0,0,0,0,0,0
2002,61350,1,1,23,23,23,23,23,23,23,23,23,23
2002,61351,1,1,0,0,0,0,0,0,0,0,0,0
2002,61351,2,1,0,0,0,0,0,0,0,0,0,0
2002,61352,1,1,0,0,0,0,0,0,0,0,0,0
2002,61353,1,1,25,25,25,25,25,25,25,25,25,25
2002,61354,1,1,0,0,0,0,0,0,0,0,0,0
2002,61354,2,1,0,0,0,0,0,0,0,0,0,0
2002,61355,0,1,14,14,14,14,14,14,14,14,14,14
2002,61355,1,1,0,0,0,0,0,0,0,0,0,0
2002,61356,1,1,0,0,0,0,0,0,0,0,0,0
2002,61356,2,1,0,0,0,0,0,0,0,0,0,0
2002,61357,1,1,0,0,0,0,0,0,0,0,0,0
2002,61357,2,1,0,0,0,0,0,0,0,0,0,0