YEAR,ST_CASE,veh_no,per_no,P1,P2,P3,P4,P5,P6,P7,P8,P9,P10
2002,61358,0,1,0,0,0,0,0,0,0,0,0,0
2002,61358,1,1,16,16,16,16,16,16,16,16,16,16
2002,61358,2,1,0,0,0,0,0,0,0,0,0,0
2002,61359,1,1,0,0,0,0,0,0,0,0,0,0
2002,61359,2,1,0,0,0,0,0,0,0,0,0,0
2002,61360,1,1,0,0,0,0,0,0,0,0,0,0
2002,61360,2,1,0,0,0,0,0,0,0,0,0,0
2002,61361,1,1,0,0,0,0,0,0,0,0,0,0
2002,61361,2,1,0,0,0,0,0,0,0,0,0,0
2002,61362,1,1,0,0,0,0,0,0,0,0,0,0
2002,61363,1,1,0,0,0,0,21,0,32,0,0,0
2002,61363,2,1,0,0,0,0,0,0,0,0,0,0
2002,61364,1,1,0,0,0,0,0,0,0,0,0,0
2002,61364,2,1,0,0,0,0,0,0,0,0,0,0
2002,61365,1,1,18,18,18,18,18,18,18,18,18,18
2002,61366,1,1,24,24,24,24,24,24,24,24,24,24
2002,61366,2,1,0,0,0,18,0,0,20,13,0,0
2002,61367,1,1,0,0,0,0,0,0,0,0,0,0
2002,61368,1,1,0,0,0,0,0,0,0,0,0,0
2002,61369,1,1,27,27,27,27,27,27,27,27,27,27
2002,61370,1,1,20,20,20,20,20,20,20,20,20,20
2002,61371,1,1,17,26,18,7,20,12,26,22,21,19
2002,61372,1,1,0,0,0,0,5,0,0,0,0,0
2002,61372,2,1,0,0,0,0,0,0,0,0,0,0
2002,61372,3,1,0,0,0,0,0,0,0,0,0,0
2002,61372,4,1,0,0,0,0,0,0,0,0,0,0
2002,61373,1,1,0,0,0,0,0,0,0,0,0,0
2002,61373,2,1,0,0,0,0,0,0,0,0,0,0
2002,61373,3,1,0,0,0,0,0,0,0,0,0,0
2002,61374,1,1,0,0,0,0,0,0,0,0,0,0
2002,61374,2,1,0,0,0,0,0,0,0,0,0,0
2002,61374,3,1,0,0,0,0,0,0,0,0,0,0
2002,61374,4,1,0,0,0,0,0,10,0,0,0,0
2002,61374,5,1,0,0,0,0,25,0,0,0,0,0
2002,61375,1,1,0,0,0,0,0,0,0,0,0,0
2002,61376,0,1,0,0,0,0,0,0,0,0,0,0
2002,61376,1,1,0,0,8,0,0,0,0,0,0,0
2002,61377,0,1,0,0,0,0,0,2,0,0,0,8
2002,61377,0,2,0,0,0,6,0,0,0,0,0,0
2002,61377,1,1,0,0,0,0,0,0,0,0,0,0
2002,61378,1,1,18,18,18,18,18,18,18,18,18,18
2002,61378,2,1,4,4,4,4,4,4,4,4,4,4
2002,61379,1,1,3,13,9,15,13,20,12,0,0,16
2002,61379,2,1,0,0,0,0,0,0,8,0,0,0
2002,61380,1,1,0,6,0,26,10,2,10,0,0,0
2002,61380,2,1,0,0,0,0,0,0,0,0,0,0
2002,61381,0,1,0,0,0,0,0,0,0,0,0,0
2002,61381,0,2,0,0,0,0,0,0,0,0,0,0
2002,61381,1,1,0,0,0,0,0,0,0,0,0,0
2002,61381,2,1,0,0,0,0,0,0,0,0,0,0
2002,61382,1,1,0,0,0,0,0,0,0,0,0,0
2002,61382,2,1,0,0,0,0,0,0,0,0,0,0
2002,61383,1,1,12,12,12,12,12,12,12,12,12,12
2002,61384,1,1,0,0,0,0,0,0,0,0,0,0
2002,61385,1,1,28,28,28,28,28,28,28,28,28,28
2002,61385,2,1,0,0,0,0,0,0,0,0,0,0
2002,61386,1,1,8,8,8,8,8,8,8,8,8,8
2002,61387,1,1,21,18,28,11,0,20,11,16,29,16
2002,61388,1,1,2,2,2,2,2,2,2,2,2,2
2002,61389,1,1,0,0,0,0,0,16,0,0,0,0
2002,61390,1,1,0,0,0,0,0,0,0,0,0,0
2002,61390,2,1,0,0,0,0,0,0,0,0,0,0
2002,61391,1,1,0,0,0,0,0,0,0,0,0,0
2002,61392,1,1,28,28,28,28,28,28,28,28,28,28
2002,61393,1,1,0,0,0,0,0,0,0,0,0,0
2002,61393,2,1,0,0,0,0,0,0,0,0,0,0
2002,61394,1,1,0,0,0,0,0,0,0,0,0,0
2002,61395,0,1,0,0,0,0,0,0,0,0,0,0
2002,61395,1,1,0,0,0,0,0,0,0,0,0,0
2002,61396,1,1,0,0,0,0,0,0,0,0,0,0
2002,61396,2,1,0,0,0,0,0,0,0,0,0,0
2002,61397,1,1,10,10,10,10,10,10,10,10,10,10
2002,61398,1,1,0,17,0,0,0,0,0,0,7,0
2002,61398,2,1,0,0,0,0,0,0,0,0,0,0
2002,61398,3,1,0,0,0,0,0,0,0,0,0,0
2002,61398,4,1,0,0,0,0,0,0,0,0,0,0
2002,61398,5,1,0,0,0,0,13,0,0,0,0,0
2002,61398,6,1,0,0,0,0,0,0,0,0,0,0
2002,61399,0,1,29,29,29,29,29,29,29,29,29,29
2002,61399,1,1,0,0,0,0,0,0,0,0,0,0
2002,61400,1,1,12,12,12,12,12,12,12,12,12,12
2002,61401,1,1,0,0,0,0,0,0,0,0,0,0
2002,61402,1,1,16,16,16,16,16,16,16,16,16,16
2002,61402,2,1,0,0,0,0,0,0,0,0,0,0
2002,61403,1,1,0,0,0,0,0,0,0,0,0,0
2002,61403,2,1,0,0,0,0,0,0,0,0,0,0
2002,61404,1,1,19,19,19,19,19,19,19,19,19,19
2002,61404,2,1,0,0,0,0,0,0,0,0,0,20
2002,61405,1,1,0,0,0,0,0,0,0,0,0,0
2002,61406,1,1,0,0,0,0,12,0,0,0,0,0
2002,61407,1,1,0,0,0,0,0,0,0,0,0,0
2002,61408,0,1,0,0,0,0,0,0,0,0,0,0
2002,61408,1,1,0,0,0,0,0,0,0,0,0,0
2002,61409,1,1,2,2,2,2,2,2,2,2,2,2
2002,61409,2,1,0,0,0,0,0,0,0,0,0,0
2002,61410,1,1,0,0,0,0,0,20,7,0,0,0
2002,61410,2,1,0,0,0,0,0,0,0,0,0,0
2002,61410,3,1,0,0,0,0,0,0,0,0,0,0
2002,61411,0,1,0,0,0,0,0,0,0,0,0,0
2002,61411,1,1,0,0,0,0,0,0,0,0,0,0
2002,61412,0,1,24,24,24,24,24,24,24,24,24,24
2002,61412,1,1,0,0,0,0,0,0,0,0,0,0
2002,61413,0,1,0,0,0,0,0,0,0,0,0,0
2002,61413,0,2,0,0,0,0,0,0,0,0,0,0
2002,61413,0,3,0,0,0,0,0,0,0,0,0,0
2002,61413,0,4,0,0,0,0,0,0,0,0,0,0
2002,61414,0,1,0,0,0,0,0,0,0,0,0,0
2002,61414,1,1,0,0,0,0,0,0,0,0,0,0
2002,61415,1,1,0,0,0,0,0,0,0,0,0,0
2002,61415,2,1,0,0,0,0,0,0,0,0,0,0
2002,61416,1,1,0,0,0,0,0,0,0,0,0,0
2002,61416,2,1,0,0,0,0,0,0,0,0,0,0
2002,61416,3,1,0,0,0,0,0,0,0,0,0,0
2002,61416,4,1,0,0,0,0,0,0,0,0,0,0
2002,61416,5,1,0,0,0,0,0,0,0,0,0,0
2002,61416,6,1,0,0,0,0,0,0,0,0,0,0
2002,61417,1,1,30,30,30,30,30,30,30,30,30,30
2002,61417,2,1,0,0,0,0,0,0,0,0,0,0
2002,61417,3,1,0,0,0,0,0,0,0,0,0,12
2002,61418,1,1,0,0,0,0,0,0,0,0,0,0
2002,61419,1,1,20,23,11,3,8,19,7,17,15,29
2002,61419,2,1,0,0,0,0,0,0,0,0,0,0
2002,61420,1,1,0,0,0,0,0,0,0,0,0,0
2002,61420,2,1,0,0,0,0,0,0,0,0,0,0
2002,61421,0,1,0,0,0,0,0,0,0,0,0,0
2002,61421,1,1,0,0,0,0,0,0,0,0,0,0
2002,61422,1,1,0,0,0,0,0,0,0,0,0,0
2002,61422,2,1,0,0,0,0,0,0,0,0,0,0
2002,61423,1,1,0,0,0,0,0,0,0,0,0,0
2002,61424,0,1,0,8,0,0,0,21,5,32,0,31
2002,61424,1,1,0,0,0,0,0,0,0,0,24,0
2002,61425,0,1,23,23,23,23,23,23,23,23,23,23
2002,61425,1,1,0,0,13,0,0,0,0,0,0,23
2002,61426,1,1,0,0,0,0,0,0,0,0,0,0
2002,61426,2,1,0,0,16,0,0,0,0,0,0,0
2002,61427,1,1,0,0,0,0,0,0,0,0,0,0
2002,61427,2,1,0,0,0,0,0,0,0,0,0,0
2002,61428,1,1,0,0,0,0,0,0,0,0,0,0
2002,61428,2,1,0,0,0,5,0,0,0,0,0,0
2002,61429,1,1,0,0,0,0,0,0,0,0,0,0
2002,61430,1,1,0,0,0,0,0,0,0,0,0,0
2002,61431,1,1,12,12,12,12,12,12,12,12,12,12
2002,61432,1,1,18,18,18,18,18,18,18,18,18,18
2002,61432,2,1,0,0,0,0,0,0,0,0,0,0
2002,61433,0,1,40,40,40,40,40,40,40,40,40,40
2002,61433,1,1,0,0,0,0,0,0,0,0,0,0
2002,61434,1,1,0,0,0,0,0,0,0,0,0,0
2002,61435,1,1,0,0,0,0,0,0,0,0,0,0
2002,61435,2,1,0,0,0,0,0,0,0,0,0,0
2002,61436,1,1,0,0,0,0,0,0,0,0,0,0
2002,61436,2,1,0,0,0,0,0,0,0,0,0,0
2002,61437,1,1,0,0,0,0,0,0,0,0,0,0
2002,61438,1,1,0,0,0,0,0,0,0,0,0,0
2002,61438,2,1,0,0,0,0,0,0,0,0,0,0
2002,61439,1,1,0,0,25,0,0,0,0,0,32,0
2002,61440,1,1,16,16,16,16,16,16,16,16,16,16
2002,61440,2,1,0,0,0,0,0,0,0,0,0,0
2002,61441,1,1,19,19,19,19,19,19,19,19,19,19
2002,61442,1,1,19,7,19,17,14,31,23,5,15,9
2002,61443,1,1,0,0,0,0,0,0,0,0,0,0
2002,61444,1,1,0,0,0,0,0,0,0,0,0,0
2002,61445,0,1,28,28,28,28,28,28,28,28,28,28
2002,61445,1,1,0,0,0,0,0,0,0,0,0,0
2002,61446,1,1,15,15,15,15,15,15,15,15,15,15
2002,61446,2,1,0,0,0,0,0,0,0,0,0,0
2002,61447,1,1,0,0,4,0,0,0,0,0,0,0
2002,61447,2,1,0,0,0,3,4,0,0,0,0,0
2002,61448,1,1,0,0,0,0,0,0,0,0,0,0
2002,61448,2,1,5,5,5,5,5,5,5,5,5,5
2002,61449,1,1,0,0,0,0,0,0,0,0,0,13
2002,61450,1,1,16,16,16,16,16,16,16,16,16,16
2002,61450,2,1,0,0,0,0,0,0,0,0,0,0
2002,61451,1,1,29,20,17,22,13,15,15,10,13,16
2002,61452,0,1,33,33,33,33,33,33,33,33,33,33
2002,61452,1,1,0,0,0,0,0,0,0,0,0,0
2002,61453,1,1,0,0,0,0,0,0,0,0,0,0
2002,61454,0,1,0,0,0,0,0,0,0,0,0,0
2002,61454,1,1,0,0,0,0,0,0,0,0,0,0
2002,61455,1,1,0,0,0,0,0,0,0,0,0,0
2002,61455,2,1,0,0,0,0,0,0,0,0,0,0
2002,61456,1,1,21,9,15,9,7,13,29,27,30,20
2002,61456,2,1,0,0,0,0,0,0,0,0,0,0
2002,61457,1,1,0,0,0,0,0,0,0,0,0,0
2002,61458,1,1,25,25,25,25,25,25,25,25,25,25
2002,61459,1,1,0,0,0,0,0,0,0,0,0,0
2002,61460,1,1,0,0,0,0,0,0,0,0,0,0
2002,61461,1,1,0,0,0,0,0,0,0,0,0,0
2002,61461,2,1,0,0,0,0,0,0,0,0,0,0
2002,61462,1,1,0,0,0,0,0,0,0,0,0,0
2002,61462,2,1,4,4,4,4,4,4,4,4,4,4
2002,61462,3,1,0,0,0,0,0,0,0,0,0,0
2002,61463,1,1,0,0,14,11,7,11,4,12,14,42
2002,61463,2,1,0,0,0,0,0,0,0,0,17,0
2002,61464,1,1,17,17,17,17,17,17,17,17,17,17
2002,61464,2,1,0,0,0,0,0,0,0,0,0,0
2002,61465,1,1,0,0,0,0,0,0,0,0,0,0
2002,61465,2,1,0,0,0,0,0,0,0,18,0,0
2002,61466,0,1,0,0,0,0,0,0,0,0,0,0
2002,61466,1,1,0,0,0,0,0,0,0,0,0,0
2002,61467,0,1,21,0,0,0,26,0,12,11,0,0
2002,61467,0,2,0,0,0,0,0,0,0,0,0,0
2002,61467,1,1,0,0,0,0,0,0,0,0,0,0
2002,61468,1,1,0,0,0,0,0,0,0,0,0,0
2002,61468,2,1,0,0,0,0,0,5,0,0,0,0
2002,61468,3,1,0,0,0,0,0,0,0,0,0,0
2002,61468,4,1,0,0,0,0,0,0,21,0,0,0
2002,61469,1,1,0,0,0,2,0,0,0,0,0,0
2002,61469,2,1,0,0,0,0,0,0,0,0,0,0
2002,61469,3,1,0,0,0,0,0,0,0,0,0,0
2002,61469,4,1,0,0,0,0,0,0,0,0,0,0
2002,61469,5,1,0,0,6,0,0,0,0,0,0,0
2002,61470,0,1,0,0,0,0,0,0,0,0,0,0
2002,61470,0,2,0,0,0,0,0,0,0,0,0,0
2002,61470,1,1,0,0,13,0,0,17,0,0,0,17
2002,61471,0,1,0,0,0,0,0,0,0,0,0,0
2002,61471,1,1,8,0,0,13,14,16,9,0,0,16
2002,61472,1,1,0,0,0,0,0,0,0,0,0,0
2002,61472,2,1,0,0,0,0,0,0,0,0,0,0
2002,61473,1,1,13,13,13,13,13,13,13,13,13,13
2002,61473,2,1,0,0,0,0,0,0,0,0,0,2
2002,61474,1,1,23,21,10,8,13,5,0,19,7,12
2002,61474,2,1,0,0,0,0,0,0,0,0,0,0
2002,61475,1,1,0,0,0,0,0,0,0,0,25,0
2002,61475,2,1,0,0,0,0,0,0,7,0,0,0
2002,61476,1,1,0,0,0,0,0,0,0,0,0,0
2002,61476,2,1,0,0,0,0,14,0,0,0,0,0
2002,61477,1,1,0,0,0,0,0,0,0,0,0,0
2002,61477,2,1,0,0,0,0,0,0,0,0,0,0
2002,61478,1,1,0,0,0,0,0,0,0,0,0,0
2002,61478,2,1,0,0,0,0,0,0,0,0,0,0
2002,61478,3,1,0,0,0,0,0,0,0,0,0,0
2002,61479,1,1,13,13,13,13,13,13,13,13,13,13
2002,61479,2,1,0,0,0,0,0,0,0,0,0,0
2002,61480,1,1,24,24,24,24,24,24,24,24,24,24
2002,61480,2,1,0,0,0,0,0,0,0,0,0,0
2002,61481,1,1,0,0,0,0,0,0,0,0,0,0
2002,61481,2,1,0,0,0,0,0,0,0,0,0,0
2002,61482,1,1,4,0,0,0,0,0,0,0,0,0
2002,61482,2,1,0,0,0,0,0,0,0,0,0,0
2002,61483,1,1,0,11,0,0,0,0,0,0,0,0
2002,61484,1,1,0,0,0,0,0,0,0,6,0,0
2002,61485,1,1,0,0,0,0,0,0,0,0,0,0
2002,61485,2,1,1,1,1,1,1,1,1,1,1,1
2002,61486,1,1,26,26,26,26,26,26,26,26,26,26
2002,61487,1,1,7,7,7,7,7,7,7,7,7,7
2002,61488,1,1,0,0,0,0,0,0,0,0,0,0
2002,61488,2,1,0,0,0,0,0,0,0,0,0,0
2002,61489,1,1,0,0,0,0,0,0,0,0,0,0
2002,61489,2,1,0,0,0,0,0,0,0,0,0,0
2002,61490,0,1,0,0,0,0,0,0,0,0,0,0
2002,61490,0,2,0,0,0,0,0,0,0,0,0,0
2002,61490,0,3,0,0,0,0,0,0,0,0,0,0
2002,61490,0,5,0,0,0,0,0,0,0,0,0,0
2002,61490,1,1,0,0,0,0,0,0,0,0,0,0
2002,61491,1,1,0,0,0,0,0,0,0,0,0,0
2002,61492,0,1,19,19,19,19,19,19,19,19,19,19
2002,61492,1,1,0,24,0,0,0,0,0,8,0,0
2002,61493,0,1,3,3,3,3,3,3,3,3,3,3
2002,61493,1,1,0,0,8,0,0,0,0,0,0,0
2002,61494,1,1,0,0,0,0,0,0,0,0,0,0
2002,61494,2,1,0,0,0,0,0,0,0,0,0,0
2002,61495,1,1,0,0,0,0,0,0,0,0,0,0
2002,61495,2,1,0,0,0,0,0,0,0,0,0,0
2002,61496,1,1,0,0,0,0,0,0,0,0,0,0
2002,61496,2,1,0,0,0,0,0,0,0,0,0,0
2002,61497,1,1,0,0,0,0,0,0,0,0,0,0
2002,61497,2,1,0,0,0,0,0,0,0,0,0,0
2002,61497,3,1,0,0,0,0,0,0,0,0,0,0
2002,61498,1,1,0,0,0,0,0,0,0,0,0,0
2002,61498,2,1,0,0,0,0,0,0,0,0,0,0
2002,61499,1,1,20,20,20,20,20,20,20,20,20,20
2002,61499,2,1,0,0,0,0,0,0,0,0,0,0
2002,61500,1,1,0,0,0,0,0,0,0,0,0,0
2002,61500,2,1,0,0,0,0,0,0,0,0,0,0
2002,61501,0,1,0,0,0,0,0,0,0,0,0,0
2002,61501,1,1,0,0,0,0,0,0,0,0,0,0
2002,61502,1,1,28,28,28,28,28,28,28,28,28,28
2002,61503,1,1,11,22,12,13,3,13,11,10,16,8
2002,61504,1,1,0,11,0,0,6,0,0,0,0,0
2002,61505,1,1,0,0,0,0,0,0,0,0,0,0
2002,61505,2,1,0,0,0,0,0,13,0,0,0,0
2002,61505,3,1,0,0,0,0,9,0,0,0,0,0
2002,61506,1,1,0,0,0,0,0,0,0,0,0,0
2002,61506,2,1,0,0,0,0,0,0,0,0,0,0
2002,61507,1,1,0,0,0,0,0,0,0,0,0,0
2002,61508,1,1,13,13,13,13,13,13,13,13,13,13
2002,61508,2,1,0,0,0,0,0,0,0,0,0,0
2002,61508,3,1,0,0,0,0,0,0,0,0,0,0
2002,61509,0,1,29,29,29,29,29,29,29,29,29,29
2002,61509,1,1,0,0,0,0,0,0,0,0,0,0
2002,61509,2,1,0,0,0,0,0,0,0,0,0,0
2002,61509,3,1,0,0,0,0,0,0,0,0,0,0
2002,61510,1,1,0,0,0,0,0,0,0,0,9,10
2002,61510,2,1,8,8,8,8,8,8,8,8,8,8
2002,61511,1,1,0,0,0,0,0,0,0,0,0,0
2002,61511,2,1,0,0,0,0,0,0,0,0,0,0
2002,61512,1,1,0,0,0,0,0,0,0,0,0,0
2002,61512,2,1,0,0,0,0,0,0,0,0,0,0
2002,61513,1,1,0,0,0,0,0,0,0,0,0,0
2002,61513,2,1,0,0,0,0,0,0,0,0,0,0
2002,61514,1,1,0,0,0,0,0,0,0,0,0,0
2002,61514,2,1,1,1,1,1,1,1,1,1,1,1
2002,61515,1,1,0,0,0,0,0,0,0,0,0,0
2002,61515,2,1,0,0,0,0,0,19,0,0,0,0
2002,61516,1,1,40,40,40,40,40,40,40,40,40,40
2002,61516,2,1,0,0,0,0,0,0,0,0,0,15
2002,61517,0,1,41,0,37,40,0,0,0,0,0,0
2002,61517,1,1,0,0,0,0,0,0,0,0,0,0
2002,61518,0,1,0,0,0,0,0,0,0,0,0,0
2002,61518,0,2,32,9,9,9,10,11,0,25,0,0
2002,61518,0,3,0,0,0,0,0,0,0,0,0,0
2002,61518,1,1,0,0,0,22,11,0,0,0,0,0
2002,61518,2,1,0,0,0,0,0,0,0,0,0,0
2002,61519,1,1,13,13,13,13,13,13,13,13,13,13
2002,61519,2,1,0,0,0,0,0,0,0,0,0,0
2002,61520,1,1,14,14,14,14,14,14,14,14,14,14
2002,61520,2,1,1,1,1,1,1,1,1,1,1,1
2002,61521,1,1,2,2,2,2,2,2,2,2,2,2
2002,61522,1,1,28,28,28,28,28,28,28,28,28,28
2002,61522,2,1,0,0,0,0,0,0,0,0,0,0
2002,61523,1,1,16,19,0,17,15,25,0,26,26,7
2002,61524,0,1,0,0,0,0,0,0,0,0,0,0
2002,61524,1,1,0,0,0,0,0,0,0,0,0,0
2002,61525,0,1,27,27,27,27,27,27,27,27,27,27
2002,61525,1,1,0,0,0,0,0,0,0,0,0,0
2002,61525,2,1,0,0,0,0,0,0,0,0,0,0
2002,61526,1,1,0,0,0,0,0,0,0,0,0,0
2002,61527,1,1,0,0,0,0,0,0,0,0,0,0
2002,61528,1,1,9,0,0,0,0,0,0,0,10,0
2002,61528,2,1,0,0,0,0,0,0,0,0,0,0
2002,61529,1,1,0,0,0,0,0,0,0,0,5,0
2002,61529,2,1,0,0,0,0,0,0,0,0,0,0
2002,61530,1,1,0,0,0,0,0,0,0,0,0,0
2002,61530,2,1,0,0,0,0,0,0,0,0,0,0
2002,61530,3,1,0,0,0,0,0,0,0,0,0,0
2002,61531,1,1,0,0,0,0,0,0,0,0,0,0
2002,61531,2,1,0,0,0,0,0,0,0,0,0,0
2002,61532,1,1,0,0,0,0,0,0,0,0,0,0
2002,61532,2,1,0,0,0,0,0,0,0,0,0,0
2002,61533,1,1,0,0,0,0,0,0,0,0,0,0
2002,61533,2,1,0,0,0,0,0,0,0,11,0,0
2002,61533,3,1,0,0,0,0,0,0,0,0,0,0
2002,61534,1,1,5,5,5,5,5,5,5,5,5,5
2002,61534,2,1,12,12,12,12,12,12,12,12,12,12
2002,61535,1,1,0,0,0,0,0,0,0,0,0,0
2002,61535,2,1,0,0,18,0,0,0,0,0,0,0
2002,61536,0,1,0,0,0,0,0,0,0,0,0,0
2002,61536,1,1,5,5,5,5,5,5,5,5,5,5
2002,61537,1,1,11,11,11,11,11,11,11,11,11,11
2002,61538,1,1,0,0,0,0,0,0,0,0,0,0
2002,61538,2,1,0,0,0,0,0,0,0,0,0,0
2002,61539,1,1,0,0,0,0,0,0,0,0,0,0
2002,61540,1,1,0,0,0,0,0,0,0,0,0,0
2002,61540,2,1,0,0,0,10,0,0,0,0,0,0
2002,61541,1,1,0,0,0,0,0,0,5,0,0,0
2002,61541,2,1,0,0,0,0,0,0,0,0,0,0
2002,61542,1,1,0,4,0,0,0,0,0,0,0,0
2002,61542,2,1,4,4,4,4,4,4,4,4,4,4
2002,61543,1,1,2,2,2,2,2,2,2,2,2,2
2002,61544,1,1,8,8,8,8,8,8,8,8,8,8
2002,61544,2,1,0,0,0,0,0,0,0,0,0,0
2002,61545,0,1,33,33,33,33,33,33,33,33,33,33
2002,61545,1,1,0,0,0,0,0,0,0,0,0,0
2002,61546,1,1,9,9,9,9,9,9,9,9,9,9
2002,61547,1,1,0,0,0,0,0,0,0,0,0,0
2002,61547,2,1,0,0,0,0,0,0,0,0,0,0
2002,61548,0,1,9,9,9,9,9,9,9,9,9,9
2002,61548,1,1,0,0,0,0,0,0,0,0,0,0
2002,61549,1,1,0,0,0,0,0,0,0,0,0,0
2002,61549,2,1,0,0,0,0,0,0,0,0,0,0
2002,61550,1,1,5,5,5,5,5,5,5,5,5,5
2002,61550,2,1,0,0,0,0,0,0,0,0,0,0
2002,61551,1,1,0,0,0,0,0,0,0,0,0,0
2002,61551,2,1,0,0,0,0,0,0,0,0,0,0
2002,61552,1,1,0,0,0,0,0,0,0,0,0,0
2002,61552,2,1,0,0,0,0,0,0,0,0,0,0
2002,61553,1,1,0,0,0,0,0,0,0,0,0,0
2002,61553,2,1,0,0,0,0,0,0,0,0,0,0
2002,61554,1,1,0,0,0,0,0,0,0,0,0,0
2002,61554,2,1,0,0,0,0,0,0,0,0,0,0
2002,61555,1,1,0,15,0,5,10,0,13,0,0,0
2002,61556,1,1,0,0,0,0,0,0,0,0,0,0
2002,61557,1,1,26,26,26,26,26,26,26,26,26,26
2002,61558,1,1,24,24,24,24,24,24,24,24,24,24
2002,61559,1,1,0,0,0,0,0,0,0,0,0,0
2002,61559,2,1,0,0,0,0,0,0,0,0,0,0
2002,61560,1,1,0,0,0,0,0,0,0,0,17,0
2002,61561,1,1,0,0,0,0,0,0,0,0,0,0
2002,61561,2,1,0,0,0,0,0,0,0,0,0,0
2002,61562,1,1,0,0,0,0,8,0,0,0,0,0
2002,61563,0,1,0,0,0,0,0,0,0,0,0,0
2002,61563,1,1,0,0,0,0,0,0,0,0,0,0
2002,61564,1,1,0,0,0,0,0,0,0,0,0,0
2002,61564,2,1,0,0,0,0,0,0,0,0,0,0
2002,61565,0,1,0,0,0,0,0,0,0,0,0,0
2002,61565,0,2,0,0,0,0,0,0,0,0,0,0
2002,61565,1,1,0,0,0,0,0,0,0,0,0,0
2002,61566,1,1,23,23,23,23,23,23,23,23,23,23
2002,61566,2,1,0,0,0,0,0,0,0,0,0,0
2002,61566,3,1,0,0,0,0,0,0,0,0,0,0
2002,61567,1,1,0,27,29,0,27,19,25,13,0,0
2002,61568,1,1,0,0,0,0,0,0,0,0,0,0
2002,61568,2,1,3,3,3,3,3,3,3,3,3,3
2002,61569,0,1,0,0,0,0,0,0,0,0,0,0
2002,61569,1,1,0,0,0,0,0,0,0,0,0,0
2002,61570,1,1,0,0,0,0,0,0,0,0,0,0
2002,61571,1,1,0,0,0,0,0,0,0,0,0,0
2002,61571,2,1,0,0,0,0,0,0,0,0,0,0
2002,61572,1,1,19,19,19,19,19,19,19,19,19,19
2002,61573,1,1,17,17,17,17,17,17,17,17,17,17
2002,61574,1,1,0,0,0,0,0,0,0,0,0,0
2002,61574,2,1,0,0,0,0,0,0,0,0,0,0
2002,61575,0,1,0,0,0,0,0,0,0,0,0,0
2002,61575,1,1,0,0,2,6,25,0,0,0,11,0
2002,61576,1,1,0,0,0,0,0,0,0,0,0,0
2002,61576,2,1,0,0,0,0,0,0,0,0,0,0
2002,61577,1,1,0,0,0,0,0,0,0,0,0,0
2002,61578,1,1,0,0,0,0,0,0,0,0,0,0
2002,61579,1,1,0,0,0,0,0,0,0,0,0,0
2002,61579,2,1,0,0,0,0,0,0,0,0,0,0
2002,61580,1,1,10,10,10,10,10,10,10,10,10,10
2002,61580,2,1,0,11,0,0,0,0,0,0,0,25
2002,61581,1,1,15,15,15,15,15,15,15,15,15,15
2002,61581,2,1,0,0,0,0,0,0,5,0,0,0
2002,61581,3,1,0,0,0,0,0,0,0,0,0,0
2002,61582,1,1,0,0,0,0,0,0,0,0,0,0
2002,61582,2,1,0,0,0,0,0,0,0,0,0,18
2002,61582,3,1,0,0,0,0,0,0,0,0,0,0
2002,61583,1,1,0,0,0,0,0,0,0,0,0,0
2002,61583,2,1,0,0,0,0,0,0,0,0,0,0
2002,61583,3,1,0,0,0,0,0,0,0,0,0,0
2002,61583,4,1,0,0,0,0,0,12,0,0,0,0
2002,61584,0,1,0,0,0,0,0,0,0,0,0,0
2002,61584,1,1,0,0,0,0,0,0,0,0,0,0
2002,61585,1,1,0,0,0,0,0,0,0,0,0,0
2002,61585,2,1,0,0,0,0,0,0,0,0,0,0
2002,61585,3,1,0,0,0,0,0,0,9,0,0,0
2002,61585,4,1,0,0,0,0,0,0,0,0,0,0
2002,61586,1,1,0,0,0,0,0,0,0,0,0,0
2002,61587,1,1,0,0,0,0,0,0,0,0,0,0
2002,61587,2,1,0,0,0,0,0,0,0,0,0,0
2002,61588,1,1,19,19,19,19,19,19,19,19,19,19
2002,61589,1,1,0,0,0,0,0,0,0,0,0,0
2002,61589,2,1,0,0,0,0,0,0,0,0,0,0
2002,61590,1,1,21,21,21,21,21,21,21,21,21,21
2002,61591,1,1,0,0,0,0,0,0,0,0,0,0
2002,61592,1,1,0,0,0,0,0,0,0,0,0,0
2002,61592,2,1,0,0,0,0,0,0,0,0,0,0
2002,61593,1,1,0,0,0,0,0,0,0,0,0,0
2002,61593,2,1,0,0,0,0,0,0,0,0,0,0
2002,61594,1,1,27,27,27,27,27,27,27,27,27,27
2002,61595,1,1,0,0,0,0,0,0,0,0,0,0
2002,61595,2,1,0,0,0,0,0,0,0,0,0,0
2002,61596,0,1,2,2,2,2,2,2,2,2,2,2
2002,61596,1,1,0,0,0,0,0,0,0,0,0,0
2002,61597,1,1,0,0,0,0,0,0,0,0,0,0
2002,61597,2,1,0,0,0,0,0,0,0,0,0,0
2002,61598,0,1,0,0,0,0,0,0,0,0,0,0
2002,61598,1,1,8,8,8,8,8,8,8,8,8,8
2002,61599,1,1,14,14,14,14,14,14,14,14,14,14
2002,61599,2,1,0,0,0,0,0,0,0,0,0,0
2002,61600,0,1,28,28,28,28,28,28,28,28,28,28
2002,61600,1,1,0,0,0,0,0,0,0,0,0,0