YEAR,ST_CASE,veh_no,per_no,P1,P2,P3,P4,P5,P6,P7,P8,P9,P10
2002,61601,0,1,0,0,0,0,0,0,0,0,0,0
2002,61601,1,1,14,14,14,14,14,14,14,14,14,14
2002,61602,1,1,11,11,11,11,11,11,11,11,11,11
2002,61603,0,1,0,0,0,0,0,0,11,0,0,0
2002,61603,1,1,13,13,13,13,13,13,13,13,13,13
2002,61604,1,1,28,28,28,28,28,28,28,28,28,28
2002,61605,1,1,0,0,0,0,0,0,0,0,0,0
2002,61606,1,1,0,0,0,0,0,0,0,0,0,0
2002,61606,2,1,17,17,17,17,17,17,17,17,17,17
2002,61607,1,1,0,0,13,0,0,0,0,0,0,0
2002,61608,1,1,10,10,10,10,10,10,10,10,10,10
2002,61608,2,1,0,0,0,0,0,0,0,0,0,0
2002,61609,1,1,0,0,0,0,0,0,0,0,0,0
2002,61609,2,1,0,0,0,0,0,0,0,0,0,0
2002,61610,1,1,0,0,0,0,0,0,0,0,0,0
2002,61610,2,1,0,0,0,25,0,0,0,0,0,0
2002,61610,3,1,0,0,15,0,0,0,0,0,0,0
2002,61611,0,1,0,0,0,0,0,0,0,0,0,0
2002,61611,0,2,0,0,0,15,0,0,0,0,0,0
2002,61611,1,1,24,0,0,0,0,0,0,0,0,0
2002,61612,1,1,0,0,0,0,0,0,0,0,0,0
2002,61613,1,1,0,0,0,0,0,0,0,0,0,0
2002,61613,2,1,0,0,0,0,0,0,0,0,0,0
2002,61614,1,1,21,21,21,21,21,21,21,21,21,21
2002,61614,2,1,0,0,0,0,0,0,0,0,0,0
2002,61615,1,1,0,0,0,0,0,0,0,0,0,0
2002,61616,0,1,17,17,17,17,17,17,17,17,17,17
2002,61616,1,1,0,0,0,0,0,0,0,0,0,0
2002,61617,1,1,22,22,22,22,22,22,22,22,22,22
2002,61617,2,1,0,0,0,0,0,0,0,0,0,0
2002,61618,1,1,14,14,14,14,14,14,14,14,14,14
2002,61618,2,1,11,11,11,11,11,11,11,11,11,11
2002,61619,0,1,0,0,0,0,0,0,0,0,0,0
2002,61619,1,1,14,14,14,14,14,14,14,14,14,14
2002,61620,0,1,0,0,0,0,0,0,0,0,0,0
2002,61620,1,1,0,0,11,19,0,0,0,0,0,0
2002,61621,1,1,4,4,4,4,4,4,4,4,4,4
2002,61622,1,1,0,0,0,0,0,0,0,0,0,0
2002,61623,1,1,6,6,6,6,6,6,6,6,6,6
2002,61623,2,1,0,0,0,0,0,0,0,0,0,0
2002,61624,1,1,0,0,0,0,0,0,0,0,0,0
2002,61624,2,1,0,0,0,0,15,0,0,0,0,0
2002,61624,3,1,0,0,0,0,0,0,0,0,0,0
2002,61625,1,1,22,22,22,22,22,22,22,22,22,22
2002,61625,2,1,0,0,0,0,0,0,0,0,0,0
2002,61625,3,1,0,0,0,0,0,0,0,0,0,0
2002,61626,1,1,0,0,0,0,0,0,0,0,0,0
2002,61626,2,1,0,0,0,0,0,0,0,0,0,0
2002,61627,1,1,0,0,0,0,0,0,0,0,0,0
2002,61627,2,1,0,0,0,0,0,0,0,0,0,0
2002,61628,1,1,0,0,0,0,0,0,0,0,0,0
2002,61628,2,1,0,0,0,0,0,0,0,0,0,0
2002,61628,3,1,0,0,0,0,0,0,0,0,0,0
2002,61628,4,1,0,0,0,0,0,0,0,0,0,0
2002,61628,5,1,0,0,0,0,0,0,0,0,0,0
2002,61629,1,1,0,0,0,0,0,0,0,0,0,0
2002,61629,2,1,2,2,2,2,2,2,2,2,2,2
2002,61630,1,1,3,3,3,3,3,3,3,3,3,3
2002,61630,2,1,0,0,0,0,0,0,0,0,0,0
2002,61631,1,1,19,19,19,19,19,19,19,19,19,19
2002,61632,1,1,8,8,8,8,8,8,8,8,8,8
2002,61632,2,1,0,0,0,0,0,0,0,0,0,0
2002,61633,0,1,0,0,0,0,0,0,0,0,0,0
2002,61633,1,1,0,0,0,0,0,0,0,0,0,0
2002,61634,0,1,0,0,0,0,0,0,0,0,0,0
2002,61634,1,1,0,0,0,0,0,0,0,0,0,0
2002,61635,1,1,23,23,23,23,23,23,23,23,23,23
2002,61636,0,1,48,48,48,48,48,48,48,48,48,48
2002,61636,1,1,0,0,0,0,0,0,0,0,0,0
2002,61637,1,1,0,0,0,9,5,0,0,0,0,0
2002,61638,1,1,0,0,0,0,0,0,0,0,0,0
2002,61639,1,1,9,9,9,9,9,9,9,9,9,9
2002,61639,2,1,0,0,0,0,0,0,0,0,0,0
2002,61639,3,1,0,0,14,0,0,0,0,0,0,0
2002,61640,0,1,0,0,0,12,18,0,21,9,0,0
2002,61640,0,2,0,0,29,35,22,0,0,8,21,32
2002,61640,1,1,0,0,0,0,0,0,0,0,0,0
2002,61641,1,1,0,0,24,0,0,13,0,14,18,0
2002,61641,2,1,0,0,0,0,0,0,8,0,0,0
2002,61642,1,1,5,5,5,5,5,5,5,5,5,5
2002,61643,1,1,0,0,0,0,0,0,0,0,0,0
2002,61643,2,1,0,0,0,0,0,0,0,0,0,0
2002,61644,0,1,51,51,51,51,51,51,51,51,51,51
2002,61644,1,1,0,0,20,0,0,0,0,0,0,0
2002,61645,1,1,0,0,0,0,23,0,0,0,0,0
2002,61645,2,1,0,0,0,0,0,0,0,0,0,0
2002,61646,1,1,2,2,2,2,2,2,2,2,2,2
2002,61646,2,1,0,0,0,0,0,0,0,0,0,0
2002,61647,1,1,0,0,0,0,10,0,0,0,0,0
2002,61647,2,1,0,0,0,0,0,0,0,0,0,0
2002,61647,3,1,0,0,10,0,0,0,0,0,0,0
2002,61647,4,1,0,0,0,0,37,0,0,0,0,0
2002,61648,1,1,0,0,0,0,0,0,0,0,0,0
2002,61648,2,1,0,0,0,0,0,0,0,0,0,0
2002,61648,3,1,0,0,0,0,0,0,0,0,0,0
2002,61649,1,1,7,7,7,7,7,7,7,7,7,7
2002,61649,2,1,0,0,0,0,0,0,0,0,0,19
2002,61650,1,1,0,0,0,0,0,0,0,0,0,0
2002,61650,2,1,0,0,0,0,0,0,0,0,0,0
2002,61651,1,1,0,0,0,0,0,0,0,0,0,0
2002,61651,2,1,3,3,3,3,3,3,3,3,3,3
2002,61652,1,1,0,0,0,0,0,0,0,0,0,0
2002,61652,2,1,0,0,0,0,0,0,0,0,0,0
2002,61652,3,1,0,0,0,0,0,0,20,0,0,0
2002,61652,4,1,0,0,0,0,0,0,0,0,0,0
2002,61653,0,1,15,15,15,15,15,15,15,15,15,15
2002,61653,1,1,0,0,0,23,0,0,0,0,0,0
2002,61654,1,1,0,0,0,0,0,0,0,0,0,0
2002,61655,1,1,0,0,0,0,0,0,0,0,0,0
2002,61656,1,1,0,0,0,0,0,0,0,0,0,0
2002,61656,2,1,0,0,0,0,0,0,0,0,0,0
2002,61657,1,1,0,0,0,0,0,0,0,0,0,0
2002,61657,2,1,0,0,0,0,0,0,0,0,0,0
2002,61658,1,1,0,0,0,0,0,0,0,0,0,0
2002,61658,2,1,0,0,0,0,0,0,0,0,0,0
2002,61658,3,1,0,0,0,0,0,0,0,0,0,0
2002,61659,1,1,0,8,27,0,0,0,0,0,0,0
2002,61659,2,1,0,0,0,0,0,0,0,0,0,0
2002,61660,1,1,20,20,20,20,20,20,20,20,20,20
2002,61661,0,1,41,41,41,41,41,41,41,41,41,41
2002,61661,1,1,0,0,0,0,0,0,0,10,0,0
2002,61662,1,1,0,0,0,0,0,0,0,0,0,0
2002,61662,2,1,0,0,0,0,0,15,0,0,0,0
2002,61663,1,1,0,0,0,0,0,0,0,0,0,0
2002,61663,2,1,0,0,0,0,0,0,0,0,0,0
2002,61664,0,1,0,0,0,0,0,0,0,0,0,0
2002,61664,0,2,0,0,0,0,0,0,0,0,0,0
2002,61664,1,1,0,0,0,0,0,0,0,0,0,0
2002,61665,1,1,5,5,5,5,5,5,5,5,5,5
2002,61666,1,1,0,0,0,0,16,0,0,0,0,0
2002,61666,2,1,0,0,0,0,0,0,0,0,0,0
2002,61666,3,1,0,9,0,20,0,14,0,12,0,0
2002,61667,0,1,28,0,14,11,7,11,0,0,0,0
2002,61667,1,1,0,0,19,0,0,0,0,17,0,13
2002,61668,1,1,0,0,0,0,0,0,0,0,0,0
2002,61669,1,1,0,0,0,0,0,0,0,0,0,0
2002,61669,2,1,0,13,11,8,0,10,0,30,10,0
2002,61670,1,1,0,0,0,0,0,0,0,0,0,0
2002,61670,2,1,0,0,0,0,0,0,0,0,0,0
2002,61671,1,1,0,0,0,0,0,0,0,0,0,0
2002,61672,1,1,0,0,21,0,0,0,0,0,0,0
2002,61672,2,1,0,0,0,0,0,0,0,0,0,0
2002,61673,1,1,0,0,0,0,0,0,0,0,0,0
2002,61673,2,1,0,0,0,0,0,0,0,0,0,0
2002,61674,1,1,0,0,14,0,13,20,0,0,0,0
2002,61674,2,1,0,0,0,0,0,0,0,0,0,0
2002,61675,1,1,0,0,0,0,0,0,0,0,0,0
2002,61675,2,1,0,0,0,0,0,0,0,0,0,0
2002,61676,1,1,32,32,32,32,32,32,32,32,32,32
2002,61676,2,1,0,0,0,0,0,0,0,0,0,0
2002,61677,1,1,19,19,19,19,19,19,19,19,19,19
2002,61677,2,1,0,0,0,0,0,0,0,0,0,0
2002,61678,1,1,0,0,0,0,0,0,0,0,0,0
2002,61678,2,1,0,0,0,0,0,0,0,0,0,0
2002,61679,1,1,0,0,0,0,0,0,0,0,0,0
2002,61679,2,1,0,0,0,0,0,0,0,25,0,0
2002,61680,1,1,15,15,15,15,15,15,15,15,15,15
2002,61680,2,1,6,25,13,19,9,15,18,11,12,16
2002,61681,1,1,9,9,9,9,9,9,9,9,9,9
2002,61682,1,1,0,0,0,0,0,0,0,0,0,0
2002,61682,2,1,0,0,0,0,12,0,11,0,0,0
2002,61683,0,1,0,0,0,0,0,0,0,0,0,0
2002,61683,1,1,0,0,0,15,0,0,0,0,11,3
2002,61684,1,1,0,0,0,0,0,0,0,0,0,0
2002,61685,0,1,0,0,0,41,0,0,0,0,0,0
2002,61685,1,1,0,0,0,0,0,0,0,0,0,0
2002,61686,1,1,0,0,0,0,0,0,0,0,0,0
2002,61687,1,1,7,7,7,7,7,7,7,7,7,7
2002,61688,1,1,24,24,24,24,24,24,24,24,24,24
2002,61689,1,1,21,21,21,21,21,21,21,21,21,21
2002,61690,1,1,0,0,0,0,0,0,0,0,0,0
2002,61690,2,1,0,0,0,0,0,0,0,0,0,0
2002,61691,1,1,0,0,0,0,0,0,0,0,0,0
2002,61691,2,1,0,0,0,0,0,0,0,0,0,0
2002,61692,1,1,0,0,0,0,0,0,0,0,0,0
2002,61692,2,1,0,0,0,0,0,0,0,0,0,0
2002,61692,3,1,0,0,0,0,0,0,0,0,0,0
2002,61693,1,1,0,0,0,12,11,0,0,0,0,0
2002,61693,2,1,0,0,12,0,0,0,0,0,0,0
2002,61694,0,1,0,0,0,0,0,0,0,0,0,0
2002,61694,1,1,0,0,0,0,0,0,0,0,0,0
2002,61695,0,1,11,11,11,11,11,11,11,11,11,11
2002,61695,0,2,0,0,17,0,5,0,3,4,0,0
2002,61695,1,1,0,0,0,0,0,0,0,0,0,0
2002,61696,1,1,0,0,0,0,0,0,0,0,0,0
2002,61696,2,1,22,0,0,0,0,0,0,0,0,0
2002,61697,1,1,0,0,0,0,0,0,0,0,0,0
2002,61698,1,1,0,0,0,0,0,0,0,0,0,0
2002,61699,1,1,0,0,0,0,0,0,0,0,0,0
2002,61699,2,1,0,0,0,0,0,0,0,0,0,0
2002,61700,1,1,11,28,11,18,36,35,27,27,13,14
2002,61701,0,1,21,21,21,21,21,21,21,21,21,21
2002,61701,1,1,0,0,0,0,0,0,0,0,0,0
2002,61702,1,1,16,16,16,16,16,16,16,16,16,16
2002,61702,2,1,0,0,0,0,0,0,0,0,0,0
2002,61702,3,1,0,0,0,0,0,0,0,0,0,0
2002,61703,1,1,0,0,0,0,0,0,0,0,0,0
2002,61703,2,1,0,0,0,0,0,0,0,0,0,0
2002,61704,1,1,0,0,0,0,0,0,0,0,0,0
2002,61705,0,1,25,25,25,25,25,25,25,25,25,25
2002,61705,1,1,0,0,18,0,0,0,0,0,0,0
2002,61706,1,1,0,0,0,0,0,0,0,0,0,0
2002,61707,1,1,28,28,28,28,28,28,28,28,28,28
2002,61708,1,1,10,10,10,10,10,10,10,10,10,10
2002,61708,2,1,0,0,0,0,0,0,0,0,0,0
2002,61709,1,1,22,22,22,22,22,22,22,22,22,22
2002,61710,0,1,25,25,25,25,25,25,25,25,25,25
2002,61710,1,1,24,21,0,6,16,0,0,0,0,0
2002,61711,1,1,0,16,0,0,0,0,0,16,0,0
2002,61711,2,1,0,0,0,0,0,0,0,0,0,0
2002,61712,1,1,0,6,0,12,12,0,0,0,10,0
2002,61712,2,1,0,0,0,0,0,0,0,0,0,0
2002,61713,1,1,0,0,0,20,0,10,0,0,22,10
2002,61714,1,1,35,35,35,35,35,35,35,35,35,35
2002,61715,1,1,23,23,23,23,23,23,23,23,23,23
2002,61716,1,1,0,0,0,0,0,0,0,0,0,0
2002,61717,1,1,0,36,0,0,8,0,0,8,0,0
2002,61718,1,1,0,0,0,0,0,0,0,0,0,0
2002,61718,2,1,0,0,0,0,0,0,0,0,0,0
2002,61719,0,1,0,0,0,0,0,0,0,0,0,0
2002,61719,0,2,0,0,0,0,0,0,0,0,0,0
2002,61719,0,3,0,0,0,0,0,0,0,0,0,0
2002,61719,0,4,0,0,0,0,0,0,0,0,0,0
2002,61719,0,5,0,0,0,0,0,0,26,0,0,0
2002,61719,1,1,0,0,0,0,0,0,0,0,0,0
2002,61720,0,1,0,0,0,0,0,0,0,0,0,0
2002,61720,0,2,0,0,0,0,0,0,0,0,0,0
2002,61720,1,1,0,0,0,0,0,0,22,0,0,0
2002,61720,2,1,16,0,0,0,0,0,0,0,0,0
2002,61720,3,1,0,3,0,0,0,0,0,0,0,0
2002,61721,1,1,14,14,14,14,14,14,14,14,14,14
2002,61721,2,1,0,0,0,0,0,0,0,19,0,0
2002,61721,3,1,0,0,0,0,0,0,6,0,0,0
2002,61722,1,1,0,0,0,0,0,0,16,0,0,0
2002,61723,0,1,0,0,0,0,0,0,0,0,0,0
2002,61723,1,1,0,0,0,26,0,0,0,20,0,0
2002,61724,0,1,23,23,23,23,23,23,23,23,23,23
2002,61724,1,1,0,0,0,0,0,0,0,0,0,0
2002,61725,1,1,19,19,19,19,19,19,19,19,19,19
2002,61726,0,1,10,10,10,10,10,10,10,10,10,10
2002,61726,1,1,0,0,7,0,0,10,0,0,22,0
2002,61727,1,1,0,16,0,0,15,6,0,0,0,11
2002,61727,2,1,0,0,0,0,0,0,0,0,0,0
2002,61728,1,1,0,0,0,0,0,0,0,0,0,0
2002,61729,1,1,0,0,0,0,0,0,0,0,0,0
2002,61730,0,1,18,35,15,34,23,24,21,29,12,27
2002,61730,1,1,0,0,0,0,0,23,0,0,0,0
2002,61731,1,1,12,12,12,12,12,12,12,12,12,12
2002,61732,1,1,22,22,22,22,22,22,22,22,22,22
2002,61733,1,1,9,9,9,9,9,9,9,9,9,9
2002,61733,2,1,0,0,0,0,0,0,0,0,0,0
2002,61734,1,1,0,0,0,0,0,0,0,0,0,0
2002,61734,2,1,13,13,13,13,13,13,13,13,13,13
2002,61735,1,1,29,29,29,29,29,29,29,29,29,29
2002,61736,1,1,6,6,6,6,6,6,6,6,6,6
2002,61737,1,1,0,0,0,0,0,0,0,0,0,0
2002,61737,2,1,0,0,0,0,0,0,0,0,0,0
2002,61738,1,1,0,0,0,0,0,0,0,0,0,0
2002,61738,2,1,0,0,0,0,0,0,0,0,0,0
2002,61738,3,1,0,0,0,0,0,0,0,0,0,19
2002,61738,4,1,0,0,0,0,0,0,0,0,0,0
2002,61739,0,1,0,0,0,0,0,0,0,0,0,0
2002,61739,1,1,0,0,0,0,0,0,0,0,0,0
2002,61740,1,1,23,23,23,23,23,23,23,23,23,23
2002,61740,2,1,0,0,0,0,0,0,0,0,0,0
2002,61741,1,1,17,17,17,17,17,17,17,17,17,17
2002,61742,1,1,0,0,0,0,0,0,0,0,0,0
2002,61743,1,1,0,0,0,0,0,0,0,0,0,0
2002,61743,2,1,0,0,0,0,0,0,0,0,0,0
2002,61743,3,1,0,0,0,0,0,0,0,0,0,0
2002,61744,0,1,11,11,11,11,11,11,11,11,11,11
2002,61744,1,1,18,18,18,18,18,18,18,18,18,18
2002,61745,1,1,13,13,13,13,13,13,13,13,13,13
2002,61745,2,1,0,0,0,0,0,0,0,0,0,0
2002,61746,1,1,0,0,0,0,0,0,0,0,0,0
2002,61747,1,1,5,5,5,5,5,5,5,5,5,5
2002,61748,1,1,0,0,0,0,0,0,0,0,0,0
2002,61748,2,1,0,0,0,0,0,0,0,0,0,0
2002,61749,1,1,0,0,0,0,0,0,0,0,0,0
2002,61750,1,1,0,0,0,0,0,0,0,0,0,0
2002,61750,2,1,0,0,0,0,0,0,0,0,0,0
2002,61750,3,1,0,0,0,0,0,0,0,0,0,0
2002,61751,0,1,0,0,0,0,0,0,0,0,0,0
2002,61751,1,1,0,0,0,0,0,0,0,0,0,0
2002,61752,1,1,19,19,19,19,19,19,19,19,19,19
2002,61753,1,1,25,25,25,25,25,25,25,25,25,25
2002,61754,1,1,14,14,14,14,14,14,14,14,14,14
2002,61755,0,1,4,4,4,4,4,4,4,4,4,4
2002,61755,1,1,0,15,0,0,0,0,0,0,0,0
2002,61756,1,1,0,5,0,0,0,13,30,0,0,0
2002,61757,0,1,21,21,21,21,21,21,21,21,21,21
2002,61757,1,1,0,0,0,0,0,0,0,0,0,0
2002,61758,1,1,0,13,0,0,0,0,0,0,0,0
2002,61758,2,1,0,0,0,0,0,0,0,0,0,0
2002,61759,0,1,0,21,12,0,31,0,17,17,21,12
2002,61759,1,1,0,0,0,0,16,0,10,0,0,0
2002,61760,1,1,18,18,18,18,18,18,18,18,18,18
2002,61761,0,1,0,0,0,0,0,0,0,0,0,0
2002,61761,1,1,15,15,15,15,15,15,15,15,15,15
2002,61762,1,1,0,0,0,0,0,0,0,0,0,0
2002,61762,2,1,0,0,0,0,0,0,0,0,0,0
2002,61763,1,1,23,23,23,23,23,23,23,23,23,23
2002,61764,1,1,0,0,0,16,0,0,0,0,0,0
2002,61765,1,1,18,18,18,18,18,18,18,18,18,18
2002,61766,1,1,0,0,0,0,0,0,0,0,0,0
2002,61766,2,1,0,0,0,0,0,0,0,0,0,0
2002,61767,1,1,0,11,28,11,0,10,21,21,14,20
2002,61768,1,1,30,30,30,30,30,30,30,30,30,30
2002,61769,1,1,14,14,14,14,14,14,14,14,14,14
2002,61770,0,1,0,0,0,0,0,0,0,0,0,0
2002,61770,1,1,7,0,0,0,0,0,0,0,0,0
2002,61771,1,1,0,0,0,0,0,0,0,0,0,0
2002,61772,1,1,0,0,0,0,0,0,0,0,0,0
2002,61773,1,1,0,0,0,0,0,0,0,0,0,0
2002,61773,2,1,0,0,0,0,0,0,0,0,0,0
2002,61774,1,1,17,17,17,17,17,17,17,17,17,17
2002,61774,2,1,0,0,0,0,0,0,0,0,0,0
2002,61775,1,1,17,17,17,17,17,17,17,17,17,17
2002,61776,0,1,29,0,0,0,24,0,0,13,0,0
2002,61776,1,1,0,0,0,0,4,0,0,0,0,0
2002,61777,0,1,0,0,0,0,0,0,0,0,0,0
2002,61777,1,1,0,0,0,0,0,0,0,0,0,0
2002,61777,2,1,0,0,0,0,0,0,0,0,0,0
2002,61778,0,1,0,0,31,0,13,0,0,0,0,0
2002,61778,1,1,12,12,12,12,12,12,12,12,12,12
2002,61779,0,1,0,0,0,0,0,0,0,0,0,0
2002,61779,1,1,0,0,0,0,0,0,0,0,0,0
2002,61780,0,1,0,0,0,0,0,0,0,0,0,0
2002,61780,0,2,0,0,0,0,0,0,0,0,0,0
2002,61780,1,1,0,0,0,0,0,0,0,0,0,0
2002,61781,1,1,0,0,0,0,0,0,0,0,0,0
2002,61781,2,1,0,0,0,0,0,0,0,0,0,0
2002,61782,0,1,0,0,0,0,0,0,0,0,0,0
2002,61782,1,1,0,0,0,0,0,0,0,0,0,0
2002,61783,1,1,0,0,0,0,0,0,0,0,0,0
2002,61783,2,1,0,0,0,0,0,0,0,0,0,0
2002,61784,0,1,0,0,0,0,0,0,0,0,0,0
2002,61784,1,1,0,0,0,0,0,0,0,0,0,0
2002,61785,1,1,14,23,14,14,10,19,10,22,28,8
2002,61785,2,1,0,0,0,0,0,0,0,0,0,0
2002,61786,1,1,28,28,28,28,28,28,28,28,28,28
2002,61787,0,1,0,0,0,0,0,0,0,0,0,0
2002,61787,1,1,4,0,0,0,0,0,0,0,0,0
2002,61788,0,1,0,0,0,0,0,0,0,0,0,0
2002,61788,1,1,0,0,0,0,0,0,0,0,0,0
2002,61789,1,1,0,0,0,0,0,23,0,0,8,0
2002,61790,1,1,40,0,15,14,0,17,0,8,11,17
2002,61791,1,1,0,0,0,0,0,0,0,0,0,0
2002,61792,1,1,5,5,5,5,5,5,5,5,5,5
2002,61793,1,1,0,0,0,0,0,0,0,0,0,0
2002,61793,2,1,0,0,0,0,0,0,0,0,0,0
2002,61794,1,1,3,3,3,3,3,3,3,3,3,3
2002,61794,2,1,0,0,0,0,0,0,0,0,0,0
2002,61794,3,1,0,0,0,0,0,6,0,0,0,0
2002,61795,1,1,0,0,0,0,0,0,0,0,0,0
2002,61796,1,1,0,0,0,0,0,0,0,0,0,0
2002,61796,2,1,0,0,0,0,0,0,0,0,0,0
2002,61797,0,1,21,21,21,21,21,21,21,21,21,21
2002,61797,1,1,3,0,0,0,0,0,0,0,0,0
2002,61798,1,1,0,0,0,0,0,0,0,0,0,0
2002,61798,2,1,0,0,0,0,0,0,0,0,0,0
2002,61799,1,1,0,0,0,0,0,0,0,0,0,0
2002,61800,1,1,0,0,0,0,0,0,0,0,0,0
2002,61800,2,1,0,0,0,0,0,0,0,0,0,0
2002,61800,3,1,10,0,0,0,0,0,0,0,0,0
2002,61800,4,1,0,0,0,0,0,0,0,0,0,0
2002,61801,1,1,0,0,0,0,0,0,0,0,0,0
2002,61801,2,1,0,0,0,0,0,0,0,0,0,0
2002,61802,1,1,0,0,0,0,0,0,0,0,0,0
2002,61802,2,1,0,0,0,0,0,0,0,0,0,0
2002,61803,0,1,0,0,0,0,0,0,0,0,0,0
2002,61803,1,1,10,0,27,0,0,0,0,11,0,22
2002,61804,0,1,26,27,24,0,35,0,15,27,0,23
2002,61804,1,1,18,18,18,18,18,18,18,18,18,18
2002,61805,0,1,0,0,0,0,0,0,0,0,0,0
2002,61805,0,2,0,0,0,0,0,0,0,0,0,0
2002,61805,1,1,0,0,0,0,0,0,0,0,0,0
2002,61806,0,1,0,0,0,0,0,0,0,0,0,0
2002,61806,1,1,0,0,0,0,0,0,0,0,0,0
2002,61807,1,1,5,5,5,5,5,5,5,5,5,5
2002,61808,1,1,0,0,0,0,0,0,0,0,0,0
2002,61809,1,1,0,0,0,0,0,17,0,0,0,0
2002,61809,2,1,0,0,0,0,0,0,0,0,0,0
2002,61810,1,1,0,0,0,0,0,0,0,0,0,0
2002,61810,2,1,0,0,0,0,0,0,0,0,0,0
2002,61811,1,1,23,23,23,23,23,23,23,23,23,23
2002,61812,1,1,0,0,0,0,0,0,0,0,0,0
2002,61813,1,1,0,0,0,0,0,0,0,0,0,0
2002,61813,2,1,0,0,0,0,0,0,0,0,0,0
2002,61814,1,1,0,0,0,0,0,0,0,0,0,0
2002,61814,2,1,0,0,0,0,0,0,0,0,0,0
2002,61815,1,1,0,0,0,0,0,0,0,0,0,0
2002,61815,2,1,0,0,0,0,0,0,0,0,0,0
2002,61815,3,1,0,0,0,0,0,0,0,0,0,0
2002,61816,1,1,0,0,0,0,0,0,0,0,0,0
2002,61816,2,1,0,0,0,0,0,0,0,0,0,0
2002,61816,3,1,0,0,0,0,0,0,0,0,0,2
2002,61817,0,1,2,2,2,2,2,2,2,2,2,2
2002,61817,1,1,3,3,3,3,3,3,3,3,3,3
2002,61818,1,1,0,0,0,0,0,0,0,0,0,0
2002,61818,2,1,0,0,0,0,0,0,0,0,0,0
2002,61818,3,1,0,0,0,0,0,0,0,0,0,0
2002,61819,1,1,13,13,13,13,13,13,13,13,13,13
2002,61819,2,1,0,0,0,0,0,0,0,0,0,0
2002,61820,1,1,0,0,0,0,0,0,0,0,0,0
2002,61820,2,1,0,0,0,0,0,0,0,0,0,0
2002,61820,3,1,0,0,0,0,0,0,0,0,0,0
2002,61821,1,1,0,0,0,0,0,0,0,0,0,0
2002,61821,2,1,0,0,0,0,0,0,0,0,0,0
2002,61821,3,1,0,0,0,0,0,0,0,0,0,0
2002,61821,4,1,0,0,0,0,0,0,0,0,0,0
2002,61822,0,1,0,0,0,0,0,0,0,0,0,0
2002,61822,1,1,0,0,0,0,0,0,0,0,0,0
2002,61823,1,1,0,25,12,11,20,15,13,13,12,13
2002,61824,0,1,0,0,0,0,0,0,0,0,0,0
2002,61824,1,1,0,0,0,0,0,0,0,0,0,0
2002,61825,1,1,13,13,13,13,13,13,13,13,13,13
2002,61826,1,1,19,19,19,19,19,19,19,19,19,19
2002,61827,1,1,10,10,10,10,10,10,10,10,10,10
2002,61828,1,1,27,27,27,27,27,27,27,27,27,27
2002,61829,0,1,21,21,21,21,21,21,21,21,21,21
2002,61829,1,1,0,0,0,0,0,0,0,0,0,0
2002,61830,1,1,33,33,33,33,33,33,33,33,33,33
2002,61830,2,1,1,1,1,1,1,1,1,1,1,1
2002,61831,1,1,0,0,0,18,0,0,14,0,14,0
2002,61831,2,1,0,0,0,0,0,0,0,18,0,0
2002,61832,1,1,3,3,3,3,3,3,3,3,3,3
2002,61832,2,1,0,0,0,0,0,0,0,0,0,0
2002,61833,1,1,0,0,0,0,0,0,0,0,0,0
2002,61833,2,1,0,0,0,0,0,0,0,0,0,0
2002,61834,1,1,0,0,0,0,0,0,0,0,0,0
2002,61835,1,1,0,0,0,0,0,0,0,0,0,0
2002,61836,1,1,0,0,0,0,0,0,0,0,0,0
2002,61836,2,1,0,0,0,0,0,0,0,0,0,0
2002,61836,3,1,0,0,0,0,0,0,0,0,0,0
2002,61836,4,1,0,0,0,0,0,0,0,0,0,0
2002,61836,5,1,0,0,0,0,0,15,0,0,0,0
2002,61837,1,1,10,10,10,10,10,10,10,10,10,10
2002,61838,0,1,28,28,28,28,28,28,28,28,28,28
2002,61838,1,1,24,0,0,26,0,0,0,33,0,7
2002,61839,1,1,0,0,0,0,0,0,9,0,0,0
2002,61839,2,1,9,9,9,9,9,9,9,9,9,9
2002,61840,1,1,0,0,0,15,0,0,0,0,0,0
2002,61840,2,1,0,0,0,0,0,0,7,0,0,0
2002,61841,1,1,18,18,18,18,18,18,18,18,18,18
2002,61842,1,1,0,0,0,0,0,0,0,0,0,0
2002,61843,1,1,0,0,0,0,0,0,0,0,0,0
2002,61843,2,1,0,0,13,0,0,0,0,0,0,0
2002,61844,1,1,0,0,0,0,0,0,0,0,0,0
2002,61844,2,1,0,0,0,0,0,0,0,0,0,0
2002,61845,1,1,0,0,0,0,0,0,0,0,0,0
2002,61845,2,1,0,0,0,0,0,0,0,0,0,0
2002,61846,1,1,0,0,0,0,0,0,0,0,0,0
2002,61847,1,1,0,0,0,0,0,0,0,0,0,0
2002,61848,1,1,0,0,0,0,0,0,0,0,0,0
2002,61848,2,1,0,0,0,0,0,0,0,0,0,0
2002,61849,0,1,0,0,0,0,0,0,0,0,0,0