YEAR,ST_CASE,veh_no,per_no,P1,P2,P3,P4,P5,P6,P7,P8,P9,P10
2002,61849,1,1,20,20,20,20,20,20,20,20,20,20
2002,61850,1,1,0,22,30,21,0,35,10,34,23,17
2002,61851,0,1,24,24,24,24,24,24,24,24,24,24
2002,61851,1,1,0,0,0,0,0,0,20,0,0,0
2002,61852,1,1,0,0,0,0,0,0,0,0,0,0
2002,61852,2,1,0,0,0,0,0,0,0,0,0,0
2002,61852,3,1,0,0,0,0,0,0,0,0,0,0
2002,61853,1,1,0,0,0,0,0,0,0,0,0,0
2002,61853,2,1,0,0,0,0,0,0,0,0,0,0
2002,61853,3,1,0,0,0,0,0,26,0,0,0,0
2002,61854,1,1,0,0,0,0,0,0,0,0,0,0
2002,61855,1,1,0,0,0,0,0,4,0,0,0,0
2002,61855,2,1,0,0,0,0,0,0,0,0,0,0
2002,61856,0,1,13,13,13,13,13,13,13,13,13,13
2002,61856,1,1,0,0,0,0,0,0,0,0,0,0
2002,61857,1,1,0,0,0,0,0,0,0,0,0,0
2002,61857,2,1,0,0,0,0,0,0,0,0,0,0
2002,61858,0,1,13,13,13,13,13,13,13,13,13,13
2002,61858,1,1,0,0,0,0,0,0,0,0,0,0
2002,61859,1,1,0,0,0,0,0,0,0,0,0,0
2002,61860,1,1,0,0,0,0,0,0,0,0,0,0
2002,61860,2,1,0,0,0,0,0,0,0,0,0,0
2002,61861,1,1,0,0,0,0,0,0,0,0,0,0
2002,61862,1,1,0,0,0,0,0,0,0,0,0,0
2002,61863,1,1,13,13,13,13,13,13,13,13,13,13
2002,61864,1,1,15,15,15,15,15,15,15,15,15,15
2002,61865,1,1,0,0,0,0,0,0,0,0,0,0
2002,61865,2,1,0,0,0,0,0,0,0,0,0,0
2002,61866,1,1,0,0,0,0,0,0,0,0,0,0
2002,61866,2,1,10,10,10,10,10,10,10,10,10,10
2002,61867,0,1,0,0,0,0,0,0,0,0,0,0
2002,61867,1,1,0,0,0,0,0,0,0,0,0,0
2002,61868,1,1,0,0,0,0,19,0,0,0,0,0
2002,61869,1,1,1,1,1,1,1,1,1,1,1,1
2002,61870,1,1,0,0,0,0,0,0,0,0,0,0
2002,61871,1,1,0,0,0,0,0,0,0,0,0,0
2002,61872,1,1,0,0,0,0,0,0,0,0,0,0
2002,61872,2,1,21,21,21,21,21,21,21,21,21,21
2002,61873,0,1,0,0,0,0,0,0,0,0,0,0
2002,61873,1,1,0,0,0,0,0,0,0,0,0,0
2002,61874,1,1,0,0,0,0,0,0,0,0,0,0
2002,61875,1,1,0,9,0,0,0,0,0,0,0,0
2002,61875,2,1,0,0,0,0,0,0,0,0,0,0
2002,61876,0,1,0,0,0,0,0,0,0,0,0,0
2002,61876,1,1,0,0,0,0,0,0,0,0,0,0
2002,61877,1,1,0,0,0,0,0,0,0,0,0,0
2002,61878,0,1,0,0,0,0,0,0,0,0,0,0
2002,61878,1,1,0,0,0,0,0,0,0,0,0,0
2002,61879,1,1,0,0,0,0,0,0,0,0,0,0
2002,61879,2,1,0,0,0,0,0,0,0,0,0,0
2002,61880,1,1,5,5,5,5,5,5,5,5,5,5
2002,61881,1,1,0,0,0,0,0,0,0,0,0,0
2002,61881,2,1,1,1,1,1,1,1,1,1,1,1
2002,61882,1,1,0,0,0,0,0,0,0,0,0,0
2002,61882,2,1,3,3,3,3,3,3,3,3,3,3
2002,61883,1,1,16,16,16,16,16,16,16,16,16,16
2002,61883,2,1,0,7,0,0,0,0,0,24,0,21
2002,61884,1,1,0,0,0,0,0,0,0,0,0,0
2002,61885,1,1,0,0,0,0,0,0,0,0,0,0
2002,61885,2,1,0,0,0,0,0,0,0,0,0,0
2002,61886,1,1,13,13,13,13,13,13,13,13,13,13
2002,61887,1,1,0,0,0,0,0,0,0,0,0,0
2002,61888,1,1,0,9,0,23,0,18,0,9,0,0
2002,61889,1,1,0,13,0,0,16,0,0,0,0,0
2002,61890,0,1,21,21,21,21,21,21,21,21,21,21
2002,61890,1,1,12,0,6,27,0,0,0,21,0,22
2002,61891,1,1,0,0,0,0,0,0,0,0,0,0
2002,61891,2,1,0,0,0,0,0,0,0,0,0,0
2002,61892,1,1,0,0,0,0,0,0,0,0,0,0
2002,61892,2,1,0,0,0,0,0,0,0,0,0,0
2002,61893,1,1,0,0,0,0,0,0,0,0,0,0
2002,61893,2,1,0,0,0,0,0,0,0,0,0,0
2002,61894,1,1,0,0,0,0,0,0,0,0,0,0
2002,61894,2,1,0,0,0,0,0,0,0,0,0,0
2002,61895,1,1,7,37,7,17,21,21,27,28,18,11
2002,61896,1,1,0,0,0,0,0,0,0,0,0,0
2002,61896,2,1,0,0,0,0,0,0,0,0,0,0
2002,61897,1,1,0,0,0,0,0,0,0,0,0,0
2002,61898,1,1,0,0,0,0,0,0,0,0,0,0
2002,61898,2,1,0,0,0,0,0,0,0,0,0,0
2002,61899,1,1,18,18,18,18,18,18,18,18,18,18
2002,61899,2,1,0,0,0,0,0,0,0,0,0,0
2002,61900,1,1,0,0,0,0,0,0,0,0,0,0
2002,61900,2,1,0,0,0,0,0,0,0,0,0,0
2002,61901,1,1,22,22,22,22,22,22,22,22,22,22
2002,61902,1,1,0,0,0,0,0,0,0,0,0,0
2002,61902,2,1,0,0,0,0,0,0,0,0,0,0
2002,61903,1,1,0,0,0,0,0,0,0,0,0,0
2002,61904,1,1,0,0,0,0,0,0,0,0,0,0
2002,61904,2,1,0,0,0,0,0,0,0,0,0,0
2002,61905,0,1,0,0,0,0,0,0,0,0,0,0
2002,61905,2,1,0,0,0,0,0,0,0,0,0,0
2002,61906,1,1,14,14,14,14,14,14,14,14,14,14
2002,61907,1,1,0,0,0,0,0,0,0,0,0,0
2002,61907,2,1,0,0,0,0,0,0,0,0,0,0
2002,61908,1,1,10,6,0,8,7,12,17,24,4,11
2002,61908,2,1,0,0,0,0,0,0,0,0,0,0
2002,61909,0,1,0,0,0,0,0,0,0,0,0,0
2002,61909,1,1,0,0,0,7,0,19,0,0,0,0
2002,61910,0,1,17,17,17,17,17,17,17,17,17,17
2002,61910,1,1,0,0,0,0,13,0,0,0,0,0
2002,61911,0,1,29,29,29,29,29,29,29,29,29,29
2002,61911,1,1,9,7,0,0,0,0,0,0,13,0
2002,61912,1,1,26,26,26,26,26,26,26,26,26,26
2002,61913,1,1,0,0,0,0,0,0,0,0,0,0
2002,61914,1,1,0,0,0,0,0,0,0,0,0,0
2002,61915,1,1,42,15,22,13,23,28,22,15,12,22
2002,61916,1,1,0,0,0,0,0,0,0,0,0,0
2002,61916,2,1,0,0,0,0,0,0,0,0,0,0
2002,61917,0,1,0,0,0,0,0,0,0,0,0,0
2002,61917,1,1,0,0,0,0,0,0,0,0,0,0
2002,61918,1,1,0,0,0,0,0,0,0,0,0,0
2002,61919,1,1,38,38,38,38,38,38,38,38,38,38
2002,61920,0,1,17,17,17,17,17,17,17,17,17,17
2002,61920,1,1,0,0,0,0,0,0,0,0,0,0
2002,61921,1,1,0,0,0,0,0,0,0,0,0,0
2002,61921,2,1,0,0,0,10,0,0,0,0,0,0
2002,61922,1,1,0,0,0,0,0,0,0,0,0,0
2002,61922,2,1,0,0,0,0,0,6,0,0,0,12
2002,61923,1,1,0,0,0,0,0,0,0,0,0,0
2002,61924,1,1,0,0,0,0,0,0,8,0,0,0
2002,61925,1,1,0,0,0,0,0,0,0,0,0,0
2002,61926,0,1,19,19,19,19,19,19,19,19,19,19
2002,61926,1,1,2,0,0,0,0,0,0,0,0,0
2002,61927,0,1,15,15,15,15,15,15,15,15,15,15
2002,61927,1,1,0,0,0,0,0,0,0,0,0,0
2002,61928,1,1,1,1,1,1,1,1,1,1,1,1
2002,61929,0,1,0,0,0,0,0,0,0,0,0,0
2002,61929,1,1,0,0,0,0,0,0,0,0,0,0
2002,61930,1,1,5,5,5,5,5,5,5,5,5,5
2002,61931,0,1,33,26,14,19,9,24,26,8,23,33
2002,61931,1,1,0,0,0,0,0,0,0,0,0,0
2002,61932,1,1,0,0,0,0,0,0,0,0,0,0
2002,61933,1,1,28,34,12,19,17,21,29,17,11,21
2002,61934,1,1,0,0,0,0,0,0,0,0,0,0
2002,61935,1,1,21,21,21,21,21,21,21,21,21,21
2002,61936,1,1,0,0,0,0,0,0,0,0,0,0
2002,61937,1,1,0,0,0,0,0,0,0,0,0,0
2002,61938,1,1,0,0,0,0,0,0,0,0,0,0
2002,61939,1,1,0,0,0,0,0,0,0,0,0,0
2002,61940,1,1,0,0,0,0,0,0,0,0,0,0
2002,61940,2,1,0,0,0,0,0,0,0,0,0,0
2002,61941,1,1,0,28,0,0,0,0,0,0,0,0
2002,61941,2,1,0,0,0,0,0,0,0,0,0,0
2002,61941,3,1,0,0,0,0,0,0,0,0,0,0
2002,61941,4,1,0,0,0,0,0,0,0,0,0,0
2002,61942,0,1,28,28,28,28,28,28,28,28,28,28
2002,61942,1,1,5,5,5,5,5,5,5,5,5,5
2002,61943,1,1,0,0,0,0,0,0,0,0,0,0
2002,61944,0,1,7,7,7,7,7,7,7,7,7,7
2002,61944,1,1,17,13,14,13,16,17,26,9,9,17
2002,61945,0,1,0,0,0,0,0,0,0,0,0,0
2002,61945,1,1,0,0,0,0,0,0,0,0,0,0
2002,61946,0,1,23,13,0,24,0,0,12,11,35,19
2002,61946,0,2,31,4,7,16,11,0,0,0,0,13
2002,61946,1,1,14,11,22,0,30,22,13,6,18,21
2002,61946,2,1,0,0,0,5,0,0,0,0,0,0
2002,61947,0,1,0,0,0,0,0,0,0,0,0,0
2002,61947,1,1,13,13,13,13,13,13,13,13,13,13
2002,61948,1,1,0,17,0,0,0,0,35,0,0,0
2002,61949,1,1,0,0,0,0,0,0,0,0,0,0
2002,61949,2,1,0,0,0,0,0,0,0,0,0,0
2002,61949,3,1,0,0,0,0,0,0,0,0,0,0
2002,61950,1,1,25,25,25,25,25,25,25,25,25,25
2002,61951,1,1,0,0,0,0,0,0,0,0,10,0
2002,61952,1,1,0,0,0,0,0,18,0,0,0,0
2002,61953,0,1,0,0,0,14,0,0,11,0,22,0
2002,61953,1,1,0,0,0,0,0,0,0,0,0,0
2002,61954,0,1,0,0,0,0,0,0,0,0,0,0
2002,61954,1,1,5,5,5,5,5,5,5,5,5,5
2002,61955,1,1,0,0,0,0,0,0,0,0,0,0
2002,61955,2,1,0,0,0,0,0,0,0,0,0,0
2002,61956,1,1,19,19,19,19,19,19,19,19,19,19
2002,61957,0,1,27,13,27,7,26,38,32,18,33,33
2002,61957,1,1,0,0,54,4,0,0,0,0,0,0
2002,61958,1,1,0,0,0,0,0,10,0,0,0,20
2002,61958,2,1,0,0,0,0,0,0,0,0,0,0
2002,61958,3,1,0,0,0,0,0,0,0,0,0,0
2002,61958,4,1,0,0,0,0,0,0,12,0,0,0
2002,61959,1,1,0,0,0,0,0,0,0,0,0,0
2002,61959,2,1,0,0,0,0,0,0,0,0,0,0
2002,61960,0,1,20,20,20,20,20,20,20,20,20,20
2002,61960,1,1,21,21,21,21,21,21,21,21,21,21
2002,61961,1,1,0,0,0,0,0,0,0,0,0,0
2002,61961,2,1,0,0,0,0,0,0,0,0,0,0
2002,61962,0,1,10,0,0,0,0,0,0,0,0,0
2002,61962,1,1,0,0,0,0,0,0,0,0,0,0
2002,61963,1,1,0,0,0,0,0,0,0,0,0,0
2002,61963,2,1,0,0,0,0,0,0,0,0,0,0
2002,61964,0,1,0,0,0,0,0,26,0,0,0,0
2002,61965,1,1,0,0,0,0,0,0,0,0,0,3
2002,61966,1,1,35,35,35,35,35,35,35,35,35,35
2002,61966,2,1,0,0,0,0,0,0,0,0,0,0
2002,61967,1,1,2,2,2,2,2,2,2,2,2,2
2002,61967,2,1,0,0,0,0,0,9,0,0,0,0
2002,61968,0,1,11,0,0,24,0,0,30,0,0,0
2002,61968,1,1,0,0,0,0,0,0,0,0,0,0
2002,61969,1,1,0,0,0,0,0,0,0,0,0,0
2002,61970,1,1,10,10,10,10,10,10,10,10,10,10
2002,61971,1,1,16,16,16,16,16,16,16,16,16,16
2002,61972,1,1,17,17,17,17,17,17,17,17,17,17
2002,61973,1,1,20,0,0,0,0,0,0,14,0,12
2002,61973,2,1,0,0,0,0,0,0,0,0,0,0
2002,61973,3,1,0,0,0,7,0,0,0,0,0,0
2002,61974,1,1,24,24,24,24,24,24,24,24,24,24
2002,61974,2,1,0,10,0,0,0,0,0,0,0,0
2002,61975,1,1,0,0,0,0,0,0,0,0,0,0
2002,61975,2,1,0,0,0,0,0,0,0,0,0,0
2002,61975,3,1,0,0,0,0,0,0,0,0,0,0
2002,61976,0,1,0,0,0,0,0,8,0,0,0,0
2002,61976,1,1,0,0,0,0,0,0,0,0,0,0
2002,61977,1,1,0,0,0,0,0,0,0,0,0,0
2002,61977,2,1,0,0,0,0,0,0,0,0,0,0
2002,61978,0,1,29,29,29,29,29,29,29,29,29,29
2002,61978,1,1,8,0,14,6,8,23,4,11,11,9
2002,61978,2,1,0,0,0,0,0,0,0,0,0,0
2002,61979,1,1,0,0,0,0,0,0,0,0,0,0
2002,61979,2,1,0,0,0,0,7,6,0,0,0,0
2002,61980,1,1,0,0,0,0,0,0,0,0,0,0
2002,61980,2,1,0,0,0,0,0,0,0,0,0,0
2002,61981,1,1,0,0,0,0,0,0,0,0,0,0
2002,61982,1,1,22,22,22,22,22,22,22,22,22,22
2002,61983,1,1,0,0,0,0,0,0,0,0,5,0
2002,61984,1,1,0,0,0,0,0,0,0,0,0,0
2002,61984,2,1,0,0,0,0,0,0,0,0,0,0
2002,61984,3,1,0,0,0,0,0,0,0,0,0,0
2002,61985,1,1,0,0,0,0,0,0,0,0,0,0
2002,61985,2,1,0,0,0,0,0,0,0,0,0,0
2002,61985,3,1,0,0,0,0,0,0,0,0,0,0
2002,61985,4,1,0,0,0,0,0,0,0,0,0,0
2002,61985,5,1,0,0,0,0,0,0,0,0,0,0
2002,61986,1,1,0,0,0,0,0,0,0,0,0,0
2002,61987,1,1,0,0,0,0,0,21,0,0,0,0
2002,61988,1,1,0,0,0,0,0,0,0,0,0,0
2002,61988,2,1,0,0,0,0,0,0,0,0,0,0
2002,61989,1,1,0,0,0,0,13,0,0,0,0,0
2002,61989,2,1,0,0,0,0,0,0,0,0,0,0
2002,61990,1,1,0,0,0,0,0,0,0,0,0,0
2002,61991,1,1,0,0,0,0,0,0,0,0,0,0
2002,61991,2,1,0,0,0,0,0,0,0,0,0,0
2002,61992,1,1,17,17,17,17,17,17,17,17,17,17
2002,61992,2,1,0,0,0,0,0,0,0,0,0,7
2002,61993,1,1,7,7,7,7,7,7,7,7,7,7
2002,61994,1,1,0,0,0,0,0,0,0,0,0,0
2002,61994,2,1,0,0,0,0,0,0,0,0,0,0
2002,61995,0,1,34,34,34,34,34,34,34,34,34,34
2002,61995,1,1,0,0,0,0,6,0,0,33,0,0
2002,61995,2,1,0,0,0,0,0,0,0,0,0,9
2002,61996,1,1,0,0,0,0,0,0,0,0,0,0
2002,61997,1,1,0,0,9,0,0,16,0,0,0,0
2002,61997,2,1,0,0,0,0,0,0,0,0,0,0
2002,61998,1,1,0,0,0,0,0,0,0,0,0,0
2002,61999,1,1,33,33,33,33,33,33,33,33,33,33
2002,62000,1,1,9,14,0,0,0,0,0,0,12,17
2002,62001,0,1,35,35,35,35,35,35,35,35,35,35
2002,62001,1,1,0,0,0,0,0,0,0,0,0,0
2002,62002,0,1,28,0,0,0,0,0,0,0,6,0
2002,62002,1,1,0,6,4,19,0,0,0,0,5,5
2002,62003,0,1,9,9,9,9,9,9,9,9,9,9
2002,62003,1,1,0,0,0,0,0,0,0,0,0,0
2002,62004,0,1,0,0,26,0,0,0,38,0,5,0
2002,62004,1,1,0,0,0,0,0,0,0,0,0,0
2002,62004,2,1,0,0,0,0,0,0,0,0,0,0
2002,62005,1,1,22,22,22,22,22,22,22,22,22,22
2002,62005,2,1,1,1,1,1,1,1,1,1,1,1
2002,62005,3,1,0,0,0,0,0,0,0,0,0,0
2002,62005,4,1,0,0,0,0,0,0,0,0,0,0
2002,62006,1,1,0,0,0,0,0,0,0,0,0,0
2002,62007,1,1,0,0,0,0,0,0,0,0,0,0
2002,62008,0,1,0,0,0,0,0,0,0,0,0,0
2002,62008,1,1,1,1,1,1,1,1,1,1,1,1
2002,62009,1,1,19,19,19,19,19,19,19,19,19,19
2002,62010,1,1,0,0,0,0,0,0,0,0,0,0
2002,62011,1,1,25,25,25,25,25,25,25,25,25,25
2002,62012,1,1,0,0,0,0,0,0,0,0,0,0
2002,62012,2,1,0,0,0,0,0,0,0,0,0,0
2002,62013,1,1,0,0,0,0,0,0,0,0,0,0
2002,62014,1,1,0,0,0,0,0,8,0,0,0,0
2002,62015,0,1,0,0,0,0,0,0,0,0,0,0
2002,62015,1,1,17,0,0,0,14,0,0,18,0,0
2002,62016,1,1,0,0,0,0,0,0,6,0,0,0
2002,62016,2,1,0,0,0,0,0,0,0,0,0,0
2002,62017,1,1,10,10,10,10,10,10,10,10,10,10
2002,62017,2,1,0,0,0,0,0,0,0,0,0,0
2002,62018,1,1,0,0,0,0,16,0,0,0,0,0
2002,62018,2,1,0,0,0,0,0,0,0,0,0,0
2002,62019,0,1,9,9,9,9,9,9,9,9,9,9
2002,62019,1,1,18,0,0,0,0,0,13,9,0,0
2002,62020,1,1,14,12,26,0,25,16,25,4,22,3
2002,62021,1,1,0,0,0,0,0,0,0,0,0,0
2002,62021,2,1,0,0,0,0,0,0,0,0,0,0
2002,62022,0,1,0,0,0,0,0,0,0,0,0,0
2002,62022,0,2,0,0,0,0,0,0,0,21,0,0
2002,62022,1,1,0,0,0,0,0,0,0,0,0,0
2002,62023,1,1,0,0,0,0,0,0,0,0,0,0
2002,62024,1,2,0,9,0,25,7,9,12,0,9,0
2002,62025,1,1,0,0,0,0,0,0,0,0,0,0
2002,62025,2,1,0,0,0,0,0,0,0,0,0,0
2002,62026,1,1,0,0,0,0,0,0,0,0,0,0
2002,62027,0,1,0,0,0,0,0,0,0,0,0,0
2002,62027,1,1,0,33,0,0,13,0,0,0,0,0
2002,62027,2,1,33,20,28,7,0,0,0,0,11,0
2002,62028,1,1,30,30,30,30,30,30,30,30,30,30
2002,62028,2,1,0,14,0,0,0,25,0,0,0,0
2002,62029,1,4,0,0,6,0,0,18,25,10,17,20
2002,62030,1,1,0,0,0,0,6,0,8,0,0,0
2002,62030,2,1,0,14,0,0,0,0,0,0,0,0
2002,62031,1,1,0,0,24,0,13,0,20,0,0,0
2002,62032,1,1,0,0,0,0,0,0,0,0,15,0
2002,62032,2,1,0,0,0,0,0,0,0,0,0,0
2002,62033,1,1,0,0,0,0,0,0,0,0,0,0
2002,62033,2,1,0,0,0,0,0,0,0,0,0,0
2002,62034,1,1,0,0,0,0,0,0,0,0,0,0
2002,62035,1,1,29,0,0,0,0,0,13,0,0,0
2002,62035,2,1,0,0,0,0,0,0,0,0,0,0
2002,62035,3,1,0,0,0,0,0,0,0,0,0,0
2002,62035,4,1,0,0,0,0,0,0,0,0,0,0
2002,62035,5,1,0,0,0,0,0,0,0,0,0,0
2002,62036,1,1,0,0,0,0,0,0,0,0,0,0
2002,62036,2,1,0,0,0,0,0,0,0,0,0,0
2002,62037,1,1,0,0,0,0,0,0,0,0,0,0
2002,62037,2,1,0,0,0,0,0,0,0,0,0,0
2002,62038,0,1,8,8,8,8,8,8,8,8,8,8
2002,62038,1,1,0,0,0,0,0,0,0,0,0,0
2002,62039,1,1,0,0,0,0,0,0,0,0,0,0
2002,62039,2,1,0,17,0,0,0,0,12,0,0,0
2002,62040,0,1,0,0,0,0,0,0,0,0,0,0
2002,62040,1,1,0,0,0,0,12,0,0,0,0,0
2002,62041,1,1,0,0,0,0,0,0,0,0,0,0
2002,62041,2,1,0,0,0,0,0,0,0,0,0,0
2002,62042,1,1,0,0,0,0,0,0,0,0,0,0
2002,62042,2,1,0,0,0,0,0,0,0,0,0,0
2002,62043,1,1,0,0,0,0,0,0,0,0,0,0
2002,62043,2,1,0,16,0,0,0,6,0,0,0,0
2002,62043,3,1,12,0,0,0,0,0,0,0,0,5
2002,62044,0,1,0,0,0,0,0,0,0,0,0,0
2002,62044,1,1,0,0,0,0,0,0,0,0,2,0
2002,62044,2,1,28,0,0,0,0,0,0,0,0,0
2002,62045,1,1,0,0,0,0,0,0,0,0,0,0
2002,62045,2,1,0,0,0,0,0,0,0,0,0,0
2002,62046,0,1,0,0,0,0,0,0,0,0,0,0
2002,62046,1,1,0,0,0,0,0,0,0,0,0,0
2002,62047,1,1,3,3,3,3,3,3,3,3,3,3
2002,62047,2,1,0,0,0,0,0,0,0,0,0,0
2002,62048,1,1,0,0,0,0,0,0,0,0,0,0
2002,62048,2,1,0,0,0,0,0,0,0,0,0,0
2002,62049,1,1,0,0,0,0,0,0,0,0,0,0
2002,62050,1,1,0,0,0,0,0,0,0,0,0,0
2002,62050,2,1,0,0,0,0,0,0,0,0,0,0
2002,62051,1,1,0,0,0,0,0,0,0,0,0,0
2002,62052,1,1,2,2,2,2,2,2,2,2,2,2
2002,62052,2,1,0,0,0,0,0,0,0,0,0,0
2002,62053,1,1,0,0,0,0,0,0,0,0,0,0
2002,62053,2,1,0,0,0,0,0,0,0,0,0,0
2002,62054,1,1,18,0,0,0,0,0,0,0,0,0
2002,62054,2,1,0,0,0,0,0,0,0,0,0,0
2002,62055,1,1,0,0,0,0,0,0,0,0,0,0
2002,62056,1,1,0,0,0,0,0,0,0,0,0,0
2002,62056,2,1,0,0,7,0,0,22,0,0,0,0
2002,62057,1,1,24,24,24,24,24,24,24,24,24,24
2002,62058,1,1,4,4,4,4,4,4,4,4,4,4
2002,62059,1,1,0,0,0,0,0,0,0,0,0,0
2002,62060,0,1,0,0,0,0,0,0,0,0,0,0
2002,62060,1,1,0,0,0,0,0,0,0,0,0,0
2002,62061,1,1,6,6,6,6,6,6,6,6,6,6
2002,62061,2,1,22,22,22,22,22,22,22,22,22,22
2002,62062,1,1,1,1,1,1,1,1,1,1,1,1
2002,62062,2,1,0,0,0,0,0,0,0,0,0,0
2002,62063,1,1,0,0,0,0,0,0,0,0,0,0
2002,62064,1,1,0,0,0,0,0,0,0,0,0,0
2002,62065,1,1,0,15,0,0,0,0,0,0,0,0
2002,62066,0,1,0,0,0,0,0,0,0,0,0,0
2002,62066,1,1,19,0,23,9,0,0,0,0,0,9
2002,62067,1,1,0,0,0,0,0,0,0,0,0,0
2002,62067,2,1,0,0,0,0,0,0,19,0,0,0
2002,62068,1,1,0,0,0,0,0,0,0,0,0,0
2002,62068,2,1,0,0,0,0,0,0,0,0,0,0
2002,62069,1,1,0,0,0,0,0,0,0,0,0,0
2002,62069,2,1,0,0,0,0,0,0,0,0,0,0
2002,62070,1,1,15,0,0,0,13,0,0,0,0,0
2002,62070,2,1,0,0,0,0,0,0,0,0,0,0
2002,62070,3,1,0,0,0,0,0,0,0,0,0,0
2002,62071,1,1,0,0,0,4,0,0,0,0,0,0
2002,62071,2,1,2,2,2,2,2,2,2,2,2,2
2002,62072,1,1,0,0,0,0,0,0,0,0,0,0
2002,62072,2,1,0,0,0,0,0,0,0,0,0,0
2002,62073,1,1,0,0,0,0,0,0,0,0,0,0
2002,62073,2,1,0,0,0,0,0,0,0,0,0,0
2002,62074,1,1,5,5,5,5,5,5,5,5,5,5
2002,62074,2,1,0,0,0,0,0,0,0,0,0,0
2002,62075,1,1,0,0,0,0,0,0,0,0,0,0
2002,62075,2,1,0,16,14,0,0,0,0,12,3,0
2002,62076,1,1,0,0,0,0,0,0,0,0,0,0
2002,62076,2,1,0,0,0,0,0,0,0,0,0,0
2002,62077,1,1,0,0,0,0,0,0,0,0,0,0
2002,62078,1,1,0,0,0,0,0,0,0,0,0,0
2002,62079,1,1,0,0,0,0,0,0,0,0,0,0
2002,62080,1,1,3,12,7,17,12,14,23,18,25,24
2002,62081,1,1,8,0,0,0,0,0,0,0,13,0
2002,62081,3,1,0,0,0,0,0,0,0,0,0,0
2002,62082,1,1,0,0,0,0,0,0,0,0,0,0
2002,62083,1,1,0,0,0,0,0,0,0,0,0,0
2002,62083,2,1,0,0,0,0,0,0,0,0,0,0
2002,62084,1,1,0,0,0,0,0,0,0,0,0,0
2002,62084,2,1,0,0,0,0,0,0,0,0,0,0
2002,62085,1,1,16,16,16,16,16,16,16,16,16,16
2002,62086,1,1,26,26,26,26,26,26,26,26,26,26
2002,62087,1,1,0,0,0,0,0,0,0,0,0,0
2002,62087,2,1,0,0,0,0,0,0,0,0,0,0
2002,62087,3,1,0,0,0,0,0,0,0,0,0,0
2002,62088,1,1,8,8,8,8,8,8,8,8,8,8
2002,62089,1,1,0,11,6,0,8,18,6,11,0,0
2002,62090,0,1,0,0,0,0,0,0,0,0,0,0
2002,62090,0,2,0,0,0,0,0,0,0,0,0,0
2002,62090,1,1,0,0,0,0,0,0,0,0,0,0
2002,62091,1,1,22,22,22,22,22,22,22,22,22,22
2002,62092,1,1,7,7,7,7,7,7,7,7,7,7
2002,62093,0,1,10,10,10,10,10,10,10,10,10,10
2002,62093,1,1,0,0,0,0,0,0,0,13,0,0
2002,62094,1,1,0,0,0,0,0,0,0,0,0,0
2002,62095,1,1,0,0,0,0,0,0,0,0,0,0
2002,62095,2,1,0,0,0,0,0,0,0,0,0,0
2002,62095,3,1,0,0,0,0,0,0,0,0,0,0
2002,62096,1,1,0,13,0,21,0,0,0,0,29,22
2002,62097,1,1,13,0,0,0,0,18,0,0,0,0
2002,62098,1,1,17,12,9,0,15,0,20,0,9,0
2002,62099,1,1,36,36,36,36,36,36,36,36,36,36
2002,62100,0,1,0,0,0,0,0,0,0,0,0,0
2002,62100,1,1,0,0,0,0,0,0,0,0,0,0
2002,62101,1,1,0,0,0,18,1,14,22,13,5,0
2002,62101,2,1,0,0,0,0,0,0,0,0,7,8
2002,62102,1,1,22,10,8,0,5,25,23,23,9,29
2002,62102,2,1,0,0,0,0,22,0,0,0,0,0
2002,62103,0,1,20,23,28,25,0,16,10,33,34,36
2002,62103,1,1,0,0,0,21,0,0,0,13,4,10
2002,62104,1,1,0,0,0,0,0,0,0,0,0,0
2002,62105,1,1,0,0,0,0,0,0,0,0,0,0
2002,62105,2,1,0,0,0,0,0,0,0,7,0,0
2002,62106,1,1,0,0,0,0,0,0,0,0,0,0
2002,62107,1,1,25,25,25,25,25,25,25,25,25,25
2002,62108,1,1,0,0,0,0,0,0,0,0,0,0
2002,62109,1,1,0,0,0,0,0,0,0,0,0,0
2002,62109,2,1,0,0,0,0,0,0,0,0,0,0
2002,62110,1,1,0,0,0,0,0,23,0,0,0,0
2002,62110,2,1,0,0,0,0,0,0,0,0,0,0
2002,62111,1,1,0,0,0,0,0,0,0,0,0,0
2002,62112,1,1,5,5,5,5,5,5,5,5,5,5
2002,62113,1,1,0,0,0,0,0,0,0,0,0,0
2002,62113,2,1,0,0,0,0,0,0,0,0,0,0
2002,62114,1,1,0,0,0,0,0,0,0,0,0,0
2002,62115,1,1,0,0,0,0,0,0,0,0,0,0
2002,62116,1,1,9,9,9,9,9,9,9,9,9,9
2002,62117,1,1,0,0,0,0,0,0,0,0,0,0
2002,62118,0,1,0,0,0,0,0,0,0,0,0,0
2002,62118,1,1,15,6,0,4,0,19,0,4,0,8
2002,62119,1,1,6,6,6,6,6,6,6,6,6,6
2002,62119,2,1,0,0,0,0,0,0,0,0,0,0
2002,62120,1,1,0,0,0,0,0,0,0,0,0,0
2002,62120,2,1,0,23,0,0,22,7,25,32,17,0
2002,62121,1,1,0,0,0,0,0,0,0,0,0,0
2002,62121,2,1,0,0,0,0,0,0,0,0,0,0
2002,62122,0,1,0,0,0,0,0,0,0,0,0,0
2002,62123,1,1,0,0,0,0,0,0,0,0,0,0