YEAR,ST_CASE,veh_no,per_no,P1,P2,P3,P4,P5,P6,P7,P8,P9,P10
2002,62123,2,1,0,0,0,0,0,0,0,0,0,0
2002,62124,1,1,0,0,0,0,0,0,9,0,0,0
2002,62125,1,1,16,16,16,16,16,16,16,16,16,16
2002,62126,1,1,0,0,0,0,0,0,0,0,0,0
2002,62126,2,1,0,0,0,0,0,0,0,0,0,0
2002,62127,1,1,0,0,0,0,0,0,0,0,0,0
2002,62127,2,1,0,0,0,0,0,0,0,0,0,0
2002,62128,1,1,7,7,7,7,7,7,7,7,7,7
2002,62128,2,1,0,0,0,0,0,0,0,0,0,0
2002,62129,1,1,11,9,4,15,10,10,13,4,0,0
2002,62129,2,1,0,0,0,0,0,0,0,0,0,0
2002,62130,1,1,0,0,0,0,0,0,0,0,0,0
2002,62130,2,1,0,0,0,0,0,0,0,0,0,0
2002,62131,1,1,0,0,0,0,0,0,0,0,0,0
2002,62131,2,1,0,0,0,0,0,0,0,0,0,0
2002,62131,3,1,0,0,0,0,0,0,0,0,0,0
2002,62132,1,1,23,23,23,23,23,23,23,23,23,23
2002,62133,0,1,0,0,0,0,0,0,0,0,0,0
2002,62133,1,1,0,0,0,0,0,0,0,0,0,0
2002,62134,0,1,0,0,0,0,0,0,0,0,0,0
2002,62134,0,2,0,0,0,0,0,0,0,0,0,0
2002,62134,1,1,25,18,4,27,12,16,15,14,19,15
2002,62135,1,1,14,14,14,14,14,14,14,14,14,14
2002,62136,0,1,9,9,9,9,9,9,9,9,9,9
2002,62136,1,1,16,16,16,16,16,16,16,16,16,16
2002,62137,1,1,0,0,0,0,0,0,0,0,0,0
2002,62138,1,1,0,0,0,0,0,0,0,0,0,0
2002,62139,1,1,0,0,0,3,0,0,0,0,0,12
2002,62140,1,1,17,17,17,17,17,17,17,17,17,17
2002,62141,1,1,18,18,18,18,18,18,18,18,18,18
2002,62142,1,1,3,3,3,3,3,3,3,3,3,3
2002,62143,1,1,0,0,0,0,0,0,0,0,0,0
2002,62143,2,1,0,0,0,0,0,0,0,0,0,0
2002,62144,1,1,18,18,18,18,18,18,18,18,18,18
2002,62144,2,1,0,0,0,0,0,0,0,0,0,11
2002,62144,3,1,0,9,0,0,0,0,19,0,0,0
2002,62145,0,1,0,0,0,0,0,8,0,0,0,0
2002,62145,0,2,0,0,0,0,0,0,0,0,0,0
2002,62145,1,1,0,0,0,0,0,0,0,0,0,0
2002,62146,1,1,0,0,0,0,0,0,0,0,0,0
2002,62146,2,1,0,31,0,0,0,0,0,0,0,0
2002,62146,3,1,0,0,0,0,0,0,0,0,0,0
2002,62147,0,1,0,0,0,11,0,24,0,11,0,0
2002,62147,1,1,0,0,0,0,0,0,0,0,0,0
2002,62148,1,1,0,0,0,0,0,0,0,0,0,0
2002,62149,1,1,30,30,30,30,30,30,30,30,30,30
2002,62149,2,1,0,34,0,0,0,0,0,0,0,0
2002,62150,0,1,0,0,0,0,0,0,0,0,0,0
2002,62150,1,1,0,0,0,0,0,0,0,0,0,0
2002,62151,1,1,0,0,0,0,0,0,0,0,0,0
2002,62151,2,1,0,0,0,0,0,0,0,0,0,0
2002,62152,1,1,3,3,3,3,3,3,3,3,3,3
2002,62153,1,1,13,13,13,13,13,13,13,13,13,13
2002,62154,1,1,0,0,0,0,0,0,0,0,0,0
2002,62154,2,1,0,0,0,0,0,0,0,0,0,0
2002,62154,3,1,0,0,0,0,0,0,0,0,0,0
2002,62154,4,1,0,0,0,0,0,0,0,0,0,0
2002,62154,5,1,0,0,0,0,0,0,0,0,0,0
2002,62155,1,1,20,20,20,20,20,20,20,20,20,20
2002,62155,2,1,0,0,0,0,0,0,19,0,0,0
2002,62155,3,1,14,0,12,0,0,0,12,0,0,0
2002,62156,1,1,0,0,0,0,0,0,0,0,0,0
2002,62156,2,1,0,0,0,0,0,0,0,0,10,18
2002,62156,3,1,0,0,0,0,0,0,0,0,0,0
2002,62157,1,1,0,0,0,0,0,0,0,0,0,0
2002,62158,1,1,0,0,0,0,0,0,0,0,0,0
2002,62158,2,1,0,0,0,0,0,0,0,0,0,0
2002,62159,1,1,8,8,8,8,8,8,8,8,8,8
2002,62159,2,1,0,0,11,0,0,0,0,0,0,0
2002,62160,0,1,0,0,0,0,0,0,0,0,0,0
2002,62160,0,2,0,0,0,0,5,0,0,0,0,0
2002,62160,1,1,0,11,0,0,0,0,0,0,0,0
2002,62161,0,1,0,0,0,0,0,0,0,0,0,0
2002,62161,0,2,0,0,0,26,0,29,18,0,0,0
2002,62161,0,3,0,0,0,0,0,0,0,0,0,0
2002,62161,0,4,0,0,0,0,0,0,0,0,0,0
2002,62161,0,5,17,16,15,10,0,0,0,11,17,8
2002,62161,1,1,21,21,21,21,21,21,21,21,21,21
2002,62163,1,1,0,0,0,0,0,0,0,16,0,0
2002,62164,1,1,20,20,20,20,20,20,20,20,20,20
2002,62164,2,1,0,0,0,0,0,0,0,0,0,0
2002,62165,1,1,15,15,15,15,15,15,15,15,15,15
2002,62165,2,1,5,5,5,5,5,5,5,5,5,5
2002,62166,1,1,0,11,0,0,0,14,0,12,0,9
2002,62167,1,1,0,0,0,0,0,0,0,0,0,0
2002,62168,1,1,0,0,0,0,0,0,0,0,0,0
2002,62169,1,1,19,20,16,15,12,20,6,17,13,14
2002,62169,2,1,3,3,3,3,3,3,3,3,3,3
2002,62170,1,1,0,0,0,0,0,0,0,0,0,0
2002,62170,2,1,0,0,0,0,0,0,0,0,0,0
2002,62171,1,1,0,0,0,0,0,0,0,0,0,0
2002,62171,2,1,0,0,0,0,0,0,0,0,0,0
2002,62171,3,1,0,0,0,0,14,0,0,0,0,0
2002,62172,1,1,0,0,0,0,0,0,0,0,0,0
2002,62173,0,1,2,2,2,2,2,2,2,2,2,2
2002,62173,1,1,0,0,0,0,0,0,0,0,0,0
2002,62174,1,1,0,0,0,0,0,0,0,0,0,0
2002,62174,2,1,0,0,0,0,0,0,0,0,0,0
2002,62175,1,1,6,6,6,6,6,6,6,6,6,6
2002,62176,1,1,0,0,0,0,0,0,0,0,0,0
2002,62176,2,1,0,0,0,0,0,0,0,0,0,0
2002,62177,1,1,0,0,0,12,0,0,0,0,0,0
2002,62178,1,1,0,0,0,0,0,0,27,0,0,0
2002,62179,1,1,0,0,0,0,0,0,0,0,0,0
2002,62180,1,1,0,0,0,0,0,0,0,0,0,0
2002,62180,2,1,0,0,0,0,0,0,0,0,0,0
2002,62181,1,1,42,42,42,42,42,42,42,42,42,42
2002,62182,1,1,10,10,10,10,10,10,10,10,10,10
2002,62182,2,1,0,0,0,0,0,5,0,0,24,0
2002,62183,1,1,0,0,0,0,0,0,0,0,0,0
2002,62184,1,1,0,0,0,0,0,0,0,0,0,0
2002,62184,2,1,0,0,0,0,0,0,0,0,0,0
2002,62185,1,1,0,0,0,0,0,0,0,0,0,0
2002,62185,2,1,0,21,0,0,0,0,0,0,0,0
2002,62186,1,1,0,0,0,0,0,0,0,0,0,0
2002,62186,2,1,0,0,0,0,0,0,0,0,0,0
2002,62187,1,1,0,0,0,0,0,0,0,0,0,0
2002,62187,2,1,0,0,0,0,0,0,0,0,0,0
2002,62188,1,1,0,0,0,0,0,0,0,0,0,0
2002,62189,1,1,14,14,14,14,14,14,14,14,14,14
2002,62190,1,1,13,13,13,13,13,13,13,13,13,13
2002,62191,1,1,0,0,0,0,0,0,0,0,0,0
2002,62191,2,1,0,0,0,0,0,0,0,0,0,0
2002,62192,1,1,4,4,4,4,4,4,4,4,4,4
2002,62193,1,1,0,0,0,0,0,0,0,0,0,0
2002,62193,2,1,0,0,0,0,0,0,0,0,0,0
2002,62194,1,1,0,0,0,0,0,0,0,0,0,0
2002,62194,2,1,0,0,0,0,0,0,0,0,0,0
2002,62195,1,1,0,0,0,0,0,0,0,0,0,0
2002,62195,2,1,0,0,0,0,0,0,0,0,0,0
2002,62196,0,1,0,0,0,0,0,0,0,0,0,0
2002,62196,1,1,0,0,0,0,0,0,0,0,0,0
2002,62197,0,1,0,0,0,0,0,0,0,0,0,0
2002,62197,1,1,0,0,0,0,0,0,0,0,0,0
2002,62198,1,1,0,0,0,0,0,0,0,0,0,0
2002,62199,1,1,0,0,0,0,0,0,0,0,0,0
2002,62200,0,1,0,0,0,0,0,0,0,0,0,0
2002,62200,0,2,40,2,0,22,0,0,18,11,0,0
2002,62200,0,3,0,0,0,0,0,0,0,0,0,0
2002,62200,0,4,0,0,0,0,0,0,0,0,0,0
2002,62200,1,1,0,0,0,0,0,0,0,0,0,0
2002,62201,0,1,0,0,0,0,0,0,0,0,0,0
2002,62201,1,1,14,14,14,14,14,14,14,14,14,14
2002,62202,1,1,0,0,0,0,0,0,0,0,0,0
2002,62202,2,1,0,0,0,0,0,0,0,0,0,0
2002,62203,1,1,0,0,0,0,0,0,0,0,0,0
2002,62204,1,1,0,0,0,0,0,0,0,0,0,0
2002,62204,2,1,0,0,0,0,0,0,0,0,0,0
2002,62205,0,1,11,0,0,0,0,0,0,0,0,0
2002,62205,1,1,0,0,0,0,0,0,0,0,0,0
2002,62205,2,1,0,0,0,0,0,0,0,0,0,0
2002,62206,1,1,12,12,12,12,12,12,12,12,12,12
2002,62206,2,1,0,0,0,0,0,0,0,0,0,0
2002,62207,1,1,0,0,0,0,0,0,0,0,0,0
2002,62208,1,1,19,19,19,19,19,19,19,19,19,19
2002,62208,2,1,0,0,0,0,0,0,0,0,0,0
2002,62208,3,1,0,0,0,0,0,0,0,0,0,0
2002,62209,1,1,0,0,0,0,0,0,0,0,0,0
2002,62210,1,1,0,0,0,0,0,0,0,0,0,0
2002,62210,2,1,0,0,0,0,0,0,0,0,0,0
2002,62211,1,1,0,0,0,0,0,0,0,0,0,0
2002,62212,1,1,0,0,0,0,0,15,13,0,0,0
2002,62213,1,1,0,0,0,0,0,0,0,0,0,0
2002,62213,2,1,0,0,0,0,0,0,0,0,0,0
2002,62214,0,1,0,0,0,0,0,0,0,0,0,0
2002,62214,2,1,0,0,0,0,0,0,0,0,0,0
2002,62215,0,1,0,0,0,0,0,0,0,0,0,0
2002,62215,1,1,0,0,0,0,0,0,0,0,0,0
2002,62216,1,1,28,28,28,28,28,28,28,28,28,28
2002,62216,2,1,0,0,0,0,0,0,0,0,0,0
2002,62217,1,1,24,24,24,24,24,24,24,24,24,24
2002,62218,1,1,0,0,0,0,0,0,0,0,0,0
2002,62219,0,1,2,2,2,2,2,2,2,2,2,2
2002,62219,1,1,0,0,0,0,0,0,0,0,0,0
2002,62220,1,1,0,0,0,0,0,0,0,0,0,0
2002,62221,1,1,13,13,13,13,13,13,13,13,13,13
2002,62222,0,1,0,0,0,0,0,0,0,0,0,0
2002,62222,1,1,14,0,19,0,20,11,12,0,13,24
2002,62223,1,1,0,0,0,0,0,0,0,0,0,0
2002,62224,1,1,0,0,0,0,0,0,0,0,0,0
2002,62225,0,1,0,0,0,0,0,0,0,0,0,0
2002,62225,1,1,10,0,0,0,0,0,0,0,0,0
2002,62226,1,1,23,23,23,23,23,23,23,23,23,23
2002,62227,1,1,16,16,16,16,16,16,16,16,16,16
2002,62227,2,1,0,0,0,0,0,0,0,0,0,0
2002,62228,1,1,0,0,0,0,0,0,0,0,0,0
2002,62228,2,1,0,0,0,0,0,0,0,0,0,0
2002,62229,0,1,0,0,0,0,0,0,0,0,0,0
2002,62229,1,1,0,0,0,0,0,0,0,0,0,0
2002,62230,1,1,20,20,20,20,20,20,20,20,20,20
2002,62230,2,1,13,18,0,0,0,0,0,5,0,9
2002,62230,3,1,13,4,0,16,0,11,0,0,3,0
2002,62231,1,1,13,13,13,13,13,13,13,13,13,13
2002,62232,1,1,0,0,0,0,0,0,0,0,0,0
2002,62232,2,1,0,0,0,0,0,0,0,0,0,0
2002,62233,0,1,18,18,18,18,18,18,18,18,18,18
2002,62233,0,2,0,7,19,11,0,0,0,0,10,5
2002,62233,0,3,0,11,14,13,0,0,0,0,0,0
2002,62233,1,1,0,0,0,0,0,0,11,26,0,0
2002,62234,1,1,11,11,11,11,11,11,11,11,11,11
2002,62235,1,1,15,15,15,15,15,15,15,15,15,15
2002,62235,2,1,6,6,6,6,6,6,6,6,6,6
2002,62236,1,1,0,0,0,0,0,0,0,0,0,0
2002,62236,2,1,0,0,0,0,0,0,0,0,0,0
2002,62236,3,1,0,0,0,0,0,0,0,0,0,0
2002,62236,4,1,0,0,0,0,0,0,0,8,0,0
2002,62237,1,1,0,0,0,0,0,0,0,0,0,0
2002,62237,2,1,0,0,0,0,0,0,0,0,0,0
2002,62238,1,1,0,0,0,0,0,0,0,0,0,0
2002,62238,2,1,0,0,0,0,0,20,0,0,0,0
2002,62239,1,1,0,0,0,0,0,22,0,0,0,0
2002,62240,1,1,20,20,20,20,20,20,20,20,20,20
2002,62240,2,1,0,22,0,0,0,0,0,0,0,0
2002,62241,1,1,0,0,0,0,0,0,0,0,0,0
2002,62242,1,1,20,20,20,20,20,20,20,20,20,20
2002,62243,1,1,0,0,0,0,0,0,0,0,0,0
2002,62244,1,1,14,14,14,14,14,14,14,14,14,14
2002,62245,1,1,16,16,16,16,16,16,16,16,16,16
2002,62245,2,1,0,0,0,0,0,0,0,0,0,0
2002,62246,1,1,2,2,2,2,2,2,2,2,2,2
2002,62246,2,1,0,0,10,0,0,0,0,0,0,0
2002,62247,1,1,0,0,0,0,0,0,0,0,0,0
2002,62247,2,1,0,0,0,0,0,0,0,0,10,16
2002,62248,1,1,0,0,0,0,0,0,0,0,0,0
2002,62248,2,1,0,0,0,22,0,0,0,0,0,0
2002,62249,1,1,19,0,0,0,0,0,0,0,0,0
2002,62249,2,1,0,0,0,0,0,0,0,0,0,0
2002,62250,1,1,1,1,1,1,1,1,1,1,1,1
2002,62251,1,1,0,0,0,0,0,0,0,0,0,0
2002,62251,2,1,0,0,0,0,0,0,0,0,0,0
2002,62252,1,1,16,3,15,6,22,19,9,11,19,23
2002,62253,0,1,16,16,16,16,16,16,16,16,16,16
2002,62253,1,1,1,1,1,1,1,1,1,1,1,1
2002,62254,1,1,0,0,0,0,0,0,0,0,0,0
2002,62255,1,1,14,14,14,14,14,14,14,14,14,14
2002,62256,0,1,0,0,0,0,0,0,0,0,0,0
2002,62256,1,1,0,0,0,0,0,0,0,0,0,0
2002,62257,1,1,11,11,11,11,11,11,11,11,11,11
2002,62258,1,1,14,14,14,14,14,14,14,14,14,14
2002,62259,0,1,0,0,0,0,0,0,0,0,0,0
2002,62259,1,1,0,0,0,0,0,0,0,0,0,0
2002,62260,0,1,0,0,0,0,0,0,0,0,0,0
2002,62260,1,1,0,0,0,13,0,0,0,0,0,0
2002,62261,1,1,0,22,0,0,0,21,0,26,0,0
2002,62262,1,1,7,7,7,7,7,7,7,7,7,7
2002,62262,2,1,0,0,0,0,0,0,27,0,0,0
2002,62263,0,1,18,12,0,0,0,8,0,11,0,14
2002,62263,0,2,32,0,33,31,0,0,0,24,34,0
2002,62263,1,1,0,0,0,0,0,0,0,0,0,11
2002,62264,1,1,0,0,0,0,0,0,0,0,0,0
2002,62264,2,1,0,0,0,0,0,0,0,0,0,0
2002,62265,1,1,0,0,0,0,0,0,0,0,0,0
2002,62265,2,1,0,0,0,0,0,0,13,0,4,0
2002,62266,1,1,0,0,0,0,0,0,0,0,0,0
2002,62266,2,1,0,0,0,0,0,0,0,0,0,0
2002,62267,1,1,17,17,17,17,17,17,17,17,17,17
2002,62267,2,1,0,10,28,0,0,6,10,0,0,0
2002,62268,1,1,0,0,0,0,0,0,0,0,0,0
2002,62269,1,1,0,0,0,0,0,0,0,0,0,0
2002,62270,1,1,0,0,0,0,0,0,0,0,0,0
2002,62271,1,1,15,15,15,15,15,15,15,15,15,15
2002,62272,1,1,0,0,0,0,0,0,0,0,0,0
2002,62273,1,1,19,19,19,19,19,19,19,19,19,19
2002,62274,1,1,0,0,0,0,0,0,0,0,0,0
2002,62274,2,1,0,0,0,10,0,0,0,0,0,0
2002,62275,1,1,17,17,17,17,17,17,17,17,17,17
2002,62276,1,1,0,0,0,0,0,0,0,0,0,0
2002,62276,2,1,0,0,0,0,0,0,0,0,0,0
2002,62277,1,1,26,26,26,26,26,26,26,26,26,26
2002,62277,2,1,0,0,0,0,0,0,0,0,0,0
2002,62278,1,1,18,18,18,18,18,18,18,18,18,18
2002,62278,2,1,6,0,0,0,0,0,0,27,0,0
2002,62278,3,1,0,27,0,0,0,21,0,0,0,9
2002,62279,1,1,14,14,14,14,14,14,14,14,14,14
2002,62280,0,1,0,0,0,0,0,0,0,0,0,0
2002,62280,1,1,0,0,0,0,0,0,0,0,0,0
2002,62281,0,1,0,0,0,0,0,0,0,0,0,0
2002,62281,1,1,0,0,0,0,0,0,0,0,0,0
2002,62282,0,1,0,0,0,0,0,0,0,0,0,0
2002,62282,1,1,0,0,0,0,0,0,0,0,0,0
2002,62283,1,1,0,0,0,0,0,0,0,0,0,0
2002,62283,2,1,0,0,0,0,0,0,0,0,0,0
2002,62283,3,1,0,0,0,0,0,0,0,0,0,0
2002,62284,0,1,13,13,13,13,13,13,13,13,13,13
2002,62284,1,1,0,0,0,0,0,0,0,0,0,0
2002,62285,0,1,0,0,0,0,0,0,0,0,0,0
2002,62285,1,1,0,0,0,0,0,0,0,0,0,0
2002,62286,1,1,0,0,0,0,0,0,0,0,0,0
2002,62287,1,1,0,5,0,0,0,0,0,0,0,0
2002,62287,2,1,14,7,21,10,6,0,20,21,27,4
2002,62288,1,1,0,0,0,0,0,0,0,0,0,0
2002,62288,2,1,0,0,0,0,0,0,0,0,0,0
2002,62288,3,1,0,0,0,0,0,0,0,0,0,0
2002,62288,4,1,0,0,0,0,0,0,0,0,0,0
2002,62289,0,1,17,17,17,17,17,17,17,17,17,17
2002,62289,1,1,0,0,0,0,0,0,0,0,4,0
2002,62290,1,1,0,0,0,0,0,0,0,0,0,0
2002,62290,2,1,0,0,0,0,0,0,0,0,0,0
2002,62291,1,1,0,0,9,0,0,0,0,0,0,0
2002,62292,0,1,0,0,0,0,0,0,0,0,0,0
2002,62292,1,1,0,0,0,0,0,0,0,0,0,0
2002,62293,1,1,18,18,18,18,18,18,18,18,18,18
2002,62293,2,1,0,0,0,0,0,0,0,0,0,0
2002,62294,1,1,0,0,0,0,0,0,0,0,0,0
2002,62294,2,1,5,14,0,0,0,0,0,0,0,5
2002,62295,1,1,5,5,5,5,5,5,5,5,5,5
2002,62295,2,1,0,0,0,0,0,0,0,0,0,0
2002,62296,1,1,0,0,0,0,0,0,0,0,0,0
2002,62297,1,1,7,7,7,7,7,7,7,7,7,7
2002,62298,1,1,0,0,0,0,0,0,0,0,0,0
2002,62299,1,1,0,0,0,0,0,0,0,0,0,0
2002,62300,1,1,0,0,0,0,0,0,0,0,0,0
2002,62301,1,1,0,0,0,0,0,0,0,0,0,0
2002,62302,1,1,0,0,0,0,0,0,0,0,0,0
2002,62303,1,1,22,22,22,22,22,22,22,22,22,22
2002,62304,1,1,0,0,0,0,0,0,0,0,0,0
2002,62304,2,1,0,0,0,0,0,0,0,0,0,0
2002,62304,3,1,0,0,0,0,0,0,0,0,0,0
2002,62305,1,1,0,0,0,0,0,0,0,0,0,0
2002,62305,2,1,0,0,0,0,0,0,0,0,0,0
2002,62306,1,1,0,0,0,0,0,0,0,0,0,0
2002,62306,2,1,0,0,0,0,0,0,0,0,0,0
2002,62307,0,1,0,0,0,0,0,0,0,0,0,0
2002,62307,1,1,0,0,0,0,0,0,0,0,0,0
2002,62308,0,1,30,30,30,30,30,30,30,30,30,30
2002,62308,1,1,0,0,0,0,0,0,0,0,0,0
2002,62309,0,1,29,29,29,29,29,29,29,29,29,29
2002,62309,1,1,0,0,0,0,0,0,0,0,0,0
2002,62310,1,1,24,24,24,24,24,24,24,24,24,24
2002,62311,1,1,16,16,16,16,16,16,16,16,16,16
2002,62312,1,1,16,16,16,16,16,16,16,16,16,16
2002,62313,1,1,5,5,5,5,5,5,5,5,5,5
2002,62314,1,1,68,68,68,68,68,68,68,68,68,68
2002,62315,1,1,13,0,0,0,0,0,0,0,2,0
2002,62316,1,1,21,21,21,21,21,21,21,21,21,21
2002,62317,0,1,22,22,22,22,22,22,22,22,22,22
2002,62317,1,1,18,0,0,24,0,0,0,12,22,0
2002,62318,1,1,0,0,0,0,0,0,0,5,13,0
2002,62319,1,1,0,0,0,0,0,0,0,0,0,0
2002,62319,2,1,0,0,0,0,0,0,26,0,0,0
2002,62319,3,1,0,0,0,0,0,0,0,4,0,0
2002,62320,1,1,0,0,0,0,0,0,0,0,0,0
2002,62320,2,1,0,0,0,0,0,0,0,0,0,0
2002,62321,1,1,0,0,0,0,0,0,0,0,0,0
2002,62321,2,1,0,0,0,0,0,0,0,0,0,0
2002,62322,0,1,0,0,0,0,0,0,0,0,0,0
2002,62322,0,2,0,0,0,0,0,0,0,0,12,0
2002,62323,1,1,16,16,16,16,16,16,16,16,16,16
2002,62324,1,1,0,0,0,0,0,0,0,0,0,0
2002,62325,1,1,0,0,0,0,0,0,0,0,0,0
2002,62326,1,1,26,26,26,26,26,26,26,26,26,26
2002,62327,1,1,20,20,20,20,20,20,20,20,20,20
2002,62327,2,1,0,0,0,0,0,0,0,0,0,0
2002,62328,1,1,0,0,0,0,0,0,0,0,0,0
2002,62329,1,1,15,15,15,15,15,15,15,15,15,15
2002,62330,0,1,0,0,0,0,0,0,0,0,0,0
2002,62330,1,1,0,0,0,0,0,0,0,2,0,0
2002,62331,1,1,0,0,0,0,0,0,0,0,0,0
2002,62331,2,1,0,0,0,0,0,0,0,0,0,0
2002,62332,0,1,1,1,1,1,1,1,1,1,1,1
2002,62332,1,1,0,0,0,0,11,0,0,0,0,0
2002,62333,1,1,0,0,0,0,0,0,0,0,0,0
2002,62334,1,1,8,8,8,8,8,8,8,8,8,8
2002,62335,1,1,0,0,0,0,0,0,0,0,0,0
2002,62335,2,1,0,0,0,0,0,0,0,0,0,0
2002,62336,1,1,0,0,0,0,0,0,0,0,0,0
2002,62336,2,1,0,0,0,0,0,0,0,0,0,0
2002,62336,3,1,0,0,0,0,0,0,0,0,0,0
2002,62337,1,1,0,0,0,0,0,0,0,17,0,0
2002,62337,2,1,0,0,0,0,0,0,0,0,0,0
2002,62338,1,1,0,9,0,0,0,11,0,0,0,0
2002,62338,2,1,0,0,0,0,0,0,0,0,0,0
2002,62339,1,1,0,0,0,0,0,0,0,0,0,0
2002,62339,2,1,0,0,0,0,0,0,0,0,13,0
2002,62340,1,1,0,0,0,0,0,0,0,0,0,0
2002,62340,2,1,0,0,0,0,0,0,0,0,0,0
2002,62341,0,1,19,19,19,19,19,19,19,19,19,19
2002,62341,1,1,14,8,0,10,6,0,0,18,21,20
2002,62341,2,1,0,0,0,0,0,0,14,0,0,0
2002,62342,1,1,10,10,10,10,10,10,10,10,10,10
2002,62343,1,1,0,0,0,0,0,0,0,0,0,0
2002,62343,2,1,11,0,22,0,0,0,0,0,0,0
2002,62344,1,1,0,0,0,0,0,0,0,0,0,0
2002,62345,1,1,0,0,0,0,0,0,0,0,0,0
2002,62346,1,1,21,21,21,21,21,21,21,21,21,21
2002,62347,1,1,19,19,19,19,19,19,19,19,19,19
2002,62348,1,1,14,14,14,14,14,14,14,14,14,14
2002,62349,1,1,0,0,0,0,0,0,0,0,0,0
2002,62350,0,1,0,0,0,0,0,0,0,0,0,0
2002,62350,1,1,0,0,0,0,0,0,0,0,0,0
2002,62351,1,1,0,0,0,0,0,0,0,0,0,0
2002,62351,2,1,0,0,0,0,0,0,0,0,0,0
2002,62352,1,1,0,0,0,0,0,0,0,0,0,0
2002,62352,2,1,0,0,0,0,0,0,0,0,0,0
2002,62353,1,1,0,8,0,13,0,0,3,0,0,0
2002,62354,0,1,36,36,36,36,36,36,36,36,36,36
2002,62354,1,1,0,0,0,0,0,0,0,0,0,0
2002,62355,1,1,12,12,12,12,12,12,12,12,12,12
2002,62355,2,1,0,0,0,0,0,0,0,0,0,0
2002,62356,1,1,18,18,18,18,18,18,18,18,18,18
2002,62357,1,1,23,23,23,23,23,23,23,23,23,23
2002,62357,2,1,0,0,0,0,0,0,0,0,0,0
2002,62357,3,1,0,0,0,0,0,0,0,0,0,0
2002,62358,0,1,22,22,22,22,22,22,22,22,22,22
2002,62358,1,1,0,0,0,0,0,0,0,0,0,0
2002,62359,1,1,16,16,16,16,16,16,16,16,16,16
2002,62360,1,1,0,0,0,0,0,0,0,0,0,0
2002,62361,1,1,0,0,0,0,0,0,0,0,0,0
2002,62361,2,1,0,0,0,0,0,0,0,0,0,0
2002,62362,1,1,0,0,0,0,0,0,0,0,0,0
2002,62362,2,1,0,0,0,0,0,0,0,0,0,0
2002,62363,1,1,0,0,0,0,0,0,0,0,0,0
2002,62363,2,1,0,0,0,0,0,0,0,0,0,0
2002,62363,3,1,0,0,0,0,0,0,0,0,0,0
2002,62364,1,1,21,21,21,21,21,21,21,21,21,21
2002,62364,2,1,0,0,0,0,0,0,0,0,0,0
2002,62365,1,1,0,0,0,0,0,0,0,0,0,0
2002,62365,2,1,0,0,0,0,0,0,0,0,0,0
2002,62366,0,1,0,0,0,0,0,0,0,0,0,0
2002,62366,1,1,0,0,0,0,0,0,0,0,0,0
2002,62367,1,1,0,0,0,0,0,0,0,0,0,0
2002,62367,2,1,0,0,0,0,0,0,0,0,0,0
2002,62368,0,1,0,0,0,0,0,0,0,0,0,0
2002,62368,1,1,0,0,0,0,0,0,0,0,0,0
2002,62369,1,1,0,0,0,0,0,0,0,0,0,0
2002,62370,1,1,0,0,0,0,0,0,0,0,0,0
2002,62370,2,1,0,0,0,0,0,0,0,0,0,0
2002,62371,0,1,0,0,0,0,0,0,0,0,0,0
2002,62371,1,1,0,0,0,0,0,0,0,0,0,0
2002,62372,1,1,0,0,0,0,0,0,0,0,0,0
2002,62373,1,1,0,0,0,0,0,0,0,0,0,0
2002,62374,1,1,27,27,27,27,27,27,27,27,27,27
2002,62375,1,1,4,4,4,4,4,4,4,4,4,4
2002,62376,1,1,0,0,0,0,0,0,0,0,0,0
2002,62377,1,1,0,0,0,0,0,0,9,0,0,0
2002,62378,1,1,18,18,18,18,18,18,18,18,18,18
2002,62379,1,1,0,0,0,0,0,0,0,0,0,0
2002,62379,2,1,0,0,0,0,0,16,0,0,0,0
2002,62380,0,1,0,0,0,0,0,0,0,0,0,0
2002,62380,1,1,0,0,0,0,0,0,0,0,0,0
2002,62381,1,1,2,2,2,2,2,2,2,2,2,2
2002,62381,2,1,20,12,25,8,14,10,17,11,0,17
2002,62382,1,1,16,16,16,16,16,16,16,16,16,16
2002,62382,2,1,0,0,0,0,0,0,0,0,0,0
2002,62383,1,1,14,14,14,14,14,14,14,14,14,14
2002,62384,1,1,16,16,16,16,16,16,16,16,16,16
2002,62385,1,1,0,0,0,0,0,0,0,0,0,0
2002,62385,2,1,32,32,32,32,32,32,32,32,32,32
2002,62386,1,1,0,0,0,0,0,0,0,0,0,0
2002,62386,2,1,0,0,0,0,0,0,0,0,0,0
2002,62387,1,1,0,0,0,0,0,0,0,0,0,0
2002,62388,1,1,0,0,0,0,0,0,0,0,0,0
2002,62389,0,1,0,0,0,0,0,0,0,0,0,0
2002,62389,0,2,0,0,0,20,0,0,0,13,0,0
2002,62389,1,1,0,0,0,0,0,0,0,0,0,0
2002,62390,1,1,9,25,12,18,9,21,5,17,26,18
2002,62391,1,1,21,13,22,19,23,20,17,38,10,13