YEAR,ST_CASE,veh_no,per_no,P1,P2,P3,P4,P5,P6,P7,P8,P9,P10
2002,62392,1,1,0,0,0,0,0,0,0,0,0,0
2002,62393,1,1,11,11,11,11,11,11,11,11,11,11
2002,62394,1,1,0,0,0,0,0,0,0,0,0,0
2002,62395,1,1,0,0,0,0,0,0,0,0,0,0
2002,62395,2,1,0,0,0,0,0,0,0,0,0,0
2002,62396,1,1,0,0,0,0,0,0,0,0,0,0
2002,62396,2,1,0,0,0,0,0,0,0,0,0,0
2002,62397,1,1,25,25,25,25,25,25,25,25,25,25
2002,62398,1,1,6,6,6,6,6,6,6,6,6,6
2002,62398,2,1,0,0,0,0,18,0,0,0,0,0
2002,62399,1,1,22,22,22,22,22,22,22,22,22,22
2002,62400,1,1,0,0,0,0,0,0,0,0,0,0
2002,62401,1,1,0,0,0,0,0,0,0,0,0,0
2002,62401,2,1,0,0,0,0,0,0,0,0,0,0
2002,62402,1,1,0,0,0,0,0,0,0,0,0,0
2002,62402,2,1,0,0,0,0,0,0,0,0,0,0
2002,62403,1,1,0,0,0,0,0,0,0,0,0,0
2002,62403,2,1,0,0,0,0,0,0,0,0,0,0
2002,62404,0,1,20,20,20,20,20,20,20,20,20,20
2002,62404,1,1,2,2,2,2,2,2,2,2,2,2
2002,62405,0,1,19,19,19,19,19,19,19,19,19,19
2002,62405,1,1,0,0,0,0,0,0,0,0,0,0
2002,62406,1,1,16,16,16,16,16,16,16,16,16,16
2002,62407,0,1,0,0,0,0,0,0,0,0,0,0
2002,62407,1,1,0,0,18,0,0,0,0,0,0,0
2002,62408,1,1,11,11,11,11,11,11,11,11,11,11
2002,62409,1,1,0,0,0,0,0,0,0,0,0,0
2002,62410,1,1,0,0,0,0,0,0,0,9,0,0
2002,62411,1,1,0,0,0,0,0,0,0,0,0,0
2002,62412,1,1,0,0,0,24,0,0,12,18,0,0
2002,62412,2,1,0,0,0,0,0,0,0,0,0,0
2002,62413,1,1,0,0,0,0,0,0,0,0,0,0
2002,62413,2,1,10,0,16,3,9,2,10,9,13,6
2002,62414,1,1,0,0,0,0,0,0,0,0,0,0
2002,62414,2,1,1,1,1,1,1,1,1,1,1,1
2002,62415,1,1,0,0,0,0,0,0,0,0,0,0
2002,62415,2,1,0,0,0,0,0,0,0,0,0,0
2002,62416,0,1,0,0,0,0,0,0,0,0,0,0
2002,62416,1,1,0,0,0,0,0,0,0,0,0,0
2002,62417,1,1,9,0,0,0,0,0,0,0,0,0
2002,62417,2,1,0,0,0,0,0,0,0,0,0,0
2002,62418,1,1,0,0,14,0,19,11,23,0,0,0
2002,62418,2,1,0,0,0,0,0,0,0,0,0,0
2002,62419,1,1,0,0,0,0,0,0,0,0,0,0
2002,62420,1,1,0,0,0,0,0,0,0,0,0,0
2002,62421,0,1,4,4,4,4,4,4,4,4,4,4
2002,62421,1,1,4,0,7,0,0,0,6,0,0,0
2002,62422,0,1,0,0,0,0,0,0,0,0,0,0
2002,62422,1,1,0,0,0,0,0,0,0,0,0,0
2002,62423,1,1,0,0,0,0,0,0,0,0,0,0
2002,62424,1,1,17,17,17,17,17,17,17,17,17,17
2002,62425,1,1,0,0,12,0,0,0,21,0,0,0
2002,62426,0,1,23,23,23,23,23,23,23,23,23,23
2002,62426,1,1,0,13,0,0,0,0,0,6,8,15
2002,62427,1,1,0,0,0,0,0,0,0,0,0,0
2002,62427,2,1,0,0,0,0,0,0,0,0,0,0
2002,62427,3,1,0,0,0,0,0,0,0,0,0,0
2002,62428,1,1,0,0,0,0,0,0,0,0,0,0
2002,62429,1,1,0,0,0,0,0,0,0,0,0,0
2002,62429,2,1,0,0,0,0,0,0,0,0,0,0
2002,62430,1,1,0,0,0,0,0,0,0,0,0,0
2002,62430,2,1,0,0,0,0,0,0,0,0,0,0
2002,62431,0,1,0,0,0,0,0,0,0,0,0,0
2002,62431,1,1,0,0,0,0,0,0,22,0,0,33
2002,62432,0,1,0,0,0,0,0,0,0,0,0,0
2002,62432,1,1,0,0,0,0,0,0,0,0,0,0
2002,62433,1,1,0,0,0,0,0,0,0,0,0,0
2002,62433,2,1,0,0,0,0,0,0,0,0,0,0
2002,62434,0,1,24,34,12,0,10,33,0,22,27,0
2002,62434,1,1,0,0,0,0,0,0,0,0,0,0
2002,62435,0,1,0,0,0,0,0,0,0,0,0,0
2002,62435,0,2,17,0,7,23,0,0,29,8,15,4
2002,62435,1,1,17,27,8,7,7,15,15,18,10,5
2002,62436,1,1,0,0,0,0,0,0,0,0,0,10
2002,62437,1,1,0,0,0,0,0,0,0,0,0,0
2002,62437,2,1,0,0,0,0,0,0,0,0,0,0
2002,62438,1,1,0,0,0,0,0,0,0,0,0,0
2002,62439,1,1,0,0,0,0,0,0,0,0,0,0
2002,62439,2,1,0,9,0,0,17,9,0,0,0,0
2002,62440,1,1,0,0,0,0,0,0,0,0,0,0
2002,62441,1,1,0,0,0,0,0,0,0,0,0,0
2002,62441,2,1,0,0,0,0,0,0,0,0,0,0
2002,62442,1,1,0,0,0,0,0,0,0,0,0,0
2002,62443,1,1,0,0,0,0,0,0,0,0,0,0
2002,62444,1,1,5,5,5,5,5,5,5,5,5,5
2002,62445,1,1,0,0,4,0,0,0,0,0,0,0
2002,62446,1,1,20,0,0,0,0,0,0,19,0,0
2002,62447,1,1,0,2,0,0,0,0,0,0,0,0
2002,62448,1,1,15,15,15,15,15,15,15,15,15,15
2002,62449,1,1,19,0,13,30,18,14,0,7,12,14
2002,62450,1,1,21,21,21,21,21,21,21,21,21,21
2002,62451,1,1,4,4,4,4,4,4,4,4,4,4
2002,62452,0,1,0,0,0,0,0,0,0,0,0,0
2002,62452,1,1,0,0,0,0,0,0,0,0,0,0
2002,62453,1,1,22,0,0,0,0,0,0,0,0,0
2002,62454,1,1,0,0,0,0,0,0,0,0,0,0
2002,62455,1,1,0,0,0,0,0,0,0,0,0,0
2002,62455,2,1,0,0,0,0,0,0,0,0,0,0
2002,62456,1,1,0,0,0,0,0,0,0,0,0,0
2002,62456,2,1,0,0,0,0,0,0,0,0,0,0
2002,62457,1,1,0,0,0,0,0,0,0,0,0,0
2002,62457,2,1,0,0,0,0,0,0,0,0,0,0
2002,62458,1,1,6,6,6,6,6,6,6,6,6,6
2002,62458,2,1,0,0,0,0,0,0,0,0,0,0
2002,62459,0,1,10,21,8,31,4,15,22,14,19,14
2002,62459,1,1,0,0,0,0,0,13,0,0,0,0
2002,62460,1,1,17,17,17,17,17,17,17,17,17,17
2002,62461,1,1,8,8,8,8,8,8,8,8,8,8
2002,62462,1,1,0,0,0,0,0,0,0,0,0,0
2002,62462,2,1,0,0,0,0,0,0,0,0,0,0
2002,62462,3,1,0,0,0,0,0,0,0,0,0,0
2002,62463,1,1,8,22,12,0,18,0,11,0,14,4
2002,62464,1,1,0,0,0,0,0,0,0,0,0,0
2002,62465,1,1,9,9,9,9,9,9,9,9,9,9
2002,62466,1,1,0,0,0,0,0,0,0,0,0,0
2002,62467,0,1,0,0,0,0,0,0,0,0,0,0
2002,62467,1,1,17,0,0,0,0,0,15,13,0,0
2002,62468,1,1,0,0,0,0,0,0,0,0,0,0
2002,62469,0,1,0,0,0,0,0,0,0,0,0,0
2002,62469,1,1,0,0,0,0,0,0,0,0,0,0
2002,62470,1,1,0,0,0,0,0,0,0,0,0,0
2002,62470,2,1,0,0,0,0,0,0,0,0,0,0
2002,62471,0,1,0,0,0,0,0,0,0,0,0,0
2002,62471,1,1,8,8,8,8,8,8,8,8,8,8
2002,62472,1,1,9,9,9,9,9,9,9,9,9,9
2002,62472,2,1,0,0,0,0,0,0,0,0,0,0
2002,62473,1,1,0,0,0,0,0,0,0,0,0,0
2002,62473,2,1,0,0,0,0,0,0,0,0,0,0
2002,62474,1,1,0,0,0,0,0,0,0,0,0,0
2002,62474,2,1,0,0,0,0,0,0,0,0,0,0
2002,62474,3,1,0,0,0,0,0,0,0,0,0,0
2002,62475,1,1,0,0,0,0,0,0,0,0,0,0
2002,62476,1,1,3,3,3,3,3,3,3,3,3,3
2002,62476,2,1,0,0,0,0,0,0,0,0,0,0
2002,62477,1,1,0,0,0,0,0,0,0,0,0,0
2002,62477,2,1,0,0,0,0,0,0,0,0,0,0
2002,62478,0,1,0,0,0,0,0,0,0,0,0,0
2002,62478,1,1,0,0,0,0,0,0,0,0,0,0
2002,62479,1,1,14,14,14,14,14,14,14,14,14,14
2002,62480,1,1,0,0,0,0,0,0,0,0,0,0
2002,62481,1,1,24,24,24,24,24,24,24,24,24,24
2002,62482,1,1,0,0,0,0,0,0,0,0,0,0
2002,62483,1,1,0,11,15,0,0,0,0,0,0,0
2002,62483,2,1,12,0,0,0,0,0,0,0,0,0
2002,62484,1,1,0,0,0,0,0,0,0,0,0,0
2002,62485,0,1,0,0,0,0,0,0,0,0,0,0
2002,62485,1,1,0,0,8,0,14,0,0,0,0,0
2002,62486,1,1,4,4,4,4,4,4,4,4,4,4
2002,62486,2,1,0,0,0,0,0,0,0,0,0,0
2002,62487,0,1,0,0,0,0,0,0,0,0,0,0
2002,62487,1,1,0,0,0,0,0,0,0,0,0,0
2002,62488,1,1,24,24,24,24,24,24,24,24,24,24
2002,62489,0,1,0,0,0,0,0,0,0,0,0,0
2002,62489,1,1,0,9,0,0,0,0,0,0,13,0
2002,62490,1,1,22,22,22,22,22,22,22,22,22,22
2002,62491,1,1,0,0,0,0,0,0,0,0,0,0
2002,62492,1,1,14,14,14,14,14,14,14,14,14,14
2002,62493,1,1,0,0,0,0,0,0,0,0,0,0
2002,62494,0,1,0,0,0,0,0,0,0,0,0,0
2002,62494,1,1,0,0,31,0,0,0,17,0,0,0
2002,62495,1,1,20,0,13,26,10,0,0,12,14,20
2002,62496,1,1,0,0,0,0,0,0,0,0,0,0
2002,62497,1,1,0,13,20,0,0,0,0,0,0,0
2002,62498,1,1,0,0,0,0,0,0,0,0,0,0
2002,62499,0,1,0,0,0,0,0,0,0,0,0,0
2002,62499,1,1,0,7,0,0,0,0,13,0,0,0
2002,62500,0,1,0,0,17,0,0,0,0,0,0,12
2002,62500,1,1,0,0,0,0,0,0,0,0,0,0
2002,62501,1,1,21,21,21,21,21,21,21,21,21,21
2002,62502,0,1,0,0,0,0,0,0,0,0,0,0
2002,62502,1,1,12,0,0,30,0,0,0,0,0,0
2002,62503,1,1,8,8,8,8,8,8,8,8,8,8
2002,62503,2,1,0,0,0,0,0,0,0,0,0,0
2002,62504,1,1,8,8,8,8,8,8,8,8,8,8
2002,62504,2,1,0,0,0,0,0,0,0,0,0,0
2002,62505,0,1,0,0,0,0,0,0,0,0,0,0
2002,62505,1,1,6,6,6,6,6,6,6,6,6,6
2002,62506,1,1,6,6,6,6,6,6,6,6,6,6
2002,62506,2,1,0,0,0,0,0,0,0,0,0,0
2002,62507,1,1,0,0,0,0,0,0,0,0,0,0
2002,62507,2,1,0,0,0,0,0,0,0,0,0,0
2002,62508,0,1,0,0,0,0,0,0,0,0,0,0
2002,62508,1,1,0,0,0,0,0,0,0,0,0,0
2002,62509,0,1,0,0,0,0,0,0,0,0,0,0
2002,62509,1,1,0,0,0,0,0,0,0,0,0,0
2002,62510,1,1,21,21,21,21,21,21,21,21,21,21
2002,62511,1,1,0,0,0,0,21,0,0,0,0,0
2002,62512,1,1,4,4,4,4,4,4,4,4,4,4
2002,62513,1,1,0,0,0,0,0,0,0,0,0,0
2002,62514,1,1,0,0,0,0,0,0,0,0,0,0
2002,62514,2,1,0,0,0,0,0,0,0,0,0,0
2002,62515,0,1,0,0,0,0,0,0,0,0,0,0
2002,62515,1,1,0,0,0,0,0,0,0,30,0,0
2002,62516,1,1,0,0,0,0,0,0,0,0,0,0
2002,62516,2,1,0,0,0,0,0,0,0,0,0,0
2002,62517,1,1,0,0,0,0,0,0,0,0,0,0
2002,62518,0,1,21,21,21,21,21,21,21,21,21,21
2002,62518,1,1,0,0,0,0,0,0,0,0,0,0
2002,62519,1,1,0,0,0,0,15,0,0,0,0,0
2002,62519,2,1,0,0,0,0,19,0,0,0,0,0
2002,62520,1,1,10,10,10,10,10,10,10,10,10,10
2002,62520,2,1,1,1,1,1,1,1,1,1,1,1
2002,62521,1,1,0,0,0,0,0,0,0,0,0,0
2002,62521,2,1,0,17,0,0,0,18,0,0,0,0
2002,62522,1,1,22,22,22,22,22,22,22,22,22,22
2002,62523,1,1,0,0,0,0,0,0,0,0,0,0
2002,62524,0,1,0,0,0,0,0,0,0,0,0,0
2002,62524,1,1,0,0,0,0,0,0,0,0,0,0
2002,62525,1,1,0,0,0,0,0,0,0,0,0,0
2002,62525,2,1,0,0,0,0,0,0,0,0,0,0
2002,62525,3,1,16,0,0,0,0,0,0,0,0,16
2002,62526,1,1,0,0,0,0,0,0,0,0,0,0
2002,62527,1,1,0,0,0,0,0,0,0,0,0,0
2002,62527,2,1,0,0,0,0,0,0,0,0,0,0
2002,62528,1,1,0,0,12,0,10,17,17,0,13,14
2002,62528,2,1,0,15,23,0,0,0,0,0,0,0
2002,62529,1,1,22,0,0,0,0,0,0,0,0,0
2002,62530,1,1,0,0,0,0,0,0,0,0,0,0
2002,62531,0,1,0,0,0,0,0,0,0,0,0,0
2002,62531,1,1,0,0,0,0,0,0,0,0,15,0
2002,62532,1,1,14,14,14,14,14,14,14,14,14,14
2002,62532,2,1,0,0,0,0,0,0,0,0,0,6
2002,62533,0,1,0,0,0,0,0,0,0,0,0,0
2002,62533,1,1,0,0,0,0,0,0,0,0,0,0
2002,62534,1,1,0,0,0,0,0,0,0,20,0,0
2002,62534,2,1,0,0,0,0,0,0,0,0,0,0
2002,62535,0,1,25,6,0,0,0,16,10,16,0,0
2002,62535,1,1,0,0,11,0,0,0,8,12,6,0
2002,62535,2,1,0,0,0,0,0,0,0,0,10,0
2002,62536,1,1,0,0,0,0,0,0,0,0,0,0
2002,62536,2,1,0,0,0,0,0,0,0,0,0,0
2002,62537,0,1,0,0,0,0,0,0,0,0,0,0
2002,62537,1,1,7,0,0,22,0,0,0,0,30,0
2002,62538,1,1,0,0,0,0,0,0,0,0,0,0
2002,62538,2,1,0,0,0,0,12,0,0,0,0,0
2002,62538,3,1,0,0,0,0,0,0,0,0,0,0
2002,62539,0,1,0,0,0,0,0,0,0,0,0,0
2002,62539,1,1,0,0,0,0,0,0,0,0,0,0
2002,62540,1,1,18,18,18,18,18,18,18,18,18,18
2002,62541,1,1,11,11,11,11,11,11,11,11,11,11
2002,62542,1,1,11,11,11,11,11,11,11,11,11,11
2002,62543,0,1,0,0,0,0,0,0,0,0,0,0
2002,62543,1,1,0,0,0,0,0,0,0,0,10,0
2002,62544,0,1,0,0,0,0,0,0,0,0,0,0
2002,62544,1,1,9,9,9,9,9,9,9,9,9,9
2002,62545,0,1,0,0,0,0,0,0,0,0,0,0
2002,62545,1,1,0,0,0,0,0,0,0,0,0,0
2002,62546,0,1,0,0,0,0,0,0,0,0,0,0
2002,62546,1,1,0,0,0,0,0,0,0,0,0,0
2002,62547,1,1,0,0,0,0,0,0,0,0,0,0
2002,62548,1,1,0,0,0,0,0,0,0,0,0,0
2002,62548,2,1,0,0,0,0,0,0,0,0,0,0
2002,62549,1,1,0,0,0,0,10,0,9,0,0,0
2002,62549,2,1,0,0,0,0,0,0,0,0,0,0
2002,62550,1,1,0,0,0,0,0,0,0,0,0,0
2002,62550,2,1,0,0,0,0,0,0,0,0,0,0
2002,62550,3,1,0,0,0,0,0,0,0,0,0,0
2002,62550,4,1,0,0,0,0,0,0,0,0,0,0
2002,62550,5,1,0,0,0,0,0,0,0,0,0,0
2002,62551,1,1,0,0,0,0,0,0,0,0,0,0
2002,62552,1,1,0,0,0,0,0,0,0,0,0,0
2002,62552,2,1,0,0,0,0,0,0,0,0,0,0
2002,62553,1,1,0,0,0,0,0,0,0,0,0,0
2002,62554,0,1,0,0,0,0,0,0,0,0,0,0
2002,62554,1,1,0,0,0,0,0,0,0,0,0,0
2002,62555,1,1,0,0,0,0,0,0,0,0,0,0
2002,62555,2,1,0,0,0,0,0,0,0,0,0,0
2002,62556,0,1,0,0,0,0,0,0,0,0,0,0
2002,62556,1,1,0,0,0,0,0,0,0,0,0,0
2002,62557,0,1,0,0,0,0,0,0,0,0,0,9
2002,62557,1,1,0,0,0,16,0,0,0,21,0,0
2002,62558,1,1,0,0,0,0,0,0,0,0,0,0
2002,62558,2,1,0,0,0,0,0,0,0,0,0,0
2002,62559,1,1,9,9,9,9,9,9,9,9,9,9
2002,62560,0,1,0,0,0,0,0,0,0,0,0,0
2002,62560,1,1,0,0,0,11,0,0,23,0,12,0
2002,62561,0,1,0,0,0,0,0,0,0,0,0,0
2002,62561,1,1,0,0,0,0,0,0,0,0,0,15
2002,62562,1,1,22,0,0,0,0,8,23,0,0,0
2002,62563,0,1,0,0,0,0,0,0,0,0,0,0
2002,62563,1,1,0,0,0,0,0,0,12,0,0,0
2002,62564,0,1,20,20,20,20,20,20,20,20,20,20
2002,62564,1,1,8,0,0,0,0,0,0,0,0,0
2002,62565,0,1,0,0,0,0,0,0,0,0,0,0
2002,62565,1,1,0,0,0,0,0,0,0,0,18,0
2002,62566,1,1,0,0,0,0,0,0,0,9,0,8
2002,62566,2,1,10,10,10,10,10,10,10,10,10,10
2002,62567,1,1,0,0,0,0,0,0,0,0,0,0
2002,62567,2,1,0,0,0,0,0,0,0,0,0,0
2002,62568,1,1,9,23,15,14,22,6,11,14,11,17
2002,62569,1,1,0,0,0,0,0,0,0,0,0,0
2002,62570,1,1,2,2,2,2,2,2,2,2,2,2
2002,62570,2,1,0,0,0,0,0,0,0,0,0,0
2002,62571,1,1,22,22,22,22,22,22,22,22,22,22
2002,62571,2,1,0,0,0,0,0,0,0,0,0,0
2002,62571,3,1,0,0,0,0,0,0,0,0,0,0
2002,62572,1,1,0,0,0,0,0,0,0,0,0,0
2002,62572,2,1,0,0,0,0,0,0,0,0,0,0
2002,62573,1,1,0,0,0,0,0,0,0,0,0,0
2002,62574,1,1,0,17,11,0,10,11,12,21,12,13
2002,62574,2,1,0,0,0,0,0,0,0,0,0,0
2002,62574,3,1,0,0,0,0,0,0,0,0,0,0
2002,62575,0,1,11,11,11,11,11,11,11,11,11,11
2002,62575,1,1,0,0,0,0,0,0,0,0,0,0
2002,62576,0,1,36,36,36,36,36,36,36,36,36,36
2002,62576,1,1,0,0,0,0,0,0,0,0,0,0
2002,62577,1,1,16,16,16,16,16,16,16,16,16,16
2002,62578,0,1,1,1,1,1,1,1,1,1,1,1
2002,62578,1,1,0,0,0,0,0,0,0,0,0,0
2002,62579,1,1,24,24,24,24,24,24,24,24,24,24
2002,62579,2,1,0,0,0,0,0,0,0,0,0,0
2002,62580,1,1,0,0,0,0,0,0,0,0,0,0
2002,62580,2,1,0,0,0,0,0,0,0,0,0,0
2002,62581,0,1,0,0,0,0,0,0,0,0,0,0
2002,62581,1,1,0,0,0,0,0,0,0,0,0,0
2002,62582,1,1,0,0,0,0,0,0,0,0,0,0
2002,62582,2,1,0,0,0,0,0,0,0,0,0,0
2002,62582,3,1,0,0,0,0,0,0,0,0,0,0
2002,62582,4,1,0,0,0,0,0,0,0,0,0,0
2002,62583,0,1,0,0,0,0,0,0,0,0,0,0
2002,62583,1,1,0,0,0,0,0,0,0,0,0,0
2002,62584,1,1,0,0,0,0,0,0,0,22,0,0
2002,62584,2,1,0,0,0,0,0,0,0,0,0,0
2002,62585,1,1,0,0,0,0,0,0,0,0,0,0
2002,62586,1,1,0,0,0,0,0,0,0,0,0,0
2002,62586,2,1,0,0,0,0,0,0,0,0,0,0
2002,62587,0,1,14,14,14,14,14,14,14,14,14,14
2002,62587,1,1,0,0,0,0,0,0,0,0,0,0
2002,62588,1,1,0,0,0,0,0,0,0,0,0,0
2002,62588,2,1,0,0,0,0,0,0,0,0,0,0
2002,62589,0,1,27,0,32,29,6,0,37,35,0,32
2002,62589,1,1,0,0,0,0,0,0,0,0,0,0
2002,62590,0,1,0,0,0,0,0,0,0,0,0,0
2002,62590,1,1,0,0,0,0,0,0,0,0,0,0
2002,62591,1,1,14,14,14,14,14,14,14,14,14,14
2002,62592,0,1,0,0,0,0,0,0,0,0,0,0
2002,62592,1,1,0,0,0,0,9,0,0,0,0,0
2002,62593,1,1,4,4,4,4,4,4,4,4,4,4
2002,62593,2,1,0,0,0,0,0,0,0,0,0,0
2002,62594,1,1,0,0,0,0,0,0,0,0,0,0
2002,62594,2,1,0,0,0,0,0,0,0,0,0,0
2002,62595,1,1,0,0,0,0,0,0,0,0,0,0
2002,62596,1,1,10,10,10,10,10,10,10,10,10,10
2002,62597,1,1,20,20,20,20,20,20,20,20,20,20
2002,62598,1,1,15,15,15,15,15,15,15,15,15,15
2002,62599,1,1,10,10,10,10,10,10,10,10,10,10
2002,62599,2,1,0,0,0,0,0,0,0,0,0,0
2002,62599,3,1,0,0,0,0,0,0,0,0,0,0
2002,62600,1,1,0,0,0,0,0,0,0,0,0,0
2002,62601,1,1,0,0,0,0,0,0,0,0,0,0
2002,62601,2,1,0,0,17,0,0,0,0,0,0,0
2002,62602,1,1,16,16,16,16,16,16,16,16,16,16
2002,62602,2,1,0,0,0,0,0,0,0,0,0,0
2002,62603,0,1,28,0,0,0,0,0,0,0,21,11
2002,62603,0,2,0,0,0,0,0,0,0,0,0,0
2002,62603,1,1,0,0,0,0,0,0,0,0,0,0
2002,62604,0,1,0,0,0,0,0,0,0,0,0,0
2002,62604,1,1,0,0,0,0,0,0,0,0,0,0
2002,62605,0,1,28,28,28,28,28,28,28,28,28,28
2002,62605,1,1,0,0,0,0,0,0,0,0,0,0
2002,62606,1,1,0,0,0,0,0,0,0,0,0,0
2002,62607,0,1,0,0,0,0,0,0,0,0,0,0
2002,62607,1,1,0,0,0,0,0,0,0,0,0,0
2002,62608,1,1,0,0,0,0,0,0,0,0,0,0
2002,62609,1,1,0,0,0,0,0,0,0,0,0,0
2002,62609,2,1,0,0,0,0,0,0,0,0,0,0
2002,62610,1,1,0,0,0,0,0,0,0,0,0,0
2002,62610,2,1,0,0,0,0,0,0,0,0,0,0
2002,62611,1,1,0,0,0,0,0,0,0,0,0,0
2002,62611,2,1,0,0,0,0,0,0,0,0,0,0
2002,62612,1,1,0,0,0,0,0,0,0,0,0,0
2002,62613,1,1,0,0,0,0,0,0,0,0,0,0
2002,62613,2,1,0,0,0,0,0,0,0,0,0,0
2002,62614,1,1,7,32,0,0,15,0,0,0,0,33
2002,62614,2,1,0,0,0,0,0,0,0,0,0,0
2002,62615,1,1,0,0,0,0,12,0,5,0,0,0
2002,62616,1,1,0,0,0,0,0,0,0,0,0,0
2002,62616,2,1,0,0,0,0,0,0,0,0,0,0
2002,62617,1,1,5,5,5,5,5,5,5,5,5,5
2002,62618,1,1,18,18,18,18,18,18,18,18,18,18
2002,62619,0,1,0,0,0,0,0,0,0,0,0,0
2002,62619,1,1,0,0,0,0,0,0,0,0,0,0
2002,62620,1,1,21,21,21,21,21,21,21,21,21,21
2002,62621,1,1,0,0,0,0,0,0,0,0,0,0
2002,62622,1,1,0,0,0,0,0,0,0,0,0,0
2002,62622,2,1,0,0,0,0,0,0,0,0,0,4
2002,62623,0,1,0,0,0,0,0,0,0,0,0,0
2002,62623,1,1,0,0,0,0,0,0,0,0,0,0
2002,62624,1,1,0,0,0,0,0,0,3,0,0,0
2002,62624,2,1,0,0,0,0,0,0,0,0,0,0
2002,62625,1,1,0,0,0,0,0,0,0,0,0,0
2002,62625,2,1,0,0,0,0,0,0,0,0,0,0
2002,62626,1,1,7,7,7,7,7,7,7,7,7,7
2002,62626,2,1,0,0,0,0,0,0,0,3,0,0
2002,62626,3,1,0,0,0,0,0,0,0,0,0,0
2002,62626,4,1,0,0,0,0,0,0,0,0,0,0
2002,62627,1,1,10,10,10,10,10,10,10,10,10,10
2002,62627,2,1,0,0,0,0,0,0,0,0,0,0
2002,62628,1,1,15,15,15,15,15,15,15,15,15,15
2002,62629,1,1,5,5,5,5,5,5,5,5,5,5
2002,62630,1,1,0,0,0,0,0,0,0,0,0,0
2002,62630,2,1,0,0,0,0,0,0,0,0,0,0
2002,62631,1,1,0,0,0,0,0,0,0,0,0,0
2002,62631,2,1,0,0,0,0,0,0,0,0,0,0
2002,62632,1,1,0,0,0,0,0,0,0,0,0,0
2002,62633,0,1,0,20,17,0,17,0,0,5,0,17
2002,62633,1,1,0,0,0,18,9,0,0,0,0,0
2002,62634,0,1,0,0,0,0,0,0,0,0,0,0
2002,62634,1,1,0,0,0,0,0,0,0,0,0,0
2002,62635,1,1,19,0,0,0,0,0,0,0,0,0
2002,62635,2,1,0,0,0,0,0,0,0,0,0,0
2002,62635,3,1,13,0,0,0,0,0,0,0,0,11
2002,62636,1,1,0,0,0,0,0,0,0,0,0,0
2002,62636,2,1,0,0,0,0,0,0,0,0,0,0
2002,62637,0,1,0,0,0,0,0,0,0,0,0,0
2002,62637,1,1,0,0,0,0,0,0,0,0,0,10
2002,62637,2,1,0,0,0,0,0,0,0,0,0,0
2002,62638,1,1,0,0,0,0,0,0,0,0,0,0
2002,62638,2,1,0,0,0,0,0,0,0,0,0,0
2002,62639,1,1,0,0,0,0,0,0,0,0,0,0
2002,62639,2,1,0,0,8,0,0,0,0,0,0,0
2002,62640,0,1,0,0,0,0,0,0,0,0,0,0
2002,62640,1,1,16,0,0,0,0,0,0,0,0,0
2002,62641,1,1,0,0,0,0,0,0,0,0,0,0
2002,62642,1,1,0,0,0,0,0,0,0,0,0,0
2002,62642,2,1,4,4,4,4,4,4,4,4,4,4
2002,62643,1,1,6,6,6,6,6,6,6,6,6,6
2002,62643,2,1,0,0,0,0,0,0,0,0,0,0
2002,62643,3,1,0,0,0,0,0,0,0,0,0,0
2002,62644,0,1,0,0,0,0,0,0,0,0,0,0
2002,62644,1,1,0,0,0,0,0,0,0,0,0,0
2002,62644,2,1,0,0,0,0,0,0,0,0,0,0
2002,62645,1,1,0,0,0,0,0,0,0,0,0,0
2002,62645,2,1,0,0,0,0,0,0,0,0,0,0
2002,62645,3,1,0,0,0,0,0,0,0,0,0,0
2002,62646,1,1,0,0,0,0,0,0,0,0,0,0
2002,62646,2,1,0,0,0,0,0,0,0,0,0,0
2002,62647,1,1,17,17,17,17,17,17,17,17,17,17
2002,62648,0,1,0,0,0,0,0,0,0,0,0,0
2002,62648,1,1,14,14,14,14,14,14,14,14,14,14
2002,62649,1,1,17,21,6,11,9,17,26,19,8,19
2002,62650,1,1,0,0,0,0,0,0,0,0,0,0
2002,62651,1,1,0,0,0,0,0,0,0,0,0,0
2002,62651,2,1,4,4,4,4,4,4,4,4,4,4
2002,62651,3,1,0,0,0,0,0,0,0,0,0,0
2002,62652,1,1,27,27,27,27,27,27,27,27,27,27
2002,62652,2,1,9,9,9,9,9,9,9,9,9,9
2002,62653,1,1,0,0,0,0,0,0,0,0,0,0
2002,62653,2,1,0,0,0,0,0,0,0,0,0,0
2002,62653,3,1,0,0,0,0,0,0,0,0,0,0
2002,62654,1,1,11,11,11,11,11,11,11,11,11,11
2002,62655,1,1,0,0,0,0,0,0,0,0,0,0
2002,62656,0,1,0,0,0,0,0,0,0,0,0,0
2002,62656,1,1,0,0,0,0,0,0,0,0,0,0
2002,62657,1,1,0,0,0,0,0,0,0,19,0,0
2002,62657,2,1,0,0,0,0,0,0,0,0,0,0
2002,62658,1,1,0,0,0,0,0,0,0,0,0,0
2002,62658,2,1,0,0,0,0,0,0,0,0,0,0
2002,62658,3,1,0,0,0,11,0,0,0,0,0,0
2002,62659,1,1,0,0,0,0,0,0,0,0,0,0
2002,62659,2,1,0,0,0,0,0,16,0,0,0,0
2002,62660,1,1,11,11,11,11,11,11,11,11,11,11
2002,62660,2,1,0,0,0,0,0,0,0,0,0,0
2002,62661,1,1,0,0,0,0,0,0,0,0,0,0