YEAR,ST_CASE,veh_no,per_no,P1,P2,P3,P4,P5,P6,P7,P8,P9,P10
2002,62661,2,1,0,0,0,0,0,0,0,0,0,0
2002,62662,1,1,0,0,0,0,0,0,0,0,0,0
2002,62663,1,1,0,0,0,0,0,0,0,0,0,0
2002,62664,1,1,28,28,28,28,28,28,28,28,28,28
2002,62665,1,1,0,0,0,0,0,0,0,0,0,0
2002,62666,1,1,0,5,0,0,0,0,0,0,0,0
2002,62667,1,1,0,0,0,0,0,0,0,0,0,0
2002,62668,1,1,0,0,0,0,0,0,0,0,0,0
2002,62669,1,1,21,21,21,21,21,21,21,21,21,21
2002,62669,2,1,1,1,1,1,1,1,1,1,1,1
2002,62670,1,1,0,0,0,0,0,0,0,0,0,0
2002,62670,2,1,0,0,0,0,0,0,0,0,0,0
2002,62671,1,1,0,0,0,0,0,0,0,0,0,0
2002,62671,2,1,0,0,0,0,0,0,0,0,0,0
2002,62672,1,1,0,0,0,0,0,0,0,0,0,0
2002,62672,2,1,0,0,0,0,0,0,0,0,0,0
2002,62673,0,1,8,8,8,8,8,8,8,8,8,8
2002,62673,1,1,0,15,0,0,0,0,0,0,0,0
2002,62674,0,1,0,0,0,0,0,0,0,0,0,0
2002,62674,1,1,27,27,27,27,27,27,27,27,27,27
2002,62675,1,1,0,0,0,0,0,0,0,0,0,0
2002,62675,2,1,0,0,0,0,0,0,0,0,0,0
2002,62676,0,1,0,0,0,0,0,0,0,0,0,0
2002,62676,1,1,0,0,0,0,0,0,0,0,0,0
2002,62677,1,1,0,0,0,0,0,0,0,0,0,0
2002,62678,1,1,0,0,0,0,0,0,0,0,0,0
2002,62678,2,1,15,19,0,8,13,20,14,12,36,0
2002,62679,0,1,0,0,0,0,0,0,0,0,0,0
2002,62679,1,1,0,0,0,0,0,0,0,0,0,0
2002,62680,1,1,0,0,0,0,0,0,0,0,0,0
2002,62680,2,1,0,0,0,0,0,0,0,0,0,0
2002,62681,1,1,21,21,21,21,21,21,21,21,21,21
2002,62681,2,1,7,7,7,7,7,7,7,7,7,7
2002,62682,1,1,0,0,13,0,0,0,0,0,0,0
2002,62682,2,1,0,0,0,0,0,6,0,0,0,0
2002,62683,0,1,0,0,0,0,0,0,0,0,0,0
2002,62683,1,1,0,0,0,0,0,0,0,0,0,0
2002,62684,0,1,0,0,0,0,0,0,0,0,0,0
2002,62684,1,1,0,0,0,0,0,0,0,0,0,0
2002,62685,0,1,0,0,0,0,0,0,0,0,0,0
2002,62685,1,1,0,0,0,0,0,0,0,0,0,0
2002,62686,1,1,24,24,24,24,24,24,24,24,24,24
2002,62687,1,1,23,23,23,23,23,23,23,23,23,23
2002,62688,1,1,23,23,23,23,23,23,23,23,23,23
2002,62689,1,1,14,14,14,14,14,14,14,14,14,14
2002,62690,1,1,0,0,0,0,5,0,0,0,0,0
2002,62690,2,1,0,0,0,0,0,0,0,0,0,0
2002,62691,1,1,0,0,0,0,0,0,0,0,0,0
2002,62691,2,1,0,0,0,0,0,0,0,0,0,0
2002,62692,1,1,19,19,19,19,19,19,19,19,19,19
2002,62692,2,1,0,0,0,0,0,0,0,0,0,0
2002,62693,0,1,0,0,0,0,0,0,0,0,0,0
2002,62693,1,1,0,0,0,16,0,0,0,0,0,0
2002,62693,2,1,0,0,0,0,0,0,0,0,0,0
2002,62694,1,1,0,0,0,0,0,0,0,0,0,0
2002,62694,2,1,0,0,0,0,0,0,0,0,0,0
2002,62695,1,1,0,0,0,0,0,0,0,0,0,0
2002,62696,0,1,20,20,20,20,20,20,20,20,20,20
2002,62696,1,1,0,0,0,0,0,0,0,0,3,0
2002,62697,1,1,23,18,0,0,0,6,16,0,24,0
2002,62698,1,1,0,5,18,13,7,0,13,19,0,7
2002,62699,0,1,0,0,0,0,0,0,0,0,0,0
2002,62699,1,1,0,0,0,0,0,0,0,0,0,0
2002,62700,1,1,8,24,12,14,15,0,17,11,14,8
2002,62701,1,1,18,18,18,18,18,18,18,18,18,18
2002,62702,1,1,29,29,29,29,29,29,29,29,29,29
2002,62703,1,1,36,36,36,36,36,36,36,36,36,36
2002,62704,1,1,0,0,0,0,0,0,0,0,0,0
2002,62704,2,1,0,0,0,0,0,0,0,0,0,0
2002,62705,1,1,0,0,0,0,0,0,0,0,0,0
2002,62705,2,1,0,0,0,0,0,0,0,0,0,0
2002,62706,1,1,0,0,0,0,0,0,0,0,0,0
2002,62706,2,1,0,0,0,0,0,0,0,0,0,0
2002,62706,3,1,0,0,0,0,0,0,0,0,0,0
2002,62707,1,1,19,19,19,19,19,19,19,19,19,19
2002,62708,0,1,0,0,0,0,0,0,0,0,0,0
2002,62708,1,1,32,32,32,32,32,32,32,32,32,32
2002,62709,1,1,0,16,0,0,0,0,0,0,0,0
2002,62709,2,1,0,0,0,0,9,0,0,0,0,0
2002,62709,3,1,0,0,0,0,0,0,0,0,0,0
2002,62710,1,1,0,0,0,0,0,0,0,0,0,0
2002,62710,2,1,0,0,0,0,0,0,0,0,0,0
2002,62711,1,1,0,0,0,0,0,0,0,0,0,0
2002,62712,0,1,14,14,14,14,14,14,14,14,14,14
2002,62712,1,1,0,0,0,13,0,0,0,0,0,0
2002,62713,1,1,0,0,0,0,0,0,0,0,0,0
2002,62714,1,1,0,0,0,0,0,0,0,0,0,0
2002,62714,2,1,0,0,0,0,0,0,0,0,0,0
2002,62715,1,1,0,0,0,0,0,0,0,0,0,0
2002,62715,2,1,0,0,0,0,0,0,0,0,0,0
2002,62715,3,1,0,0,0,0,0,0,0,0,0,0
2002,62715,4,1,0,0,0,0,0,0,0,0,0,0
2002,62715,5,1,0,0,0,0,0,0,0,0,0,0
2002,62715,6,1,0,0,0,0,0,0,0,0,0,0
2002,62716,1,1,0,0,0,0,0,0,0,0,0,0
2002,62717,0,1,0,0,0,0,0,0,0,0,0,0
2002,62717,1,1,0,0,0,0,0,0,0,0,0,0
2002,62718,1,1,10,10,10,10,10,10,10,10,10,10
2002,62718,2,1,0,0,0,0,0,0,0,0,0,0
2002,62719,1,1,0,0,0,0,0,0,2,6,0,7
2002,62720,1,1,1,1,1,1,1,1,1,1,1,1
2002,62721,1,1,0,0,0,0,0,0,0,0,0,0
2002,62721,2,1,0,0,0,0,0,11,0,0,0,0
2002,62721,3,1,0,0,0,19,0,0,0,0,0,0
2002,62722,1,1,36,36,36,36,36,36,36,36,36,36
2002,62722,2,1,0,0,0,0,0,0,0,0,0,0
2002,62723,1,1,0,0,0,0,0,0,0,0,0,0
2002,62723,2,1,0,0,0,0,0,0,0,0,0,0
2002,62724,1,1,0,0,0,0,0,0,0,0,0,0
2002,62724,2,1,0,0,0,0,0,0,0,0,0,0
2002,62724,3,1,0,0,0,0,0,0,0,0,0,0
2002,62725,0,1,0,0,0,0,0,0,0,0,0,0
2002,62725,1,1,0,0,0,0,0,0,0,0,0,0
2002,62725,2,1,0,0,0,0,0,0,0,0,8,0
2002,62726,1,1,0,0,0,0,0,0,0,0,0,0
2002,62726,2,1,0,0,0,0,0,0,0,0,0,0
2002,62727,1,1,0,0,0,0,0,0,0,0,0,0
2002,62727,2,1,0,0,0,0,0,0,0,0,0,0
2002,62728,1,1,0,0,0,0,0,0,0,0,0,0
2002,62728,2,1,0,0,0,0,0,0,0,0,0,0
2002,62729,1,1,2,2,2,2,2,2,2,2,2,2
2002,62730,0,1,0,0,0,0,0,0,0,0,0,0
2002,62730,0,2,0,0,0,0,0,0,0,0,0,0
2002,62730,1,1,0,0,27,37,0,0,0,0,0,10
2002,62731,1,1,0,0,0,0,0,0,0,0,0,0
2002,62731,2,1,0,10,3,5,0,0,4,0,0,0
2002,62732,0,1,0,0,0,0,0,0,0,0,0,0
2002,62732,1,1,0,0,0,0,0,0,0,0,0,6
2002,62732,2,1,0,0,0,0,0,0,0,0,0,0
2002,62733,1,1,0,0,0,0,0,0,0,0,0,0
2002,62734,1,1,7,7,7,7,7,7,7,7,7,7
2002,62734,2,1,0,0,0,0,0,0,0,0,0,0
2002,62734,3,1,0,0,0,0,0,0,0,0,0,0
2002,62735,0,1,37,37,37,37,37,37,37,37,37,37
2002,62735,0,2,27,27,27,27,27,27,27,27,27,27
2002,62735,1,1,0,0,0,0,0,0,0,0,0,0
2002,62736,1,1,1,1,1,1,1,1,1,1,1,1
2002,62736,2,1,0,0,0,0,0,0,0,0,0,0
2002,62737,1,1,0,0,0,0,0,0,0,0,0,0
2002,62738,0,1,0,0,0,0,0,0,0,0,0,0
2002,62738,1,1,0,0,0,0,0,0,0,0,0,0
2002,62739,1,1,0,0,0,0,0,0,0,0,0,0
2002,62740,0,1,0,0,0,0,0,0,0,0,0,0
2002,62740,1,1,0,0,6,0,0,0,0,0,0,0
2002,62741,0,1,0,0,0,0,0,0,0,0,0,0
2002,62741,1,1,0,0,0,0,0,0,0,0,0,0
2002,62742,0,1,3,3,3,3,3,3,3,3,3,3
2002,62742,1,1,0,0,0,0,0,0,0,0,0,0
2002,62743,0,1,9,9,9,9,9,9,9,9,9,9
2002,62743,1,1,0,0,0,0,0,0,0,0,0,0
2002,62744,1,1,18,39,0,44,34,31,0,29,30,14
2002,62745,1,1,16,16,16,16,16,16,16,16,16,16
2002,62746,0,1,0,0,0,0,0,0,0,0,0,0
2002,62746,1,1,0,0,0,0,0,0,0,0,0,0
2002,62747,0,1,8,8,8,8,8,8,8,8,8,8
2002,62747,1,1,0,0,0,0,0,0,0,0,0,0
2002,62747,2,1,0,0,0,0,0,0,0,0,0,0
2002,62748,0,1,0,0,0,0,0,0,0,0,0,0
2002,62748,1,1,0,0,0,0,0,0,0,0,6,0
2002,62749,1,1,0,0,0,0,0,0,0,0,0,0
2002,62749,2,1,0,0,0,0,0,0,0,0,0,0
2002,62750,0,1,14,14,14,14,14,14,14,14,14,14
2002,62750,1,1,0,0,0,0,0,0,0,0,0,0
2002,62751,1,1,0,0,0,0,0,0,0,0,0,0
2002,62752,1,1,0,0,0,0,0,0,0,0,0,0
2002,62752,2,1,0,0,0,0,0,0,0,0,0,0
2002,62753,1,1,0,0,0,0,0,0,0,0,0,0
2002,62753,2,1,0,0,0,0,0,0,0,0,0,0
2002,62754,0,1,9,9,9,9,9,9,9,9,9,9
2002,62754,1,1,0,0,0,0,0,0,0,0,0,0
2002,62755,1,1,0,0,0,0,0,0,0,0,0,0
2002,62756,1,1,0,0,0,0,0,0,0,0,0,0
2002,62756,2,1,0,0,0,0,0,0,0,0,0,0
2002,62757,1,1,0,0,0,0,0,0,0,0,0,0
2002,62757,2,1,3,3,3,3,3,3,3,3,3,3
2002,62758,1,1,0,0,0,0,0,0,0,0,0,0
2002,62758,2,1,3,3,3,3,3,3,3,3,3,3
2002,62759,1,1,0,0,0,0,0,0,0,0,0,0
2002,62760,0,1,29,29,29,29,29,29,29,29,29,29
2002,62760,1,1,0,0,0,0,8,0,4,0,0,0
2002,62761,1,1,0,0,0,0,0,0,0,0,0,0
2002,62762,0,1,0,0,0,0,0,0,0,0,0,0
2002,62762,1,1,0,0,0,0,0,0,0,0,0,0
2002,62763,0,1,0,0,0,0,0,0,0,0,0,0
2002,62763,1,1,0,0,0,0,0,0,0,0,0,0
2002,62764,1,1,0,0,0,0,0,0,0,0,0,0
2002,62765,0,1,3,3,3,3,3,3,3,3,3,3
2002,62765,1,1,0,0,0,0,0,0,0,0,0,0
2002,62766,1,1,0,0,0,0,0,0,0,0,0,0
2002,62767,1,1,19,7,16,11,19,10,12,21,0,8
2002,62768,1,1,7,9,8,21,39,27,0,23,19,25
2002,62769,0,1,0,0,0,0,0,0,0,0,0,0
2002,62769,1,1,0,0,0,0,0,0,0,0,0,0
2002,62770,1,1,12,12,12,12,12,12,12,12,12,12
2002,62771,1,1,0,0,0,0,0,0,0,0,0,0
2002,62771,2,1,0,0,0,0,0,0,0,0,0,0
2002,62772,1,1,24,24,24,24,24,24,24,24,24,24
2002,62772,2,1,0,0,0,0,0,0,0,0,0,0
2002,62772,3,1,0,0,0,0,0,0,0,0,0,0
2002,62773,1,1,0,0,0,0,0,0,0,0,0,0
2002,62774,1,1,23,23,23,23,23,23,23,23,23,23
2002,62774,2,1,0,0,0,0,0,0,0,0,0,0
2002,62775,1,1,21,2,0,0,0,9,0,0,0,0
2002,62776,1,1,0,0,0,0,0,0,14,0,0,0
2002,62776,2,1,19,19,19,19,19,19,19,19,19,19
2002,62777,1,1,0,0,0,0,0,0,0,0,0,0
2002,62778,1,1,18,18,18,18,18,18,18,18,18,18
2002,62779,1,1,5,7,10,12,13,19,10,10,4,10
2002,62780,1,1,0,0,0,0,0,0,0,0,0,0
2002,62781,1,1,6,6,6,6,6,6,6,6,6,6
2002,62782,1,1,20,20,20,20,20,20,20,20,20,20
2002,62783,0,1,10,31,28,23,4,14,0,16,18,29
2002,62783,1,1,0,0,0,0,0,0,0,0,0,0
2002,62784,1,1,16,16,16,16,16,16,16,16,16,16
2002,62785,1,1,4,4,4,4,4,4,4,4,4,4
2002,62786,0,1,9,9,9,9,9,9,9,9,9,9
2002,62786,1,1,0,0,0,0,0,0,0,0,0,0
2002,62787,1,1,0,0,0,0,0,0,14,0,0,0
2002,62787,2,1,0,0,0,0,0,0,0,0,0,0
2002,62788,1,1,7,7,7,7,7,7,7,7,7,7
2002,62789,1,1,0,0,0,0,0,0,0,0,0,0
2002,62790,1,1,0,0,0,0,0,0,12,0,0,0
2002,62790,2,1,0,0,0,0,0,0,0,0,0,0
2002,62791,1,1,0,0,0,0,0,0,0,0,0,0
2002,62792,0,1,26,26,26,26,26,26,26,26,26,26
2002,62792,1,1,10,14,14,13,14,25,17,24,21,6
2002,62793,1,1,17,17,17,17,17,17,17,17,17,17
2002,62794,1,1,0,0,0,0,0,0,0,0,0,0
2002,62795,0,1,0,0,0,0,0,0,0,0,0,0
2002,62795,1,1,0,0,0,0,0,0,0,0,0,0
2002,62796,1,1,17,17,17,17,17,17,17,17,17,17
2002,62797,1,1,15,15,15,15,15,15,15,15,15,15
2002,62798,1,1,4,4,4,4,4,4,4,4,4,4
2002,62799,1,1,19,19,19,19,19,19,19,19,19,19
2002,62800,1,1,0,0,0,0,0,18,0,0,0,0
2002,62801,1,1,0,0,0,0,0,0,0,20,0,0
2002,62802,1,1,0,0,0,0,0,0,0,0,0,0
2002,62803,1,1,0,0,0,0,0,0,0,0,0,0
2002,62804,0,1,44,44,44,44,44,44,44,44,44,44
2002,62804,1,1,0,17,10,14,8,5,11,8,11,3
2002,62804,2,1,0,0,0,0,0,0,0,0,0,0
2002,62805,1,1,0,0,15,0,0,0,0,0,0,0
2002,62805,2,1,0,0,0,0,0,0,0,0,0,0
2002,62805,3,1,11,0,0,0,0,0,0,0,0,0
2002,62806,1,1,0,0,0,0,0,0,0,0,0,0
2002,62806,2,1,0,0,0,0,0,0,0,0,0,0
2002,62807,1,1,0,0,0,0,0,0,0,0,0,0
2002,62807,2,1,0,0,0,0,0,0,0,0,0,0
2002,62808,1,1,0,0,0,0,0,0,0,0,0,0
2002,62808,2,1,0,0,0,0,0,0,0,0,0,0
2002,62809,1,1,0,0,0,0,0,0,0,0,0,0
2002,62809,2,1,5,5,5,5,5,5,5,5,5,5
2002,62810,1,1,0,0,0,0,0,0,0,0,0,0
2002,62810,2,1,0,0,0,0,0,0,0,0,0,0
2002,62811,1,1,0,0,0,0,0,0,0,0,0,0
2002,62811,2,1,0,0,0,0,0,0,0,0,0,0
2002,62812,1,1,0,0,0,0,0,0,0,0,0,0
2002,62812,2,1,0,0,0,0,0,0,0,0,0,0
2002,62812,3,1,0,0,0,0,0,0,0,0,0,0
2002,62813,1,1,0,0,0,0,0,0,0,0,0,0
2002,62813,2,1,3,3,3,3,3,3,3,3,3,3
2002,62813,3,1,0,0,23,0,0,0,0,0,19,0
2002,62813,4,1,0,0,0,0,0,0,0,0,0,0
2002,62813,5,1,0,0,0,0,0,14,0,0,0,0
2002,62814,1,1,12,12,12,12,12,12,12,12,12,12
2002,62814,2,1,0,0,0,0,0,11,0,0,0,0
2002,62815,0,1,45,45,45,45,45,45,45,45,45,45
2002,62815,1,1,24,14,0,0,0,0,19,0,0,0
2002,62816,1,1,0,0,0,0,0,0,0,0,0,0
2002,62816,2,1,0,0,0,0,0,0,0,0,0,0
2002,62816,3,1,0,0,0,0,0,0,0,0,0,0
2002,62817,1,1,23,23,23,23,23,23,23,23,23,23
2002,62817,2,1,0,0,16,0,0,0,0,0,0,0
2002,62818,1,1,0,0,0,0,0,0,0,0,0,0
2002,62819,1,1,5,0,0,27,0,0,0,0,10,14
2002,62819,2,1,0,0,0,0,0,0,0,0,0,0
2002,62820,0,1,0,0,0,0,0,0,0,0,0,0
2002,62820,1,1,0,0,0,0,0,0,0,0,0,0
2002,62821,1,1,0,0,0,0,0,0,0,0,0,0
2002,62822,1,1,0,0,0,0,12,0,10,0,0,24
2002,62823,0,1,28,31,23,17,22,24,17,32,8,34
2002,62823,1,1,0,0,0,0,0,0,0,0,0,0
2002,62824,1,1,14,14,14,14,14,14,14,14,14,14
2002,62825,0,1,0,0,0,0,0,0,0,0,0,0
2002,62825,1,1,0,0,12,0,0,0,0,0,0,0
2002,62826,1,1,0,0,11,18,13,0,16,0,15,4
2002,62826,2,1,0,0,0,0,0,0,0,0,0,0
2002,62826,3,1,0,0,0,0,0,0,0,0,0,0
2002,62827,0,1,0,0,0,0,0,0,0,0,0,0
2002,62827,1,1,0,0,0,0,0,0,0,0,0,0
2002,62828,0,1,4,4,4,4,4,4,4,4,4,4
2002,62828,1,1,0,0,0,0,0,0,0,0,0,0
2002,62829,1,1,0,10,0,0,0,0,0,0,0,0
2002,62829,2,1,0,0,0,0,0,0,0,0,0,0
2002,62830,1,1,0,0,0,0,0,0,0,0,0,0
2002,62830,2,1,0,0,0,0,0,0,9,0,0,0
2002,62831,1,1,0,0,0,0,0,0,0,0,0,0
2002,62831,2,1,0,0,0,0,0,0,0,0,0,0
2002,62832,1,1,0,0,0,0,0,0,0,0,0,0
2002,62832,2,1,0,0,0,0,0,0,0,0,0,0
2002,62833,1,1,20,20,20,20,20,20,20,20,20,20
2002,62833,2,1,0,0,0,0,0,0,0,0,0,0
2002,62833,3,1,0,0,0,0,19,0,0,0,0,0
2002,62834,0,1,0,0,0,0,0,0,0,0,0,0
2002,62834,0,2,0,0,0,0,0,0,0,0,0,0
2002,62834,1,1,0,0,0,0,0,0,0,0,0,0
2002,62835,1,1,0,0,0,0,0,0,0,0,0,0
2002,62835,2,1,0,0,0,0,0,0,0,0,0,0
2002,62836,1,1,0,0,0,0,0,0,0,0,0,0
2002,62837,1,1,0,0,0,0,0,0,0,0,0,0
2002,62837,2,1,0,0,0,0,0,0,0,0,0,0
2002,62837,3,1,0,0,0,0,0,17,0,0,0,16
2002,62838,1,1,0,0,0,0,0,0,0,0,0,0
2002,62839,1,1,20,0,0,0,0,0,0,24,0,0
2002,62840,1,1,24,24,24,24,24,24,24,24,24,24
2002,62841,0,1,4,4,4,4,4,4,4,4,4,4
2002,62841,1,1,0,0,0,0,0,0,0,0,0,0
2002,62842,1,1,0,0,0,0,0,0,0,0,0,0
2002,62843,1,1,0,0,0,0,0,0,0,0,0,0
2002,62844,0,1,0,0,0,0,0,0,0,0,0,0
2002,62844,1,1,0,0,0,0,0,0,0,0,0,0
2002,62845,0,1,8,8,8,8,8,8,8,8,8,8
2002,62845,1,1,0,0,0,0,0,0,0,0,0,0
2002,62846,1,1,0,0,0,0,0,0,0,0,0,0
2002,62847,1,1,4,4,4,4,4,4,4,4,4,4
2002,62848,1,1,0,0,0,0,0,0,0,0,0,0
2002,62848,2,1,0,0,0,0,0,0,0,0,0,0
2002,62849,1,1,13,13,13,13,13,13,13,13,13,13
2002,62850,1,1,0,0,0,0,0,0,0,0,0,0
2002,62851,1,1,0,0,0,0,0,0,0,28,0,0
2002,62851,2,1,0,0,0,0,0,0,0,0,0,0
2002,62852,1,1,12,0,4,0,0,10,0,0,0,0
2002,62853,1,1,0,0,0,0,0,0,0,0,0,0
2002,62853,2,1,0,0,0,0,0,0,11,0,0,0
2002,62854,1,1,0,0,0,0,0,0,0,0,0,0
2002,62855,1,1,0,0,0,0,0,0,0,0,0,0
2002,62855,2,1,0,0,0,0,0,0,0,0,0,0
2002,62856,1,1,0,0,0,0,0,0,0,0,0,0
2002,62857,0,1,0,0,0,0,0,0,0,0,0,0
2002,62857,1,1,0,0,0,0,0,0,0,0,0,0
2002,62858,1,1,5,5,5,5,5,5,5,5,5,5
2002,62859,1,1,0,0,0,0,0,0,0,0,0,0
2002,62859,2,1,0,0,0,0,0,0,0,0,0,0
2002,62860,1,1,19,19,19,19,19,19,19,19,19,19
2002,62861,1,1,0,0,0,0,0,0,0,0,0,0
2002,62861,2,1,0,0,0,0,0,0,0,0,0,0
2002,62862,1,1,0,0,0,0,0,0,0,0,0,0
2002,62862,2,1,0,0,0,0,0,0,0,0,0,0
2002,62862,3,1,0,0,0,0,0,0,0,0,0,0
2002,62863,1,1,7,7,7,7,7,7,7,7,7,7
2002,62863,2,1,7,7,7,7,7,7,7,7,7,7
2002,62864,1,1,0,0,0,0,0,0,0,0,0,0
2002,62864,2,1,0,0,0,0,0,0,0,0,0,0
2002,62864,3,1,27,0,0,0,0,0,0,0,0,0
2002,62865,1,1,0,0,0,0,0,0,0,0,0,0
2002,62865,2,1,37,0,0,20,12,6,4,0,17,20
2002,62866,1,1,21,0,0,0,14,0,0,7,0,0
2002,62866,2,1,22,22,22,22,22,22,22,22,22,22
2002,62867,1,1,17,17,17,17,17,17,17,17,17,17
2002,62867,2,1,0,0,0,0,0,0,0,0,0,0
2002,62868,1,1,9,9,9,9,9,9,9,9,9,9
2002,62869,1,1,12,12,12,12,12,12,12,12,12,12
2002,62870,1,1,0,0,0,0,0,0,0,0,0,0
2002,62870,2,1,8,8,8,8,8,8,8,8,8,8
2002,62871,1,1,0,0,0,0,0,0,0,0,0,0
2002,62871,2,1,0,0,0,0,0,0,0,0,0,0
2002,62872,1,1,24,24,24,24,24,24,24,24,24,24
2002,62872,2,1,0,0,0,0,0,0,0,0,0,0
2002,62873,1,1,0,0,0,0,0,0,0,0,0,0
2002,62873,2,1,0,0,0,0,0,0,0,0,0,0
2002,62874,1,1,14,14,14,14,14,14,14,14,14,14
2002,62874,2,1,0,0,0,0,0,0,0,0,0,0
2002,62874,3,1,41,0,0,17,0,0,0,0,0,0
2002,62875,1,1,0,0,0,0,0,0,0,0,0,0
2002,62876,1,1,0,0,0,0,0,0,0,0,0,0
2002,62876,2,1,0,0,0,0,0,0,0,0,0,0
2002,62877,0,1,0,0,0,0,0,0,0,0,0,0
2002,62877,1,1,0,0,0,0,0,0,0,0,0,0
2002,62878,0,1,16,16,16,16,16,16,16,16,16,16
2002,62878,1,1,0,0,0,0,0,0,0,0,0,0
2002,62878,2,1,0,0,0,0,0,0,0,0,0,0
2002,62879,1,1,0,16,0,0,0,0,0,0,0,19
2002,62879,2,1,0,0,0,0,0,0,0,0,0,0
2002,62880,1,1,16,16,16,16,16,16,16,16,16,16
2002,62881,1,1,0,0,0,0,0,0,0,0,0,0
2002,62882,0,1,0,0,0,0,0,0,0,0,0,0
2002,62882,1,1,0,0,0,0,0,0,0,0,0,0
2002,62883,0,1,0,0,0,0,0,0,0,0,0,0
2002,62883,1,1,0,0,0,0,0,0,0,0,0,0
2002,62884,1,1,0,0,0,0,0,0,0,0,0,0
2002,62885,1,1,0,0,0,0,0,0,0,0,0,0
2002,62886,1,1,15,15,15,15,15,15,15,15,15,15
2002,62886,2,1,1,1,1,1,1,1,1,1,1,1
2002,62887,1,1,0,0,0,0,0,0,0,0,0,0
2002,62887,2,1,0,0,0,0,0,0,0,0,0,0
2002,62888,1,1,6,6,6,6,6,6,6,6,6,6
2002,62889,1,1,0,0,0,0,0,0,0,0,0,0
2002,62889,2,1,0,0,0,0,0,0,0,0,0,0
2002,62890,1,1,0,0,0,0,0,0,0,0,0,0
2002,62891,1,1,0,0,0,0,0,0,0,0,0,0
2002,62892,1,1,0,18,14,12,21,0,0,0,30,0
2002,62893,1,1,0,0,0,0,0,0,0,0,0,0
2002,62894,1,1,0,0,0,0,0,0,0,0,0,0
2002,62894,2,1,0,0,0,0,0,0,0,0,0,0
2002,62895,1,1,0,0,0,0,0,0,0,0,0,0
2002,62895,2,1,0,0,0,0,0,0,0,0,0,0
2002,62896,1,1,0,0,0,0,0,0,0,0,0,7
2002,62896,2,1,0,0,0,0,0,0,0,0,0,0
2002,62897,1,1,0,0,0,0,0,0,0,0,0,0
2002,62898,1,1,0,0,0,0,0,0,0,0,0,0
2002,62898,2,1,0,0,0,0,0,0,0,0,0,0
2002,62899,1,1,14,14,14,14,14,14,14,14,14,14
2002,62900,1,1,22,22,22,22,22,22,22,22,22,22
2002,62901,1,1,22,22,22,22,22,22,22,22,22,22
2002,62902,0,1,0,0,0,0,0,0,0,0,0,0
2002,62902,1,1,17,17,17,17,17,17,17,17,17,17
2002,62903,1,1,0,0,0,0,0,0,0,0,0,0
2002,62904,1,1,8,8,8,8,8,8,8,8,8,8
2002,62905,1,1,28,28,28,28,28,28,28,28,28,28
2002,62905,2,1,0,0,0,0,0,0,0,0,0,0
2002,62906,1,1,0,0,0,0,0,0,0,0,0,0
2002,62906,2,1,0,0,0,10,0,0,0,0,0,0
2002,62907,0,1,0,0,0,0,0,0,0,0,0,0
2002,62907,0,2,0,25,0,14,0,5,0,18,0,0
2002,62907,0,3,0,25,34,21,0,0,27,0,39,0
2002,62907,0,4,13,18,0,21,0,12,0,0,0,16
2002,62907,1,1,0,0,0,0,0,21,0,0,0,0
2002,62907,3,1,0,7,0,0,0,0,0,0,0,0
2002,62908,1,1,4,4,4,4,4,4,4,4,4,4
2002,62908,2,1,0,0,0,0,0,0,0,0,0,0
2002,62909,1,1,0,0,0,0,0,0,0,0,0,0
2002,62909,2,1,26,26,26,26,26,26,26,26,26,26
2002,62910,1,1,0,0,0,0,0,0,0,0,0,0
2002,62910,2,1,0,0,0,0,0,0,0,0,0,0
2002,62911,1,1,0,0,0,0,0,0,0,0,0,0
2002,62912,0,1,0,0,0,0,0,0,0,0,0,0
2002,62912,1,1,0,0,0,0,0,0,0,0,0,0
2002,62913,1,1,22,22,22,22,22,22,22,22,22,22
2002,62913,2,1,0,0,0,0,0,0,0,0,0,0
2002,62914,0,1,0,0,0,0,0,0,0,0,0,0
2002,62914,1,1,0,0,0,0,0,0,0,0,0,0
2002,62915,0,1,0,0,0,0,0,0,0,0,0,0
2002,62915,1,1,10,10,10,10,10,10,10,10,10,10
2002,62916,0,1,0,0,0,0,0,0,0,0,0,0
2002,62916,1,1,0,0,0,0,0,0,0,0,0,0
2002,62917,1,1,0,0,0,0,0,0,0,0,0,0
2002,62918,1,1,18,18,18,18,18,18,18,18,18,18
2002,62919,1,1,0,0,0,0,0,0,0,0,0,0
2002,62920,0,1,0,0,0,0,0,0,0,0,0,0
2002,62920,1,1,0,0,0,0,0,0,0,0,0,0
2002,62921,1,1,0,0,0,0,0,0,0,0,0,0
2002,62922,1,1,0,0,0,0,0,0,0,0,0,0
2002,62922,2,1,0,0,0,0,0,7,0,0,0,0
2002,62923,1,1,0,0,0,0,0,0,0,0,0,0
2002,62923,2,1,0,0,0,0,12,0,0,0,0,0
2002,62924,1,1,16,3,8,6,29,4,0,16,19,23
2002,62924,2,1,0,0,0,0,0,0,0,0,0,0
2002,62925,1,1,19,19,19,19,19,19,19,19,19,19
2002,62926,0,1,0,0,0,0,0,0,0,0,0,0
2002,62926,1,1,0,0,0,0,0,0,0,0,0,0
2002,62927,1,1,0,0,0,0,0,0,0,0,0,0
2002,62927,2,1,0,0,0,0,0,11,0,0,0,0