YEAR,ST_CASE,veh_no,per_no,P1,P2,P3,P4,P5,P6,P7,P8,P9,P10
2002,62927,3,1,0,0,0,0,0,0,16,0,0,0
2002,62928,1,1,25,25,25,25,25,25,25,25,25,25
2002,62929,0,1,0,0,0,0,0,0,0,0,0,0
2002,62929,0,2,0,0,0,0,0,0,0,0,0,0
2002,62929,1,1,19,19,19,19,19,19,19,19,19,19
2002,62930,0,1,0,0,0,0,0,0,0,0,0,0
2002,62930,1,1,0,0,0,0,0,0,0,0,12,0
2002,62931,1,1,0,0,0,0,0,0,0,0,0,0
2002,62932,1,1,0,0,0,0,0,0,0,0,0,0
2002,62932,2,1,0,0,0,0,0,0,0,0,0,0
2002,62932,3,1,0,0,0,0,0,0,0,0,0,0
2002,62933,0,1,18,18,18,18,18,18,18,18,18,18
2002,62933,1,1,0,0,0,0,0,0,0,0,0,0
2002,62934,0,1,14,14,14,14,14,14,14,14,14,14
2002,62934,1,1,0,0,0,0,0,0,0,0,0,0
2002,62935,1,1,0,0,0,0,0,0,0,0,0,0
2002,62936,1,1,21,21,21,21,21,21,21,21,21,21
2002,62937,1,1,0,0,0,0,0,0,0,0,19,0
2002,62937,2,1,0,0,0,0,0,0,0,0,0,0
2002,62938,1,1,3,3,3,3,3,3,3,3,3,3
2002,62938,2,1,0,0,0,0,0,0,0,0,0,0
2002,62938,3,1,0,0,0,0,0,0,0,0,0,0
2002,62939,1,1,0,0,0,0,0,0,0,0,0,0
2002,62940,1,1,0,0,0,0,0,0,0,0,0,0
2002,62940,2,1,0,0,0,0,0,0,0,0,0,0
2002,62940,3,1,0,0,0,0,0,0,0,0,0,0
2002,62940,4,1,0,0,0,0,0,0,0,0,0,0
2002,62941,1,1,0,0,0,0,0,0,0,0,0,0
2002,62941,2,1,0,0,0,0,0,0,0,0,0,0
2002,62942,1,1,8,8,8,8,8,8,8,8,8,8
2002,62942,2,1,0,0,0,0,0,0,0,0,0,0
2002,62943,0,1,0,0,0,0,0,0,0,0,0,0
2002,62943,1,1,0,0,0,0,10,0,7,10,0,0
2002,62944,1,1,0,0,0,0,0,0,0,0,0,0
2002,62944,2,1,0,0,0,0,0,0,0,0,0,0
2002,62944,3,1,0,7,0,0,0,0,0,0,0,0
2002,62945,0,1,0,0,0,0,0,0,0,0,0,0
2002,62945,1,1,0,0,0,0,0,0,0,0,0,0
2002,62946,1,1,0,0,0,0,0,0,0,0,0,0
2002,62946,2,1,0,0,0,0,19,0,0,0,0,0
2002,62947,1,1,17,17,17,17,17,17,17,17,17,17
2002,62948,1,1,0,0,0,0,0,0,0,0,0,0
2002,62948,2,1,0,0,0,0,0,0,0,0,0,0
2002,62948,3,1,0,0,0,0,0,0,0,0,0,0
2002,62949,0,1,14,0,18,14,25,0,10,23,21,0
2002,62949,1,1,0,0,0,0,0,0,0,0,0,0
2002,62950,0,1,0,0,0,0,0,0,0,0,0,0
2002,62950,1,1,0,15,0,18,20,0,21,14,0,0
2002,62951,0,1,0,0,0,0,0,0,0,0,0,0
2002,62951,1,1,0,17,0,22,5,0,0,0,0,15
2002,62952,1,1,7,0,0,0,0,0,0,0,0,0
2002,62953,1,1,5,19,10,3,12,5,18,16,8,11
2002,62954,1,1,0,0,0,0,0,0,0,0,0,0
2002,62955,1,1,0,0,0,0,0,0,0,0,0,0
2002,62955,2,1,0,0,0,0,0,0,0,0,0,0
2002,62956,1,1,0,0,0,0,0,0,0,0,0,0
2002,62956,2,1,0,0,0,0,0,0,0,0,0,0
2002,62957,0,1,0,20,0,0,16,19,0,7,0,26
2002,62957,1,1,0,0,0,0,0,0,0,0,0,0
2002,62958,1,1,0,0,0,0,0,0,0,0,0,0
2002,62958,2,1,0,0,0,0,0,0,0,0,0,0
2002,62959,1,1,9,9,9,9,9,9,9,9,9,9
2002,62960,0,1,17,17,17,17,17,17,17,17,17,17
2002,62960,1,1,0,0,0,0,0,0,0,0,0,0
2002,62961,1,1,17,17,17,17,17,17,17,17,17,17
2002,62962,1,1,11,11,11,11,11,11,11,11,11,11
2002,62962,2,1,0,0,0,0,0,0,0,0,0,0
2002,62963,1,1,0,0,0,0,0,0,0,0,0,0
2002,62963,2,1,0,0,0,0,0,0,0,0,0,0
2002,62964,1,1,0,0,0,0,0,0,0,0,0,0
2002,62964,2,1,0,0,0,0,0,0,0,0,0,0
2002,62965,1,1,0,0,0,0,0,0,0,0,0,0
2002,62966,1,1,27,27,27,27,27,27,27,27,27,27
2002,62967,1,1,0,0,0,0,0,0,0,0,0,0
2002,62967,2,1,0,0,0,6,0,0,0,0,0,0
2002,62968,1,1,0,0,0,0,0,0,0,0,0,0
2002,62968,2,1,0,0,0,0,0,0,0,0,0,0
2002,62968,3,1,0,0,0,0,0,0,8,0,0,0
2002,62969,1,1,0,0,0,0,0,0,0,0,0,0
2002,62969,2,1,0,0,0,0,0,0,0,0,0,0
2002,62970,1,1,0,0,0,0,0,0,0,0,0,0
2002,62970,2,1,0,0,17,0,0,0,0,0,0,0
2002,62971,0,1,20,20,20,20,20,20,20,20,20,20
2002,62971,1,1,0,0,0,0,0,0,3,11,14,0
2002,62972,1,1,0,0,0,0,0,0,0,0,0,0
2002,62973,1,1,2,2,2,2,2,2,2,2,2,2
2002,62973,2,1,0,0,0,0,0,0,0,0,0,0
2002,62974,1,1,0,0,0,0,0,0,0,0,0,0
2002,62974,2,1,0,0,0,0,0,0,0,0,0,0
2002,62975,1,1,6,6,6,6,6,6,6,6,6,6
2002,62975,2,1,0,0,0,0,0,0,0,0,0,0
2002,62976,1,1,8,8,8,8,8,8,8,8,8,8
2002,62976,2,1,0,19,0,0,0,0,0,0,0,0
2002,62977,1,1,14,14,14,14,14,14,14,14,14,14
2002,62977,2,1,0,0,0,0,7,0,0,0,0,0
2002,62977,3,1,0,0,0,0,0,0,0,0,0,0
2002,62978,1,1,3,3,3,3,3,3,3,3,3,3
2002,62979,0,1,0,0,0,0,0,0,0,0,0,0
2002,62979,1,1,16,16,16,16,16,16,16,16,16,16
2002,62980,1,1,0,0,0,0,0,0,0,0,0,0
2002,62981,1,1,0,0,0,0,0,0,0,0,0,0
2002,62981,2,1,0,0,0,0,0,0,0,0,0,0
2002,62982,1,1,0,0,0,0,0,0,0,0,0,0
2002,62983,1,1,7,0,0,0,0,0,24,0,0,0
2002,62984,0,1,15,0,23,40,0,0,0,11,0,0
2002,62984,1,1,0,0,0,0,0,0,0,0,0,0
2002,62985,1,1,0,0,0,0,0,0,0,0,0,0
2002,62985,2,1,0,0,0,0,0,0,0,0,0,0
2002,62986,0,1,0,0,0,0,0,0,0,0,0,0
2002,62986,1,1,0,0,0,0,0,0,0,0,0,0
2002,62987,0,1,9,9,9,9,9,9,9,9,9,9
2002,62987,1,1,0,0,0,0,0,0,0,0,0,0
2002,62988,1,1,0,0,0,0,0,0,0,0,0,0
2002,62988,2,1,0,0,0,0,0,0,0,0,0,0
2002,62989,1,1,0,0,16,0,0,0,0,0,0,0
2002,62990,1,1,8,3,16,10,13,26,0,20,9,10
2002,62990,2,1,0,0,0,0,0,0,0,0,0,0
2002,62991,1,1,0,0,0,0,0,0,0,0,0,0
2002,62992,0,1,0,0,0,0,0,0,0,0,0,0
2002,62992,1,1,0,0,0,0,0,0,0,0,0,0
2002,62993,1,1,0,0,0,0,0,0,0,0,0,0
2002,62993,2,1,0,0,0,0,0,0,0,0,0,0
2002,62993,3,1,0,0,0,0,0,0,0,0,0,0
2002,62994,1,1,24,24,24,24,24,24,24,24,24,24
2002,62994,2,1,0,0,0,0,0,0,0,0,0,0
2002,62995,1,1,0,0,0,0,0,0,0,0,0,0
2002,62996,0,1,29,29,29,29,29,29,29,29,29,29
2002,62996,1,1,0,0,0,0,0,0,0,0,0,0
2002,62996,2,1,0,0,0,0,0,11,0,0,0,0
2002,62996,3,1,0,0,0,0,0,0,0,0,0,0
2002,62997,1,1,17,17,17,17,17,17,17,17,17,17
2002,62997,2,1,8,0,0,0,0,0,0,0,0,0
2002,62997,3,1,0,0,0,0,0,0,0,0,0,0
2002,62998,1,1,0,0,0,0,0,0,0,0,0,0
2002,62998,2,1,0,0,0,0,0,0,0,0,0,0
2002,62998,3,1,0,0,0,0,0,0,0,0,0,0
2002,62998,4,1,0,0,0,0,0,0,0,0,0,0
2002,62998,5,1,0,0,0,0,0,0,0,0,0,0
2002,62999,1,1,0,0,0,0,0,0,0,0,0,0
2002,63000,0,1,25,25,25,25,25,25,25,25,25,25
2002,63000,1,1,19,0,0,0,0,0,0,0,0,0
2002,63001,1,1,8,8,8,8,8,8,8,8,8,8
2002,63002,0,1,24,24,24,24,24,24,24,24,24,24
2002,63002,1,1,0,0,0,0,0,0,0,0,0,0
2002,63003,0,1,21,21,21,21,21,21,21,21,21,21
2002,63003,1,1,0,0,0,0,0,0,0,0,0,0
2002,63004,1,1,1,1,1,1,1,1,1,1,1,1
2002,63005,0,1,32,32,32,32,32,32,32,32,32,32
2002,63005,1,1,0,0,17,12,0,0,0,14,0,0
2002,63006,0,1,0,0,0,0,0,0,0,0,0,0
2002,63006,1,1,0,0,0,0,0,0,0,0,0,0
2002,63007,1,1,31,31,31,31,31,31,31,31,31,31
2002,63008,1,1,0,0,0,0,0,0,0,0,0,0
2002,63008,2,1,3,3,3,3,3,3,3,3,3,3
2002,63009,1,1,0,0,0,0,0,0,0,0,0,0
2002,63009,2,1,0,0,0,0,0,0,0,0,0,0
2002,63010,1,1,0,0,0,0,0,0,0,0,0,0
2002,63010,2,1,0,0,0,0,0,0,0,0,0,0
2002,63010,3,1,0,0,0,0,0,0,0,0,0,0
2002,63011,1,1,0,7,11,3,13,5,0,4,20,12
2002,63011,2,1,3,3,3,3,3,3,3,3,3,3
2002,63012,1,1,0,0,0,0,0,0,0,0,0,0
2002,63013,0,1,0,0,0,0,0,0,0,0,0,0
2002,63013,1,1,7,7,7,7,7,7,7,7,7,7
2002,63013,2,1,0,0,0,10,21,0,22,0,11,16
2002,63014,1,1,13,13,13,13,13,13,13,13,13,13
2002,63015,1,1,0,0,0,0,0,0,0,0,0,0
2002,63015,2,1,0,0,0,0,0,0,0,0,0,0
2002,63016,1,1,15,15,15,15,15,15,15,15,15,15
2002,63016,2,1,0,0,0,0,0,0,0,0,0,0
2002,63016,3,1,0,0,0,0,0,0,0,0,0,0
2002,63016,4,1,0,0,0,0,0,0,0,0,0,12
2002,63017,1,1,23,23,23,23,23,23,23,23,23,23
2002,63017,2,1,0,0,0,0,0,0,0,0,0,0
2002,63018,1,1,0,0,0,0,0,0,0,0,0,0
2002,63018,2,1,0,0,0,0,0,0,0,0,0,0
2002,63019,1,1,0,0,0,0,0,0,0,0,0,0
2002,63020,1,1,0,0,0,0,0,0,0,0,0,0
2002,63020,2,1,0,0,0,0,0,0,0,0,0,0
2002,63021,1,1,3,0,0,15,0,0,0,0,4,0
2002,63022,1,1,0,0,0,0,0,0,0,0,0,0
2002,63023,1,1,0,0,0,0,0,0,0,0,0,0
2002,63024,1,1,0,0,0,0,0,0,0,0,0,0
2002,63025,1,1,0,0,0,0,0,0,0,0,0,0
2002,63026,1,1,0,0,0,26,0,11,14,0,0,0
2002,63027,1,1,0,0,0,0,0,0,0,0,0,0
2002,63027,2,1,0,0,0,0,0,0,0,0,0,0
2002,63028,1,1,0,0,0,0,0,0,0,0,0,0
2002,63028,2,1,0,0,0,0,0,0,0,0,0,0
2002,63029,1,1,24,24,24,24,24,24,24,24,24,24
2002,63029,2,1,0,0,0,0,0,0,0,0,0,0
2002,63030,1,1,0,0,0,0,0,0,0,7,0,0
2002,63031,1,1,0,18,15,6,0,24,12,23,28,0
2002,63031,2,1,0,0,0,0,0,0,0,11,0,0
2002,63032,1,1,0,2,0,0,0,0,0,8,0,0
2002,63033,1,1,0,0,0,0,0,0,0,0,0,0
2002,63033,2,1,0,0,0,0,0,0,0,0,0,0
2002,63034,1,1,13,13,13,13,13,13,13,13,13,13
2002,63035,1,1,0,0,0,0,0,0,0,0,0,0
2002,63035,2,1,0,0,0,0,0,0,0,0,0,0
2002,63036,1,1,0,0,0,0,0,0,0,0,0,0
2002,63036,2,1,0,0,0,0,0,0,0,0,0,0
2002,63036,3,1,0,0,0,0,0,0,0,0,0,0
2002,63037,0,1,30,0,0,0,0,0,23,14,7,0
2002,63037,1,1,0,0,0,0,0,0,0,0,0,0
2002,63037,2,1,0,0,0,0,0,0,0,0,0,0
2002,63038,1,1,22,22,22,22,22,22,22,22,22,22
2002,63038,2,1,0,0,0,0,0,0,0,0,0,0
2002,63039,1,1,0,0,0,0,0,0,0,0,0,0
2002,63039,2,1,0,0,0,0,0,0,0,0,0,0
2002,63040,1,1,0,0,0,0,0,0,0,0,0,0
2002,63041,1,1,15,15,15,15,15,15,15,15,15,15
2002,63042,1,1,20,20,20,20,20,20,20,20,20,20
2002,63043,1,1,31,31,31,31,31,31,31,31,31,31
2002,63044,0,1,0,0,0,0,0,0,0,0,0,0
2002,63044,1,1,0,0,0,0,0,0,0,0,0,0
2002,63045,1,1,27,27,27,27,27,27,27,27,27,27
2002,63046,1,1,0,0,0,0,0,0,0,0,0,0
2002,63047,1,1,0,0,0,0,0,0,0,0,0,0
2002,63048,1,1,0,0,0,0,0,0,0,0,0,0
2002,63049,1,1,14,14,14,14,14,14,14,14,14,14
2002,63050,0,1,0,0,0,0,0,0,0,0,0,0
2002,63050,1,1,21,21,21,21,21,21,21,21,21,21
2002,63051,1,1,0,0,0,0,0,0,0,0,0,0
2002,63051,2,1,0,0,0,0,0,0,0,0,0,0
2002,63051,3,1,0,0,0,0,0,0,0,0,0,0
2002,63051,4,1,0,0,15,0,0,5,20,14,9,0
2002,63051,5,1,0,0,0,0,0,0,0,0,0,0
2002,63051,6,1,0,0,0,24,0,0,0,0,0,0
2002,63052,1,1,15,15,15,15,15,15,15,15,15,15
2002,63052,2,1,0,11,0,0,0,0,0,0,0,0
2002,63053,1,1,0,0,0,16,0,0,0,0,0,0
2002,63053,2,1,0,0,0,0,0,0,0,0,0,0
2002,63054,1,1,0,0,0,18,0,6,0,0,0,0
2002,63055,1,1,12,12,12,12,12,12,12,12,12,12
2002,63056,0,1,0,0,0,0,0,0,0,0,0,0
2002,63056,1,1,0,0,0,0,12,0,0,0,27,4
2002,63057,1,1,28,28,28,28,28,28,28,28,28,28
2002,63058,0,1,15,15,15,15,15,15,15,15,15,15
2002,63058,1,1,11,21,0,7,0,0,0,18,4,3
2002,63059,0,1,31,31,31,31,31,31,31,31,31,31
2002,63059,1,1,0,0,0,0,0,0,0,0,6,0
2002,63060,1,1,0,0,0,0,0,0,0,0,0,0
2002,63061,0,1,32,32,32,32,32,32,32,32,32,32
2002,63061,1,1,0,0,0,0,0,0,0,0,0,0
2002,63062,1,1,0,0,0,0,0,0,0,0,0,0
2002,63063,1,1,0,0,0,0,0,0,0,0,0,0
2002,63064,1,1,9,9,9,9,9,9,9,9,9,9
2002,63065,1,1,0,0,0,0,0,0,0,0,0,0
2002,63066,1,1,0,0,0,0,0,0,0,0,0,0
2002,63066,2,1,0,0,0,0,0,0,0,0,0,0
2002,63066,3,1,0,0,0,0,0,0,0,0,0,0
2002,63067,1,1,9,9,9,9,9,9,9,9,9,9
2002,63068,1,1,0,0,0,0,0,0,0,0,0,0
2002,63068,2,1,0,0,0,0,0,0,0,0,0,0
2002,63068,3,1,0,0,0,0,0,0,0,0,0,0
2002,63069,0,1,0,0,0,0,0,0,0,0,0,0
2002,63069,1,1,0,0,0,0,6,0,0,0,0,0
2002,63069,2,1,0,0,0,0,0,0,0,0,0,0
2002,63070,0,1,18,18,18,18,18,18,18,18,18,18
2002,63070,1,1,0,0,0,0,0,0,0,0,0,0
2002,63071,1,1,18,18,18,18,18,18,18,18,18,18
2002,63072,1,1,17,17,17,17,17,17,17,17,17,17
2002,63072,2,1,0,0,0,0,0,0,0,0,0,0
2002,63073,1,1,23,23,23,23,23,23,23,23,23,23
2002,63074,0,1,30,30,30,30,30,30,30,30,30,30
2002,63074,1,1,38,0,0,0,0,0,0,0,0,0
2002,63075,1,1,0,0,0,0,0,0,0,0,0,0
2002,63076,1,1,0,0,0,0,0,0,0,0,0,0
2002,63076,2,1,0,0,0,0,0,0,0,0,0,0
2002,63077,1,1,15,0,18,0,0,15,0,15,0,11
2002,63078,0,1,0,0,0,0,0,0,0,0,0,0
2002,63078,1,1,0,0,0,0,0,0,0,0,0,15
2002,63079,0,1,15,8,18,14,23,14,18,3,8,17
2002,63079,1,1,0,0,0,0,0,0,0,0,0,0
2002,63080,1,1,24,24,24,24,24,24,24,24,24,24
2002,63080,2,1,9,0,9,12,5,18,11,3,12,22
2002,63081,1,1,0,0,0,0,0,0,0,0,0,0
2002,63081,2,1,0,0,0,0,0,0,0,0,0,0
2002,63082,1,1,0,0,0,0,0,0,0,0,0,0
2002,63082,2,1,0,0,0,0,0,0,0,0,0,0
2002,63082,3,1,0,0,0,0,0,0,0,0,0,0
2002,63083,1,1,0,0,0,0,0,0,0,0,0,0
2002,63083,2,1,0,0,0,0,0,0,0,0,0,0
2002,63084,1,1,12,12,12,12,12,12,12,12,12,12
2002,63084,2,1,0,0,0,0,0,0,0,0,0,0
2002,63085,1,1,17,17,17,17,17,17,17,17,17,17
2002,63085,2,1,0,0,0,0,0,0,0,0,0,0
2002,63086,1,1,0,0,0,0,0,0,0,0,0,0
2002,63086,2,1,0,0,0,0,0,0,0,0,0,0
2002,63087,1,1,16,16,16,16,16,16,16,16,16,16
2002,63087,2,1,0,0,0,0,0,0,0,0,0,0
2002,63088,0,1,0,0,0,23,0,0,0,0,0,0
2002,63088,1,1,0,0,0,0,0,0,0,0,0,0
2002,63088,2,1,0,0,0,0,0,0,0,0,0,0
2002,63089,0,1,0,0,0,0,26,0,3,0,19,0
2002,63089,1,1,0,0,0,0,0,0,0,0,0,0
2002,63090,0,1,16,16,16,16,16,16,16,16,16,16
2002,63090,1,1,0,0,0,0,0,0,0,0,0,0
2002,63091,0,1,0,0,0,0,0,0,0,0,0,0
2002,63091,1,1,0,0,0,0,0,0,0,5,0,0
2002,63092,1,1,10,10,10,10,10,10,10,10,10,10
2002,63093,1,1,9,9,9,9,9,9,9,9,9,9
2002,63094,1,1,15,15,15,15,15,15,15,15,15,15
2002,63095,1,1,0,0,0,0,0,0,0,0,0,0
2002,63095,2,1,0,0,0,0,0,0,0,0,0,0
2002,63095,3,1,0,0,0,0,0,0,0,0,0,0
2002,63095,4,1,0,0,0,0,0,0,0,0,0,0
2002,63096,1,1,19,11,0,21,0,0,14,14,0,0
2002,63096,2,1,0,0,0,0,0,0,0,0,0,0
2002,63096,3,1,0,0,0,24,0,0,0,0,0,0
2002,63096,4,1,0,0,0,0,0,0,0,0,0,0
2002,63096,5,1,0,0,0,0,0,0,0,0,0,0
2002,63097,1,1,0,0,0,0,0,0,0,0,0,0
2002,63097,2,1,0,0,0,0,0,0,0,0,0,0
2002,63098,1,1,0,0,0,0,0,0,0,0,0,3
2002,63098,2,1,0,0,0,0,0,0,0,0,0,0
2002,63098,3,1,0,0,0,0,0,0,0,0,0,0
2002,63099,1,1,0,0,18,16,0,0,0,0,10,12
2002,63099,2,1,0,0,0,0,0,0,0,0,0,0
2002,63100,1,1,0,0,0,0,0,0,0,0,0,0
2002,63100,2,1,0,0,0,0,0,0,0,0,0,0
2002,63101,0,1,0,0,0,0,0,0,0,0,0,0
2002,63101,1,1,0,0,0,0,0,0,0,0,0,0
2002,63102,1,1,0,0,0,0,0,0,0,0,0,0
2002,63102,2,1,0,0,0,14,0,0,0,0,0,0
2002,63103,0,1,0,0,0,0,0,0,0,0,0,0
2002,63103,1,1,0,0,0,0,0,0,0,0,0,0
2002,63104,0,1,0,0,0,0,0,0,0,0,0,0
2002,63104,1,1,0,0,0,0,0,8,0,0,0,0
2002,63104,2,1,0,0,0,0,0,0,0,0,0,0
2002,63105,0,1,0,0,0,0,0,0,0,0,0,0
2002,63105,1,1,0,0,0,0,0,0,0,0,0,0
2002,63106,0,1,0,0,0,0,0,0,0,0,0,0
2002,63106,1,1,0,10,0,0,0,24,0,0,14,0
2002,63106,2,1,30,30,30,30,30,30,30,30,30,30
2002,63107,1,1,24,24,24,24,24,24,24,24,24,24
2002,63107,2,1,0,0,0,0,0,0,0,0,0,0
2002,63108,1,1,0,0,0,0,0,0,0,0,0,0
2002,63108,2,1,0,0,0,0,0,0,0,0,0,0
2002,63109,0,1,0,0,0,0,0,0,0,0,0,0
2002,63109,1,1,0,0,0,0,0,0,0,0,0,0
2002,63109,2,1,0,0,0,0,0,0,0,0,0,0
2002,63110,1,1,0,0,0,0,0,0,0,0,0,0
2002,63111,1,1,13,13,13,13,13,13,13,13,13,13
2002,63111,2,1,0,0,0,0,0,0,0,0,0,0
2002,63111,3,1,0,0,0,0,0,0,0,0,0,0
2002,63112,0,1,0,0,0,0,0,0,0,0,0,0
2002,63112,1,1,0,0,0,0,0,0,0,0,0,0
2002,63113,1,1,24,24,24,24,24,24,24,24,24,24
2002,63113,2,1,0,0,0,0,0,0,0,0,0,0
2002,63114,1,1,0,0,0,0,0,13,0,0,0,0
2002,63114,2,1,0,0,0,0,0,0,0,0,0,0
2002,63115,1,1,0,0,0,0,0,0,0,0,0,0
2002,63115,2,1,0,0,0,0,0,0,0,0,0,0
2002,63116,1,1,0,0,0,0,0,0,0,0,0,0
2002,63116,2,1,0,0,0,0,0,0,0,0,0,0
2002,63117,0,1,5,5,5,5,5,5,5,5,5,5
2002,63117,1,1,0,0,0,0,0,0,0,0,0,0
2002,63118,1,1,0,0,0,9,0,0,0,0,0,10
2002,63119,1,1,12,33,14,22,18,33,20,8,4,6
2002,63120,1,1,0,0,0,0,0,0,0,0,0,0
2002,63121,1,1,23,23,23,23,23,23,23,23,23,23
2002,63122,0,1,0,0,0,0,0,0,0,0,0,0
2002,63122,1,1,0,0,25,0,0,0,27,0,0,0
2002,63123,1,1,10,10,10,10,10,10,10,10,10,10
2002,63124,1,1,14,14,14,14,14,14,14,14,14,14
2002,63125,0,1,0,0,0,0,0,0,0,0,0,0
2002,63125,0,2,0,0,0,0,0,0,0,0,0,0
2002,63125,0,3,22,7,0,4,13,0,0,0,0,0
2002,63125,0,4,0,0,8,35,6,0,7,0,0,0
2002,63125,1,1,0,0,0,0,0,0,0,0,0,0
2002,63126,1,1,0,0,0,0,0,0,0,0,0,0
2002,63127,0,1,16,16,16,16,16,16,16,16,16,16
2002,63127,1,1,0,0,0,0,0,0,0,0,0,0
2002,63127,2,1,0,8,0,0,0,0,0,4,0,0
2002,63128,1,1,0,0,0,0,0,0,0,0,0,0
2002,63128,2,1,0,0,0,0,0,0,0,0,0,0
2002,63128,3,1,0,0,0,0,0,0,0,0,0,0
2002,63129,1,1,0,0,0,0,0,0,0,0,0,0
2002,63129,2,1,0,0,0,0,0,0,0,0,0,0
2002,63130,1,1,0,0,0,0,0,0,0,0,0,0
2002,63130,2,1,18,0,0,0,0,0,0,0,0,0
2002,63130,3,1,0,0,0,0,0,0,0,0,0,0
2002,63131,1,1,13,13,13,13,13,13,13,13,13,13
2002,63132,1,1,0,0,0,9,0,0,0,0,0,19
2002,63132,2,1,0,0,0,0,0,0,0,0,0,0
2002,63133,1,1,12,12,12,12,12,12,12,12,12,12
2002,63134,0,1,0,0,0,0,0,0,0,0,0,0
2002,63134,1,1,0,0,0,0,0,0,0,0,0,0
2002,63135,1,1,21,10,20,19,0,0,14,19,19,0
2002,63135,2,1,0,0,0,0,0,0,0,0,0,0
2002,63136,1,1,0,0,0,0,0,0,0,0,0,0
2002,63136,2,1,0,0,0,0,0,0,0,0,0,0
2002,63136,3,1,0,0,0,0,0,0,5,12,0,0
2002,63137,0,1,0,0,0,0,0,0,0,0,0,0
2002,63137,1,1,0,0,0,0,0,0,0,0,0,0
2002,63138,0,1,6,6,6,6,6,6,6,6,6,6
2002,63138,1,1,32,0,0,0,0,0,0,16,13,0
2002,63139,1,1,0,0,23,0,20,0,0,0,27,0
2002,63140,1,1,11,11,11,11,11,11,11,11,11,11
2002,63141,1,1,0,0,0,0,0,0,0,0,0,0
2002,63142,0,1,12,0,15,28,6,0,10,0,29,0
2002,63142,1,1,0,13,0,0,0,0,0,0,0,0
2002,63143,1,1,6,17,16,18,9,13,21,0,13,23
2002,63143,2,1,0,0,0,0,0,0,0,0,0,0
2002,63144,0,1,25,25,25,25,25,25,25,25,25,25
2002,63144,1,1,0,0,0,18,0,0,0,0,0,0
2002,63145,1,1,14,8,26,0,19,24,13,23,4,8
2002,63146,1,1,4,4,4,4,4,4,4,4,4,4
2002,63146,2,1,0,0,0,0,0,0,0,0,0,0
2002,63147,1,1,10,10,10,10,10,10,10,10,10,10
2002,63147,2,1,0,0,0,0,0,0,0,0,0,0
2002,63148,1,1,0,0,10,0,0,0,0,0,0,0
2002,63148,2,1,0,0,0,0,0,0,0,0,0,0
2002,63149,0,1,0,0,0,0,0,0,0,0,0,0
2002,63149,1,1,0,0,0,0,0,0,0,0,0,0
2002,63150,1,1,19,19,19,19,19,19,19,19,19,19
2002,63150,2,1,2,2,2,2,2,2,2,2,2,2
2002,63151,0,1,37,37,37,37,37,37,37,37,37,37
2002,63151,1,1,0,35,0,0,0,0,0,0,0,23
2002,63152,1,1,19,19,19,19,19,19,19,19,19,19
2002,63153,1,1,0,0,0,0,0,0,0,0,0,0
2002,63154,1,1,0,0,0,0,0,0,0,0,0,0
2002,63155,1,1,12,0,11,11,17,28,0,9,0,13
2002,63155,2,1,8,8,8,8,8,8,8,8,8,8
2002,63155,3,1,0,0,0,0,0,0,0,0,0,0
2002,63156,0,1,0,0,0,0,22,0,0,0,0,0
2002,63156,1,1,0,0,0,0,0,0,0,0,0,0
2002,63157,0,1,0,0,0,0,0,0,0,0,0,0
2002,63157,1,1,0,0,0,0,0,0,29,0,0,0
2002,63158,1,1,14,20,23,9,9,33,2,21,13,3
2002,63159,1,1,0,0,0,0,0,0,0,0,0,0
2002,63159,2,1,0,0,0,0,0,0,0,0,0,0
2002,63160,1,1,0,0,0,0,0,0,0,0,0,0
2002,63160,2,1,0,0,0,0,0,0,0,0,0,0
2002,63161,1,1,16,16,16,16,16,16,16,16,16,16
2002,63162,1,1,0,0,0,0,0,0,0,0,0,0
2002,63163,1,1,0,0,0,0,0,0,0,0,0,0
2002,63164,1,1,9,9,9,9,9,9,9,9,9,9
2002,63165,1,1,23,28,0,21,30,29,17,25,31,21
2002,63166,1,1,0,0,0,0,0,0,0,0,0,0
2002,63167,1,1,0,0,0,14,16,14,0,0,0,0
2002,63167,2,1,0,0,0,0,0,0,0,0,0,0
2002,63168,0,1,0,0,0,0,0,15,0,0,0,0
2002,63168,1,1,0,0,0,0,0,0,0,0,0,0
2002,63169,1,1,0,0,0,0,0,0,0,0,0,0
2002,63170,1,1,0,0,0,0,0,0,0,0,0,0
2002,63170,2,1,0,0,0,0,0,0,0,0,0,0
2002,63171,1,1,0,0,0,0,0,0,0,0,0,0
2002,63171,2,1,0,0,0,0,0,0,0,0,0,0
2002,63171,3,1,0,0,0,0,0,0,0,0,0,0
2002,63172,1,1,9,0,3,0,29,0,17,8,0,0
2002,63173,1,1,0,0,0,0,0,0,0,0,0,0
2002,63174,0,1,0,0,0,0,0,0,0,0,0,0
2002,63174,1,1,0,0,0,0,0,0,0,0,0,0
2002,63175,1,1,0,0,0,0,0,0,0,0,0,0
2002,63176,1,1,0,0,0,0,0,0,0,0,0,0
2002,63176,2,1,0,0,0,0,0,0,0,0,0,0