YEAR,ST_CASE,veh_no,per_no,P1,P2,P3,P4,P5,P6,P7,P8,P9,P10
2002,63177,1,1,0,0,0,0,0,0,0,0,0,0
2002,63178,1,1,0,0,0,0,0,0,0,0,0,0
2002,63178,2,1,0,0,0,0,0,0,0,0,0,0
2002,63179,0,1,0,0,0,0,0,0,0,0,0,0
2002,63179,1,1,0,0,0,0,0,0,0,0,0,0
2002,63180,1,1,16,16,16,16,16,16,16,16,16,16
2002,63181,1,1,0,5,0,0,0,0,0,0,0,0
2002,63181,2,1,0,0,0,7,0,0,0,0,0,16
2002,63182,1,1,0,0,0,0,0,0,0,0,0,0
2002,63182,2,1,0,0,0,0,0,0,0,0,0,0
2002,63183,0,1,0,0,0,0,0,0,0,0,0,0
2002,63183,1,1,0,0,0,0,0,0,0,0,0,0
2002,63184,1,1,0,0,0,0,0,0,0,0,0,0
2002,63184,2,1,0,0,0,0,0,0,0,0,0,0
2002,63185,1,1,19,17,13,25,14,11,16,20,17,22
2002,63185,2,1,0,0,0,0,0,0,0,0,4,0
2002,63186,1,1,0,0,0,0,0,0,0,0,0,0
2002,63187,0,1,0,0,0,0,0,0,0,0,0,0
2002,63187,0,2,0,0,0,0,0,11,0,0,0,0
2002,63187,0,3,0,0,0,0,0,0,0,0,0,0
2002,63187,1,1,0,0,0,0,0,0,0,0,0,0
2002,63187,2,1,0,0,0,0,0,0,0,0,0,0
2002,63188,1,1,0,0,0,0,0,0,0,0,0,0
2002,63188,2,1,0,0,0,0,0,0,0,0,0,0
2002,63189,1,1,0,0,0,0,0,0,0,0,0,0
2002,63190,1,1,0,0,0,0,0,0,0,0,0,0
2002,63191,0,1,0,0,0,0,0,0,0,0,0,0
2002,63191,1,1,0,0,0,0,0,0,0,13,0,0
2002,63192,0,1,0,0,0,14,0,22,0,0,0,31
2002,63192,1,1,0,0,0,0,0,0,0,0,0,0
2002,63193,0,1,0,0,0,0,0,0,0,0,0,0
2002,63193,1,1,0,0,0,0,0,0,0,0,0,0
2002,63194,1,1,21,21,21,21,21,21,21,21,21,21
2002,63195,1,1,0,0,0,17,0,0,0,0,13,0
2002,63196,0,1,21,21,21,21,21,21,21,21,21,21
2002,63197,1,1,0,0,0,0,0,0,0,0,0,0
2002,63198,1,1,0,0,0,0,0,0,0,0,0,0
2002,63198,2,1,0,0,0,0,0,0,0,0,0,0
2002,63199,1,1,0,0,0,0,0,0,0,0,0,0
2002,63199,2,1,0,0,0,0,0,0,0,0,0,0
2002,63200,0,1,28,28,28,28,28,28,28,28,28,28
2002,63200,1,1,0,0,0,0,0,0,0,0,0,0
2002,63201,1,1,0,0,0,0,0,0,0,0,0,0
2002,63202,0,1,13,0,0,0,0,0,0,0,0,0
2002,63202,1,1,0,0,0,0,0,0,0,0,0,10
2002,63203,1,1,30,18,19,18,13,13,25,18,17,18
2002,63204,1,1,20,0,5,17,6,5,19,8,7,4
2002,63205,1,1,0,0,0,0,0,0,0,0,0,0
2002,63206,0,1,20,20,20,20,20,20,20,20,20,20
2002,63206,1,1,18,0,0,0,0,0,0,0,0,0
2002,63207,1,1,22,22,22,22,22,22,22,22,22,22
2002,63208,1,1,0,0,0,0,0,0,0,0,0,0
2002,63209,1,1,0,0,0,0,0,0,0,0,0,0
2002,63210,0,1,18,18,18,18,18,18,18,18,18,18
2002,63210,1,1,0,0,0,0,0,0,0,0,0,0
2002,63211,0,1,27,43,20,17,23,29,10,22,0,0
2002,63211,1,1,0,0,0,0,0,0,0,0,0,0
2002,63212,1,1,0,0,2,10,0,0,0,0,0,0
2002,63212,2,1,0,0,0,0,0,0,0,0,0,0
2002,63213,1,1,28,28,28,28,28,28,28,28,28,28
2002,63214,1,1,0,0,0,0,0,0,0,11,0,0
2002,63214,2,1,0,0,0,0,0,0,0,0,0,0
2002,63215,0,1,0,0,0,0,0,0,0,0,0,0
2002,63215,0,2,0,0,0,0,0,0,0,0,0,0
2002,63215,1,1,0,0,0,0,0,0,0,0,0,0
2002,63215,2,1,0,0,0,0,0,0,0,0,0,0
2002,63216,1,1,0,0,0,23,0,0,0,0,0,0
2002,63216,2,1,0,14,0,0,0,0,0,0,0,0
2002,63216,3,1,0,0,0,0,0,0,0,0,0,0
2002,63217,0,1,16,16,16,16,16,16,16,16,16,16
2002,63217,1,1,0,0,0,0,0,0,0,0,0,0
2002,63218,0,1,0,0,0,0,0,0,0,0,0,0
2002,63218,1,1,0,0,0,0,0,0,0,0,0,0
2002,63218,2,1,0,0,0,0,0,0,0,0,0,0
2002,63218,3,1,0,0,0,0,0,0,0,0,0,0
2002,63218,4,1,0,0,0,0,0,0,0,0,0,0
2002,63218,5,1,0,0,0,0,0,0,0,0,0,0
2002,63219,1,1,21,21,21,21,21,21,21,21,21,21
2002,63219,2,1,0,0,0,0,0,0,0,0,0,0
2002,63219,3,1,0,0,0,0,0,0,0,0,0,0
2002,63220,1,1,10,10,10,10,10,10,10,10,10,10
2002,63220,2,1,0,0,0,0,0,0,0,0,0,0
2002,63221,0,1,0,0,0,0,0,0,0,0,0,0
2002,63221,1,1,0,0,0,0,0,0,0,0,0,0
2002,63222,1,1,0,0,0,0,0,0,0,0,0,0
2002,63222,2,1,0,0,0,0,0,0,0,0,0,0
2002,63223,1,1,13,13,13,13,13,13,13,13,13,13
2002,63224,0,1,7,7,7,7,7,7,7,7,7,7
2002,63224,1,1,0,0,0,0,0,0,0,0,0,0
2002,63225,1,1,18,38,19,16,21,32,11,31,17,16
2002,63226,1,1,3,3,3,3,3,3,3,3,3,3
2002,63227,1,1,0,0,0,0,0,0,0,0,0,0
2002,63228,1,1,34,34,34,34,34,34,34,34,34,34
2002,63229,1,1,20,20,20,20,20,20,20,20,20,20
2002,63230,0,1,22,22,22,22,22,22,22,22,22,22
2002,63230,1,1,0,0,0,0,0,0,0,0,0,0
2002,63230,2,1,19,0,0,0,0,0,0,0,0,0
2002,63230,3,1,0,0,17,0,0,18,15,0,0,0
2002,63231,1,1,0,29,0,0,0,0,0,0,0,30
2002,63231,2,1,0,0,0,0,0,0,0,0,0,0
2002,63232,0,1,0,0,0,0,0,0,0,0,0,0
2002,63232,1,1,0,0,0,0,18,0,22,14,0,15
2002,63233,1,1,0,0,0,0,0,0,0,0,0,0
2002,63233,2,1,8,35,0,0,0,0,0,0,0,0
2002,63234,1,1,0,0,0,0,0,0,0,0,0,0
2002,63234,2,1,0,0,0,0,0,0,0,0,0,0
2002,63235,1,1,15,0,0,0,0,14,0,0,0,0
2002,63235,2,1,0,0,0,0,0,0,0,0,0,0
2002,63236,1,1,14,0,0,0,0,0,0,0,0,6
2002,63237,1,1,0,0,23,0,27,16,0,14,22,0
2002,63238,1,1,0,0,0,0,0,0,0,0,0,0
2002,63238,2,1,0,0,0,0,0,0,0,0,0,0
2002,63239,1,1,0,0,0,0,0,0,0,0,0,0
2002,63240,1,1,0,0,12,0,0,0,37,0,0,0
2002,63241,1,1,0,0,0,0,0,0,0,0,0,0
2002,63242,0,1,0,0,0,0,0,0,0,0,0,0
2002,63242,0,2,0,0,0,0,0,0,0,0,0,0
2002,63242,1,1,3,3,3,3,3,3,3,3,3,3
2002,63243,1,1,0,0,0,0,0,0,0,0,0,0
2002,63243,2,1,0,0,0,0,0,0,0,0,0,0
2002,63244,0,1,0,0,15,0,0,0,0,0,0,0
2002,63244,1,1,0,0,0,0,0,0,0,0,0,0
2002,63245,1,1,0,0,0,0,0,0,0,0,0,0
2002,63245,2,1,0,0,0,0,0,0,0,0,0,0
2002,63245,3,1,0,0,10,0,0,0,0,0,0,0
2002,63246,1,1,0,0,0,0,0,0,0,0,0,0
2002,63246,2,1,0,0,0,0,0,0,0,0,0,0
2002,63247,1,1,5,0,25,16,6,23,20,10,13,16
2002,63247,2,1,0,0,0,0,0,0,0,0,0,0
2002,63248,0,1,0,0,0,0,0,0,0,0,0,0
2002,63248,1,1,0,0,0,0,0,0,0,0,0,0
2002,63249,1,1,0,0,0,0,0,0,0,0,0,0
2002,63249,2,1,0,0,0,0,0,0,0,0,0,0
2002,63249,3,1,0,0,0,0,0,0,0,0,0,0
2002,63249,4,1,0,0,0,0,0,0,0,0,0,0
2002,63250,0,1,25,25,25,25,25,25,25,25,25,25
2002,63250,1,1,0,0,0,0,0,7,0,0,0,0
2002,63251,1,1,19,19,19,19,19,19,19,19,19,19
2002,63251,2,1,13,18,14,8,27,12,8,16,24,0
2002,63252,1,1,0,0,0,0,0,0,0,0,0,0
2002,63252,2,1,0,0,0,0,0,0,0,0,0,0
2002,63253,1,1,0,0,0,0,0,0,0,0,0,0
2002,63253,2,1,2,5,0,0,0,0,0,0,0,0
2002,63254,1,1,0,0,0,0,0,0,0,0,0,0
2002,63254,2,1,0,0,0,0,0,0,0,0,0,0
2002,63255,1,1,0,0,0,0,0,0,0,0,0,0
2002,63255,2,1,0,0,0,0,0,0,0,0,0,22
2002,63256,1,1,10,10,10,10,10,10,10,10,10,10
2002,63256,2,1,0,0,0,0,0,0,0,0,0,0
2002,63257,1,1,0,0,0,0,0,0,0,0,0,0
2002,63257,2,1,0,0,0,0,0,0,0,0,0,0
2002,63258,1,1,0,0,0,7,0,0,0,0,0,0
2002,63258,2,1,0,0,0,0,0,0,0,0,0,0
2002,63259,1,1,0,0,0,0,0,0,0,0,0,0
2002,63259,2,1,0,0,0,0,0,0,0,0,0,0
2002,63260,1,1,0,7,0,0,7,0,0,0,0,0
2002,63260,2,1,0,0,0,0,0,0,22,0,0,0
2002,63260,3,1,0,0,0,0,0,0,0,0,0,0
2002,63260,4,1,0,0,0,0,0,0,0,0,0,0
2002,63261,1,1,0,0,0,0,0,0,0,0,0,0
2002,63262,1,1,18,18,18,18,18,18,18,18,18,18
2002,63263,1,1,9,9,9,9,9,9,9,9,9,9
2002,63264,0,1,33,33,33,33,33,33,33,33,33,33
2002,63264,1,1,0,0,0,0,0,0,0,0,0,0
2002,63265,1,1,0,0,0,0,0,0,0,0,0,0
2002,63265,2,1,0,0,0,0,0,0,0,0,0,0
2002,63265,3,1,0,6,0,9,25,0,17,11,6,0
2002,63266,0,1,0,0,0,0,0,0,0,0,0,0
2002,63266,1,1,0,0,0,0,0,0,0,0,0,0
2002,63267,1,1,0,0,0,0,26,24,25,14,0,0
2002,63267,2,1,0,0,0,0,0,0,0,0,0,0
2002,63268,1,1,0,0,0,0,0,0,0,0,0,0
2002,63268,2,1,0,0,0,0,0,0,0,0,0,0
2002,63269,0,1,0,0,0,0,0,0,0,0,0,0
2002,63269,0,2,35,20,0,20,0,0,0,16,20,0
2002,63269,1,1,0,0,0,0,0,0,0,0,0,0
2002,63270,1,1,0,0,0,0,0,0,0,0,0,0
2002,63271,0,1,0,0,0,0,0,0,0,0,0,0
2002,63271,1,1,0,0,0,0,0,0,0,0,0,0
2002,63272,0,1,22,22,22,22,22,22,22,22,22,22
2002,63272,1,1,0,0,0,0,0,0,0,0,0,0
2002,63272,2,1,0,0,0,0,0,0,0,0,0,0
2002,63273,0,1,0,0,0,0,0,0,0,0,0,0
2002,63273,1,1,0,0,0,0,0,0,0,0,0,0
2002,63274,1,1,18,4,24,0,14,10,13,0,11,19
2002,63274,2,1,0,0,0,0,0,0,0,0,0,0
2002,63274,3,1,0,0,0,0,0,0,0,0,0,0
2002,63275,1,1,0,0,0,0,0,0,0,0,9,0
2002,63275,2,1,0,0,0,0,0,0,0,0,0,0
2002,63276,0,1,0,0,0,0,0,0,0,0,0,0
2002,63276,1,1,16,16,16,16,16,16,16,16,16,16
2002,63277,1,1,0,0,0,0,0,0,0,0,0,0
2002,63277,2,1,0,0,0,0,0,8,0,0,0,0
2002,63278,0,1,0,0,0,0,0,0,0,0,0,0
2002,63278,1,1,0,0,0,0,0,0,0,0,0,0
2002,63279,1,1,0,0,0,0,0,0,0,0,0,0
2002,63279,2,1,0,0,0,0,0,0,0,0,0,0
2002,63280,1,1,0,0,0,0,0,0,0,0,0,0
2002,63280,2,1,0,0,0,0,0,0,0,0,0,0
2002,63281,1,1,0,0,0,0,0,0,0,0,0,0
2002,63281,2,1,0,0,0,0,0,0,0,0,0,0
2002,63282,1,1,6,6,6,6,6,6,6,6,6,6
2002,63283,1,1,29,29,29,29,29,29,29,29,29,29
2002,63284,1,1,0,0,0,0,0,0,0,0,0,0
2002,63284,2,1,0,0,0,0,0,0,0,0,0,0
2002,63285,1,1,1,1,1,1,1,1,1,1,1,1
2002,63285,2,1,0,0,0,0,0,0,0,0,0,0
2002,63286,1,1,14,8,7,18,16,0,7,9,17,16
2002,63287,1,1,0,0,0,0,0,0,0,0,0,0
2002,63288,0,1,0,0,0,0,0,0,0,0,0,0
2002,63288,1,1,0,0,0,0,0,0,0,0,0,0
2002,63289,0,1,0,0,0,0,0,0,0,0,0,0
2002,63289,1,1,0,0,0,12,0,0,0,0,0,0
2002,63290,1,1,0,0,0,0,0,0,0,0,0,0
2002,63291,1,1,0,0,0,0,0,0,0,0,0,0
2002,63291,2,1,11,0,0,0,0,0,0,0,0,0
2002,63292,0,1,0,0,0,0,0,0,0,0,0,0
2002,63292,0,2,0,0,0,19,0,0,0,0,0,0
2002,63292,1,1,0,0,0,0,0,0,0,0,0,0
2002,63293,1,1,0,0,0,0,0,0,0,0,0,0
2002,63294,0,1,0,0,0,0,0,0,0,0,0,0
2002,63294,1,1,0,0,0,0,0,12,0,0,0,0
2002,63295,1,1,0,0,0,0,0,0,0,0,0,0
2002,63296,1,1,0,0,0,0,0,0,0,0,0,0
2002,63297,0,1,0,0,0,0,0,0,0,0,0,0
2002,63297,1,1,0,0,0,0,0,0,0,0,0,0
2002,63298,1,1,0,0,0,0,0,0,0,0,0,0
2002,63299,0,1,0,0,0,0,0,0,0,0,0,0
2002,63299,1,1,0,0,0,0,0,0,0,0,0,0
2002,63300,1,1,0,0,0,0,0,0,0,0,0,0
2002,63301,1,1,0,0,0,0,0,0,0,0,0,0
2002,63302,0,1,0,0,0,0,0,0,0,0,0,0
2002,63302,1,1,0,0,0,0,0,0,0,0,0,0
2002,63303,0,1,0,0,13,0,0,0,16,22,0,0
2002,63303,1,1,0,0,0,0,0,0,0,0,0,0
2002,63303,2,1,0,0,0,0,0,0,0,0,0,0
2002,63304,1,1,0,0,0,0,0,0,0,0,0,0
2002,63305,0,1,0,0,0,0,0,0,0,0,0,0
2002,63305,1,1,0,0,0,0,0,0,0,0,0,0
2002,63306,0,1,0,0,0,0,0,0,0,0,0,0
2002,63306,1,1,0,0,0,0,0,0,0,0,0,0
2002,63307,1,1,0,0,0,0,0,0,0,0,0,0
2002,63307,2,1,0,0,0,0,0,0,0,0,0,0
2002,63307,3,1,0,0,0,0,0,0,0,0,0,0
2002,63307,4,1,0,20,0,0,0,0,0,0,0,0
2002,63308,1,1,0,0,0,0,0,0,0,0,0,0
2002,63308,2,1,0,0,0,0,0,0,0,0,0,0
2002,63309,1,1,0,0,0,0,0,0,0,0,0,0
2002,63309,2,1,0,0,0,0,0,0,0,0,0,0
2002,63310,1,1,0,0,0,0,0,0,0,0,0,0
2002,63310,2,1,0,0,0,0,0,0,0,0,0,0
2002,63310,3,1,0,0,0,0,0,0,0,0,0,0
2002,63310,4,1,0,0,0,0,0,0,0,0,0,0
2002,63311,0,1,0,0,0,0,0,0,0,0,0,0
2002,63311,1,1,0,0,0,0,0,0,0,0,0,0
2002,63312,0,1,0,0,0,0,0,0,0,0,0,0
2002,63312,1,1,0,0,0,8,0,0,0,0,0,0
2002,63313,0,1,0,0,0,0,0,0,0,0,0,0
2002,63313,0,2,0,0,0,0,0,0,0,0,0,0
2002,63313,1,1,0,22,0,0,0,0,0,0,0,0
2002,63313,2,1,9,0,0,0,0,0,0,0,0,0
2002,63313,3,1,0,0,0,0,0,0,0,0,0,0
2002,63314,0,1,0,6,0,0,0,0,0,0,8,0
2002,63314,1,1,0,0,0,0,0,0,0,0,0,0
2002,63314,2,1,0,0,0,0,0,0,0,0,0,0
2002,63315,1,1,20,20,20,20,20,20,20,20,20,20
2002,63316,1,1,0,0,0,0,0,0,0,0,0,0
2002,63317,1,1,12,16,8,8,0,6,2,0,8,7
2002,63318,1,1,16,16,16,16,16,16,16,16,16,16
2002,63319,1,1,0,11,0,0,0,0,0,0,0,13
2002,63320,1,1,0,0,0,0,0,0,0,40,0,0
2002,63321,1,1,0,0,0,0,0,2,0,0,0,23
2002,63322,1,1,12,12,12,12,12,12,12,12,12,12
2002,63323,1,1,0,0,0,0,0,0,0,0,0,0
2002,63324,1,1,17,17,17,17,17,17,17,17,17,17
2002,63325,1,1,20,20,20,20,20,20,20,20,20,20
2002,63325,2,1,0,0,0,0,0,0,0,0,0,0
2002,63326,1,1,12,12,12,12,12,12,12,12,12,12
2002,63326,2,1,0,0,0,0,0,0,0,0,0,0
2002,63327,1,1,22,22,22,22,22,22,22,22,22,22
2002,63328,1,1,0,0,0,0,0,14,0,0,0,0
2002,63329,1,1,0,15,23,3,18,16,0,10,13,14
2002,63330,1,1,12,0,21,0,22,22,23,0,0,21
2002,63331,0,1,0,0,0,0,0,0,0,0,0,0
2002,63331,1,1,0,0,0,0,0,0,0,0,0,0
2002,63332,0,1,24,24,24,24,24,24,24,24,24,24
2002,63332,1,1,0,0,0,0,0,0,0,0,9,0
2002,63333,1,1,0,0,0,0,0,0,0,0,0,0
2002,63334,0,1,0,0,0,0,0,0,0,0,0,0
2002,63334,1,1,5,5,5,5,5,5,5,5,5,5
2002,63335,1,1,8,0,15,0,0,0,0,0,13,0
2002,63336,1,1,13,13,13,13,13,13,13,13,13,13
2002,63336,2,1,0,0,0,0,0,0,0,0,0,0
2002,63337,0,1,0,0,0,0,0,0,0,0,0,0
2002,63337,1,1,0,0,0,0,0,0,0,0,0,0
2002,63338,1,1,19,19,19,19,19,19,19,19,19,19
2002,63338,2,1,0,0,0,0,0,0,0,0,0,0
2002,63339,1,1,0,0,0,0,0,0,0,0,0,0
2002,63340,1,1,12,16,20,16,8,18,15,13,32,0
2002,63340,2,1,0,0,0,0,0,0,0,0,0,0
2002,63340,3,1,0,0,0,0,0,0,0,0,0,0
2002,63341,0,1,0,24,0,0,0,0,35,0,0,0
2002,63341,1,1,0,16,0,5,0,3,0,0,0,0
2002,63342,1,1,13,13,13,13,13,13,13,13,13,13
2002,63342,2,1,0,0,0,0,0,0,0,0,0,0
2002,63343,0,1,0,0,0,0,0,0,0,0,0,0
2002,63343,1,1,0,0,0,0,0,0,0,0,0,0
2002,63344,1,1,28,28,28,28,28,28,28,28,28,28
2002,63344,2,1,0,0,0,0,0,0,0,0,0,0
2002,63345,1,1,0,0,0,0,0,0,0,0,0,0
2002,63346,0,1,0,0,0,0,0,0,0,0,0,0
2002,63346,1,1,0,0,0,0,0,0,0,0,0,0
2002,63347,0,1,0,0,12,17,0,0,25,0,0,0
2002,63347,1,1,19,0,0,24,0,0,0,0,11,0
2002,63348,0,1,0,0,0,0,0,0,20,0,3,0
2002,63348,0,2,0,0,23,13,0,30,0,2,0,0
2002,63348,1,1,0,0,0,0,0,0,0,0,0,0
2002,63349,1,1,16,16,16,16,16,16,16,16,16,16
2002,63350,0,1,21,21,21,21,21,21,21,21,21,21
2002,63350,1,1,0,0,0,0,0,0,0,0,0,0
2002,63351,0,1,0,0,0,0,0,0,0,0,0,0
2002,63351,1,1,0,0,0,0,0,0,0,0,0,0
2002,63352,1,1,0,0,0,0,0,0,0,0,0,0
2002,63353,1,1,0,0,0,0,0,0,0,0,0,0
2002,63354,1,1,2,2,2,2,2,2,2,2,2,2
2002,63355,0,1,3,3,3,3,3,3,3,3,3,3
2002,63355,1,1,0,0,0,0,0,0,0,0,0,0
2002,63356,1,1,23,23,23,23,23,23,23,23,23,23
2002,63357,0,1,0,0,0,0,0,0,0,0,0,0
2002,63357,1,1,0,0,0,0,0,0,0,0,0,0
2002,63358,1,1,0,0,0,14,0,13,6,0,16,0
2002,63358,2,1,0,0,0,0,0,0,0,0,0,0
2002,63359,1,1,24,24,24,24,24,24,24,24,24,24
2002,63360,1,1,15,15,15,15,15,15,15,15,15,15
2002,63360,2,1,0,8,0,0,0,0,0,0,0,0
2002,63361,1,1,18,18,18,18,18,18,18,18,18,18
2002,63361,2,1,0,0,0,0,0,0,0,0,0,0
2002,63362,1,1,14,14,14,14,14,14,14,14,14,14
2002,63363,0,1,16,16,16,16,16,16,16,16,16,16
2002,63363,1,1,0,19,17,0,0,0,0,0,0,5
2002,63364,1,1,20,20,20,20,20,20,20,20,20,20
2002,63365,1,1,0,0,0,0,0,0,0,0,0,0
2002,63366,1,1,0,0,10,0,0,0,0,0,0,0
2002,63366,2,1,0,0,0,0,0,0,0,0,0,0
2002,63367,0,1,0,0,0,0,0,0,0,0,0,0
2002,63367,1,1,0,0,0,0,0,0,13,0,0,0
2002,63368,1,1,0,0,0,0,0,12,0,0,0,0
2002,63368,2,1,0,0,0,0,0,0,0,0,0,0
2002,63369,1,1,0,0,0,0,0,0,0,0,0,0
2002,63369,2,1,0,0,0,0,0,0,0,0,0,0
2002,63370,1,1,0,0,0,0,0,0,0,0,0,0
2002,63370,2,1,0,0,0,0,0,0,0,0,0,0
2002,63370,3,1,0,0,0,0,0,0,0,0,0,0
2002,63371,1,1,0,0,0,0,0,0,0,0,0,0
2002,63371,2,1,0,0,0,0,0,0,16,0,0,0
2002,63372,1,1,10,10,10,10,10,10,10,10,10,10
2002,63373,0,1,20,15,26,37,13,18,15,8,16,15
2002,63373,1,1,0,0,0,0,0,0,0,0,0,0
2002,63374,1,1,0,0,0,0,0,0,0,0,0,0
2002,63375,0,1,15,15,15,15,15,15,15,15,15,15
2002,63375,1,1,0,27,0,0,0,0,0,0,0,0
2002,63376,0,1,61,61,61,61,61,61,61,61,61,61
2002,63376,1,1,0,0,0,0,0,0,22,0,0,0
2002,63377,1,1,19,19,19,19,19,19,19,19,19,19
2002,63378,1,1,0,0,0,0,0,0,0,0,0,0
2002,63378,2,1,0,0,0,0,0,0,0,0,0,0
2002,63378,3,1,0,0,0,0,0,0,0,0,0,0
2002,63379,1,1,21,21,21,21,21,21,21,21,21,21
2002,63379,2,1,0,9,0,0,0,0,0,0,0,0
2002,63380,0,1,0,0,0,0,0,0,0,0,0,0
2002,63380,1,1,0,0,0,0,0,0,0,0,0,0
2002,63380,2,1,0,0,0,0,0,0,0,0,0,0
2002,63381,1,1,0,0,0,0,0,0,0,0,0,0
2002,63381,2,1,0,0,0,0,0,0,0,0,0,0
2002,63382,1,1,0,0,0,0,0,0,0,0,0,0
2002,63382,2,1,0,0,0,0,0,0,0,0,0,0
2002,63382,3,1,0,0,0,0,0,0,0,0,0,0
2002,63383,1,1,0,0,0,0,0,0,0,0,0,0
2002,63383,2,1,0,0,0,0,0,0,0,0,0,0
2002,63384,1,1,0,0,0,0,0,0,0,0,0,0
2002,63384,2,1,0,0,0,0,0,0,0,0,0,0
2002,63385,1,1,0,0,0,0,0,0,0,0,0,0
2002,63385,2,1,0,0,0,0,0,0,0,0,0,0
2002,63386,1,1,0,0,0,0,0,0,0,0,0,0
2002,63386,2,1,0,0,0,0,0,0,0,0,0,0
2002,63387,0,1,22,22,22,22,22,22,22,22,22,22
2002,63387,1,1,0,0,0,10,0,0,0,0,0,0
2002,63388,1,1,25,11,14,13,13,11,17,15,4,16
2002,63389,1,1,0,0,0,0,0,0,0,0,0,0
2002,63389,2,1,0,0,0,0,0,0,0,0,0,0
2002,63390,1,1,0,0,0,0,0,0,10,0,0,16
2002,63391,1,1,0,0,0,0,0,0,0,0,0,0
2002,63392,1,1,0,0,0,0,0,0,0,0,0,0
2002,63392,2,1,0,0,0,0,11,0,0,0,0,0
2002,63392,3,1,0,0,0,0,0,0,0,0,0,0
2002,63392,4,1,0,0,0,0,0,0,0,0,0,0
2002,63393,1,1,0,0,0,0,0,0,0,0,0,0
2002,63394,0,1,0,0,0,15,0,0,0,0,0,0
2002,63394,1,1,0,0,0,0,0,0,0,0,0,0
2002,63395,1,1,0,0,0,0,0,0,0,0,0,0
2002,63396,0,1,0,0,0,0,0,0,0,0,0,0
2002,63396,1,1,0,0,0,0,0,0,0,0,0,0
2002,63397,1,1,0,0,0,0,0,0,0,0,0,0
2002,63398,1,1,12,12,12,12,12,12,12,12,12,12
2002,63399,0,1,0,0,0,0,0,0,0,0,0,0
2002,63399,0,2,0,0,0,0,0,0,0,0,0,0
2002,63399,0,3,0,0,0,0,0,0,0,0,0,0
2002,63399,0,4,0,0,0,0,0,0,0,0,0,0
2002,63399,1,1,20,20,20,20,20,20,20,20,20,20
2002,63400,0,1,0,0,0,0,0,0,0,0,0,0
2002,63400,1,1,0,0,0,0,0,0,0,0,0,0
2002,63401,1,1,0,0,0,0,0,0,0,0,0,0
2002,63401,2,1,0,0,0,0,0,0,0,0,0,0
2002,63402,1,1,21,11,35,11,11,16,37,36,20,26
2002,63402,2,1,16,16,16,16,16,16,16,16,16,16
2002,63403,1,1,0,0,0,0,0,0,0,0,0,0
2002,63403,2,1,0,0,0,0,0,0,0,0,0,0
2002,63404,1,1,0,0,0,0,0,0,0,0,0,0
2002,63404,2,1,0,0,0,0,0,0,0,0,0,0
2002,63404,3,1,0,0,0,0,0,0,0,0,0,0
2002,63405,1,1,0,0,0,0,0,0,0,0,0,0
2002,63405,2,1,0,0,0,0,0,0,0,0,0,0
2002,63406,0,1,0,0,0,0,0,0,0,0,0,0
2002,63406,1,1,0,0,0,0,0,0,0,0,0,14
2002,63407,1,1,0,0,0,0,0,0,0,0,0,0
2002,63408,1,1,0,0,0,0,21,19,0,0,0,5
2002,63409,1,1,21,21,21,21,21,21,21,21,21,21
2002,63410,1,1,0,0,0,0,0,0,0,0,0,0
2002,63411,1,1,23,23,23,23,23,23,23,23,23,23
2002,63412,1,1,0,0,0,0,0,0,0,0,0,0
2002,63412,2,1,9,9,9,9,9,9,9,9,9,9
2002,63413,1,1,0,0,0,0,0,0,0,0,0,0
2002,63413,2,1,0,0,0,0,0,0,0,0,0,0
2002,63414,1,1,0,0,0,0,0,0,0,0,0,0
2002,63415,1,1,0,0,0,0,0,0,0,0,0,0
2002,63416,1,1,0,0,0,0,0,0,0,0,0,0
2002,63416,2,1,0,0,0,0,0,0,0,0,0,0
2002,63416,3,1,0,0,0,0,0,0,0,0,0,0
2002,63416,4,1,0,0,0,0,0,0,0,0,0,0
2002,63416,5,1,0,0,0,0,0,0,0,0,0,0
2002,63416,6,1,0,0,0,0,0,0,0,0,0,0
2002,63416,7,1,0,0,0,0,0,0,0,0,0,0
2002,63416,8,1,0,0,0,0,0,0,0,0,0,0
2002,63416,9,1,0,0,0,0,0,0,0,0,0,0
2002,63416,10,1,0,0,0,0,0,0,0,0,0,0
2002,63416,11,1,0,0,0,0,0,0,0,0,0,0
2002,63416,12,1,0,0,0,0,0,0,0,0,0,0
2002,63416,13,1,5,0,0,0,0,0,0,0,0,0
2002,63416,14,1,0,0,0,0,0,0,0,0,0,0
2002,63416,15,1,0,0,0,0,0,0,0,0,0,0
2002,63416,16,1,0,0,0,0,0,0,0,0,0,0
2002,63416,17,1,0,0,0,0,0,0,0,0,0,0
2002,63416,18,1,0,0,0,0,0,0,0,0,0,0
2002,63416,19,1,0,0,0,0,0,0,0,0,0,0
2002,63416,20,1,5,0,0,0,0,0,0,0,0,0
2002,63416,21,1,0,0,0,0,0,0,0,0,0,0
2002,63416,22,1,0,0,0,7,0,0,0,0,0,0
2002,63416,23,1,0,0,0,0,0,0,0,0,0,0
2002,63416,24,1,0,0,0,0,0,0,0,0,0,0
2002,63416,25,1,0,0,0,0,0,0,0,0,0,0
2002,63416,26,1,0,0,0,0,0,0,0,0,0,0
2002,63416,27,1,0,0,0,0,0,0,0,0,0,0