YEAR,ST_CASE,veh_no,per_no,P1,P2,P3,P4,P5,P6,P7,P8,P9,P10
2002,63416,28,1,0,0,0,0,0,0,0,0,0,0
2002,63416,29,1,0,0,0,0,0,0,0,0,0,0
2002,63416,30,1,0,0,0,0,0,0,0,0,0,0
2002,63416,31,1,0,0,0,0,0,0,0,0,0,0
2002,63416,32,1,0,0,0,0,0,0,0,0,0,0
2002,63416,33,1,0,0,0,0,12,0,0,0,0,0
2002,63416,34,1,0,0,0,0,0,0,0,0,0,0
2002,63416,35,1,0,0,0,0,0,0,0,0,0,0
2002,63416,36,1,0,0,0,0,0,0,0,0,0,0
2002,63416,37,1,0,0,0,0,0,0,0,0,19,0
2002,63416,38,1,0,0,0,0,0,0,0,0,0,0
2002,63416,39,1,0,0,0,0,0,0,0,0,0,0
2002,63416,40,1,0,0,0,0,0,0,0,0,0,0
2002,63416,41,1,0,0,0,0,0,0,0,0,0,0
2002,63416,42,1,0,0,0,0,0,0,0,0,0,11
2002,63416,43,1,0,0,0,0,0,0,0,0,0,0
2002,63416,44,1,0,0,0,0,0,0,0,0,0,0
2002,63416,45,1,0,0,0,0,0,0,0,0,0,0
2002,63416,46,1,0,0,0,0,0,0,0,0,0,0
2002,63416,47,1,0,0,0,0,0,0,0,0,0,0
2002,63416,48,1,0,0,0,0,0,0,0,0,0,0
2002,63416,49,1,0,0,0,0,0,0,0,0,0,0
2002,63416,50,1,0,0,0,0,0,0,0,0,0,0
2002,63416,51,1,0,0,0,0,0,0,0,0,0,0
2002,63416,52,1,0,0,0,0,0,0,0,0,0,0
2002,63416,53,1,0,0,0,0,0,0,0,0,0,0
2002,63416,54,1,0,0,0,0,0,0,0,0,0,0
2002,63416,55,1,0,12,0,0,0,0,0,0,0,0
2002,63416,56,1,0,0,0,0,0,0,0,0,0,0
2002,63416,57,1,0,0,0,0,0,0,0,0,0,0
2002,63416,58,1,0,0,0,0,0,0,0,0,13,0
2002,63417,1,1,13,13,13,13,13,13,13,13,13,13
2002,63418,0,1,0,0,0,0,0,0,0,0,0,0
2002,63418,1,1,0,0,0,0,0,0,0,0,0,0
2002,63418,2,1,0,0,0,0,0,0,0,13,0,0
2002,63419,1,1,0,0,0,0,0,0,0,0,0,0
2002,63419,2,1,0,0,0,0,0,0,0,0,0,0
2002,63420,1,1,0,0,0,0,0,0,7,0,0,0
2002,63420,2,1,0,0,0,0,0,0,0,0,0,0
2002,63421,1,1,0,0,0,0,0,0,0,0,0,0
2002,63422,1,1,0,0,0,0,0,0,0,0,0,0
2002,63423,1,1,0,0,0,0,0,0,0,0,0,0
2002,63424,1,1,0,0,0,0,0,0,0,0,0,0
2002,63424,2,1,0,0,12,0,0,0,0,0,0,0
2002,63425,1,1,0,0,0,0,0,0,0,0,0,21
2002,63426,1,1,0,0,0,0,0,0,0,0,0,0
2002,63426,2,1,0,0,0,0,0,0,17,0,0,0
2002,63427,1,1,0,0,0,0,0,0,0,0,0,0
2002,63427,2,1,0,0,0,0,0,0,0,0,0,0
2002,63428,1,1,13,0,0,0,0,0,0,0,0,0
2002,63428,2,1,0,0,0,0,0,0,10,0,0,0
2002,63429,1,1,0,16,0,0,0,22,0,13,12,0
2002,63430,1,1,15,15,15,15,15,15,15,15,15,15
2002,63431,1,1,8,8,8,8,8,8,8,8,8,8
2002,63432,1,1,0,0,0,0,0,0,0,0,0,0
2002,63432,2,1,0,0,0,0,0,0,0,0,0,0
2002,63432,3,1,0,0,4,0,0,0,0,0,0,0
2002,63432,4,1,0,0,0,0,0,0,0,0,0,0
2002,63433,1,1,0,0,0,0,0,0,0,0,0,0
2002,63433,2,1,0,0,0,0,0,0,0,0,0,0
2002,63434,1,1,15,15,15,15,15,15,15,15,15,15
2002,63434,2,1,0,0,0,0,0,0,0,0,0,0
2002,63435,0,1,0,0,0,0,0,0,0,0,0,0
2002,63435,1,1,0,0,0,0,0,0,0,0,0,0
2002,63436,1,1,0,0,0,0,0,0,0,0,0,0
2002,63437,1,1,21,21,21,21,21,21,21,21,21,21
2002,63437,2,1,0,0,0,0,0,0,0,0,0,0
2002,63437,3,1,0,0,0,0,0,0,0,0,0,0
2002,63438,0,1,0,0,0,0,0,0,0,0,0,0
2002,63438,1,1,0,0,12,0,19,0,11,0,38,0
2002,63439,0,1,0,0,0,0,0,0,0,0,0,0
2002,63439,0,2,0,0,13,15,20,0,0,0,0,0
2002,63439,1,1,0,0,0,10,0,0,0,0,0,0
2002,63440,1,1,17,17,17,17,17,17,17,17,17,17
2002,63440,2,1,0,0,0,0,0,0,0,0,0,0
2002,63441,1,1,0,0,0,0,0,0,0,0,0,0
2002,63441,2,1,0,0,0,0,0,0,0,0,0,0
2002,63442,1,1,15,17,7,6,7,19,15,27,8,13
2002,63442,2,1,0,0,0,0,0,12,0,0,12,0
2002,63443,1,1,0,0,0,0,0,0,0,0,0,0
2002,63443,2,1,0,0,0,0,0,0,0,0,0,0
2002,63444,0,1,0,0,0,0,0,0,0,0,0,0
2002,63444,1,1,0,0,0,0,0,0,0,13,11,22
2002,63445,0,1,0,0,0,0,0,0,0,0,0,0
2002,63445,1,1,0,0,0,0,16,0,0,0,0,0
2002,63446,0,1,0,0,0,0,0,0,0,0,0,0
2002,63446,1,1,0,0,13,0,2,25,27,10,9,0
2002,63447,0,1,9,9,9,9,9,9,9,9,9,9
2002,63447,2,1,3,0,0,0,0,0,0,0,0,0
2002,63447,3,1,0,0,20,0,0,0,5,0,0,0
2002,63448,1,1,0,0,0,0,0,0,0,0,0,0
2002,63448,2,1,0,0,0,0,0,0,0,0,0,0
2002,63448,3,1,0,0,0,0,0,0,0,0,0,0
2002,63449,1,1,0,0,0,0,0,0,0,0,0,0
2002,63449,2,1,0,0,0,0,0,0,0,0,0,0
2002,63450,0,1,0,0,0,0,0,0,0,0,0,0
2002,63450,1,1,0,0,0,0,0,0,0,0,0,0
2002,63451,1,1,0,0,0,0,0,0,0,0,0,0
2002,63451,2,1,0,0,0,0,0,0,0,0,0,0
2002,63452,1,1,0,0,0,0,0,0,0,0,0,0
2002,63452,2,1,0,0,0,0,0,0,0,0,0,0
2002,63453,0,1,0,0,0,0,0,0,0,0,0,0
2002,63453,1,1,0,0,0,0,0,0,0,0,0,0
2002,63454,0,1,30,30,30,30,30,30,30,30,30,30
2002,63454,1,1,0,0,0,0,0,0,0,0,0,0
2002,63455,1,1,0,0,0,0,0,0,0,0,0,0
2002,63456,0,1,0,0,0,0,0,0,0,0,0,0
2002,63456,1,1,18,17,13,3,26,0,20,0,16,0
2002,63457,1,1,0,0,0,0,0,0,0,0,14,0
2002,63458,1,1,17,17,17,17,17,17,17,17,17,17
2002,63459,1,1,0,0,0,0,0,0,0,0,0,0
2002,63459,2,1,0,0,0,0,0,0,0,0,0,0
2002,63460,0,1,0,0,0,0,0,0,0,0,0,0
2002,63460,1,1,12,12,12,12,12,12,12,12,12,12
2002,63461,1,1,0,0,0,0,0,0,0,0,0,0
2002,63461,2,1,0,0,0,0,0,0,0,0,0,0
2002,63462,1,1,0,0,0,0,0,0,0,0,0,0
2002,63462,2,1,0,0,0,0,0,0,0,0,0,0
2002,63463,1,1,0,0,0,0,0,0,0,0,0,0
2002,63463,2,1,0,0,0,0,0,0,0,0,0,0
2002,63464,1,1,0,0,0,0,0,0,0,0,0,0
2002,63464,2,1,0,0,0,0,0,0,0,0,0,0
2002,63465,1,1,0,0,0,0,0,0,0,0,0,0
2002,63465,2,1,0,0,0,0,0,0,0,0,0,0
2002,63466,1,1,0,0,0,0,0,0,0,0,0,0
2002,63466,2,1,0,0,0,0,0,0,0,0,0,0
2002,63467,0,1,17,23,33,25,0,0,0,14,19,0
2002,63467,1,1,16,0,0,0,0,0,0,0,0,0
2002,63468,0,1,0,0,0,0,0,0,0,0,0,0
2002,63468,1,1,0,0,0,0,0,0,0,0,0,0
2002,63469,1,1,0,0,0,0,0,0,0,0,0,0
2002,63469,2,1,0,0,0,0,0,0,0,0,0,0
2002,63470,1,1,0,0,0,0,0,0,0,0,0,0
2002,63470,2,1,0,0,0,0,0,0,0,0,0,0
2002,63471,1,1,10,10,10,10,10,10,10,10,10,10
2002,63471,2,1,0,0,0,0,0,0,0,0,0,0
2002,63472,1,1,0,0,0,0,0,0,0,0,0,0
2002,63472,2,1,0,0,0,0,0,0,0,0,0,0
2002,63472,3,1,0,0,0,0,0,0,0,0,0,0
2002,63473,1,1,0,0,0,0,0,0,0,0,0,0
2002,63473,2,1,0,0,0,0,0,0,0,0,0,0
2002,63474,1,1,0,0,0,0,0,0,18,21,0,0
2002,63474,2,1,0,0,0,0,0,0,0,0,0,0
2002,63475,0,1,0,0,0,0,0,0,0,0,0,0
2002,63475,1,1,0,0,0,0,0,0,0,0,0,0
2002,63476,0,1,0,0,0,0,0,0,0,0,0,0
2002,63476,1,1,0,0,0,0,0,0,0,0,0,0
2002,63477,0,1,23,13,13,34,28,26,11,13,30,17
2002,63477,0,2,0,0,11,11,0,18,15,21,0,22
2002,63477,1,1,0,0,0,0,0,0,0,0,0,0
2002,63478,0,1,33,33,33,33,33,33,33,33,33,33
2002,63478,1,1,0,0,25,6,16,0,17,0,0,15
2002,63479,0,1,0,0,0,0,0,0,0,0,0,0
2002,63479,1,1,0,0,0,0,0,0,0,0,0,0
2002,63480,1,1,4,4,4,4,4,4,4,4,4,4
2002,63480,2,1,0,0,0,0,0,0,0,8,0,19
2002,63481,1,1,0,0,0,0,0,0,0,0,0,0
2002,63481,2,1,0,0,0,0,0,0,0,0,0,0
2002,63482,1,1,15,15,15,15,15,15,15,15,15,15
2002,63482,2,1,0,0,0,0,0,0,0,0,0,0
2002,63483,0,1,0,0,0,0,0,0,0,0,0,0
2002,63483,1,1,0,0,0,0,0,0,0,0,0,0
2002,63484,1,1,0,0,0,0,0,0,0,0,0,0
2002,63484,2,1,0,0,16,0,0,0,0,0,0,0
2002,63485,1,1,0,0,0,0,0,0,0,0,0,0
2002,63486,1,1,0,0,0,0,0,0,0,0,0,20
2002,63486,2,1,12,12,12,12,12,12,12,12,12,12
2002,63487,1,1,24,24,24,24,24,24,24,24,24,24
2002,63487,2,1,4,4,4,4,4,4,4,4,4,4
2002,63488,1,1,0,0,0,0,0,0,0,0,0,0
2002,63488,2,1,0,0,0,0,0,0,0,0,0,0
2002,63489,1,1,0,0,0,0,0,0,0,0,0,0
2002,63489,2,1,0,0,0,0,0,0,0,0,0,0
2002,63489,3,1,0,0,0,0,0,0,0,0,0,0
2002,63490,1,1,0,0,0,13,0,0,0,0,0,0
2002,63491,1,1,0,0,0,0,0,0,0,0,0,0
2002,63491,2,1,0,0,0,0,0,0,0,0,0,0
2002,63491,3,1,0,0,0,0,0,0,0,0,0,0
2002,63492,0,1,0,0,0,0,0,0,0,0,0,0
2002,63492,2,1,0,10,10,3,7,13,8,21,0,30
2002,63492,3,1,13,10,13,14,8,4,22,24,3,9
2002,63492,4,1,0,0,0,0,0,0,0,0,0,0
2002,63493,0,1,0,0,0,0,0,0,0,0,0,0
2002,63493,1,1,0,0,0,0,0,0,0,0,0,5
2002,63494,1,1,0,0,0,0,0,0,0,0,0,0
2002,63495,1,1,0,0,0,0,0,0,0,0,0,0
2002,63495,2,1,6,0,0,0,0,0,0,0,0,0
2002,63495,3,1,0,0,0,0,0,0,0,0,0,0
2002,63496,0,1,0,0,0,0,0,0,0,0,0,0
2002,63496,1,1,0,0,0,0,0,0,0,0,0,0
2002,63497,1,1,0,0,0,0,0,0,0,0,0,0
2002,63497,2,1,0,0,0,0,0,8,0,0,0,0
2002,63497,3,1,0,0,0,0,0,0,0,0,0,0
2002,63498,1,1,0,22,0,13,22,11,0,0,0,0
2002,63498,2,1,0,0,0,0,0,0,0,0,0,0
2002,63499,1,1,40,40,40,40,40,40,40,40,40,40
2002,63499,2,1,0,0,0,0,0,0,0,0,0,9
2002,63500,1,1,0,0,0,0,0,0,0,0,0,0
2002,63500,2,1,0,0,0,0,0,0,0,0,0,0
2002,63501,1,1,39,39,39,39,39,39,39,39,39,39
2002,63501,2,1,0,0,0,0,0,0,0,0,0,0
2002,63502,1,1,0,0,0,0,0,0,0,0,33,0
2002,63503,1,1,0,0,0,0,0,0,0,0,0,0
2002,63504,0,1,0,28,0,0,23,0,3,0,0,35
2002,63504,1,1,0,0,17,0,0,0,0,0,0,0
2002,63505,1,1,0,0,0,0,0,0,0,0,0,0
2002,63505,2,1,0,0,0,0,0,0,0,0,0,0
2002,63506,1,1,9,9,9,9,9,9,9,9,9,9
2002,63507,1,1,0,0,0,21,0,0,8,0,28,0
2002,63508,1,1,0,0,0,0,0,0,0,0,0,0
2002,63509,0,1,0,0,0,0,0,0,0,0,0,0
2002,63509,1,1,0,0,0,0,21,0,0,0,0,0
2002,63510,0,1,26,26,26,26,26,26,26,26,26,26
2002,63510,1,1,14,0,0,0,0,0,0,0,0,0
2002,63511,1,1,3,8,7,21,15,8,10,7,19,4
2002,63512,1,1,0,0,0,0,0,0,0,0,0,0
2002,63513,1,1,0,0,0,0,0,0,0,0,0,0
2002,63514,1,1,0,26,0,0,0,0,0,0,0,0
2002,63514,2,1,0,0,0,0,0,0,0,0,0,0
2002,63515,1,1,0,0,0,0,0,0,0,0,0,0
2002,63516,1,1,27,27,27,27,27,27,27,27,27,27
2002,63517,0,1,0,0,0,0,0,0,0,0,0,0
2002,63517,1,1,0,0,0,0,0,0,0,0,0,0
2002,63518,1,1,0,0,0,0,10,5,0,6,0,24
2002,63518,2,1,0,0,0,0,0,0,0,0,0,0
2002,63519,0,1,0,0,0,0,0,0,0,0,0,0
2002,63519,1,1,3,4,0,0,0,13,0,19,0,0
2002,63520,1,1,0,0,0,0,0,0,0,0,0,0
2002,63520,2,1,0,0,4,0,0,0,0,0,0,0
2002,63520,3,1,0,0,0,0,0,0,0,0,0,0
2002,63521,0,1,0,0,0,0,0,0,0,0,0,0
2002,63521,1,1,0,0,0,0,0,0,0,0,0,0
2002,63522,1,1,15,15,15,15,15,15,15,15,15,15
2002,63523,0,1,0,20,10,20,29,25,39,19,0,0
2002,63523,1,1,9,10,10,14,15,13,4,0,5,19
2002,63524,1,1,16,8,21,9,11,0,55,9,16,9
2002,63525,1,1,17,17,17,17,17,17,17,17,17,17
2002,63526,1,1,2,2,2,2,2,2,2,2,2,2
2002,63527,1,1,24,24,24,24,24,24,24,24,24,24
2002,63528,1,1,13,17,20,14,25,19,29,5,26,9
2002,63529,1,1,16,16,16,16,16,16,16,16,16,16
2002,63530,1,1,3,18,0,0,0,12,0,0,6,12
2002,63531,1,1,17,17,17,17,17,17,17,17,17,17
2002,63532,1,1,0,0,0,0,0,0,4,0,0,0
2002,63533,1,1,0,0,0,0,0,0,0,0,19,0
2002,63534,1,1,24,24,24,24,24,24,24,24,24,24
2002,63535,1,1,0,7,0,15,0,0,0,0,0,0
2002,63535,2,1,7,7,7,7,7,7,7,7,7,7
2002,63536,1,1,0,0,0,0,10,12,5,0,0,2
2002,63536,2,1,0,0,0,0,0,0,24,0,0,0
2002,63537,0,1,0,0,0,0,0,0,0,0,0,0
2002,63537,1,1,0,0,0,0,0,0,0,0,0,0
2002,63538,1,1,0,0,0,0,0,0,0,0,0,0
2002,63539,1,1,6,6,6,6,6,6,6,6,6,6
2002,63539,2,1,0,0,0,0,0,0,0,0,0,0
2002,63540,1,1,0,0,0,0,0,0,0,0,0,0
2002,63540,2,1,0,0,0,9,0,0,0,0,0,15
2002,63541,1,1,0,0,0,0,0,0,0,0,0,0
2002,63541,2,1,0,0,0,0,0,0,0,0,0,0
2002,63542,1,1,0,0,0,0,0,0,0,0,0,0
2002,63542,2,1,0,0,0,0,0,0,0,0,0,0
2002,63543,1,1,0,31,0,0,0,0,24,23,0,0
2002,63543,2,1,0,0,0,0,0,0,0,0,0,0
2002,63544,1,1,0,0,0,0,0,0,0,0,0,8
2002,63544,2,1,0,0,0,0,0,0,0,0,0,0
2002,63544,3,1,0,0,0,0,0,0,0,0,0,0
2002,63545,1,1,1,1,1,1,1,1,1,1,1,1
2002,63545,2,1,0,0,0,0,0,0,0,0,0,0
2002,63546,1,1,0,0,0,0,0,0,0,0,0,0
2002,63546,2,1,0,0,0,0,0,0,0,0,0,0
2002,63547,1,1,0,0,0,0,0,0,0,0,0,0
2002,63548,0,1,0,0,0,0,0,0,0,0,0,0
2002,63548,1,1,0,0,0,0,0,0,0,0,0,0
2002,63549,1,1,5,5,5,5,5,5,5,5,5,5
2002,63549,2,1,0,0,0,0,0,0,0,0,0,0
2002,63550,1,1,0,0,0,0,0,0,0,0,0,0
2002,63550,2,1,0,0,0,0,0,22,0,0,0,11
2002,63551,1,1,14,14,14,14,14,14,14,14,14,14
2002,63551,2,1,0,0,0,0,0,0,0,0,0,0
2002,63552,1,1,9,9,6,0,12,0,9,12,11,0
2002,63553,1,1,1,1,1,1,1,1,1,1,1,1
2002,63554,0,1,0,0,0,0,0,0,0,0,0,0
2002,63554,1,1,0,0,0,0,0,0,0,0,0,0
2002,63555,1,1,0,0,0,0,0,0,0,0,0,0
2002,63556,1,1,22,22,22,22,22,22,22,22,22,22
2002,63557,1,1,24,24,24,24,24,24,24,24,24,24
2002,63557,2,1,0,0,0,0,0,0,0,0,0,0
2002,63558,1,1,0,0,0,0,0,9,0,0,0,0
2002,63558,2,1,0,23,0,0,0,9,0,0,0,0
2002,63559,0,1,0,0,0,0,0,0,0,0,0,0
2002,63559,1,1,0,0,0,0,0,0,22,0,0,0
2002,63560,1,1,0,0,0,0,0,0,0,0,0,0
2002,63560,2,1,0,0,0,0,0,0,0,0,0,0
2002,63561,0,1,0,0,0,0,0,0,0,0,0,0
2002,63561,1,1,0,0,0,0,0,0,0,0,0,0
2002,63562,1,1,0,0,0,0,0,0,0,0,0,0
2002,63563,0,1,27,27,27,27,27,27,27,27,27,27
2002,63563,1,1,0,0,0,0,0,0,0,0,0,0
2002,63564,1,1,21,21,21,21,21,21,21,21,21,21
2002,63564,2,1,0,0,0,0,0,0,0,0,0,0
2002,63565,1,1,0,0,0,0,0,0,0,0,0,0
2002,63565,2,1,0,0,0,0,0,0,0,0,0,0
2002,63566,1,1,12,12,12,12,12,12,12,12,12,12
2002,63566,2,1,10,10,10,10,10,10,10,10,10,10
2002,63567,0,1,0,0,0,0,0,0,0,0,0,0
2002,63567,1,1,0,0,0,0,0,0,0,0,0,0
2002,63568,1,1,0,0,0,0,0,0,0,0,0,0
2002,63568,2,1,0,0,0,0,0,0,0,0,0,0
2002,63569,0,1,19,45,15,23,0,10,14,3,19,9
2002,63569,1,1,0,0,0,0,0,0,0,0,0,0
2002,63569,2,1,0,0,19,14,0,0,0,11,0,17
2002,63570,1,1,0,0,0,0,0,0,0,0,0,0
2002,63570,2,1,0,0,0,0,0,0,0,0,0,0
2002,63571,1,1,0,0,0,0,16,0,0,13,0,7
2002,63572,1,1,18,18,18,18,18,18,18,18,18,18
2002,63573,0,1,0,0,0,0,0,0,0,0,0,0
2002,63573,1,1,0,0,0,0,0,0,0,0,0,0
2002,63574,1,1,2,2,2,2,2,2,2,2,2,2
2002,63574,2,1,0,0,0,0,0,0,0,0,0,0
2002,63575,0,1,35,35,35,35,35,35,35,35,35,35
2002,63575,1,1,0,0,0,0,0,0,0,0,0,0
2002,63576,1,1,23,23,23,23,23,23,23,23,23,23
2002,63577,1,1,16,16,16,16,16,16,16,16,16,16
2002,63578,1,1,18,18,18,18,18,18,18,18,18,18
2002,63578,2,1,0,0,0,0,0,0,0,0,0,0
2002,63579,1,1,2,2,2,2,2,2,2,2,2,2
2002,63579,2,1,0,0,0,0,0,0,0,0,0,0
2002,63580,1,1,0,0,0,0,0,0,0,0,0,0
2002,63580,2,1,0,0,23,0,0,0,0,0,0,0
2002,63581,0,1,0,0,0,0,0,0,0,0,0,0
2002,63581,1,1,0,0,0,0,0,0,0,0,0,0
2002,63582,1,1,0,0,0,0,0,0,0,0,0,0
2002,63582,2,1,0,0,0,0,0,0,0,0,0,0
2002,63583,1,1,0,0,0,0,0,0,0,0,0,0
2002,63584,1,1,0,0,0,0,0,0,0,0,0,0
2002,63584,2,1,0,0,0,0,0,0,0,0,0,0
2002,63585,1,1,0,0,0,0,0,0,0,0,0,0
2002,63585,2,1,0,0,0,0,0,0,0,0,0,0
2002,63586,1,1,0,0,0,0,0,0,0,0,0,0
2002,63586,2,1,0,0,0,0,0,0,0,0,0,0
2002,63586,3,1,0,0,0,0,0,0,12,0,0,0
2002,63587,1,1,0,0,0,0,0,0,0,0,0,0
2002,63587,2,1,0,0,0,0,0,0,0,0,0,0
2002,63588,1,1,10,10,10,10,10,10,10,10,10,10
2002,63588,2,1,0,0,0,0,0,0,0,0,0,0
2002,63589,0,1,0,0,11,0,0,0,0,0,0,0
2002,63589,0,2,0,0,0,0,0,0,21,0,0,38
2002,63589,1,1,0,0,0,0,0,0,0,0,0,0
2002,63590,1,1,0,0,0,0,21,0,0,5,0,0
2002,63590,2,1,0,0,0,0,0,0,0,0,0,0
2002,63591,1,1,32,32,32,32,32,32,32,32,32,32
2002,63592,0,1,0,0,0,0,0,0,0,0,0,0
2002,63592,1,1,0,0,0,0,0,0,0,0,0,0
2002,63593,1,1,20,25,23,8,0,40,24,25,10,19
2002,63594,1,1,0,0,0,0,0,0,0,0,0,0
2002,63594,2,1,0,0,0,0,0,0,0,0,0,0
2002,63595,1,1,12,4,10,4,21,0,0,17,20,7
2002,63595,2,1,0,0,0,0,0,0,0,0,0,0
2002,63595,3,1,0,0,0,0,0,0,0,9,0,0
2002,63596,0,1,0,0,0,0,0,0,0,0,0,0
2002,63596,1,1,0,0,0,0,0,0,0,0,0,0
2002,63597,1,1,0,0,2,0,0,4,0,0,12,0
2002,63598,1,1,0,0,0,0,0,0,0,0,0,0
2002,63599,1,1,9,9,9,9,9,9,9,9,9,9
2002,63600,1,1,0,0,0,0,0,0,0,0,0,0
2002,63600,2,1,0,0,0,0,0,0,0,0,0,0
2002,63601,1,1,11,11,11,11,11,11,11,11,11,11
2002,63601,2,1,0,0,0,0,0,0,0,0,0,0
2002,63602,0,1,0,0,0,12,0,0,0,0,19,0
2002,63602,1,1,0,0,0,0,0,0,0,0,0,0
2002,63603,1,1,0,0,0,0,0,0,0,0,6,0
2002,63603,2,1,7,7,7,7,7,7,7,7,7,7
2002,63603,3,1,0,0,0,0,0,0,0,0,0,0
2002,63604,1,1,0,0,0,0,0,0,0,0,0,0
2002,63604,2,1,0,0,0,0,0,0,0,0,4,0
2002,63605,1,1,0,0,0,0,0,0,0,0,0,0
2002,63606,1,1,0,0,0,0,0,0,0,0,0,0
2002,63607,1,1,7,19,19,0,5,17,5,7,18,0
2002,63607,2,1,0,0,0,0,0,0,0,0,0,0
2002,63608,0,1,0,0,0,0,0,0,0,0,0,0
2002,63608,1,1,0,0,0,0,0,0,0,0,0,11
2002,63609,0,1,0,0,0,0,0,0,0,0,0,0
2002,63609,1,1,0,0,0,0,0,0,0,0,0,0
2002,63610,1,1,0,0,0,0,0,0,0,0,0,0
2002,63611,1,1,6,6,6,6,6,6,6,6,6,6
2002,63612,1,1,0,0,0,0,0,0,0,0,0,0
2002,63613,1,1,12,12,12,12,12,12,12,12,12,12
2002,63614,1,1,16,16,16,16,16,16,16,16,16,16
2002,63615,1,1,17,17,17,17,17,17,17,17,17,17
2002,63616,1,1,0,0,0,0,0,0,0,0,0,0
2002,63617,1,1,0,0,15,0,0,0,0,26,0,0
2002,63618,1,1,0,0,0,0,0,0,0,0,0,0
2002,63619,0,1,0,0,0,0,0,0,0,0,0,0
2002,63619,1,1,8,0,0,0,0,0,0,0,0,0
2002,63620,1,1,20,10,9,34,17,11,13,21,13,6
2002,63620,2,1,0,0,0,0,0,0,0,0,0,0
2002,63620,3,1,0,0,0,0,0,0,0,0,0,0
2002,63621,1,1,15,15,15,15,15,15,15,15,15,15
2002,63621,2,1,0,0,0,0,0,0,0,0,0,0
2002,63622,1,1,0,0,0,0,0,0,0,0,0,0
2002,63622,2,1,0,0,0,0,0,0,0,0,0,0
2002,63623,1,1,0,0,0,0,0,0,0,0,0,0
2002,63624,0,1,16,16,16,16,16,16,16,16,16,16
2002,63624,1,1,0,0,0,0,0,0,0,0,0,0
2002,63625,1,1,0,0,0,0,0,0,0,0,0,0
2002,63626,1,1,2,2,2,2,2,2,2,2,2,2
2002,63626,2,1,0,0,0,0,0,0,0,0,0,0
2002,63627,1,1,0,0,0,19,0,0,0,0,14,0
2002,63628,1,1,0,0,0,0,0,0,0,0,0,0
2002,63628,2,1,0,0,0,0,0,0,0,0,0,0
2002,63629,1,1,0,0,0,0,0,0,0,0,0,0
2002,63629,2,1,0,0,0,0,0,0,0,0,0,0
2002,63630,1,1,0,0,0,0,0,0,0,0,0,0
2002,63630,2,1,0,0,0,0,0,0,0,0,0,0
2002,63631,1,1,0,0,0,0,0,0,0,0,0,0
2002,63631,2,1,0,0,15,0,0,0,0,0,0,0
2002,63632,1,1,16,16,16,16,16,16,16,16,16,16
2002,63633,1,1,0,0,0,0,0,0,0,0,0,0
2002,63634,1,1,0,0,0,0,0,0,0,0,0,0
2002,63635,1,1,0,0,0,0,0,0,0,0,0,0
2002,63635,2,1,0,0,0,0,0,0,0,0,0,0
2002,63636,1,1,7,23,14,0,17,12,0,8,5,16
2002,63636,2,1,0,0,0,0,0,0,0,0,0,0
2002,63637,1,1,0,0,0,0,0,0,0,0,0,0
2002,63637,2,1,0,0,0,0,0,0,0,0,0,0
2002,63638,0,1,4,4,4,4,4,4,4,4,4,4
2002,63638,1,1,0,0,0,0,0,0,0,0,0,0
2002,63639,0,1,0,0,0,0,0,0,0,0,0,0
2002,63639,1,1,20,20,20,20,20,20,20,20,20,20
2002,63639,2,1,0,0,0,0,0,0,0,0,0,0
2002,63639,3,1,0,0,0,0,0,0,0,0,0,0
2002,63640,0,1,0,0,0,0,0,0,0,0,0,0
2002,63640,1,1,0,0,0,0,0,0,0,0,0,0
2002,63640,2,1,0,0,0,0,0,0,0,0,0,0
2002,63641,1,1,24,24,24,24,24,24,24,24,24,24
2002,63642,0,1,26,26,26,26,26,26,26,26,26,26
2002,63642,1,1,0,0,0,0,0,0,0,0,0,0
2002,63643,0,1,0,0,0,0,0,0,0,0,0,0
2002,63643,1,1,0,0,0,0,0,0,0,19,16,0
2002,63644,0,1,0,0,0,0,20,0,0,0,0,0
2002,63644,1,1,0,0,0,0,0,0,0,0,0,0
2002,63645,0,1,0,0,0,0,0,0,0,0,0,6
2002,63645,1,1,19,0,5,0,0,16,0,0,0,0
2002,63646,1,1,0,0,0,0,0,0,0,0,24,0
2002,63647,0,1,27,27,27,27,27,27,27,27,27,27
2002,63647,1,1,0,0,0,0,0,0,0,0,0,0
2002,63648,1,1,0,0,0,0,0,0,0,0,0,0
2002,63648,2,1,0,0,0,0,0,0,0,0,0,0
2002,63649,1,1,10,10,10,10,10,10,10,10,10,10
2002,63650,1,1,0,0,30,12,0,0,0,0,0,0
2002,63651,1,1,0,0,0,0,0,0,0,0,0,0
2002,63651,2,1,0,0,0,0,0,0,0,0,0,0
2002,63651,3,1,0,0,0,0,0,0,0,0,0,0
2002,63651,4,1,0,0,23,0,11,0,0,0,0,0
2002,63652,1,1,0,0,0,0,0,0,0,0,0,0
2002,63652,2,1,0,0,0,0,12,0,16,8,0,0
2002,63653,1,1,0,0,0,0,0,0,0,0,0,0
2002,63653,2,1,0,0,0,0,0,0,0,0,0,0
2002,63654,0,1,0,0,0,0,0,0,0,0,0,0
2002,63654,1,1,0,0,13,14,6,0,0,3,0,16
2002,63655,1,1,18,18,18,18,18,18,18,18,18,18
2002,63656,1,1,0,0,0,0,0,0,5,0,0,0